dataset_no,release_name,release_date,obs_period_start,obs_period_end,reference_date,source_file,source_url,bytes,sha256,retrieval_date,licence_statement,notes
2,"Household Income and Wealth, Australia, 2013-14 (ABS cat. 6523.0)",2015-12-16,2013-07-01,2014-06-30,,2013-14/6523DO00008_201314.xls,https://www.ausstats.abs.gov.au/ausstats/subscriber.nsf/0/1A431B274EA98E68CA257EB5001B7AAC/$File/6523DO00008_201314.xls,315904,9656d9435d81d53742d6a1fe2f38544870578da5f1e5fab66427d0b1f63c69eb,2026-10-03,"ABS states that material on abs.gov.au is licensed under Creative Commons Attribution 4.0 International (credit the ABS), except logos, Coat of Arms, microdata and third-party content. Archived cube/page: carries a Commonwealth of Australia copyright line only; no separate licence text inside the file, treated as covered by the same site-wide statement (not independently confirmed for archived files).",
2,"Household Income and Wealth, Australia, 2013-14 (ABS cat. 6523.0)",2015-12-16,2013-07-01,2014-06-30,,2013-14/6523DO00012_201314.xls,https://www.ausstats.abs.gov.au/ausstats/subscriber.nsf/0/0F8D7A49F278ED6CCA257EB5001B7B8C/$File/6523DO00012_201314.xls,508928,598351008e5d4f2d70601f615729d87948fafacc450cbbe8061c95672bcef5e6,2026-10-03,"ABS states that material on abs.gov.au is licensed under Creative Commons Attribution 4.0 International (credit the ABS), except logos, Coat of Arms, microdata and third-party content. Archived cube/page: carries a Commonwealth of Australia copyright line only; no separate licence text inside the file, treated as covered by the same site-wide statement (not independently confirmed for archived files).",
2,"Household Income and Wealth, Australia, 2015-16 (ABS cat. 6523.0)",2017-10-30,2003-07-01,2004-06-30,,2015-16/65230do002_201516.xls,https://www.ausstats.abs.gov.au/ausstats/subscriber.nsf/0/3084E62B369D2656CA2581C9000FECF6/$File/65230do002_201516.xls,315392,7ef2abd60c90a969815d886487b309389208d22e9b0eaa4fda2936208bc177ec,2026-10-03,"ABS states that material on abs.gov.au is licensed under Creative Commons Attribution 4.0 International (credit the ABS), except logos, Coat of Arms, microdata and third-party content. Archived cube/page: carries a Commonwealth of Australia copyright line only; no separate licence text inside the file, treated as covered by the same site-wide statement (not independently confirmed for archived files).",
2,"Household Income and Wealth, Australia, 2015-16 (ABS cat. 6523.0)",2017-10-30,2005-07-01,2006-06-30,,2015-16/65230do002_201516.xls,https://www.ausstats.abs.gov.au/ausstats/subscriber.nsf/0/3084E62B369D2656CA2581C9000FECF6/$File/65230do002_201516.xls,315392,7ef2abd60c90a969815d886487b309389208d22e9b0eaa4fda2936208bc177ec,2026-10-03,"ABS states that material on abs.gov.au is licensed under Creative Commons Attribution 4.0 International (credit the ABS), except logos, Coat of Arms, microdata and third-party content. Archived cube/page: carries a Commonwealth of Australia copyright line only; no separate licence text inside the file, treated as covered by the same site-wide statement (not independently confirmed for archived files).",
2,"Household Income and Wealth, Australia, 2015-16 (ABS cat. 6523.0)",2017-10-30,2009-07-01,2010-06-30,,2015-16/65230do002_201516.xls,https://www.ausstats.abs.gov.au/ausstats/subscriber.nsf/0/3084E62B369D2656CA2581C9000FECF6/$File/65230do002_201516.xls,315392,7ef2abd60c90a969815d886487b309389208d22e9b0eaa4fda2936208bc177ec,2026-10-03,"ABS states that material on abs.gov.au is licensed under Creative Commons Attribution 4.0 International (credit the ABS), except logos, Coat of Arms, microdata and third-party content. Archived cube/page: carries a Commonwealth of Australia copyright line only; no separate licence text inside the file, treated as covered by the same site-wide statement (not independently confirmed for archived files).",
2,"Household Income and Wealth, Australia, 2015-16 (ABS cat. 6523.0)",2017-10-30,2011-07-01,2012-06-30,,2015-16/65230do002_201516.xls,https://www.ausstats.abs.gov.au/ausstats/subscriber.nsf/0/3084E62B369D2656CA2581C9000FECF6/$File/65230do002_201516.xls,315392,7ef2abd60c90a969815d886487b309389208d22e9b0eaa4fda2936208bc177ec,2026-10-03,"ABS states that material on abs.gov.au is licensed under Creative Commons Attribution 4.0 International (credit the ABS), except logos, Coat of Arms, microdata and third-party content. Archived cube/page: carries a Commonwealth of Australia copyright line only; no separate licence text inside the file, treated as covered by the same site-wide statement (not independently confirmed for archived files).",
2,"Household Income and Wealth, Australia, 2015-16 (ABS cat. 6523.0)",2017-10-30,2013-07-01,2014-06-30,,2015-16/65230do002_201516.xls,https://www.ausstats.abs.gov.au/ausstats/subscriber.nsf/0/3084E62B369D2656CA2581C9000FECF6/$File/65230do002_201516.xls,315392,7ef2abd60c90a969815d886487b309389208d22e9b0eaa4fda2936208bc177ec,2026-10-03,"ABS states that material on abs.gov.au is licensed under Creative Commons Attribution 4.0 International (credit the ABS), except logos, Coat of Arms, microdata and third-party content. Archived cube/page: carries a Commonwealth of Australia copyright line only; no separate licence text inside the file, treated as covered by the same site-wide statement (not independently confirmed for archived files).",
2,"Household Income and Wealth, Australia, 2015-16 (ABS cat. 6523.0)",2017-10-30,2015-07-01,2016-06-30,,2015-16/65230do002_201516.xls,https://www.ausstats.abs.gov.au/ausstats/subscriber.nsf/0/3084E62B369D2656CA2581C9000FECF6/$File/65230do002_201516.xls,315392,7ef2abd60c90a969815d886487b309389208d22e9b0eaa4fda2936208bc177ec,2026-10-03,"ABS states that material on abs.gov.au is licensed under Creative Commons Attribution 4.0 International (credit the ABS), except logos, Coat of Arms, microdata and third-party content. Archived cube/page: carries a Commonwealth of Australia copyright line only; no separate licence text inside the file, treated as covered by the same site-wide statement (not independently confirmed for archived files).",
2,"Household Income and Wealth, Australia, 2015-16 (ABS cat. 6523.0)",2018-07-26,2015-07-01,2016-06-30,,2015-16/65230do008_201516.xls,https://www.ausstats.abs.gov.au/ausstats/subscriber.nsf/0/0132CB124C924304CA2582D5001334EB/$File/65230do008_201516.xls,199680,5d358b8eac274170a3d66954f38a9e0af79fece042763b531468f4e18d13b205,2026-10-03,"ABS states that material on abs.gov.au is licensed under Creative Commons Attribution 4.0 International (credit the ABS), except logos, Coat of Arms, microdata and third-party content. Archived cube/page: carries a Commonwealth of Australia copyright line only; no separate licence text inside the file, treated as covered by the same site-wide statement (not independently confirmed for archived files).",
2,"Household Income and Wealth, Australia, 2015-16 (ABS cat. 6523.0)",2018-07-26,2015-07-01,2016-06-30,,2015-16/65230do012_201516.002.xls,https://www.ausstats.abs.gov.au/ausstats/subscriber.nsf/0/65DB44D4461F26D7CA2582D5001335D9/$File/65230do012_201516.002.xls,174080,95d031cd53885afd62900468159bc8889c1fd171d6fcfbd5deffa99460d71d87,2026-10-03,"ABS states that material on abs.gov.au is licensed under Creative Commons Attribution 4.0 International (credit the ABS), except logos, Coat of Arms, microdata and third-party content. Archived cube/page: carries a Commonwealth of Australia copyright line only; no separate licence text inside the file, treated as covered by the same site-wide statement (not independently confirmed for archived files).",
2,"Household Income and Wealth, Australia, 2017-18 financial year (ABS cat. 6523.0)",2019-07-12,2003-07-01,2004-06-30,,2017-18/Household wealth and wealth distribution.xlsx,https://www.abs.gov.au/statistics/economy/finance/household-income-and-wealth-australia/2017-18/Household%20wealth%20and%20wealth%20distribution.xlsx,114723,84d1b4ca138db11df25e13573b8e1816a016700a361f64d759df94b3da1bb9c8,2026-10-03,"ABS states that material on abs.gov.au is licensed under Creative Commons Attribution 4.0 International (credit the ABS), except logos, Coat of Arms, microdata and third-party content.",
2,"Household Income and Wealth, Australia, 2017-18 financial year (ABS cat. 6523.0)",2019-07-12,2005-07-01,2006-06-30,,2017-18/Household wealth and wealth distribution.xlsx,https://www.abs.gov.au/statistics/economy/finance/household-income-and-wealth-australia/2017-18/Household%20wealth%20and%20wealth%20distribution.xlsx,114723,84d1b4ca138db11df25e13573b8e1816a016700a361f64d759df94b3da1bb9c8,2026-10-03,"ABS states that material on abs.gov.au is licensed under Creative Commons Attribution 4.0 International (credit the ABS), except logos, Coat of Arms, microdata and third-party content.",
2,"Household Income and Wealth, Australia, 2017-18 financial year (ABS cat. 6523.0)",2019-07-12,2009-07-01,2010-06-30,,2017-18/Household wealth and wealth distribution.xlsx,https://www.abs.gov.au/statistics/economy/finance/household-income-and-wealth-australia/2017-18/Household%20wealth%20and%20wealth%20distribution.xlsx,114723,84d1b4ca138db11df25e13573b8e1816a016700a361f64d759df94b3da1bb9c8,2026-10-03,"ABS states that material on abs.gov.au is licensed under Creative Commons Attribution 4.0 International (credit the ABS), except logos, Coat of Arms, microdata and third-party content.",
2,"Household Income and Wealth, Australia, 2017-18 financial year (ABS cat. 6523.0)",2019-07-12,2011-07-01,2012-06-30,,2017-18/Household wealth and wealth distribution.xlsx,https://www.abs.gov.au/statistics/economy/finance/household-income-and-wealth-australia/2017-18/Household%20wealth%20and%20wealth%20distribution.xlsx,114723,84d1b4ca138db11df25e13573b8e1816a016700a361f64d759df94b3da1bb9c8,2026-10-03,"ABS states that material on abs.gov.au is licensed under Creative Commons Attribution 4.0 International (credit the ABS), except logos, Coat of Arms, microdata and third-party content.",
2,"Household Income and Wealth, Australia, 2017-18 financial year (ABS cat. 6523.0)",2019-07-12,2013-07-01,2014-06-30,,2017-18/Household wealth and wealth distribution.xlsx,https://www.abs.gov.au/statistics/economy/finance/household-income-and-wealth-australia/2017-18/Household%20wealth%20and%20wealth%20distribution.xlsx,114723,84d1b4ca138db11df25e13573b8e1816a016700a361f64d759df94b3da1bb9c8,2026-10-03,"ABS states that material on abs.gov.au is licensed under Creative Commons Attribution 4.0 International (credit the ABS), except logos, Coat of Arms, microdata and third-party content.",
2,"Household Income and Wealth, Australia, 2017-18 financial year (ABS cat. 6523.0)",2019-07-12,2015-07-01,2016-06-30,,2017-18/Household wealth and wealth distribution.xlsx,https://www.abs.gov.au/statistics/economy/finance/household-income-and-wealth-australia/2017-18/Household%20wealth%20and%20wealth%20distribution.xlsx,114723,84d1b4ca138db11df25e13573b8e1816a016700a361f64d759df94b3da1bb9c8,2026-10-03,"ABS states that material on abs.gov.au is licensed under Creative Commons Attribution 4.0 International (credit the ABS), except logos, Coat of Arms, microdata and third-party content.",
2,"Household Income and Wealth, Australia, 2017-18 financial year (ABS cat. 6523.0)",2019-07-12,2017-07-01,2018-06-30,,2017-18/Age of reference person.xlsx,https://www.abs.gov.au/statistics/economy/finance/household-income-and-wealth-australia/2017-18/Age%20of%20reference%20person.xlsx,474668,629b5518a6aa601718b9f42081f244837eaae33c30c594f3bce3100122c1094a,2026-10-03,"ABS states that material on abs.gov.au is licensed under Creative Commons Attribution 4.0 International (credit the ABS), except logos, Coat of Arms, microdata and third-party content.",
2,"Household Income and Wealth, Australia, 2017-18 financial year (ABS cat. 6523.0)",2019-07-12,2017-07-01,2018-06-30,,2017-18/Household wealth and wealth distribution.xlsx,https://www.abs.gov.au/statistics/economy/finance/household-income-and-wealth-australia/2017-18/Household%20wealth%20and%20wealth%20distribution.xlsx,114723,84d1b4ca138db11df25e13573b8e1816a016700a361f64d759df94b3da1bb9c8,2026-10-03,"ABS states that material on abs.gov.au is licensed under Creative Commons Attribution 4.0 International (credit the ABS), except logos, Coat of Arms, microdata and third-party content.",
2,"Household Income and Wealth, Australia, 2017-18 financial year (ABS cat. 6523.0)",2019-07-12,2017-07-01,2018-06-30,,2017-18/Net worth quintiles.xlsx,https://www.abs.gov.au/statistics/economy/finance/household-income-and-wealth-australia/2017-18/Net%20worth%20quintiles.xlsx,492678,229c84ef619eaf29073320c0c24c382f5a5b8ac047cbf7f6a5d2e68c46369d63,2026-10-03,"ABS states that material on abs.gov.au is licensed under Creative Commons Attribution 4.0 International (credit the ABS), except logos, Coat of Arms, microdata and third-party content.",
2,"Household Income and Wealth, Australia, 2019-20 financial year (ABS)",2022-04-28,2009-07-01,2010-06-30,,2019-20/2. Household wealth and wealth distribution.xlsx,https://www.abs.gov.au/statistics/economy/finance/household-income-and-wealth-australia/2019-20/2.%20Household%20wealth%20and%20wealth%20distribution.xlsx,121181,2937c8ebb5ce75cff6321f28ee38c68607d7a855cc940670055aeac85b3a8015,2026-10-03,"ABS states that material on abs.gov.au is licensed under Creative Commons Attribution 4.0 International (credit the ABS), except logos, Coat of Arms, microdata and third-party content.",
2,"Household Income and Wealth, Australia, 2019-20 financial year (ABS)",2022-04-28,2011-07-01,2012-06-30,,2019-20/2. Household wealth and wealth distribution.xlsx,https://www.abs.gov.au/statistics/economy/finance/household-income-and-wealth-australia/2019-20/2.%20Household%20wealth%20and%20wealth%20distribution.xlsx,121181,2937c8ebb5ce75cff6321f28ee38c68607d7a855cc940670055aeac85b3a8015,2026-10-03,"ABS states that material on abs.gov.au is licensed under Creative Commons Attribution 4.0 International (credit the ABS), except logos, Coat of Arms, microdata and third-party content.",
2,"Household Income and Wealth, Australia, 2019-20 financial year (ABS)",2022-04-28,2013-07-01,2014-06-30,,2019-20/2. Household wealth and wealth distribution.xlsx,https://www.abs.gov.au/statistics/economy/finance/household-income-and-wealth-australia/2019-20/2.%20Household%20wealth%20and%20wealth%20distribution.xlsx,121181,2937c8ebb5ce75cff6321f28ee38c68607d7a855cc940670055aeac85b3a8015,2026-10-03,"ABS states that material on abs.gov.au is licensed under Creative Commons Attribution 4.0 International (credit the ABS), except logos, Coat of Arms, microdata and third-party content.",
2,"Household Income and Wealth, Australia, 2019-20 financial year (ABS)",2022-04-28,2015-07-01,2016-06-30,,2019-20/2. Household wealth and wealth distribution.xlsx,https://www.abs.gov.au/statistics/economy/finance/household-income-and-wealth-australia/2019-20/2.%20Household%20wealth%20and%20wealth%20distribution.xlsx,121181,2937c8ebb5ce75cff6321f28ee38c68607d7a855cc940670055aeac85b3a8015,2026-10-03,"ABS states that material on abs.gov.au is licensed under Creative Commons Attribution 4.0 International (credit the ABS), except logos, Coat of Arms, microdata and third-party content.",
2,"Household Income and Wealth, Australia, 2019-20 financial year (ABS)",2022-04-28,2017-07-01,2018-06-30,,2019-20/2. Household wealth and wealth distribution.xlsx,https://www.abs.gov.au/statistics/economy/finance/household-income-and-wealth-australia/2019-20/2.%20Household%20wealth%20and%20wealth%20distribution.xlsx,121181,2937c8ebb5ce75cff6321f28ee38c68607d7a855cc940670055aeac85b3a8015,2026-10-03,"ABS states that material on abs.gov.au is licensed under Creative Commons Attribution 4.0 International (credit the ABS), except logos, Coat of Arms, microdata and third-party content.",
2,"Household Income and Wealth, Australia, 2019-20 financial year (ABS)",2022-04-28,2019-07-01,2020-06-30,,2019-20/10. Age of reference person.xlsx,https://www.abs.gov.au/statistics/economy/finance/household-income-and-wealth-australia/2019-20/10.%20Age%20of%20reference%20person.xlsx,613818,733e956afd97f490596f1d31dfc9cb4e9eb6c984b0a3f6dbce4abc8e506cbf79,2026-10-03,"ABS states that material on abs.gov.au is licensed under Creative Commons Attribution 4.0 International (credit the ABS), except logos, Coat of Arms, microdata and third-party content.",
2,"Household Income and Wealth, Australia, 2019-20 financial year (ABS)",2022-04-28,2019-07-01,2020-06-30,,2019-20/2. Household wealth and wealth distribution.xlsx,https://www.abs.gov.au/statistics/economy/finance/household-income-and-wealth-australia/2019-20/2.%20Household%20wealth%20and%20wealth%20distribution.xlsx,121181,2937c8ebb5ce75cff6321f28ee38c68607d7a855cc940670055aeac85b3a8015,2026-10-03,"ABS states that material on abs.gov.au is licensed under Creative Commons Attribution 4.0 International (credit the ABS), except logos, Coat of Arms, microdata and third-party content.",
2,"Household Income and Wealth, Australia, 2019-20 financial year (ABS)",2022-04-28,2019-07-01,2020-06-30,,2019-20/7. Net worth quintiles.xlsx,https://www.abs.gov.au/statistics/economy/finance/household-income-and-wealth-australia/2019-20/7.%20Net%20worth%20quintiles.xlsx,638969,a0fe48faefbf81c273e78fb8dae0177545486dde68db7d6eb5ea77aa5d641b8e,2026-10-03,"ABS states that material on abs.gov.au is licensed under Creative Commons Attribution 4.0 International (credit the ABS), except logos, Coat of Arms, microdata and third-party content.",
3,"Household Income and Income Distribution, Australia, 2009-10 (ABS cat. 6523.0)",2011-08-30,2009-07-01,2010-06-30,,2009-10/65230do001_200910.xls,https://www.ausstats.abs.gov.au/ausstats/subscriber.nsf/0/B27053EBE209881BCA2578FB0018523D/$File/65230do001_200910.xls,661504,6ddbac9bbd79d0aba16d6d96f69a3b5931c167557e36515053d6cc732b6df2d1,2026-10-03,"ABS states that material on abs.gov.au is licensed under Creative Commons Attribution 4.0 International (credit the ABS), except logos, Coat of Arms, microdata and third-party content. Archived cube/page: carries a Commonwealth of Australia copyright line only; no separate licence text inside the file, treated as covered by the same site-wide statement (not independently confirmed for archived files).",
3,"Household Income and Income Distribution, Australia, 2011-12 (ABS cat. 6523.0)",2013-08-16,2011-07-01,2012-06-30,,2011-12/sih 2011-12 data cubes.xls,https://www.ausstats.abs.gov.au/ausstats/subscriber.nsf/0/E3075D36DB4F7605CA257BC80016E46F/$File/sih%202011-12%20data%20cubes.xls,721408,949bc9bd21f37e103572b4c2f5cefec10b4c57b6d3533613f221c4652c7be37e,2026-10-03,"ABS states that material on abs.gov.au is licensed under Creative Commons Attribution 4.0 International (credit the ABS), except logos, Coat of Arms, microdata and third-party content. Archived cube/page: carries a Commonwealth of Australia copyright line only; no separate licence text inside the file, treated as covered by the same site-wide statement (not independently confirmed for archived files).",
3,"Household Income and Wealth, Australia, 2013-14 (ABS cat. 6523.0)",2015-09-04,2003-07-01,2004-06-30,,2013-14/6523do00002_201314.xls,https://www.ausstats.abs.gov.au/ausstats/subscriber.nsf/0/4D96FC4EBA9F1B68CA257EB5001B794E/$File/6523do00002_201314.xls,140800,65efd522dd9a3abce14c697ea74410c0c4c5c90be0f2b7a265c951a5c7232633,2026-10-03,"ABS states that material on abs.gov.au is licensed under Creative Commons Attribution 4.0 International (credit the ABS), except logos, Coat of Arms, microdata and third-party content. Archived cube/page: carries a Commonwealth of Australia copyright line only; no separate licence text inside the file, treated as covered by the same site-wide statement (not independently confirmed for archived files).",
3,"Household Income and Wealth, Australia, 2013-14 (ABS cat. 6523.0)",2015-09-04,2005-07-01,2006-06-30,,2013-14/6523do00002_201314.xls,https://www.ausstats.abs.gov.au/ausstats/subscriber.nsf/0/4D96FC4EBA9F1B68CA257EB5001B794E/$File/6523do00002_201314.xls,140800,65efd522dd9a3abce14c697ea74410c0c4c5c90be0f2b7a265c951a5c7232633,2026-10-03,"ABS states that material on abs.gov.au is licensed under Creative Commons Attribution 4.0 International (credit the ABS), except logos, Coat of Arms, microdata and third-party content. Archived cube/page: carries a Commonwealth of Australia copyright line only; no separate licence text inside the file, treated as covered by the same site-wide statement (not independently confirmed for archived files).",
3,"Household Income and Wealth, Australia, 2013-14 (ABS cat. 6523.0)",2015-09-04,2009-07-01,2010-06-30,,2013-14/6523do00002_201314.xls,https://www.ausstats.abs.gov.au/ausstats/subscriber.nsf/0/4D96FC4EBA9F1B68CA257EB5001B794E/$File/6523do00002_201314.xls,140800,65efd522dd9a3abce14c697ea74410c0c4c5c90be0f2b7a265c951a5c7232633,2026-10-03,"ABS states that material on abs.gov.au is licensed under Creative Commons Attribution 4.0 International (credit the ABS), except logos, Coat of Arms, microdata and third-party content. Archived cube/page: carries a Commonwealth of Australia copyright line only; no separate licence text inside the file, treated as covered by the same site-wide statement (not independently confirmed for archived files).",
3,"Household Income and Wealth, Australia, 2013-14 (ABS cat. 6523.0)",2015-09-04,2011-07-01,2012-06-30,,2013-14/6523do00002_201314.xls,https://www.ausstats.abs.gov.au/ausstats/subscriber.nsf/0/4D96FC4EBA9F1B68CA257EB5001B794E/$File/6523do00002_201314.xls,140800,65efd522dd9a3abce14c697ea74410c0c4c5c90be0f2b7a265c951a5c7232633,2026-10-03,"ABS states that material on abs.gov.au is licensed under Creative Commons Attribution 4.0 International (credit the ABS), except logos, Coat of Arms, microdata and third-party content. Archived cube/page: carries a Commonwealth of Australia copyright line only; no separate licence text inside the file, treated as covered by the same site-wide statement (not independently confirmed for archived files).",
3,"Household Income and Wealth, Australia, 2013-14 (ABS cat. 6523.0)",2015-12-16,2013-07-01,2014-06-30,,2013-14/6523DO00008_201314.xls,https://www.ausstats.abs.gov.au/ausstats/subscriber.nsf/0/1A431B274EA98E68CA257EB5001B7AAC/$File/6523DO00008_201314.xls,315904,9656d9435d81d53742d6a1fe2f38544870578da5f1e5fab66427d0b1f63c69eb,2026-10-03,"ABS states that material on abs.gov.au is licensed under Creative Commons Attribution 4.0 International (credit the ABS), except logos, Coat of Arms, microdata and third-party content. Archived cube/page: carries a Commonwealth of Australia copyright line only; no separate licence text inside the file, treated as covered by the same site-wide statement (not independently confirmed for archived files).",
3,"Household Income and Wealth, Australia, 2013-14 (ABS cat. 6523.0)",2015-09-04,2013-07-01,2014-06-30,,2013-14/6523do00002_201314.xls,https://www.ausstats.abs.gov.au/ausstats/subscriber.nsf/0/4D96FC4EBA9F1B68CA257EB5001B794E/$File/6523do00002_201314.xls,140800,65efd522dd9a3abce14c697ea74410c0c4c5c90be0f2b7a265c951a5c7232633,2026-10-03,"ABS states that material on abs.gov.au is licensed under Creative Commons Attribution 4.0 International (credit the ABS), except logos, Coat of Arms, microdata and third-party content. Archived cube/page: carries a Commonwealth of Australia copyright line only; no separate licence text inside the file, treated as covered by the same site-wide statement (not independently confirmed for archived files).",
3,"Household Income and Wealth, Australia, 2015-16 (ABS cat. 6523.0)",2017-10-30,2003-07-01,2004-06-30,,2015-16/65230do002_201516.xls,https://www.ausstats.abs.gov.au/ausstats/subscriber.nsf/0/3084E62B369D2656CA2581C9000FECF6/$File/65230do002_201516.xls,315392,7ef2abd60c90a969815d886487b309389208d22e9b0eaa4fda2936208bc177ec,2026-10-03,"ABS states that material on abs.gov.au is licensed under Creative Commons Attribution 4.0 International (credit the ABS), except logos, Coat of Arms, microdata and third-party content. Archived cube/page: carries a Commonwealth of Australia copyright line only; no separate licence text inside the file, treated as covered by the same site-wide statement (not independently confirmed for archived files).",
3,"Household Income and Wealth, Australia, 2015-16 (ABS cat. 6523.0)",2017-10-30,2005-07-01,2006-06-30,,2015-16/65230do002_201516.xls,https://www.ausstats.abs.gov.au/ausstats/subscriber.nsf/0/3084E62B369D2656CA2581C9000FECF6/$File/65230do002_201516.xls,315392,7ef2abd60c90a969815d886487b309389208d22e9b0eaa4fda2936208bc177ec,2026-10-03,"ABS states that material on abs.gov.au is licensed under Creative Commons Attribution 4.0 International (credit the ABS), except logos, Coat of Arms, microdata and third-party content. Archived cube/page: carries a Commonwealth of Australia copyright line only; no separate licence text inside the file, treated as covered by the same site-wide statement (not independently confirmed for archived files).",
3,"Household Income and Wealth, Australia, 2015-16 (ABS cat. 6523.0)",2017-10-30,2009-07-01,2010-06-30,,2015-16/65230do002_201516.xls,https://www.ausstats.abs.gov.au/ausstats/subscriber.nsf/0/3084E62B369D2656CA2581C9000FECF6/$File/65230do002_201516.xls,315392,7ef2abd60c90a969815d886487b309389208d22e9b0eaa4fda2936208bc177ec,2026-10-03,"ABS states that material on abs.gov.au is licensed under Creative Commons Attribution 4.0 International (credit the ABS), except logos, Coat of Arms, microdata and third-party content. Archived cube/page: carries a Commonwealth of Australia copyright line only; no separate licence text inside the file, treated as covered by the same site-wide statement (not independently confirmed for archived files).",
3,"Household Income and Wealth, Australia, 2015-16 (ABS cat. 6523.0)",2017-10-30,2011-07-01,2012-06-30,,2015-16/65230do002_201516.xls,https://www.ausstats.abs.gov.au/ausstats/subscriber.nsf/0/3084E62B369D2656CA2581C9000FECF6/$File/65230do002_201516.xls,315392,7ef2abd60c90a969815d886487b309389208d22e9b0eaa4fda2936208bc177ec,2026-10-03,"ABS states that material on abs.gov.au is licensed under Creative Commons Attribution 4.0 International (credit the ABS), except logos, Coat of Arms, microdata and third-party content. Archived cube/page: carries a Commonwealth of Australia copyright line only; no separate licence text inside the file, treated as covered by the same site-wide statement (not independently confirmed for archived files).",
3,"Household Income and Wealth, Australia, 2015-16 (ABS cat. 6523.0)",2017-10-30,2013-07-01,2014-06-30,,2015-16/65230do002_201516.xls,https://www.ausstats.abs.gov.au/ausstats/subscriber.nsf/0/3084E62B369D2656CA2581C9000FECF6/$File/65230do002_201516.xls,315392,7ef2abd60c90a969815d886487b309389208d22e9b0eaa4fda2936208bc177ec,2026-10-03,"ABS states that material on abs.gov.au is licensed under Creative Commons Attribution 4.0 International (credit the ABS), except logos, Coat of Arms, microdata and third-party content. Archived cube/page: carries a Commonwealth of Australia copyright line only; no separate licence text inside the file, treated as covered by the same site-wide statement (not independently confirmed for archived files).",
3,"Household Income and Wealth, Australia, 2015-16 (ABS cat. 6523.0)",2017-10-30,2015-07-01,2016-06-30,,2015-16/65230do002_201516.xls,https://www.ausstats.abs.gov.au/ausstats/subscriber.nsf/0/3084E62B369D2656CA2581C9000FECF6/$File/65230do002_201516.xls,315392,7ef2abd60c90a969815d886487b309389208d22e9b0eaa4fda2936208bc177ec,2026-10-03,"ABS states that material on abs.gov.au is licensed under Creative Commons Attribution 4.0 International (credit the ABS), except logos, Coat of Arms, microdata and third-party content. Archived cube/page: carries a Commonwealth of Australia copyright line only; no separate licence text inside the file, treated as covered by the same site-wide statement (not independently confirmed for archived files).",
3,"Household Income and Wealth, Australia, 2015-16 (ABS cat. 6523.0)",2018-07-26,2015-07-01,2016-06-30,,2015-16/65230do008_201516.xls,https://www.ausstats.abs.gov.au/ausstats/subscriber.nsf/0/0132CB124C924304CA2582D5001334EB/$File/65230do008_201516.xls,199680,5d358b8eac274170a3d66954f38a9e0af79fece042763b531468f4e18d13b205,2026-10-03,"ABS states that material on abs.gov.au is licensed under Creative Commons Attribution 4.0 International (credit the ABS), except logos, Coat of Arms, microdata and third-party content. Archived cube/page: carries a Commonwealth of Australia copyright line only; no separate licence text inside the file, treated as covered by the same site-wide statement (not independently confirmed for archived files).",
3,"Household Income and Wealth, Australia, 2017-18 financial year (ABS cat. 6523.0)",2019-07-12,2003-07-01,2004-06-30,,2017-18/Household wealth and wealth distribution.xlsx,https://www.abs.gov.au/statistics/economy/finance/household-income-and-wealth-australia/2017-18/Household%20wealth%20and%20wealth%20distribution.xlsx,114723,84d1b4ca138db11df25e13573b8e1816a016700a361f64d759df94b3da1bb9c8,2026-10-03,"ABS states that material on abs.gov.au is licensed under Creative Commons Attribution 4.0 International (credit the ABS), except logos, Coat of Arms, microdata and third-party content.",
3,"Household Income and Wealth, Australia, 2017-18 financial year (ABS cat. 6523.0)",2019-07-12,2005-07-01,2006-06-30,,2017-18/Household wealth and wealth distribution.xlsx,https://www.abs.gov.au/statistics/economy/finance/household-income-and-wealth-australia/2017-18/Household%20wealth%20and%20wealth%20distribution.xlsx,114723,84d1b4ca138db11df25e13573b8e1816a016700a361f64d759df94b3da1bb9c8,2026-10-03,"ABS states that material on abs.gov.au is licensed under Creative Commons Attribution 4.0 International (credit the ABS), except logos, Coat of Arms, microdata and third-party content.",
3,"Household Income and Wealth, Australia, 2017-18 financial year (ABS cat. 6523.0)",2019-07-12,2009-07-01,2010-06-30,,2017-18/Household wealth and wealth distribution.xlsx,https://www.abs.gov.au/statistics/economy/finance/household-income-and-wealth-australia/2017-18/Household%20wealth%20and%20wealth%20distribution.xlsx,114723,84d1b4ca138db11df25e13573b8e1816a016700a361f64d759df94b3da1bb9c8,2026-10-03,"ABS states that material on abs.gov.au is licensed under Creative Commons Attribution 4.0 International (credit the ABS), except logos, Coat of Arms, microdata and third-party content.",
3,"Household Income and Wealth, Australia, 2017-18 financial year (ABS cat. 6523.0)",2019-07-12,2011-07-01,2012-06-30,,2017-18/Household wealth and wealth distribution.xlsx,https://www.abs.gov.au/statistics/economy/finance/household-income-and-wealth-australia/2017-18/Household%20wealth%20and%20wealth%20distribution.xlsx,114723,84d1b4ca138db11df25e13573b8e1816a016700a361f64d759df94b3da1bb9c8,2026-10-03,"ABS states that material on abs.gov.au is licensed under Creative Commons Attribution 4.0 International (credit the ABS), except logos, Coat of Arms, microdata and third-party content.",
3,"Household Income and Wealth, Australia, 2017-18 financial year (ABS cat. 6523.0)",2019-07-12,2013-07-01,2014-06-30,,2017-18/Household wealth and wealth distribution.xlsx,https://www.abs.gov.au/statistics/economy/finance/household-income-and-wealth-australia/2017-18/Household%20wealth%20and%20wealth%20distribution.xlsx,114723,84d1b4ca138db11df25e13573b8e1816a016700a361f64d759df94b3da1bb9c8,2026-10-03,"ABS states that material on abs.gov.au is licensed under Creative Commons Attribution 4.0 International (credit the ABS), except logos, Coat of Arms, microdata and third-party content.",
3,"Household Income and Wealth, Australia, 2017-18 financial year (ABS cat. 6523.0)",2019-07-12,2015-07-01,2016-06-30,,2017-18/Household wealth and wealth distribution.xlsx,https://www.abs.gov.au/statistics/economy/finance/household-income-and-wealth-australia/2017-18/Household%20wealth%20and%20wealth%20distribution.xlsx,114723,84d1b4ca138db11df25e13573b8e1816a016700a361f64d759df94b3da1bb9c8,2026-10-03,"ABS states that material on abs.gov.au is licensed under Creative Commons Attribution 4.0 International (credit the ABS), except logos, Coat of Arms, microdata and third-party content.",
3,"Household Income and Wealth, Australia, 2017-18 financial year (ABS cat. 6523.0)",2019-07-12,2017-07-01,2018-06-30,,2017-18/Household wealth and wealth distribution.xlsx,https://www.abs.gov.au/statistics/economy/finance/household-income-and-wealth-australia/2017-18/Household%20wealth%20and%20wealth%20distribution.xlsx,114723,84d1b4ca138db11df25e13573b8e1816a016700a361f64d759df94b3da1bb9c8,2026-10-03,"ABS states that material on abs.gov.au is licensed under Creative Commons Attribution 4.0 International (credit the ABS), except logos, Coat of Arms, microdata and third-party content.",
3,"Household Income and Wealth, Australia, 2017-18 financial year (ABS cat. 6523.0)",2019-07-12,2017-07-01,2018-06-30,,2017-18/Net worth quintiles.xlsx,https://www.abs.gov.au/statistics/economy/finance/household-income-and-wealth-australia/2017-18/Net%20worth%20quintiles.xlsx,492678,229c84ef619eaf29073320c0c24c382f5a5b8ac047cbf7f6a5d2e68c46369d63,2026-10-03,"ABS states that material on abs.gov.au is licensed under Creative Commons Attribution 4.0 International (credit the ABS), except logos, Coat of Arms, microdata and third-party content.",
3,"Household Income and Wealth, Australia, 2019-20 financial year (ABS)",2022-04-28,2009-07-01,2010-06-30,,2019-20/2. Household wealth and wealth distribution.xlsx,https://www.abs.gov.au/statistics/economy/finance/household-income-and-wealth-australia/2019-20/2.%20Household%20wealth%20and%20wealth%20distribution.xlsx,121181,2937c8ebb5ce75cff6321f28ee38c68607d7a855cc940670055aeac85b3a8015,2026-10-03,"ABS states that material on abs.gov.au is licensed under Creative Commons Attribution 4.0 International (credit the ABS), except logos, Coat of Arms, microdata and third-party content.",
3,"Household Income and Wealth, Australia, 2019-20 financial year (ABS)",2022-04-28,2011-07-01,2012-06-30,,2019-20/2. Household wealth and wealth distribution.xlsx,https://www.abs.gov.au/statistics/economy/finance/household-income-and-wealth-australia/2019-20/2.%20Household%20wealth%20and%20wealth%20distribution.xlsx,121181,2937c8ebb5ce75cff6321f28ee38c68607d7a855cc940670055aeac85b3a8015,2026-10-03,"ABS states that material on abs.gov.au is licensed under Creative Commons Attribution 4.0 International (credit the ABS), except logos, Coat of Arms, microdata and third-party content.",
3,"Household Income and Wealth, Australia, 2019-20 financial year (ABS)",2022-04-28,2013-07-01,2014-06-30,,2019-20/2. Household wealth and wealth distribution.xlsx,https://www.abs.gov.au/statistics/economy/finance/household-income-and-wealth-australia/2019-20/2.%20Household%20wealth%20and%20wealth%20distribution.xlsx,121181,2937c8ebb5ce75cff6321f28ee38c68607d7a855cc940670055aeac85b3a8015,2026-10-03,"ABS states that material on abs.gov.au is licensed under Creative Commons Attribution 4.0 International (credit the ABS), except logos, Coat of Arms, microdata and third-party content.",
3,"Household Income and Wealth, Australia, 2019-20 financial year (ABS)",2022-04-28,2015-07-01,2016-06-30,,2019-20/2. Household wealth and wealth distribution.xlsx,https://www.abs.gov.au/statistics/economy/finance/household-income-and-wealth-australia/2019-20/2.%20Household%20wealth%20and%20wealth%20distribution.xlsx,121181,2937c8ebb5ce75cff6321f28ee38c68607d7a855cc940670055aeac85b3a8015,2026-10-03,"ABS states that material on abs.gov.au is licensed under Creative Commons Attribution 4.0 International (credit the ABS), except logos, Coat of Arms, microdata and third-party content.",
3,"Household Income and Wealth, Australia, 2019-20 financial year (ABS)",2022-04-28,2017-07-01,2018-06-30,,2019-20/2. Household wealth and wealth distribution.xlsx,https://www.abs.gov.au/statistics/economy/finance/household-income-and-wealth-australia/2019-20/2.%20Household%20wealth%20and%20wealth%20distribution.xlsx,121181,2937c8ebb5ce75cff6321f28ee38c68607d7a855cc940670055aeac85b3a8015,2026-10-03,"ABS states that material on abs.gov.au is licensed under Creative Commons Attribution 4.0 International (credit the ABS), except logos, Coat of Arms, microdata and third-party content.",
3,"Household Income and Wealth, Australia, 2019-20 financial year (ABS)",2022-04-28,2019-07-01,2020-06-30,,2019-20/2. Household wealth and wealth distribution.xlsx,https://www.abs.gov.au/statistics/economy/finance/household-income-and-wealth-australia/2019-20/2.%20Household%20wealth%20and%20wealth%20distribution.xlsx,121181,2937c8ebb5ce75cff6321f28ee38c68607d7a855cc940670055aeac85b3a8015,2026-10-03,"ABS states that material on abs.gov.au is licensed under Creative Commons Attribution 4.0 International (credit the ABS), except logos, Coat of Arms, microdata and third-party content.",
3,"Household Income and Wealth, Australia, 2019-20 financial year (ABS)",2022-04-28,2019-07-01,2020-06-30,,2019-20/7. Net worth quintiles.xlsx,https://www.abs.gov.au/statistics/economy/finance/household-income-and-wealth-australia/2019-20/7.%20Net%20worth%20quintiles.xlsx,638969,a0fe48faefbf81c273e78fb8dae0177545486dde68db7d6eb5ea77aa5d641b8e,2026-10-03,"ABS states that material on abs.gov.au is licensed under Creative Commons Attribution 4.0 International (credit the ABS), except logos, Coat of Arms, microdata and third-party content.",
4,"Household Income and Income Distribution, Australia, 2009-10 (ABS cat. 6523.0)",2011-08-30,2009-07-01,2010-06-30,,2009-10/65230do001_200910.xls,https://www.ausstats.abs.gov.au/ausstats/subscriber.nsf/0/B27053EBE209881BCA2578FB0018523D/$File/65230do001_200910.xls,661504,6ddbac9bbd79d0aba16d6d96f69a3b5931c167557e36515053d6cc732b6df2d1,2026-10-03,"ABS states that material on abs.gov.au is licensed under Creative Commons Attribution 4.0 International (credit the ABS), except logos, Coat of Arms, microdata and third-party content. Archived cube/page: carries a Commonwealth of Australia copyright line only; no separate licence text inside the file, treated as covered by the same site-wide statement (not independently confirmed for archived files).",
4,"Household Income and Income Distribution, Australia, 2011-12 (ABS cat. 6523.0)",2013-08-16,2011-07-01,2012-06-30,,2011-12/sih 2011-12 data cubes.xls,https://www.ausstats.abs.gov.au/ausstats/subscriber.nsf/0/E3075D36DB4F7605CA257BC80016E46F/$File/sih%202011-12%20data%20cubes.xls,721408,949bc9bd21f37e103572b4c2f5cefec10b4c57b6d3533613f221c4652c7be37e,2026-10-03,"ABS states that material on abs.gov.au is licensed under Creative Commons Attribution 4.0 International (credit the ABS), except logos, Coat of Arms, microdata and third-party content. Archived cube/page: carries a Commonwealth of Australia copyright line only; no separate licence text inside the file, treated as covered by the same site-wide statement (not independently confirmed for archived files).",
4,"Household Income and Wealth, Australia, 2013-14 (ABS cat. 6523.0)",2015-12-16,2013-07-01,2014-06-30,,2013-14/6523DO00012_201314.xls,https://www.ausstats.abs.gov.au/ausstats/subscriber.nsf/0/0F8D7A49F278ED6CCA257EB5001B7B8C/$File/6523DO00012_201314.xls,508928,598351008e5d4f2d70601f615729d87948fafacc450cbbe8061c95672bcef5e6,2026-10-03,"ABS states that material on abs.gov.au is licensed under Creative Commons Attribution 4.0 International (credit the ABS), except logos, Coat of Arms, microdata and third-party content. Archived cube/page: carries a Commonwealth of Australia copyright line only; no separate licence text inside the file, treated as covered by the same site-wide statement (not independently confirmed for archived files).",
4,"Household Income and Wealth, Australia, 2015-16 (ABS cat. 6523.0)",2018-07-26,2015-07-01,2016-06-30,,2015-16/65230do012_201516.002.xls,https://www.ausstats.abs.gov.au/ausstats/subscriber.nsf/0/65DB44D4461F26D7CA2582D5001335D9/$File/65230do012_201516.002.xls,174080,95d031cd53885afd62900468159bc8889c1fd171d6fcfbd5deffa99460d71d87,2026-10-03,"ABS states that material on abs.gov.au is licensed under Creative Commons Attribution 4.0 International (credit the ABS), except logos, Coat of Arms, microdata and third-party content. Archived cube/page: carries a Commonwealth of Australia copyright line only; no separate licence text inside the file, treated as covered by the same site-wide statement (not independently confirmed for archived files).",
4,"Household Income and Wealth, Australia, 2017-18 financial year (ABS cat. 6523.0)",2019-07-12,2017-07-01,2018-06-30,,2017-18/Age of reference person.xlsx,https://www.abs.gov.au/statistics/economy/finance/household-income-and-wealth-australia/2017-18/Age%20of%20reference%20person.xlsx,474668,629b5518a6aa601718b9f42081f244837eaae33c30c594f3bce3100122c1094a,2026-10-03,"ABS states that material on abs.gov.au is licensed under Creative Commons Attribution 4.0 International (credit the ABS), except logos, Coat of Arms, microdata and third-party content.",
4,"Household Income and Wealth, Australia, 2019-20 financial year (ABS)",2022-04-28,2019-07-01,2020-06-30,,2019-20/10. Age of reference person.xlsx,https://www.abs.gov.au/statistics/economy/finance/household-income-and-wealth-australia/2019-20/10.%20Age%20of%20reference%20person.xlsx,613818,733e956afd97f490596f1d31dfc9cb4e9eb6c984b0a3f6dbce4abc8e506cbf79,2026-10-03,"ABS states that material on abs.gov.au is licensed under Creative Commons Attribution 4.0 International (credit the ABS), except logos, Coat of Arms, microdata and third-party content.",
5,APRA information paper: Activating debt-to-income limits as a macroprudential policy tool,2025-11-27,2025-07-01,2025-09-30,,apra_n1.html,https://www.apra.gov.au/news-and-publications/activating-debt-income-limits-macroprudential-policy-tool,366437,b89c8cb916e7f2e92d86e7adada38577eca1385ffc14dda960c0aee00e080cef,2026-10-03,"APRA website material is under Creative Commons Attribution 4.0 International except Coat of Arms, APRA logos and third-party material; APRA requests attribution",
5,APRA letter to ADIs: Activation of debt-to-income limits as a macroprudential policy tool,2025-11-27,2026-02-01,,2026-02-01,apra_dti_impl.pdf,https://www.apra.gov.au/sites/default/files/2025-11/Implementation%20Details%20-%20DTI%20limit.pdf,354874,106bc282c4033a7e4efdba7742e9cbb428a8f964ae731e9a81ead99eee4985ac,2026-10-03,"APRA website material is under Creative Commons Attribution 4.0 International except Coat of Arms, APRA logos and third-party material; APRA requests attribution",
5,APRA letter to ADIs: Activation of debt-to-income limits as a macroprudential policy tool,2025-11-27,2026-02-01,,2026-02-01,apra_n2.html,https://www.apra.gov.au/news-and-publications/activation-debt-income-limits-macroprudential-policy-tool,324952,ab8cce0e661fbb728336194ada5bdc98b0a8b3ed87730777f51d1be8748ab5c9,2026-10-03,"APRA website material is under Creative Commons Attribution 4.0 International except Coat of Arms, APRA logos and third-party material; APRA requests attribution",
5,"APS 220 Credit Risk Management (Authorised Version F2022L01576, registered 05/12/2022; in force 1 January 2023)",2022-12-05,2022-09-01,,2022-09-01,aps220_F2022L01576.pdf,https://www.legislation.gov.au/F2022L01576/asmade/2022-12-05/text/original/pdf,1000324,06072c0e65659f048c5addfa12e5228e7e3f2943888c36937328fc1a435829c8,2026-10-03,Federal Register of Legislation as-made instrument PDF; licence terms of that register not separately checked by this worker (APRA site content is CC BY 4.0),
6,Taxation Statistics 2023-24,2026-06-12,2010-07-01,2011-06-30,,ts2324_Individuals_Table_20.xlsx,https://data.gov.au/data/dataset/faea4485-f407-457d-97f8-3f0822ccd654/resource/52b66511-f7f8-44a9-b5f1-2d7334950d0d/download/ts24individual20contributionsttoaprafundsbyyear.xlsx,545544,890d28f45e3c37a2f99a1983d6823acfcc094849d0488e2ecb6168f2b54b6aeb,2026-10-03,Dataset published on data.gov.au under Creative Commons Attribution 2.5 Australia (Creative Commons Attribution 2.5 Australia); reuse permitted with attribution to the Commonwealth of Australia (ATO).,
6,Taxation Statistics 2023-24,2026-06-12,2010-07-01,2011-06-30,,ts2324_Individuals_Table_21.xlsx,https://data.gov.au/data/dataset/faea4485-f407-457d-97f8-3f0822ccd654/resource/aceaadfa-c154-4b35-a648-7d143400d9e7/download/ts24individual21contributionstosmsfsbyyear.xlsx,24739,1887388d14c35c93ec03acbed9f51e6d0541f4a4cab270e2033c4fbf39f86712,2026-10-03,Dataset published on data.gov.au under Creative Commons Attribution 2.5 Australia (Creative Commons Attribution 2.5 Australia); reuse permitted with attribution to the Commonwealth of Australia (ATO).,
6,Taxation Statistics 2023-24,2026-06-12,2011-07-01,2012-06-30,,ts2324_Individuals_Table_20.xlsx,https://data.gov.au/data/dataset/faea4485-f407-457d-97f8-3f0822ccd654/resource/52b66511-f7f8-44a9-b5f1-2d7334950d0d/download/ts24individual20contributionsttoaprafundsbyyear.xlsx,545544,890d28f45e3c37a2f99a1983d6823acfcc094849d0488e2ecb6168f2b54b6aeb,2026-10-03,Dataset published on data.gov.au under Creative Commons Attribution 2.5 Australia (Creative Commons Attribution 2.5 Australia); reuse permitted with attribution to the Commonwealth of Australia (ATO).,
6,Taxation Statistics 2023-24,2026-06-12,2011-07-01,2012-06-30,,ts2324_Individuals_Table_21.xlsx,https://data.gov.au/data/dataset/faea4485-f407-457d-97f8-3f0822ccd654/resource/aceaadfa-c154-4b35-a648-7d143400d9e7/download/ts24individual21contributionstosmsfsbyyear.xlsx,24739,1887388d14c35c93ec03acbed9f51e6d0541f4a4cab270e2033c4fbf39f86712,2026-10-03,Dataset published on data.gov.au under Creative Commons Attribution 2.5 Australia (Creative Commons Attribution 2.5 Australia); reuse permitted with attribution to the Commonwealth of Australia (ATO).,
6,Taxation Statistics 2023-24,2026-06-12,2012-07-01,2013-06-30,,ts2324_Individuals_Table_20.xlsx,https://data.gov.au/data/dataset/faea4485-f407-457d-97f8-3f0822ccd654/resource/52b66511-f7f8-44a9-b5f1-2d7334950d0d/download/ts24individual20contributionsttoaprafundsbyyear.xlsx,545544,890d28f45e3c37a2f99a1983d6823acfcc094849d0488e2ecb6168f2b54b6aeb,2026-10-03,Dataset published on data.gov.au under Creative Commons Attribution 2.5 Australia (Creative Commons Attribution 2.5 Australia); reuse permitted with attribution to the Commonwealth of Australia (ATO).,
6,Taxation Statistics 2023-24,2026-06-12,2012-07-01,2013-06-30,,ts2324_Individuals_Table_21.xlsx,https://data.gov.au/data/dataset/faea4485-f407-457d-97f8-3f0822ccd654/resource/aceaadfa-c154-4b35-a648-7d143400d9e7/download/ts24individual21contributionstosmsfsbyyear.xlsx,24739,1887388d14c35c93ec03acbed9f51e6d0541f4a4cab270e2033c4fbf39f86712,2026-10-03,Dataset published on data.gov.au under Creative Commons Attribution 2.5 Australia (Creative Commons Attribution 2.5 Australia); reuse permitted with attribution to the Commonwealth of Australia (ATO).,
6,Taxation Statistics 2023-24,2026-06-17,2012-07-01,2013-06-30,,ts2324_Snapshot_Table_4.xlsx,https://data.gov.au/data/dataset/faea4485-f407-457d-97f8-3f0822ccd654/resource/91631a30-56db-4e50-8456-b329874f0730/download/ts24snapshot04allsummarytables.xlsx,583748,e2d9657468fc251d8a77ebbb22aaf3d3308ee6454c5a64381a906e6cdd0fdc2d,2026-10-03,Dataset published on data.gov.au under Creative Commons Attribution 2.5 Australia (Creative Commons Attribution 2.5 Australia); reuse permitted with attribution to the Commonwealth of Australia (ATO).,
6,Taxation Statistics 2023-24,2026-06-12,2013-07-01,2014-06-30,,ts2324_Individuals_Table_20.xlsx,https://data.gov.au/data/dataset/faea4485-f407-457d-97f8-3f0822ccd654/resource/52b66511-f7f8-44a9-b5f1-2d7334950d0d/download/ts24individual20contributionsttoaprafundsbyyear.xlsx,545544,890d28f45e3c37a2f99a1983d6823acfcc094849d0488e2ecb6168f2b54b6aeb,2026-10-03,Dataset published on data.gov.au under Creative Commons Attribution 2.5 Australia (Creative Commons Attribution 2.5 Australia); reuse permitted with attribution to the Commonwealth of Australia (ATO).,
6,Taxation Statistics 2023-24,2026-06-12,2013-07-01,2014-06-30,,ts2324_Individuals_Table_21.xlsx,https://data.gov.au/data/dataset/faea4485-f407-457d-97f8-3f0822ccd654/resource/aceaadfa-c154-4b35-a648-7d143400d9e7/download/ts24individual21contributionstosmsfsbyyear.xlsx,24739,1887388d14c35c93ec03acbed9f51e6d0541f4a4cab270e2033c4fbf39f86712,2026-10-03,Dataset published on data.gov.au under Creative Commons Attribution 2.5 Australia (Creative Commons Attribution 2.5 Australia); reuse permitted with attribution to the Commonwealth of Australia (ATO).,
6,Taxation Statistics 2023-24,2026-06-17,2013-07-01,2014-06-30,,ts2324_Snapshot_Table_4.xlsx,https://data.gov.au/data/dataset/faea4485-f407-457d-97f8-3f0822ccd654/resource/91631a30-56db-4e50-8456-b329874f0730/download/ts24snapshot04allsummarytables.xlsx,583748,e2d9657468fc251d8a77ebbb22aaf3d3308ee6454c5a64381a906e6cdd0fdc2d,2026-10-03,Dataset published on data.gov.au under Creative Commons Attribution 2.5 Australia (Creative Commons Attribution 2.5 Australia); reuse permitted with attribution to the Commonwealth of Australia (ATO).,
6,Taxation Statistics 2023-24,2026-06-25,2013-07-01,2014-06-30,,ts2324_Snapshot_Table_5.xlsx,https://data.gov.au/data/dataset/faea4485-f407-457d-97f8-3f0822ccd654/resource/e19017b8-3894-44e2-995a-1c253c96977e/download/ts24snapshot05indexofchartdata.xlsx,3834180,75777aed058bedf6e739c91ff7d3a55c2070a81fab5dc00b1ad8ad8bc0e32bb6,2026-10-03,Dataset published on data.gov.au under Creative Commons Attribution 2.5 Australia (Creative Commons Attribution 2.5 Australia); reuse permitted with attribution to the Commonwealth of Australia (ATO).,
6,Taxation Statistics 2023-24,2026-06-12,2014-07-01,2015-06-30,,ts2324_Individuals_Table_20.xlsx,https://data.gov.au/data/dataset/faea4485-f407-457d-97f8-3f0822ccd654/resource/52b66511-f7f8-44a9-b5f1-2d7334950d0d/download/ts24individual20contributionsttoaprafundsbyyear.xlsx,545544,890d28f45e3c37a2f99a1983d6823acfcc094849d0488e2ecb6168f2b54b6aeb,2026-10-03,Dataset published on data.gov.au under Creative Commons Attribution 2.5 Australia (Creative Commons Attribution 2.5 Australia); reuse permitted with attribution to the Commonwealth of Australia (ATO).,
6,Taxation Statistics 2023-24,2026-06-12,2014-07-01,2015-06-30,,ts2324_Individuals_Table_21.xlsx,https://data.gov.au/data/dataset/faea4485-f407-457d-97f8-3f0822ccd654/resource/aceaadfa-c154-4b35-a648-7d143400d9e7/download/ts24individual21contributionstosmsfsbyyear.xlsx,24739,1887388d14c35c93ec03acbed9f51e6d0541f4a4cab270e2033c4fbf39f86712,2026-10-03,Dataset published on data.gov.au under Creative Commons Attribution 2.5 Australia (Creative Commons Attribution 2.5 Australia); reuse permitted with attribution to the Commonwealth of Australia (ATO).,
6,Taxation Statistics 2023-24,2026-06-17,2014-07-01,2015-06-30,,ts2324_Snapshot_Table_4.xlsx,https://data.gov.au/data/dataset/faea4485-f407-457d-97f8-3f0822ccd654/resource/91631a30-56db-4e50-8456-b329874f0730/download/ts24snapshot04allsummarytables.xlsx,583748,e2d9657468fc251d8a77ebbb22aaf3d3308ee6454c5a64381a906e6cdd0fdc2d,2026-10-03,Dataset published on data.gov.au under Creative Commons Attribution 2.5 Australia (Creative Commons Attribution 2.5 Australia); reuse permitted with attribution to the Commonwealth of Australia (ATO).,
6,Taxation Statistics 2023-24,2026-06-25,2014-07-01,2015-06-30,,ts2324_Snapshot_Table_5.xlsx,https://data.gov.au/data/dataset/faea4485-f407-457d-97f8-3f0822ccd654/resource/e19017b8-3894-44e2-995a-1c253c96977e/download/ts24snapshot05indexofchartdata.xlsx,3834180,75777aed058bedf6e739c91ff7d3a55c2070a81fab5dc00b1ad8ad8bc0e32bb6,2026-10-03,Dataset published on data.gov.au under Creative Commons Attribution 2.5 Australia (Creative Commons Attribution 2.5 Australia); reuse permitted with attribution to the Commonwealth of Australia (ATO).,
6,Taxation Statistics 2023-24,2026-06-12,2015-07-01,2016-06-30,,ts2324_Individuals_Table_20.xlsx,https://data.gov.au/data/dataset/faea4485-f407-457d-97f8-3f0822ccd654/resource/52b66511-f7f8-44a9-b5f1-2d7334950d0d/download/ts24individual20contributionsttoaprafundsbyyear.xlsx,545544,890d28f45e3c37a2f99a1983d6823acfcc094849d0488e2ecb6168f2b54b6aeb,2026-10-03,Dataset published on data.gov.au under Creative Commons Attribution 2.5 Australia (Creative Commons Attribution 2.5 Australia); reuse permitted with attribution to the Commonwealth of Australia (ATO).,
6,Taxation Statistics 2023-24,2026-06-12,2015-07-01,2016-06-30,,ts2324_Individuals_Table_21.xlsx,https://data.gov.au/data/dataset/faea4485-f407-457d-97f8-3f0822ccd654/resource/aceaadfa-c154-4b35-a648-7d143400d9e7/download/ts24individual21contributionstosmsfsbyyear.xlsx,24739,1887388d14c35c93ec03acbed9f51e6d0541f4a4cab270e2033c4fbf39f86712,2026-10-03,Dataset published on data.gov.au under Creative Commons Attribution 2.5 Australia (Creative Commons Attribution 2.5 Australia); reuse permitted with attribution to the Commonwealth of Australia (ATO).,
6,Taxation Statistics 2023-24,2026-06-17,2015-07-01,2016-06-30,,ts2324_Snapshot_Table_4.xlsx,https://data.gov.au/data/dataset/faea4485-f407-457d-97f8-3f0822ccd654/resource/91631a30-56db-4e50-8456-b329874f0730/download/ts24snapshot04allsummarytables.xlsx,583748,e2d9657468fc251d8a77ebbb22aaf3d3308ee6454c5a64381a906e6cdd0fdc2d,2026-10-03,Dataset published on data.gov.au under Creative Commons Attribution 2.5 Australia (Creative Commons Attribution 2.5 Australia); reuse permitted with attribution to the Commonwealth of Australia (ATO).,
6,Taxation Statistics 2023-24,2026-06-25,2015-07-01,2016-06-30,,ts2324_Snapshot_Table_5.xlsx,https://data.gov.au/data/dataset/faea4485-f407-457d-97f8-3f0822ccd654/resource/e19017b8-3894-44e2-995a-1c253c96977e/download/ts24snapshot05indexofchartdata.xlsx,3834180,75777aed058bedf6e739c91ff7d3a55c2070a81fab5dc00b1ad8ad8bc0e32bb6,2026-10-03,Dataset published on data.gov.au under Creative Commons Attribution 2.5 Australia (Creative Commons Attribution 2.5 Australia); reuse permitted with attribution to the Commonwealth of Australia (ATO).,
6,Taxation Statistics 2023-24,2026-06-12,2016-07-01,2017-06-30,,ts2324_Individuals_Table_20.xlsx,https://data.gov.au/data/dataset/faea4485-f407-457d-97f8-3f0822ccd654/resource/52b66511-f7f8-44a9-b5f1-2d7334950d0d/download/ts24individual20contributionsttoaprafundsbyyear.xlsx,545544,890d28f45e3c37a2f99a1983d6823acfcc094849d0488e2ecb6168f2b54b6aeb,2026-10-03,Dataset published on data.gov.au under Creative Commons Attribution 2.5 Australia (Creative Commons Attribution 2.5 Australia); reuse permitted with attribution to the Commonwealth of Australia (ATO).,
6,Taxation Statistics 2023-24,2026-06-12,2016-07-01,2017-06-30,,ts2324_Individuals_Table_21.xlsx,https://data.gov.au/data/dataset/faea4485-f407-457d-97f8-3f0822ccd654/resource/aceaadfa-c154-4b35-a648-7d143400d9e7/download/ts24individual21contributionstosmsfsbyyear.xlsx,24739,1887388d14c35c93ec03acbed9f51e6d0541f4a4cab270e2033c4fbf39f86712,2026-10-03,Dataset published on data.gov.au under Creative Commons Attribution 2.5 Australia (Creative Commons Attribution 2.5 Australia); reuse permitted with attribution to the Commonwealth of Australia (ATO).,
6,Taxation Statistics 2023-24,2026-06-17,2016-07-01,2017-06-30,,ts2324_Snapshot_Table_4.xlsx,https://data.gov.au/data/dataset/faea4485-f407-457d-97f8-3f0822ccd654/resource/91631a30-56db-4e50-8456-b329874f0730/download/ts24snapshot04allsummarytables.xlsx,583748,e2d9657468fc251d8a77ebbb22aaf3d3308ee6454c5a64381a906e6cdd0fdc2d,2026-10-03,Dataset published on data.gov.au under Creative Commons Attribution 2.5 Australia (Creative Commons Attribution 2.5 Australia); reuse permitted with attribution to the Commonwealth of Australia (ATO).,
6,Taxation Statistics 2023-24,2026-06-25,2016-07-01,2017-06-30,,ts2324_Snapshot_Table_5.xlsx,https://data.gov.au/data/dataset/faea4485-f407-457d-97f8-3f0822ccd654/resource/e19017b8-3894-44e2-995a-1c253c96977e/download/ts24snapshot05indexofchartdata.xlsx,3834180,75777aed058bedf6e739c91ff7d3a55c2070a81fab5dc00b1ad8ad8bc0e32bb6,2026-10-03,Dataset published on data.gov.au under Creative Commons Attribution 2.5 Australia (Creative Commons Attribution 2.5 Australia); reuse permitted with attribution to the Commonwealth of Australia (ATO).,
6,Taxation Statistics 2023-24,2026-06-12,2017-07-01,2018-06-30,,ts2324_Individuals_Table_20.xlsx,https://data.gov.au/data/dataset/faea4485-f407-457d-97f8-3f0822ccd654/resource/52b66511-f7f8-44a9-b5f1-2d7334950d0d/download/ts24individual20contributionsttoaprafundsbyyear.xlsx,545544,890d28f45e3c37a2f99a1983d6823acfcc094849d0488e2ecb6168f2b54b6aeb,2026-10-03,Dataset published on data.gov.au under Creative Commons Attribution 2.5 Australia (Creative Commons Attribution 2.5 Australia); reuse permitted with attribution to the Commonwealth of Australia (ATO).,
6,Taxation Statistics 2023-24,2026-06-12,2017-07-01,2018-06-30,,ts2324_Individuals_Table_21.xlsx,https://data.gov.au/data/dataset/faea4485-f407-457d-97f8-3f0822ccd654/resource/aceaadfa-c154-4b35-a648-7d143400d9e7/download/ts24individual21contributionstosmsfsbyyear.xlsx,24739,1887388d14c35c93ec03acbed9f51e6d0541f4a4cab270e2033c4fbf39f86712,2026-10-03,Dataset published on data.gov.au under Creative Commons Attribution 2.5 Australia (Creative Commons Attribution 2.5 Australia); reuse permitted with attribution to the Commonwealth of Australia (ATO).,
6,Taxation Statistics 2023-24,2026-06-17,2017-07-01,2018-06-30,,ts2324_Snapshot_Table_4.xlsx,https://data.gov.au/data/dataset/faea4485-f407-457d-97f8-3f0822ccd654/resource/91631a30-56db-4e50-8456-b329874f0730/download/ts24snapshot04allsummarytables.xlsx,583748,e2d9657468fc251d8a77ebbb22aaf3d3308ee6454c5a64381a906e6cdd0fdc2d,2026-10-03,Dataset published on data.gov.au under Creative Commons Attribution 2.5 Australia (Creative Commons Attribution 2.5 Australia); reuse permitted with attribution to the Commonwealth of Australia (ATO).,
6,Taxation Statistics 2023-24,2026-06-25,2017-07-01,2018-06-30,,ts2324_Snapshot_Table_5.xlsx,https://data.gov.au/data/dataset/faea4485-f407-457d-97f8-3f0822ccd654/resource/e19017b8-3894-44e2-995a-1c253c96977e/download/ts24snapshot05indexofchartdata.xlsx,3834180,75777aed058bedf6e739c91ff7d3a55c2070a81fab5dc00b1ad8ad8bc0e32bb6,2026-10-03,Dataset published on data.gov.au under Creative Commons Attribution 2.5 Australia (Creative Commons Attribution 2.5 Australia); reuse permitted with attribution to the Commonwealth of Australia (ATO).,
6,Taxation Statistics 2023-24,2026-06-12,2018-07-01,2019-06-30,,ts2324_Individuals_Table_20.xlsx,https://data.gov.au/data/dataset/faea4485-f407-457d-97f8-3f0822ccd654/resource/52b66511-f7f8-44a9-b5f1-2d7334950d0d/download/ts24individual20contributionsttoaprafundsbyyear.xlsx,545544,890d28f45e3c37a2f99a1983d6823acfcc094849d0488e2ecb6168f2b54b6aeb,2026-10-03,Dataset published on data.gov.au under Creative Commons Attribution 2.5 Australia (Creative Commons Attribution 2.5 Australia); reuse permitted with attribution to the Commonwealth of Australia (ATO).,
6,Taxation Statistics 2023-24,2026-06-12,2018-07-01,2019-06-30,,ts2324_Individuals_Table_21.xlsx,https://data.gov.au/data/dataset/faea4485-f407-457d-97f8-3f0822ccd654/resource/aceaadfa-c154-4b35-a648-7d143400d9e7/download/ts24individual21contributionstosmsfsbyyear.xlsx,24739,1887388d14c35c93ec03acbed9f51e6d0541f4a4cab270e2033c4fbf39f86712,2026-10-03,Dataset published on data.gov.au under Creative Commons Attribution 2.5 Australia (Creative Commons Attribution 2.5 Australia); reuse permitted with attribution to the Commonwealth of Australia (ATO).,
6,Taxation Statistics 2023-24,2026-06-17,2018-07-01,2019-06-30,,ts2324_Snapshot_Table_4.xlsx,https://data.gov.au/data/dataset/faea4485-f407-457d-97f8-3f0822ccd654/resource/91631a30-56db-4e50-8456-b329874f0730/download/ts24snapshot04allsummarytables.xlsx,583748,e2d9657468fc251d8a77ebbb22aaf3d3308ee6454c5a64381a906e6cdd0fdc2d,2026-10-03,Dataset published on data.gov.au under Creative Commons Attribution 2.5 Australia (Creative Commons Attribution 2.5 Australia); reuse permitted with attribution to the Commonwealth of Australia (ATO).,
6,Taxation Statistics 2023-24,2026-06-25,2018-07-01,2019-06-30,,ts2324_Snapshot_Table_5.xlsx,https://data.gov.au/data/dataset/faea4485-f407-457d-97f8-3f0822ccd654/resource/e19017b8-3894-44e2-995a-1c253c96977e/download/ts24snapshot05indexofchartdata.xlsx,3834180,75777aed058bedf6e739c91ff7d3a55c2070a81fab5dc00b1ad8ad8bc0e32bb6,2026-10-03,Dataset published on data.gov.au under Creative Commons Attribution 2.5 Australia (Creative Commons Attribution 2.5 Australia); reuse permitted with attribution to the Commonwealth of Australia (ATO).,
6,Taxation Statistics 2023-24,2026-06-12,2019-07-01,2020-06-30,,ts2324_Individuals_Table_20.xlsx,https://data.gov.au/data/dataset/faea4485-f407-457d-97f8-3f0822ccd654/resource/52b66511-f7f8-44a9-b5f1-2d7334950d0d/download/ts24individual20contributionsttoaprafundsbyyear.xlsx,545544,890d28f45e3c37a2f99a1983d6823acfcc094849d0488e2ecb6168f2b54b6aeb,2026-10-03,Dataset published on data.gov.au under Creative Commons Attribution 2.5 Australia (Creative Commons Attribution 2.5 Australia); reuse permitted with attribution to the Commonwealth of Australia (ATO).,
6,Taxation Statistics 2023-24,2026-06-12,2019-07-01,2020-06-30,,ts2324_Individuals_Table_21.xlsx,https://data.gov.au/data/dataset/faea4485-f407-457d-97f8-3f0822ccd654/resource/aceaadfa-c154-4b35-a648-7d143400d9e7/download/ts24individual21contributionstosmsfsbyyear.xlsx,24739,1887388d14c35c93ec03acbed9f51e6d0541f4a4cab270e2033c4fbf39f86712,2026-10-03,Dataset published on data.gov.au under Creative Commons Attribution 2.5 Australia (Creative Commons Attribution 2.5 Australia); reuse permitted with attribution to the Commonwealth of Australia (ATO).,
6,Taxation Statistics 2023-24,2026-06-17,2019-07-01,2020-06-30,,ts2324_Snapshot_Table_4.xlsx,https://data.gov.au/data/dataset/faea4485-f407-457d-97f8-3f0822ccd654/resource/91631a30-56db-4e50-8456-b329874f0730/download/ts24snapshot04allsummarytables.xlsx,583748,e2d9657468fc251d8a77ebbb22aaf3d3308ee6454c5a64381a906e6cdd0fdc2d,2026-10-03,Dataset published on data.gov.au under Creative Commons Attribution 2.5 Australia (Creative Commons Attribution 2.5 Australia); reuse permitted with attribution to the Commonwealth of Australia (ATO).,
6,Taxation Statistics 2023-24,2026-06-25,2019-07-01,2020-06-30,,ts2324_Snapshot_Table_5.xlsx,https://data.gov.au/data/dataset/faea4485-f407-457d-97f8-3f0822ccd654/resource/e19017b8-3894-44e2-995a-1c253c96977e/download/ts24snapshot05indexofchartdata.xlsx,3834180,75777aed058bedf6e739c91ff7d3a55c2070a81fab5dc00b1ad8ad8bc0e32bb6,2026-10-03,Dataset published on data.gov.au under Creative Commons Attribution 2.5 Australia (Creative Commons Attribution 2.5 Australia); reuse permitted with attribution to the Commonwealth of Australia (ATO).,
6,Taxation Statistics 2023-24,2026-06-12,2020-07-01,2021-06-30,,ts2324_Individuals_Table_20.xlsx,https://data.gov.au/data/dataset/faea4485-f407-457d-97f8-3f0822ccd654/resource/52b66511-f7f8-44a9-b5f1-2d7334950d0d/download/ts24individual20contributionsttoaprafundsbyyear.xlsx,545544,890d28f45e3c37a2f99a1983d6823acfcc094849d0488e2ecb6168f2b54b6aeb,2026-10-03,Dataset published on data.gov.au under Creative Commons Attribution 2.5 Australia (Creative Commons Attribution 2.5 Australia); reuse permitted with attribution to the Commonwealth of Australia (ATO).,
6,Taxation Statistics 2023-24,2026-06-12,2020-07-01,2021-06-30,,ts2324_Individuals_Table_21.xlsx,https://data.gov.au/data/dataset/faea4485-f407-457d-97f8-3f0822ccd654/resource/aceaadfa-c154-4b35-a648-7d143400d9e7/download/ts24individual21contributionstosmsfsbyyear.xlsx,24739,1887388d14c35c93ec03acbed9f51e6d0541f4a4cab270e2033c4fbf39f86712,2026-10-03,Dataset published on data.gov.au under Creative Commons Attribution 2.5 Australia (Creative Commons Attribution 2.5 Australia); reuse permitted with attribution to the Commonwealth of Australia (ATO).,
6,Taxation Statistics 2023-24,2026-06-17,2020-07-01,2021-06-30,,ts2324_Snapshot_Table_4.xlsx,https://data.gov.au/data/dataset/faea4485-f407-457d-97f8-3f0822ccd654/resource/91631a30-56db-4e50-8456-b329874f0730/download/ts24snapshot04allsummarytables.xlsx,583748,e2d9657468fc251d8a77ebbb22aaf3d3308ee6454c5a64381a906e6cdd0fdc2d,2026-10-03,Dataset published on data.gov.au under Creative Commons Attribution 2.5 Australia (Creative Commons Attribution 2.5 Australia); reuse permitted with attribution to the Commonwealth of Australia (ATO).,
6,Taxation Statistics 2023-24,2026-06-25,2020-07-01,2021-06-30,,ts2324_Snapshot_Table_5.xlsx,https://data.gov.au/data/dataset/faea4485-f407-457d-97f8-3f0822ccd654/resource/e19017b8-3894-44e2-995a-1c253c96977e/download/ts24snapshot05indexofchartdata.xlsx,3834180,75777aed058bedf6e739c91ff7d3a55c2070a81fab5dc00b1ad8ad8bc0e32bb6,2026-10-03,Dataset published on data.gov.au under Creative Commons Attribution 2.5 Australia (Creative Commons Attribution 2.5 Australia); reuse permitted with attribution to the Commonwealth of Australia (ATO).,
6,Taxation Statistics 2023-24,2026-06-12,2021-07-01,2022-06-30,,ts2324_Individuals_Table_20.xlsx,https://data.gov.au/data/dataset/faea4485-f407-457d-97f8-3f0822ccd654/resource/52b66511-f7f8-44a9-b5f1-2d7334950d0d/download/ts24individual20contributionsttoaprafundsbyyear.xlsx,545544,890d28f45e3c37a2f99a1983d6823acfcc094849d0488e2ecb6168f2b54b6aeb,2026-10-03,Dataset published on data.gov.au under Creative Commons Attribution 2.5 Australia (Creative Commons Attribution 2.5 Australia); reuse permitted with attribution to the Commonwealth of Australia (ATO).,
6,Taxation Statistics 2023-24,2026-06-12,2021-07-01,2022-06-30,,ts2324_Individuals_Table_21.xlsx,https://data.gov.au/data/dataset/faea4485-f407-457d-97f8-3f0822ccd654/resource/aceaadfa-c154-4b35-a648-7d143400d9e7/download/ts24individual21contributionstosmsfsbyyear.xlsx,24739,1887388d14c35c93ec03acbed9f51e6d0541f4a4cab270e2033c4fbf39f86712,2026-10-03,Dataset published on data.gov.au under Creative Commons Attribution 2.5 Australia (Creative Commons Attribution 2.5 Australia); reuse permitted with attribution to the Commonwealth of Australia (ATO).,
6,Taxation Statistics 2023-24,2026-06-17,2021-07-01,2022-06-30,,ts2324_Snapshot_Table_4.xlsx,https://data.gov.au/data/dataset/faea4485-f407-457d-97f8-3f0822ccd654/resource/91631a30-56db-4e50-8456-b329874f0730/download/ts24snapshot04allsummarytables.xlsx,583748,e2d9657468fc251d8a77ebbb22aaf3d3308ee6454c5a64381a906e6cdd0fdc2d,2026-10-03,Dataset published on data.gov.au under Creative Commons Attribution 2.5 Australia (Creative Commons Attribution 2.5 Australia); reuse permitted with attribution to the Commonwealth of Australia (ATO).,
6,Taxation Statistics 2023-24,2026-06-25,2021-07-01,2022-06-30,,ts2324_Snapshot_Table_5.xlsx,https://data.gov.au/data/dataset/faea4485-f407-457d-97f8-3f0822ccd654/resource/e19017b8-3894-44e2-995a-1c253c96977e/download/ts24snapshot05indexofchartdata.xlsx,3834180,75777aed058bedf6e739c91ff7d3a55c2070a81fab5dc00b1ad8ad8bc0e32bb6,2026-10-03,Dataset published on data.gov.au under Creative Commons Attribution 2.5 Australia (Creative Commons Attribution 2.5 Australia); reuse permitted with attribution to the Commonwealth of Australia (ATO).,
6,Taxation Statistics 2023-24,2026-06-12,2022-07-01,2023-06-30,,ts2324_Individuals_Table_20.xlsx,https://data.gov.au/data/dataset/faea4485-f407-457d-97f8-3f0822ccd654/resource/52b66511-f7f8-44a9-b5f1-2d7334950d0d/download/ts24individual20contributionsttoaprafundsbyyear.xlsx,545544,890d28f45e3c37a2f99a1983d6823acfcc094849d0488e2ecb6168f2b54b6aeb,2026-10-03,Dataset published on data.gov.au under Creative Commons Attribution 2.5 Australia (Creative Commons Attribution 2.5 Australia); reuse permitted with attribution to the Commonwealth of Australia (ATO).,
6,Taxation Statistics 2023-24,2026-06-12,2022-07-01,2023-06-30,,ts2324_Individuals_Table_21.xlsx,https://data.gov.au/data/dataset/faea4485-f407-457d-97f8-3f0822ccd654/resource/aceaadfa-c154-4b35-a648-7d143400d9e7/download/ts24individual21contributionstosmsfsbyyear.xlsx,24739,1887388d14c35c93ec03acbed9f51e6d0541f4a4cab270e2033c4fbf39f86712,2026-10-03,Dataset published on data.gov.au under Creative Commons Attribution 2.5 Australia (Creative Commons Attribution 2.5 Australia); reuse permitted with attribution to the Commonwealth of Australia (ATO).,
6,Taxation Statistics 2023-24,2026-06-17,2022-07-01,2023-06-30,,ts2324_Snapshot_Table_4.xlsx,https://data.gov.au/data/dataset/faea4485-f407-457d-97f8-3f0822ccd654/resource/91631a30-56db-4e50-8456-b329874f0730/download/ts24snapshot04allsummarytables.xlsx,583748,e2d9657468fc251d8a77ebbb22aaf3d3308ee6454c5a64381a906e6cdd0fdc2d,2026-10-03,Dataset published on data.gov.au under Creative Commons Attribution 2.5 Australia (Creative Commons Attribution 2.5 Australia); reuse permitted with attribution to the Commonwealth of Australia (ATO).,
6,Taxation Statistics 2023-24,2026-06-25,2022-07-01,2023-06-30,,ts2324_Snapshot_Table_5.xlsx,https://data.gov.au/data/dataset/faea4485-f407-457d-97f8-3f0822ccd654/resource/e19017b8-3894-44e2-995a-1c253c96977e/download/ts24snapshot05indexofchartdata.xlsx,3834180,75777aed058bedf6e739c91ff7d3a55c2070a81fab5dc00b1ad8ad8bc0e32bb6,2026-10-03,Dataset published on data.gov.au under Creative Commons Attribution 2.5 Australia (Creative Commons Attribution 2.5 Australia); reuse permitted with attribution to the Commonwealth of Australia (ATO).,
6,Taxation Statistics 2023-24,2026-06-12,2023-07-01,2024-06-30,,ts2324_Individuals_Table_20.xlsx,https://data.gov.au/data/dataset/faea4485-f407-457d-97f8-3f0822ccd654/resource/52b66511-f7f8-44a9-b5f1-2d7334950d0d/download/ts24individual20contributionsttoaprafundsbyyear.xlsx,545544,890d28f45e3c37a2f99a1983d6823acfcc094849d0488e2ecb6168f2b54b6aeb,2026-10-03,Dataset published on data.gov.au under Creative Commons Attribution 2.5 Australia (Creative Commons Attribution 2.5 Australia); reuse permitted with attribution to the Commonwealth of Australia (ATO).,
6,Taxation Statistics 2023-24,2026-06-12,2023-07-01,2024-06-30,,ts2324_Individuals_Table_21.xlsx,https://data.gov.au/data/dataset/faea4485-f407-457d-97f8-3f0822ccd654/resource/aceaadfa-c154-4b35-a648-7d143400d9e7/download/ts24individual21contributionstosmsfsbyyear.xlsx,24739,1887388d14c35c93ec03acbed9f51e6d0541f4a4cab270e2033c4fbf39f86712,2026-10-03,Dataset published on data.gov.au under Creative Commons Attribution 2.5 Australia (Creative Commons Attribution 2.5 Australia); reuse permitted with attribution to the Commonwealth of Australia (ATO).,
6,Taxation Statistics 2023-24,2026-06-17,2023-07-01,2024-06-30,,ts2324_Individuals_Table_22.xlsx,https://data.gov.au/data/dataset/faea4485-f407-457d-97f8-3f0822ccd654/resource/94a7ab8d-d13b-49ad-aef3-8c8ee516b2ed/download/ts24individual22contributionsbytotalaccountbalancetaxableincomeage.xlsx,65067,8d0e687ac7d0538e0a91fa95dc8cb91d7673ac2aa472f6602437dac30f00c911,2026-10-03,Dataset published on data.gov.au under Creative Commons Attribution 2.5 Australia (Creative Commons Attribution 2.5 Australia); reuse permitted with attribution to the Commonwealth of Australia (ATO).,
6,Taxation Statistics 2023-24,2026-06-17,2023-07-01,2024-06-30,,ts2324_Individuals_Table_23.xlsx,https://data.gov.au/data/dataset/faea4485-f407-457d-97f8-3f0822ccd654/resource/0c0d97e6-15db-483c-980d-53fef39de5ae/download/ts24individual23contributionsbyagesextaxableincome.xlsx,288777,47ffd996378d407cba526034d1b27c9eaed6544f36840315330dd85bcc500188,2026-10-03,Dataset published on data.gov.au under Creative Commons Attribution 2.5 Australia (Creative Commons Attribution 2.5 Australia); reuse permitted with attribution to the Commonwealth of Australia (ATO).,
6,Taxation Statistics 2023-24,2026-06-17,2023-07-01,2024-06-30,,ts2324_Individuals_Table_24.xlsx,https://data.gov.au/data/dataset/faea4485-f407-457d-97f8-3f0822ccd654/resource/e16e5b5d-dfc4-4e05-a305-006ab897b9bb/download/ts24individual24contributionsbystatesexage.xlsx,418294,51daf9e626005fca3f5d8cefdc8d851615a12c2fdf2159911329e9b942ded078,2026-10-03,Dataset published on data.gov.au under Creative Commons Attribution 2.5 Australia (Creative Commons Attribution 2.5 Australia); reuse permitted with attribution to the Commonwealth of Australia (ATO).,
6,Taxation Statistics 2023-24,2026-06-17,2023-07-01,2024-06-30,,ts2324_Snapshot_Table_4.xlsx,https://data.gov.au/data/dataset/faea4485-f407-457d-97f8-3f0822ccd654/resource/91631a30-56db-4e50-8456-b329874f0730/download/ts24snapshot04allsummarytables.xlsx,583748,e2d9657468fc251d8a77ebbb22aaf3d3308ee6454c5a64381a906e6cdd0fdc2d,2026-10-03,Dataset published on data.gov.au under Creative Commons Attribution 2.5 Australia (Creative Commons Attribution 2.5 Australia); reuse permitted with attribution to the Commonwealth of Australia (ATO).,
6,Taxation Statistics 2023-24,2026-06-25,2023-07-01,2024-06-30,,ts2324_Snapshot_Table_5.xlsx,https://data.gov.au/data/dataset/faea4485-f407-457d-97f8-3f0822ccd654/resource/e19017b8-3894-44e2-995a-1c253c96977e/download/ts24snapshot05indexofchartdata.xlsx,3834180,75777aed058bedf6e739c91ff7d3a55c2070a81fab5dc00b1ad8ad8bc0e32bb6,2026-10-03,Dataset published on data.gov.au under Creative Commons Attribution 2.5 Australia (Creative Commons Attribution 2.5 Australia); reuse permitted with attribution to the Commonwealth of Australia (ATO).,
7,"Australian National Accounts: Finance and Wealth, June 2026",2026-09-24,1988-04-01,1988-06-30,1988-06-30,5232001.xlsx,https://www.abs.gov.au/statistics/economy/national-accounts/australian-national-accounts-finance-and-wealth/jun-2026/5232001.xlsx,287603,ec245bb519c41a43d082bd2b5ece779ade0337ad3d2eeb2fc3f210833a5689e6,2026-10-03,ABS website content is under Creative Commons Attribution 4.0 International (excluding logos/Coat of Arms/third-party material); attribution to ABS required,quarterly series: span of all quarters in the file; each quarter is a row in the extraction. 
7,"Australian National Accounts: Finance and Wealth, June 2026",2026-09-24,1988-07-01,1988-09-30,1988-09-30,5232001.xlsx,https://www.abs.gov.au/statistics/economy/national-accounts/australian-national-accounts-finance-and-wealth/jun-2026/5232001.xlsx,287603,ec245bb519c41a43d082bd2b5ece779ade0337ad3d2eeb2fc3f210833a5689e6,2026-10-03,ABS website content is under Creative Commons Attribution 4.0 International (excluding logos/Coat of Arms/third-party material); attribution to ABS required,quarterly series: span of all quarters in the file; each quarter is a row in the extraction. 
7,"Australian National Accounts: Finance and Wealth, June 2026",2026-09-24,1988-10-01,1988-12-31,1988-12-31,5232001.xlsx,https://www.abs.gov.au/statistics/economy/national-accounts/australian-national-accounts-finance-and-wealth/jun-2026/5232001.xlsx,287603,ec245bb519c41a43d082bd2b5ece779ade0337ad3d2eeb2fc3f210833a5689e6,2026-10-03,ABS website content is under Creative Commons Attribution 4.0 International (excluding logos/Coat of Arms/third-party material); attribution to ABS required,quarterly series: span of all quarters in the file; each quarter is a row in the extraction. 
7,"Australian National Accounts: Finance and Wealth, June 2026",2026-09-24,1989-01-01,1989-03-31,1989-03-31,5232001.xlsx,https://www.abs.gov.au/statistics/economy/national-accounts/australian-national-accounts-finance-and-wealth/jun-2026/5232001.xlsx,287603,ec245bb519c41a43d082bd2b5ece779ade0337ad3d2eeb2fc3f210833a5689e6,2026-10-03,ABS website content is under Creative Commons Attribution 4.0 International (excluding logos/Coat of Arms/third-party material); attribution to ABS required,quarterly series: span of all quarters in the file; each quarter is a row in the extraction. 
7,"Australian National Accounts: Finance and Wealth, June 2026",2026-09-24,1989-04-01,1989-06-30,1989-06-30,5232001.xlsx,https://www.abs.gov.au/statistics/economy/national-accounts/australian-national-accounts-finance-and-wealth/jun-2026/5232001.xlsx,287603,ec245bb519c41a43d082bd2b5ece779ade0337ad3d2eeb2fc3f210833a5689e6,2026-10-03,ABS website content is under Creative Commons Attribution 4.0 International (excluding logos/Coat of Arms/third-party material); attribution to ABS required,quarterly series: span of all quarters in the file; each quarter is a row in the extraction. 
7,"Australian National Accounts: Finance and Wealth, June 2026",2026-09-24,1989-07-01,1989-09-30,1989-09-30,5232001.xlsx,https://www.abs.gov.au/statistics/economy/national-accounts/australian-national-accounts-finance-and-wealth/jun-2026/5232001.xlsx,287603,ec245bb519c41a43d082bd2b5ece779ade0337ad3d2eeb2fc3f210833a5689e6,2026-10-03,ABS website content is under Creative Commons Attribution 4.0 International (excluding logos/Coat of Arms/third-party material); attribution to ABS required,quarterly series: span of all quarters in the file; each quarter is a row in the extraction. 
7,"Australian National Accounts: Finance and Wealth, June 2026",2026-09-24,1989-10-01,1989-12-31,1989-12-31,5232001.xlsx,https://www.abs.gov.au/statistics/economy/national-accounts/australian-national-accounts-finance-and-wealth/jun-2026/5232001.xlsx,287603,ec245bb519c41a43d082bd2b5ece779ade0337ad3d2eeb2fc3f210833a5689e6,2026-10-03,ABS website content is under Creative Commons Attribution 4.0 International (excluding logos/Coat of Arms/third-party material); attribution to ABS required,quarterly series: span of all quarters in the file; each quarter is a row in the extraction. 
7,"Australian National Accounts: Finance and Wealth, June 2026",2026-09-24,1990-01-01,1990-03-31,1990-03-31,5232001.xlsx,https://www.abs.gov.au/statistics/economy/national-accounts/australian-national-accounts-finance-and-wealth/jun-2026/5232001.xlsx,287603,ec245bb519c41a43d082bd2b5ece779ade0337ad3d2eeb2fc3f210833a5689e6,2026-10-03,ABS website content is under Creative Commons Attribution 4.0 International (excluding logos/Coat of Arms/third-party material); attribution to ABS required,quarterly series: span of all quarters in the file; each quarter is a row in the extraction. 
7,"Australian National Accounts: Finance and Wealth, June 2026",2026-09-24,1990-04-01,1990-06-30,1990-06-30,5232001.xlsx,https://www.abs.gov.au/statistics/economy/national-accounts/australian-national-accounts-finance-and-wealth/jun-2026/5232001.xlsx,287603,ec245bb519c41a43d082bd2b5ece779ade0337ad3d2eeb2fc3f210833a5689e6,2026-10-03,ABS website content is under Creative Commons Attribution 4.0 International (excluding logos/Coat of Arms/third-party material); attribution to ABS required,quarterly series: span of all quarters in the file; each quarter is a row in the extraction. 
7,"Australian National Accounts: Finance and Wealth, June 2026",2026-09-24,1990-07-01,1990-09-30,1990-09-30,5232001.xlsx,https://www.abs.gov.au/statistics/economy/national-accounts/australian-national-accounts-finance-and-wealth/jun-2026/5232001.xlsx,287603,ec245bb519c41a43d082bd2b5ece779ade0337ad3d2eeb2fc3f210833a5689e6,2026-10-03,ABS website content is under Creative Commons Attribution 4.0 International (excluding logos/Coat of Arms/third-party material); attribution to ABS required,quarterly series: span of all quarters in the file; each quarter is a row in the extraction. 
7,"Australian National Accounts: Finance and Wealth, June 2026",2026-09-24,1990-10-01,1990-12-31,1990-12-31,5232001.xlsx,https://www.abs.gov.au/statistics/economy/national-accounts/australian-national-accounts-finance-and-wealth/jun-2026/5232001.xlsx,287603,ec245bb519c41a43d082bd2b5ece779ade0337ad3d2eeb2fc3f210833a5689e6,2026-10-03,ABS website content is under Creative Commons Attribution 4.0 International (excluding logos/Coat of Arms/third-party material); attribution to ABS required,quarterly series: span of all quarters in the file; each quarter is a row in the extraction. 
7,"Australian National Accounts: Finance and Wealth, June 2026",2026-09-24,1991-01-01,1991-03-31,1991-03-31,5232001.xlsx,https://www.abs.gov.au/statistics/economy/national-accounts/australian-national-accounts-finance-and-wealth/jun-2026/5232001.xlsx,287603,ec245bb519c41a43d082bd2b5ece779ade0337ad3d2eeb2fc3f210833a5689e6,2026-10-03,ABS website content is under Creative Commons Attribution 4.0 International (excluding logos/Coat of Arms/third-party material); attribution to ABS required,quarterly series: span of all quarters in the file; each quarter is a row in the extraction. 
7,"Australian National Accounts: Finance and Wealth, June 2026",2026-09-24,1991-04-01,1991-06-30,1991-06-30,5232001.xlsx,https://www.abs.gov.au/statistics/economy/national-accounts/australian-national-accounts-finance-and-wealth/jun-2026/5232001.xlsx,287603,ec245bb519c41a43d082bd2b5ece779ade0337ad3d2eeb2fc3f210833a5689e6,2026-10-03,ABS website content is under Creative Commons Attribution 4.0 International (excluding logos/Coat of Arms/third-party material); attribution to ABS required,quarterly series: span of all quarters in the file; each quarter is a row in the extraction. 
7,"Australian National Accounts: Finance and Wealth, June 2026",2026-09-24,1991-07-01,1991-09-30,1991-09-30,5232001.xlsx,https://www.abs.gov.au/statistics/economy/national-accounts/australian-national-accounts-finance-and-wealth/jun-2026/5232001.xlsx,287603,ec245bb519c41a43d082bd2b5ece779ade0337ad3d2eeb2fc3f210833a5689e6,2026-10-03,ABS website content is under Creative Commons Attribution 4.0 International (excluding logos/Coat of Arms/third-party material); attribution to ABS required,quarterly series: span of all quarters in the file; each quarter is a row in the extraction. 
7,"Australian National Accounts: Finance and Wealth, June 2026",2026-09-24,1991-10-01,1991-12-31,1991-12-31,5232001.xlsx,https://www.abs.gov.au/statistics/economy/national-accounts/australian-national-accounts-finance-and-wealth/jun-2026/5232001.xlsx,287603,ec245bb519c41a43d082bd2b5ece779ade0337ad3d2eeb2fc3f210833a5689e6,2026-10-03,ABS website content is under Creative Commons Attribution 4.0 International (excluding logos/Coat of Arms/third-party material); attribution to ABS required,quarterly series: span of all quarters in the file; each quarter is a row in the extraction. 
7,"Australian National Accounts: Finance and Wealth, June 2026",2026-09-24,1992-01-01,1992-03-31,1992-03-31,5232001.xlsx,https://www.abs.gov.au/statistics/economy/national-accounts/australian-national-accounts-finance-and-wealth/jun-2026/5232001.xlsx,287603,ec245bb519c41a43d082bd2b5ece779ade0337ad3d2eeb2fc3f210833a5689e6,2026-10-03,ABS website content is under Creative Commons Attribution 4.0 International (excluding logos/Coat of Arms/third-party material); attribution to ABS required,quarterly series: span of all quarters in the file; each quarter is a row in the extraction. 
7,"Australian National Accounts: Finance and Wealth, June 2026",2026-09-24,1992-04-01,1992-06-30,1992-06-30,5232001.xlsx,https://www.abs.gov.au/statistics/economy/national-accounts/australian-national-accounts-finance-and-wealth/jun-2026/5232001.xlsx,287603,ec245bb519c41a43d082bd2b5ece779ade0337ad3d2eeb2fc3f210833a5689e6,2026-10-03,ABS website content is under Creative Commons Attribution 4.0 International (excluding logos/Coat of Arms/third-party material); attribution to ABS required,quarterly series: span of all quarters in the file; each quarter is a row in the extraction. 
7,"Australian National Accounts: Finance and Wealth, June 2026",2026-09-24,1992-07-01,1992-09-30,1992-09-30,5232001.xlsx,https://www.abs.gov.au/statistics/economy/national-accounts/australian-national-accounts-finance-and-wealth/jun-2026/5232001.xlsx,287603,ec245bb519c41a43d082bd2b5ece779ade0337ad3d2eeb2fc3f210833a5689e6,2026-10-03,ABS website content is under Creative Commons Attribution 4.0 International (excluding logos/Coat of Arms/third-party material); attribution to ABS required,quarterly series: span of all quarters in the file; each quarter is a row in the extraction. 
7,"Australian National Accounts: Finance and Wealth, June 2026",2026-09-24,1992-10-01,1992-12-31,1992-12-31,5232001.xlsx,https://www.abs.gov.au/statistics/economy/national-accounts/australian-national-accounts-finance-and-wealth/jun-2026/5232001.xlsx,287603,ec245bb519c41a43d082bd2b5ece779ade0337ad3d2eeb2fc3f210833a5689e6,2026-10-03,ABS website content is under Creative Commons Attribution 4.0 International (excluding logos/Coat of Arms/third-party material); attribution to ABS required,quarterly series: span of all quarters in the file; each quarter is a row in the extraction. 
7,"Australian National Accounts: Finance and Wealth, June 2026",2026-09-24,1993-01-01,1993-03-31,1993-03-31,5232001.xlsx,https://www.abs.gov.au/statistics/economy/national-accounts/australian-national-accounts-finance-and-wealth/jun-2026/5232001.xlsx,287603,ec245bb519c41a43d082bd2b5ece779ade0337ad3d2eeb2fc3f210833a5689e6,2026-10-03,ABS website content is under Creative Commons Attribution 4.0 International (excluding logos/Coat of Arms/third-party material); attribution to ABS required,quarterly series: span of all quarters in the file; each quarter is a row in the extraction. 
7,"Australian National Accounts: Finance and Wealth, June 2026",2026-09-24,1993-04-01,1993-06-30,1993-06-30,5232001.xlsx,https://www.abs.gov.au/statistics/economy/national-accounts/australian-national-accounts-finance-and-wealth/jun-2026/5232001.xlsx,287603,ec245bb519c41a43d082bd2b5ece779ade0337ad3d2eeb2fc3f210833a5689e6,2026-10-03,ABS website content is under Creative Commons Attribution 4.0 International (excluding logos/Coat of Arms/third-party material); attribution to ABS required,quarterly series: span of all quarters in the file; each quarter is a row in the extraction. 
7,"Australian National Accounts: Finance and Wealth, June 2026",2026-09-24,1993-07-01,1993-09-30,1993-09-30,5232001.xlsx,https://www.abs.gov.au/statistics/economy/national-accounts/australian-national-accounts-finance-and-wealth/jun-2026/5232001.xlsx,287603,ec245bb519c41a43d082bd2b5ece779ade0337ad3d2eeb2fc3f210833a5689e6,2026-10-03,ABS website content is under Creative Commons Attribution 4.0 International (excluding logos/Coat of Arms/third-party material); attribution to ABS required,quarterly series: span of all quarters in the file; each quarter is a row in the extraction. 
7,"Australian National Accounts: Finance and Wealth, June 2026",2026-09-24,1993-10-01,1993-12-31,1993-12-31,5232001.xlsx,https://www.abs.gov.au/statistics/economy/national-accounts/australian-national-accounts-finance-and-wealth/jun-2026/5232001.xlsx,287603,ec245bb519c41a43d082bd2b5ece779ade0337ad3d2eeb2fc3f210833a5689e6,2026-10-03,ABS website content is under Creative Commons Attribution 4.0 International (excluding logos/Coat of Arms/third-party material); attribution to ABS required,quarterly series: span of all quarters in the file; each quarter is a row in the extraction. 
7,"Australian National Accounts: Finance and Wealth, June 2026",2026-09-24,1994-01-01,1994-03-31,1994-03-31,5232001.xlsx,https://www.abs.gov.au/statistics/economy/national-accounts/australian-national-accounts-finance-and-wealth/jun-2026/5232001.xlsx,287603,ec245bb519c41a43d082bd2b5ece779ade0337ad3d2eeb2fc3f210833a5689e6,2026-10-03,ABS website content is under Creative Commons Attribution 4.0 International (excluding logos/Coat of Arms/third-party material); attribution to ABS required,quarterly series: span of all quarters in the file; each quarter is a row in the extraction. 
7,"Australian National Accounts: Finance and Wealth, June 2026",2026-09-24,1994-04-01,1994-06-30,1994-06-30,5232001.xlsx,https://www.abs.gov.au/statistics/economy/national-accounts/australian-national-accounts-finance-and-wealth/jun-2026/5232001.xlsx,287603,ec245bb519c41a43d082bd2b5ece779ade0337ad3d2eeb2fc3f210833a5689e6,2026-10-03,ABS website content is under Creative Commons Attribution 4.0 International (excluding logos/Coat of Arms/third-party material); attribution to ABS required,quarterly series: span of all quarters in the file; each quarter is a row in the extraction. 
7,"Australian National Accounts: Finance and Wealth, June 2026",2026-09-24,1994-07-01,1994-09-30,1994-09-30,5232001.xlsx,https://www.abs.gov.au/statistics/economy/national-accounts/australian-national-accounts-finance-and-wealth/jun-2026/5232001.xlsx,287603,ec245bb519c41a43d082bd2b5ece779ade0337ad3d2eeb2fc3f210833a5689e6,2026-10-03,ABS website content is under Creative Commons Attribution 4.0 International (excluding logos/Coat of Arms/third-party material); attribution to ABS required,quarterly series: span of all quarters in the file; each quarter is a row in the extraction. 
7,"Australian National Accounts: Finance and Wealth, June 2026",2026-09-24,1994-10-01,1994-12-31,1994-12-31,5232001.xlsx,https://www.abs.gov.au/statistics/economy/national-accounts/australian-national-accounts-finance-and-wealth/jun-2026/5232001.xlsx,287603,ec245bb519c41a43d082bd2b5ece779ade0337ad3d2eeb2fc3f210833a5689e6,2026-10-03,ABS website content is under Creative Commons Attribution 4.0 International (excluding logos/Coat of Arms/third-party material); attribution to ABS required,quarterly series: span of all quarters in the file; each quarter is a row in the extraction. 
7,"Australian National Accounts: Finance and Wealth, June 2026",2026-09-24,1995-01-01,1995-03-31,1995-03-31,5232001.xlsx,https://www.abs.gov.au/statistics/economy/national-accounts/australian-national-accounts-finance-and-wealth/jun-2026/5232001.xlsx,287603,ec245bb519c41a43d082bd2b5ece779ade0337ad3d2eeb2fc3f210833a5689e6,2026-10-03,ABS website content is under Creative Commons Attribution 4.0 International (excluding logos/Coat of Arms/third-party material); attribution to ABS required,quarterly series: span of all quarters in the file; each quarter is a row in the extraction. 
7,"Australian National Accounts: Finance and Wealth, June 2026",2026-09-24,1995-04-01,1995-06-30,1995-06-30,5232001.xlsx,https://www.abs.gov.au/statistics/economy/national-accounts/australian-national-accounts-finance-and-wealth/jun-2026/5232001.xlsx,287603,ec245bb519c41a43d082bd2b5ece779ade0337ad3d2eeb2fc3f210833a5689e6,2026-10-03,ABS website content is under Creative Commons Attribution 4.0 International (excluding logos/Coat of Arms/third-party material); attribution to ABS required,quarterly series: span of all quarters in the file; each quarter is a row in the extraction. 
7,"Australian National Accounts: Finance and Wealth, June 2026",2026-09-24,1995-07-01,1995-09-30,1995-09-30,5232001.xlsx,https://www.abs.gov.au/statistics/economy/national-accounts/australian-national-accounts-finance-and-wealth/jun-2026/5232001.xlsx,287603,ec245bb519c41a43d082bd2b5ece779ade0337ad3d2eeb2fc3f210833a5689e6,2026-10-03,ABS website content is under Creative Commons Attribution 4.0 International (excluding logos/Coat of Arms/third-party material); attribution to ABS required,quarterly series: span of all quarters in the file; each quarter is a row in the extraction. 
7,"Australian National Accounts: Finance and Wealth, June 2026",2026-09-24,1995-10-01,1995-12-31,1995-12-31,5232001.xlsx,https://www.abs.gov.au/statistics/economy/national-accounts/australian-national-accounts-finance-and-wealth/jun-2026/5232001.xlsx,287603,ec245bb519c41a43d082bd2b5ece779ade0337ad3d2eeb2fc3f210833a5689e6,2026-10-03,ABS website content is under Creative Commons Attribution 4.0 International (excluding logos/Coat of Arms/third-party material); attribution to ABS required,quarterly series: span of all quarters in the file; each quarter is a row in the extraction. 
7,"Australian National Accounts: Finance and Wealth, June 2026",2026-09-24,1996-01-01,1996-03-31,1996-03-31,5232001.xlsx,https://www.abs.gov.au/statistics/economy/national-accounts/australian-national-accounts-finance-and-wealth/jun-2026/5232001.xlsx,287603,ec245bb519c41a43d082bd2b5ece779ade0337ad3d2eeb2fc3f210833a5689e6,2026-10-03,ABS website content is under Creative Commons Attribution 4.0 International (excluding logos/Coat of Arms/third-party material); attribution to ABS required,quarterly series: span of all quarters in the file; each quarter is a row in the extraction. 
7,"Australian National Accounts: Finance and Wealth, June 2026",2026-09-24,1996-04-01,1996-06-30,1996-06-30,5232001.xlsx,https://www.abs.gov.au/statistics/economy/national-accounts/australian-national-accounts-finance-and-wealth/jun-2026/5232001.xlsx,287603,ec245bb519c41a43d082bd2b5ece779ade0337ad3d2eeb2fc3f210833a5689e6,2026-10-03,ABS website content is under Creative Commons Attribution 4.0 International (excluding logos/Coat of Arms/third-party material); attribution to ABS required,quarterly series: span of all quarters in the file; each quarter is a row in the extraction. 
7,"Australian National Accounts: Finance and Wealth, June 2026",2026-09-24,1996-07-01,1996-09-30,1996-09-30,5232001.xlsx,https://www.abs.gov.au/statistics/economy/national-accounts/australian-national-accounts-finance-and-wealth/jun-2026/5232001.xlsx,287603,ec245bb519c41a43d082bd2b5ece779ade0337ad3d2eeb2fc3f210833a5689e6,2026-10-03,ABS website content is under Creative Commons Attribution 4.0 International (excluding logos/Coat of Arms/third-party material); attribution to ABS required,quarterly series: span of all quarters in the file; each quarter is a row in the extraction. 
7,"Australian National Accounts: Finance and Wealth, June 2026",2026-09-24,1996-10-01,1996-12-31,1996-12-31,5232001.xlsx,https://www.abs.gov.au/statistics/economy/national-accounts/australian-national-accounts-finance-and-wealth/jun-2026/5232001.xlsx,287603,ec245bb519c41a43d082bd2b5ece779ade0337ad3d2eeb2fc3f210833a5689e6,2026-10-03,ABS website content is under Creative Commons Attribution 4.0 International (excluding logos/Coat of Arms/third-party material); attribution to ABS required,quarterly series: span of all quarters in the file; each quarter is a row in the extraction. 
7,"Australian National Accounts: Finance and Wealth, June 2026",2026-09-24,1997-01-01,1997-03-31,1997-03-31,5232001.xlsx,https://www.abs.gov.au/statistics/economy/national-accounts/australian-national-accounts-finance-and-wealth/jun-2026/5232001.xlsx,287603,ec245bb519c41a43d082bd2b5ece779ade0337ad3d2eeb2fc3f210833a5689e6,2026-10-03,ABS website content is under Creative Commons Attribution 4.0 International (excluding logos/Coat of Arms/third-party material); attribution to ABS required,quarterly series: span of all quarters in the file; each quarter is a row in the extraction. 
7,"Australian National Accounts: Finance and Wealth, June 2026",2026-09-24,1997-04-01,1997-06-30,1997-06-30,5232001.xlsx,https://www.abs.gov.au/statistics/economy/national-accounts/australian-national-accounts-finance-and-wealth/jun-2026/5232001.xlsx,287603,ec245bb519c41a43d082bd2b5ece779ade0337ad3d2eeb2fc3f210833a5689e6,2026-10-03,ABS website content is under Creative Commons Attribution 4.0 International (excluding logos/Coat of Arms/third-party material); attribution to ABS required,quarterly series: span of all quarters in the file; each quarter is a row in the extraction. 
7,"Australian National Accounts: Finance and Wealth, June 2026",2026-09-24,1997-07-01,1997-09-30,1997-09-30,5232001.xlsx,https://www.abs.gov.au/statistics/economy/national-accounts/australian-national-accounts-finance-and-wealth/jun-2026/5232001.xlsx,287603,ec245bb519c41a43d082bd2b5ece779ade0337ad3d2eeb2fc3f210833a5689e6,2026-10-03,ABS website content is under Creative Commons Attribution 4.0 International (excluding logos/Coat of Arms/third-party material); attribution to ABS required,quarterly series: span of all quarters in the file; each quarter is a row in the extraction. 
7,"Australian National Accounts: Finance and Wealth, June 2026",2026-09-24,1997-10-01,1997-12-31,1997-12-31,5232001.xlsx,https://www.abs.gov.au/statistics/economy/national-accounts/australian-national-accounts-finance-and-wealth/jun-2026/5232001.xlsx,287603,ec245bb519c41a43d082bd2b5ece779ade0337ad3d2eeb2fc3f210833a5689e6,2026-10-03,ABS website content is under Creative Commons Attribution 4.0 International (excluding logos/Coat of Arms/third-party material); attribution to ABS required,quarterly series: span of all quarters in the file; each quarter is a row in the extraction. 
7,"Australian National Accounts: Finance and Wealth, June 2026",2026-09-24,1998-01-01,1998-03-31,1998-03-31,5232001.xlsx,https://www.abs.gov.au/statistics/economy/national-accounts/australian-national-accounts-finance-and-wealth/jun-2026/5232001.xlsx,287603,ec245bb519c41a43d082bd2b5ece779ade0337ad3d2eeb2fc3f210833a5689e6,2026-10-03,ABS website content is under Creative Commons Attribution 4.0 International (excluding logos/Coat of Arms/third-party material); attribution to ABS required,quarterly series: span of all quarters in the file; each quarter is a row in the extraction. 
7,"Australian National Accounts: Finance and Wealth, June 2026",2026-09-24,1998-04-01,1998-06-30,1998-06-30,5232001.xlsx,https://www.abs.gov.au/statistics/economy/national-accounts/australian-national-accounts-finance-and-wealth/jun-2026/5232001.xlsx,287603,ec245bb519c41a43d082bd2b5ece779ade0337ad3d2eeb2fc3f210833a5689e6,2026-10-03,ABS website content is under Creative Commons Attribution 4.0 International (excluding logos/Coat of Arms/third-party material); attribution to ABS required,quarterly series: span of all quarters in the file; each quarter is a row in the extraction. 
7,"Australian National Accounts: Finance and Wealth, June 2026",2026-09-24,1998-07-01,1998-09-30,1998-09-30,5232001.xlsx,https://www.abs.gov.au/statistics/economy/national-accounts/australian-national-accounts-finance-and-wealth/jun-2026/5232001.xlsx,287603,ec245bb519c41a43d082bd2b5ece779ade0337ad3d2eeb2fc3f210833a5689e6,2026-10-03,ABS website content is under Creative Commons Attribution 4.0 International (excluding logos/Coat of Arms/third-party material); attribution to ABS required,quarterly series: span of all quarters in the file; each quarter is a row in the extraction. 
7,"Australian National Accounts: Finance and Wealth, June 2026",2026-09-24,1998-10-01,1998-12-31,1998-12-31,5232001.xlsx,https://www.abs.gov.au/statistics/economy/national-accounts/australian-national-accounts-finance-and-wealth/jun-2026/5232001.xlsx,287603,ec245bb519c41a43d082bd2b5ece779ade0337ad3d2eeb2fc3f210833a5689e6,2026-10-03,ABS website content is under Creative Commons Attribution 4.0 International (excluding logos/Coat of Arms/third-party material); attribution to ABS required,quarterly series: span of all quarters in the file; each quarter is a row in the extraction. 
7,"Australian National Accounts: Finance and Wealth, June 2026",2026-09-24,1999-01-01,1999-03-31,1999-03-31,5232001.xlsx,https://www.abs.gov.au/statistics/economy/national-accounts/australian-national-accounts-finance-and-wealth/jun-2026/5232001.xlsx,287603,ec245bb519c41a43d082bd2b5ece779ade0337ad3d2eeb2fc3f210833a5689e6,2026-10-03,ABS website content is under Creative Commons Attribution 4.0 International (excluding logos/Coat of Arms/third-party material); attribution to ABS required,quarterly series: span of all quarters in the file; each quarter is a row in the extraction. 
7,"Australian National Accounts: Finance and Wealth, June 2026",2026-09-24,1999-04-01,1999-06-30,1999-06-30,5232001.xlsx,https://www.abs.gov.au/statistics/economy/national-accounts/australian-national-accounts-finance-and-wealth/jun-2026/5232001.xlsx,287603,ec245bb519c41a43d082bd2b5ece779ade0337ad3d2eeb2fc3f210833a5689e6,2026-10-03,ABS website content is under Creative Commons Attribution 4.0 International (excluding logos/Coat of Arms/third-party material); attribution to ABS required,quarterly series: span of all quarters in the file; each quarter is a row in the extraction. 
7,"Australian National Accounts: Finance and Wealth, June 2026",2026-09-24,1999-07-01,1999-09-30,1999-09-30,5232001.xlsx,https://www.abs.gov.au/statistics/economy/national-accounts/australian-national-accounts-finance-and-wealth/jun-2026/5232001.xlsx,287603,ec245bb519c41a43d082bd2b5ece779ade0337ad3d2eeb2fc3f210833a5689e6,2026-10-03,ABS website content is under Creative Commons Attribution 4.0 International (excluding logos/Coat of Arms/third-party material); attribution to ABS required,quarterly series: span of all quarters in the file; each quarter is a row in the extraction. 
7,"Australian National Accounts: Finance and Wealth, June 2026",2026-09-24,1999-10-01,1999-12-31,1999-12-31,5232001.xlsx,https://www.abs.gov.au/statistics/economy/national-accounts/australian-national-accounts-finance-and-wealth/jun-2026/5232001.xlsx,287603,ec245bb519c41a43d082bd2b5ece779ade0337ad3d2eeb2fc3f210833a5689e6,2026-10-03,ABS website content is under Creative Commons Attribution 4.0 International (excluding logos/Coat of Arms/third-party material); attribution to ABS required,quarterly series: span of all quarters in the file; each quarter is a row in the extraction. 
7,"Australian National Accounts: Finance and Wealth, June 2026",2026-09-24,2000-01-01,2000-03-31,2000-03-31,5232001.xlsx,https://www.abs.gov.au/statistics/economy/national-accounts/australian-national-accounts-finance-and-wealth/jun-2026/5232001.xlsx,287603,ec245bb519c41a43d082bd2b5ece779ade0337ad3d2eeb2fc3f210833a5689e6,2026-10-03,ABS website content is under Creative Commons Attribution 4.0 International (excluding logos/Coat of Arms/third-party material); attribution to ABS required,quarterly series: span of all quarters in the file; each quarter is a row in the extraction. 
7,"Australian National Accounts: Finance and Wealth, June 2026",2026-09-24,2000-04-01,2000-06-30,2000-06-30,5232001.xlsx,https://www.abs.gov.au/statistics/economy/national-accounts/australian-national-accounts-finance-and-wealth/jun-2026/5232001.xlsx,287603,ec245bb519c41a43d082bd2b5ece779ade0337ad3d2eeb2fc3f210833a5689e6,2026-10-03,ABS website content is under Creative Commons Attribution 4.0 International (excluding logos/Coat of Arms/third-party material); attribution to ABS required,quarterly series: span of all quarters in the file; each quarter is a row in the extraction. 
7,"Australian National Accounts: Finance and Wealth, June 2026",2026-09-24,2000-07-01,2000-09-30,2000-09-30,5232001.xlsx,https://www.abs.gov.au/statistics/economy/national-accounts/australian-national-accounts-finance-and-wealth/jun-2026/5232001.xlsx,287603,ec245bb519c41a43d082bd2b5ece779ade0337ad3d2eeb2fc3f210833a5689e6,2026-10-03,ABS website content is under Creative Commons Attribution 4.0 International (excluding logos/Coat of Arms/third-party material); attribution to ABS required,quarterly series: span of all quarters in the file; each quarter is a row in the extraction. 
7,"Australian National Accounts: Finance and Wealth, June 2026",2026-09-24,2000-10-01,2000-12-31,2000-12-31,5232001.xlsx,https://www.abs.gov.au/statistics/economy/national-accounts/australian-national-accounts-finance-and-wealth/jun-2026/5232001.xlsx,287603,ec245bb519c41a43d082bd2b5ece779ade0337ad3d2eeb2fc3f210833a5689e6,2026-10-03,ABS website content is under Creative Commons Attribution 4.0 International (excluding logos/Coat of Arms/third-party material); attribution to ABS required,quarterly series: span of all quarters in the file; each quarter is a row in the extraction. 
7,"Australian National Accounts: Finance and Wealth, June 2026",2026-09-24,2001-01-01,2001-03-31,2001-03-31,5232001.xlsx,https://www.abs.gov.au/statistics/economy/national-accounts/australian-national-accounts-finance-and-wealth/jun-2026/5232001.xlsx,287603,ec245bb519c41a43d082bd2b5ece779ade0337ad3d2eeb2fc3f210833a5689e6,2026-10-03,ABS website content is under Creative Commons Attribution 4.0 International (excluding logos/Coat of Arms/third-party material); attribution to ABS required,quarterly series: span of all quarters in the file; each quarter is a row in the extraction. 
7,"Australian National Accounts: Finance and Wealth, June 2026",2026-09-24,2001-04-01,2001-06-30,2001-06-30,5232001.xlsx,https://www.abs.gov.au/statistics/economy/national-accounts/australian-national-accounts-finance-and-wealth/jun-2026/5232001.xlsx,287603,ec245bb519c41a43d082bd2b5ece779ade0337ad3d2eeb2fc3f210833a5689e6,2026-10-03,ABS website content is under Creative Commons Attribution 4.0 International (excluding logos/Coat of Arms/third-party material); attribution to ABS required,quarterly series: span of all quarters in the file; each quarter is a row in the extraction. 
7,"Australian National Accounts: Finance and Wealth, June 2026",2026-09-24,2001-07-01,2001-09-30,2001-09-30,5232001.xlsx,https://www.abs.gov.au/statistics/economy/national-accounts/australian-national-accounts-finance-and-wealth/jun-2026/5232001.xlsx,287603,ec245bb519c41a43d082bd2b5ece779ade0337ad3d2eeb2fc3f210833a5689e6,2026-10-03,ABS website content is under Creative Commons Attribution 4.0 International (excluding logos/Coat of Arms/third-party material); attribution to ABS required,quarterly series: span of all quarters in the file; each quarter is a row in the extraction. 
7,"Australian National Accounts: Finance and Wealth, June 2026",2026-09-24,2001-10-01,2001-12-31,2001-12-31,5232001.xlsx,https://www.abs.gov.au/statistics/economy/national-accounts/australian-national-accounts-finance-and-wealth/jun-2026/5232001.xlsx,287603,ec245bb519c41a43d082bd2b5ece779ade0337ad3d2eeb2fc3f210833a5689e6,2026-10-03,ABS website content is under Creative Commons Attribution 4.0 International (excluding logos/Coat of Arms/third-party material); attribution to ABS required,quarterly series: span of all quarters in the file; each quarter is a row in the extraction. 
7,"Australian National Accounts: Finance and Wealth, June 2026",2026-09-24,2002-01-01,2002-03-31,2002-03-31,5232001.xlsx,https://www.abs.gov.au/statistics/economy/national-accounts/australian-national-accounts-finance-and-wealth/jun-2026/5232001.xlsx,287603,ec245bb519c41a43d082bd2b5ece779ade0337ad3d2eeb2fc3f210833a5689e6,2026-10-03,ABS website content is under Creative Commons Attribution 4.0 International (excluding logos/Coat of Arms/third-party material); attribution to ABS required,quarterly series: span of all quarters in the file; each quarter is a row in the extraction. 
7,"Australian National Accounts: Finance and Wealth, June 2026",2026-09-24,2002-04-01,2002-06-30,2002-06-30,5232001.xlsx,https://www.abs.gov.au/statistics/economy/national-accounts/australian-national-accounts-finance-and-wealth/jun-2026/5232001.xlsx,287603,ec245bb519c41a43d082bd2b5ece779ade0337ad3d2eeb2fc3f210833a5689e6,2026-10-03,ABS website content is under Creative Commons Attribution 4.0 International (excluding logos/Coat of Arms/third-party material); attribution to ABS required,quarterly series: span of all quarters in the file; each quarter is a row in the extraction. 
7,"Australian National Accounts: Finance and Wealth, June 2026",2026-09-24,2002-07-01,2002-09-30,2002-09-30,5232001.xlsx,https://www.abs.gov.au/statistics/economy/national-accounts/australian-national-accounts-finance-and-wealth/jun-2026/5232001.xlsx,287603,ec245bb519c41a43d082bd2b5ece779ade0337ad3d2eeb2fc3f210833a5689e6,2026-10-03,ABS website content is under Creative Commons Attribution 4.0 International (excluding logos/Coat of Arms/third-party material); attribution to ABS required,quarterly series: span of all quarters in the file; each quarter is a row in the extraction. 
7,"Australian National Accounts: Finance and Wealth, June 2026",2026-09-24,2002-10-01,2002-12-31,2002-12-31,5232001.xlsx,https://www.abs.gov.au/statistics/economy/national-accounts/australian-national-accounts-finance-and-wealth/jun-2026/5232001.xlsx,287603,ec245bb519c41a43d082bd2b5ece779ade0337ad3d2eeb2fc3f210833a5689e6,2026-10-03,ABS website content is under Creative Commons Attribution 4.0 International (excluding logos/Coat of Arms/third-party material); attribution to ABS required,quarterly series: span of all quarters in the file; each quarter is a row in the extraction. 
7,"Australian National Accounts: Finance and Wealth, June 2026",2026-09-24,2003-01-01,2003-03-31,2003-03-31,5232001.xlsx,https://www.abs.gov.au/statistics/economy/national-accounts/australian-national-accounts-finance-and-wealth/jun-2026/5232001.xlsx,287603,ec245bb519c41a43d082bd2b5ece779ade0337ad3d2eeb2fc3f210833a5689e6,2026-10-03,ABS website content is under Creative Commons Attribution 4.0 International (excluding logos/Coat of Arms/third-party material); attribution to ABS required,quarterly series: span of all quarters in the file; each quarter is a row in the extraction. 
7,"Australian National Accounts: Finance and Wealth, June 2026",2026-09-24,2003-04-01,2003-06-30,2003-06-30,5232001.xlsx,https://www.abs.gov.au/statistics/economy/national-accounts/australian-national-accounts-finance-and-wealth/jun-2026/5232001.xlsx,287603,ec245bb519c41a43d082bd2b5ece779ade0337ad3d2eeb2fc3f210833a5689e6,2026-10-03,ABS website content is under Creative Commons Attribution 4.0 International (excluding logos/Coat of Arms/third-party material); attribution to ABS required,quarterly series: span of all quarters in the file; each quarter is a row in the extraction. 
7,"Australian National Accounts: Finance and Wealth, June 2026",2026-09-24,2003-07-01,2003-09-30,2003-09-30,5232001.xlsx,https://www.abs.gov.au/statistics/economy/national-accounts/australian-national-accounts-finance-and-wealth/jun-2026/5232001.xlsx,287603,ec245bb519c41a43d082bd2b5ece779ade0337ad3d2eeb2fc3f210833a5689e6,2026-10-03,ABS website content is under Creative Commons Attribution 4.0 International (excluding logos/Coat of Arms/third-party material); attribution to ABS required,quarterly series: span of all quarters in the file; each quarter is a row in the extraction. 
7,"Australian National Accounts: Finance and Wealth, June 2026",2026-09-24,2003-10-01,2003-12-31,2003-12-31,5232001.xlsx,https://www.abs.gov.au/statistics/economy/national-accounts/australian-national-accounts-finance-and-wealth/jun-2026/5232001.xlsx,287603,ec245bb519c41a43d082bd2b5ece779ade0337ad3d2eeb2fc3f210833a5689e6,2026-10-03,ABS website content is under Creative Commons Attribution 4.0 International (excluding logos/Coat of Arms/third-party material); attribution to ABS required,quarterly series: span of all quarters in the file; each quarter is a row in the extraction. 
7,"Australian National Accounts: Finance and Wealth, June 2026",2026-09-24,2004-01-01,2004-03-31,2004-03-31,5232001.xlsx,https://www.abs.gov.au/statistics/economy/national-accounts/australian-national-accounts-finance-and-wealth/jun-2026/5232001.xlsx,287603,ec245bb519c41a43d082bd2b5ece779ade0337ad3d2eeb2fc3f210833a5689e6,2026-10-03,ABS website content is under Creative Commons Attribution 4.0 International (excluding logos/Coat of Arms/third-party material); attribution to ABS required,quarterly series: span of all quarters in the file; each quarter is a row in the extraction. 
7,"Australian National Accounts: Finance and Wealth, June 2026",2026-09-24,2004-04-01,2004-06-30,2004-06-30,5232001.xlsx,https://www.abs.gov.au/statistics/economy/national-accounts/australian-national-accounts-finance-and-wealth/jun-2026/5232001.xlsx,287603,ec245bb519c41a43d082bd2b5ece779ade0337ad3d2eeb2fc3f210833a5689e6,2026-10-03,ABS website content is under Creative Commons Attribution 4.0 International (excluding logos/Coat of Arms/third-party material); attribution to ABS required,quarterly series: span of all quarters in the file; each quarter is a row in the extraction. 
7,"Australian National Accounts: Finance and Wealth, June 2026",2026-09-24,2004-07-01,2004-09-30,2004-09-30,5232001.xlsx,https://www.abs.gov.au/statistics/economy/national-accounts/australian-national-accounts-finance-and-wealth/jun-2026/5232001.xlsx,287603,ec245bb519c41a43d082bd2b5ece779ade0337ad3d2eeb2fc3f210833a5689e6,2026-10-03,ABS website content is under Creative Commons Attribution 4.0 International (excluding logos/Coat of Arms/third-party material); attribution to ABS required,quarterly series: span of all quarters in the file; each quarter is a row in the extraction. 
7,"Australian National Accounts: Finance and Wealth, June 2026",2026-09-24,2004-10-01,2004-12-31,2004-12-31,5232001.xlsx,https://www.abs.gov.au/statistics/economy/national-accounts/australian-national-accounts-finance-and-wealth/jun-2026/5232001.xlsx,287603,ec245bb519c41a43d082bd2b5ece779ade0337ad3d2eeb2fc3f210833a5689e6,2026-10-03,ABS website content is under Creative Commons Attribution 4.0 International (excluding logos/Coat of Arms/third-party material); attribution to ABS required,quarterly series: span of all quarters in the file; each quarter is a row in the extraction. 
7,"Australian National Accounts: Finance and Wealth, June 2026",2026-09-24,2005-01-01,2005-03-31,2005-03-31,5232001.xlsx,https://www.abs.gov.au/statistics/economy/national-accounts/australian-national-accounts-finance-and-wealth/jun-2026/5232001.xlsx,287603,ec245bb519c41a43d082bd2b5ece779ade0337ad3d2eeb2fc3f210833a5689e6,2026-10-03,ABS website content is under Creative Commons Attribution 4.0 International (excluding logos/Coat of Arms/third-party material); attribution to ABS required,quarterly series: span of all quarters in the file; each quarter is a row in the extraction. 
7,"Australian National Accounts: Finance and Wealth, June 2026",2026-09-24,2005-04-01,2005-06-30,2005-06-30,5232001.xlsx,https://www.abs.gov.au/statistics/economy/national-accounts/australian-national-accounts-finance-and-wealth/jun-2026/5232001.xlsx,287603,ec245bb519c41a43d082bd2b5ece779ade0337ad3d2eeb2fc3f210833a5689e6,2026-10-03,ABS website content is under Creative Commons Attribution 4.0 International (excluding logos/Coat of Arms/third-party material); attribution to ABS required,quarterly series: span of all quarters in the file; each quarter is a row in the extraction. 
7,"Australian National Accounts: Finance and Wealth, June 2026",2026-09-24,2005-07-01,2005-09-30,2005-09-30,5232001.xlsx,https://www.abs.gov.au/statistics/economy/national-accounts/australian-national-accounts-finance-and-wealth/jun-2026/5232001.xlsx,287603,ec245bb519c41a43d082bd2b5ece779ade0337ad3d2eeb2fc3f210833a5689e6,2026-10-03,ABS website content is under Creative Commons Attribution 4.0 International (excluding logos/Coat of Arms/third-party material); attribution to ABS required,quarterly series: span of all quarters in the file; each quarter is a row in the extraction. 
7,"Australian National Accounts: Finance and Wealth, June 2026",2026-09-24,2005-10-01,2005-12-31,2005-12-31,5232001.xlsx,https://www.abs.gov.au/statistics/economy/national-accounts/australian-national-accounts-finance-and-wealth/jun-2026/5232001.xlsx,287603,ec245bb519c41a43d082bd2b5ece779ade0337ad3d2eeb2fc3f210833a5689e6,2026-10-03,ABS website content is under Creative Commons Attribution 4.0 International (excluding logos/Coat of Arms/third-party material); attribution to ABS required,quarterly series: span of all quarters in the file; each quarter is a row in the extraction. 
7,"Australian National Accounts: Finance and Wealth, June 2026",2026-09-24,2006-01-01,2006-03-31,2006-03-31,5232001.xlsx,https://www.abs.gov.au/statistics/economy/national-accounts/australian-national-accounts-finance-and-wealth/jun-2026/5232001.xlsx,287603,ec245bb519c41a43d082bd2b5ece779ade0337ad3d2eeb2fc3f210833a5689e6,2026-10-03,ABS website content is under Creative Commons Attribution 4.0 International (excluding logos/Coat of Arms/third-party material); attribution to ABS required,quarterly series: span of all quarters in the file; each quarter is a row in the extraction. 
7,"Australian National Accounts: Finance and Wealth, June 2026",2026-09-24,2006-04-01,2006-06-30,2006-06-30,5232001.xlsx,https://www.abs.gov.au/statistics/economy/national-accounts/australian-national-accounts-finance-and-wealth/jun-2026/5232001.xlsx,287603,ec245bb519c41a43d082bd2b5ece779ade0337ad3d2eeb2fc3f210833a5689e6,2026-10-03,ABS website content is under Creative Commons Attribution 4.0 International (excluding logos/Coat of Arms/third-party material); attribution to ABS required,quarterly series: span of all quarters in the file; each quarter is a row in the extraction. 
7,"Australian National Accounts: Finance and Wealth, June 2026",2026-09-24,2006-07-01,2006-09-30,2006-09-30,5232001.xlsx,https://www.abs.gov.au/statistics/economy/national-accounts/australian-national-accounts-finance-and-wealth/jun-2026/5232001.xlsx,287603,ec245bb519c41a43d082bd2b5ece779ade0337ad3d2eeb2fc3f210833a5689e6,2026-10-03,ABS website content is under Creative Commons Attribution 4.0 International (excluding logos/Coat of Arms/third-party material); attribution to ABS required,quarterly series: span of all quarters in the file; each quarter is a row in the extraction. 
7,"Australian National Accounts: Finance and Wealth, June 2026",2026-09-24,2006-10-01,2006-12-31,2006-12-31,5232001.xlsx,https://www.abs.gov.au/statistics/economy/national-accounts/australian-national-accounts-finance-and-wealth/jun-2026/5232001.xlsx,287603,ec245bb519c41a43d082bd2b5ece779ade0337ad3d2eeb2fc3f210833a5689e6,2026-10-03,ABS website content is under Creative Commons Attribution 4.0 International (excluding logos/Coat of Arms/third-party material); attribution to ABS required,quarterly series: span of all quarters in the file; each quarter is a row in the extraction. 
7,"Australian National Accounts: Finance and Wealth, June 2026",2026-09-24,2007-01-01,2007-03-31,2007-03-31,5232001.xlsx,https://www.abs.gov.au/statistics/economy/national-accounts/australian-national-accounts-finance-and-wealth/jun-2026/5232001.xlsx,287603,ec245bb519c41a43d082bd2b5ece779ade0337ad3d2eeb2fc3f210833a5689e6,2026-10-03,ABS website content is under Creative Commons Attribution 4.0 International (excluding logos/Coat of Arms/third-party material); attribution to ABS required,quarterly series: span of all quarters in the file; each quarter is a row in the extraction. 
7,"Australian National Accounts: Finance and Wealth, June 2026",2026-09-24,2007-04-01,2007-06-30,2007-06-30,5232001.xlsx,https://www.abs.gov.au/statistics/economy/national-accounts/australian-national-accounts-finance-and-wealth/jun-2026/5232001.xlsx,287603,ec245bb519c41a43d082bd2b5ece779ade0337ad3d2eeb2fc3f210833a5689e6,2026-10-03,ABS website content is under Creative Commons Attribution 4.0 International (excluding logos/Coat of Arms/third-party material); attribution to ABS required,quarterly series: span of all quarters in the file; each quarter is a row in the extraction. 
7,"Australian National Accounts: Finance and Wealth, June 2026",2026-09-24,2007-07-01,2007-09-30,2007-09-30,5232001.xlsx,https://www.abs.gov.au/statistics/economy/national-accounts/australian-national-accounts-finance-and-wealth/jun-2026/5232001.xlsx,287603,ec245bb519c41a43d082bd2b5ece779ade0337ad3d2eeb2fc3f210833a5689e6,2026-10-03,ABS website content is under Creative Commons Attribution 4.0 International (excluding logos/Coat of Arms/third-party material); attribution to ABS required,quarterly series: span of all quarters in the file; each quarter is a row in the extraction. 
7,"Australian National Accounts: Finance and Wealth, June 2026",2026-09-24,2007-10-01,2007-12-31,2007-12-31,5232001.xlsx,https://www.abs.gov.au/statistics/economy/national-accounts/australian-national-accounts-finance-and-wealth/jun-2026/5232001.xlsx,287603,ec245bb519c41a43d082bd2b5ece779ade0337ad3d2eeb2fc3f210833a5689e6,2026-10-03,ABS website content is under Creative Commons Attribution 4.0 International (excluding logos/Coat of Arms/third-party material); attribution to ABS required,quarterly series: span of all quarters in the file; each quarter is a row in the extraction. 
7,"Australian National Accounts: Finance and Wealth, June 2026",2026-09-24,2008-01-01,2008-03-31,2008-03-31,5232001.xlsx,https://www.abs.gov.au/statistics/economy/national-accounts/australian-national-accounts-finance-and-wealth/jun-2026/5232001.xlsx,287603,ec245bb519c41a43d082bd2b5ece779ade0337ad3d2eeb2fc3f210833a5689e6,2026-10-03,ABS website content is under Creative Commons Attribution 4.0 International (excluding logos/Coat of Arms/third-party material); attribution to ABS required,quarterly series: span of all quarters in the file; each quarter is a row in the extraction. 
7,"Australian National Accounts: Finance and Wealth, June 2026",2026-09-24,2008-04-01,2008-06-30,2008-06-30,5232001.xlsx,https://www.abs.gov.au/statistics/economy/national-accounts/australian-national-accounts-finance-and-wealth/jun-2026/5232001.xlsx,287603,ec245bb519c41a43d082bd2b5ece779ade0337ad3d2eeb2fc3f210833a5689e6,2026-10-03,ABS website content is under Creative Commons Attribution 4.0 International (excluding logos/Coat of Arms/third-party material); attribution to ABS required,quarterly series: span of all quarters in the file; each quarter is a row in the extraction. 
7,"Australian National Accounts: Finance and Wealth, June 2026",2026-09-24,2008-07-01,2008-09-30,2008-09-30,5232001.xlsx,https://www.abs.gov.au/statistics/economy/national-accounts/australian-national-accounts-finance-and-wealth/jun-2026/5232001.xlsx,287603,ec245bb519c41a43d082bd2b5ece779ade0337ad3d2eeb2fc3f210833a5689e6,2026-10-03,ABS website content is under Creative Commons Attribution 4.0 International (excluding logos/Coat of Arms/third-party material); attribution to ABS required,quarterly series: span of all quarters in the file; each quarter is a row in the extraction. 
7,"Australian National Accounts: Finance and Wealth, June 2026",2026-09-24,2008-10-01,2008-12-31,2008-12-31,5232001.xlsx,https://www.abs.gov.au/statistics/economy/national-accounts/australian-national-accounts-finance-and-wealth/jun-2026/5232001.xlsx,287603,ec245bb519c41a43d082bd2b5ece779ade0337ad3d2eeb2fc3f210833a5689e6,2026-10-03,ABS website content is under Creative Commons Attribution 4.0 International (excluding logos/Coat of Arms/third-party material); attribution to ABS required,quarterly series: span of all quarters in the file; each quarter is a row in the extraction. 
7,"Australian National Accounts: Finance and Wealth, June 2026",2026-09-24,2009-01-01,2009-03-31,2009-03-31,5232001.xlsx,https://www.abs.gov.au/statistics/economy/national-accounts/australian-national-accounts-finance-and-wealth/jun-2026/5232001.xlsx,287603,ec245bb519c41a43d082bd2b5ece779ade0337ad3d2eeb2fc3f210833a5689e6,2026-10-03,ABS website content is under Creative Commons Attribution 4.0 International (excluding logos/Coat of Arms/third-party material); attribution to ABS required,quarterly series: span of all quarters in the file; each quarter is a row in the extraction. 
7,"Australian National Accounts: Finance and Wealth, June 2026",2026-09-24,2009-04-01,2009-06-30,2009-06-30,5232001.xlsx,https://www.abs.gov.au/statistics/economy/national-accounts/australian-national-accounts-finance-and-wealth/jun-2026/5232001.xlsx,287603,ec245bb519c41a43d082bd2b5ece779ade0337ad3d2eeb2fc3f210833a5689e6,2026-10-03,ABS website content is under Creative Commons Attribution 4.0 International (excluding logos/Coat of Arms/third-party material); attribution to ABS required,quarterly series: span of all quarters in the file; each quarter is a row in the extraction. 
7,"Australian National Accounts: Finance and Wealth, June 2026",2026-09-24,2009-07-01,2009-09-30,2009-09-30,5232001.xlsx,https://www.abs.gov.au/statistics/economy/national-accounts/australian-national-accounts-finance-and-wealth/jun-2026/5232001.xlsx,287603,ec245bb519c41a43d082bd2b5ece779ade0337ad3d2eeb2fc3f210833a5689e6,2026-10-03,ABS website content is under Creative Commons Attribution 4.0 International (excluding logos/Coat of Arms/third-party material); attribution to ABS required,quarterly series: span of all quarters in the file; each quarter is a row in the extraction. 
7,"Australian National Accounts: Finance and Wealth, June 2026",2026-09-24,2009-10-01,2009-12-31,2009-12-31,5232001.xlsx,https://www.abs.gov.au/statistics/economy/national-accounts/australian-national-accounts-finance-and-wealth/jun-2026/5232001.xlsx,287603,ec245bb519c41a43d082bd2b5ece779ade0337ad3d2eeb2fc3f210833a5689e6,2026-10-03,ABS website content is under Creative Commons Attribution 4.0 International (excluding logos/Coat of Arms/third-party material); attribution to ABS required,quarterly series: span of all quarters in the file; each quarter is a row in the extraction. 
7,"Australian National Accounts: Finance and Wealth, June 2026",2026-09-24,2010-01-01,2010-03-31,2010-03-31,5232001.xlsx,https://www.abs.gov.au/statistics/economy/national-accounts/australian-national-accounts-finance-and-wealth/jun-2026/5232001.xlsx,287603,ec245bb519c41a43d082bd2b5ece779ade0337ad3d2eeb2fc3f210833a5689e6,2026-10-03,ABS website content is under Creative Commons Attribution 4.0 International (excluding logos/Coat of Arms/third-party material); attribution to ABS required,quarterly series: span of all quarters in the file; each quarter is a row in the extraction. 
7,"Australian National Accounts: Finance and Wealth, June 2026",2026-09-24,2010-04-01,2010-06-30,2010-06-30,5232001.xlsx,https://www.abs.gov.au/statistics/economy/national-accounts/australian-national-accounts-finance-and-wealth/jun-2026/5232001.xlsx,287603,ec245bb519c41a43d082bd2b5ece779ade0337ad3d2eeb2fc3f210833a5689e6,2026-10-03,ABS website content is under Creative Commons Attribution 4.0 International (excluding logos/Coat of Arms/third-party material); attribution to ABS required,quarterly series: span of all quarters in the file; each quarter is a row in the extraction. 
7,"Australian National Accounts: Finance and Wealth, June 2026",2026-09-24,2010-07-01,2010-09-30,2010-09-30,5232001.xlsx,https://www.abs.gov.au/statistics/economy/national-accounts/australian-national-accounts-finance-and-wealth/jun-2026/5232001.xlsx,287603,ec245bb519c41a43d082bd2b5ece779ade0337ad3d2eeb2fc3f210833a5689e6,2026-10-03,ABS website content is under Creative Commons Attribution 4.0 International (excluding logos/Coat of Arms/third-party material); attribution to ABS required,quarterly series: span of all quarters in the file; each quarter is a row in the extraction. 
7,"Australian National Accounts: Finance and Wealth, June 2026",2026-09-24,2010-10-01,2010-12-31,2010-12-31,5232001.xlsx,https://www.abs.gov.au/statistics/economy/national-accounts/australian-national-accounts-finance-and-wealth/jun-2026/5232001.xlsx,287603,ec245bb519c41a43d082bd2b5ece779ade0337ad3d2eeb2fc3f210833a5689e6,2026-10-03,ABS website content is under Creative Commons Attribution 4.0 International (excluding logos/Coat of Arms/third-party material); attribution to ABS required,quarterly series: span of all quarters in the file; each quarter is a row in the extraction. 
7,"Australian National Accounts: Finance and Wealth, June 2026",2026-09-24,2011-01-01,2011-03-31,2011-03-31,5232001.xlsx,https://www.abs.gov.au/statistics/economy/national-accounts/australian-national-accounts-finance-and-wealth/jun-2026/5232001.xlsx,287603,ec245bb519c41a43d082bd2b5ece779ade0337ad3d2eeb2fc3f210833a5689e6,2026-10-03,ABS website content is under Creative Commons Attribution 4.0 International (excluding logos/Coat of Arms/third-party material); attribution to ABS required,quarterly series: span of all quarters in the file; each quarter is a row in the extraction. 
7,"Australian National Accounts: Finance and Wealth, June 2026",2026-09-24,2011-04-01,2011-06-30,2011-06-30,5232001.xlsx,https://www.abs.gov.au/statistics/economy/national-accounts/australian-national-accounts-finance-and-wealth/jun-2026/5232001.xlsx,287603,ec245bb519c41a43d082bd2b5ece779ade0337ad3d2eeb2fc3f210833a5689e6,2026-10-03,ABS website content is under Creative Commons Attribution 4.0 International (excluding logos/Coat of Arms/third-party material); attribution to ABS required,quarterly series: span of all quarters in the file; each quarter is a row in the extraction. 
7,"Australian National Accounts: Finance and Wealth, June 2026",2026-09-24,2011-07-01,2011-09-30,2011-09-30,5232001.xlsx,https://www.abs.gov.au/statistics/economy/national-accounts/australian-national-accounts-finance-and-wealth/jun-2026/5232001.xlsx,287603,ec245bb519c41a43d082bd2b5ece779ade0337ad3d2eeb2fc3f210833a5689e6,2026-10-03,ABS website content is under Creative Commons Attribution 4.0 International (excluding logos/Coat of Arms/third-party material); attribution to ABS required,quarterly series: span of all quarters in the file; each quarter is a row in the extraction. 
7,"Australian National Accounts: Finance and Wealth, June 2026",2026-09-24,2011-10-01,2011-12-31,2011-12-31,5232001.xlsx,https://www.abs.gov.au/statistics/economy/national-accounts/australian-national-accounts-finance-and-wealth/jun-2026/5232001.xlsx,287603,ec245bb519c41a43d082bd2b5ece779ade0337ad3d2eeb2fc3f210833a5689e6,2026-10-03,ABS website content is under Creative Commons Attribution 4.0 International (excluding logos/Coat of Arms/third-party material); attribution to ABS required,quarterly series: span of all quarters in the file; each quarter is a row in the extraction. 
7,"Australian National Accounts: Finance and Wealth, June 2026",2026-09-24,2012-01-01,2012-03-31,2012-03-31,5232001.xlsx,https://www.abs.gov.au/statistics/economy/national-accounts/australian-national-accounts-finance-and-wealth/jun-2026/5232001.xlsx,287603,ec245bb519c41a43d082bd2b5ece779ade0337ad3d2eeb2fc3f210833a5689e6,2026-10-03,ABS website content is under Creative Commons Attribution 4.0 International (excluding logos/Coat of Arms/third-party material); attribution to ABS required,quarterly series: span of all quarters in the file; each quarter is a row in the extraction. 
7,"Australian National Accounts: Finance and Wealth, June 2026",2026-09-24,2012-04-01,2012-06-30,2012-06-30,5232001.xlsx,https://www.abs.gov.au/statistics/economy/national-accounts/australian-national-accounts-finance-and-wealth/jun-2026/5232001.xlsx,287603,ec245bb519c41a43d082bd2b5ece779ade0337ad3d2eeb2fc3f210833a5689e6,2026-10-03,ABS website content is under Creative Commons Attribution 4.0 International (excluding logos/Coat of Arms/third-party material); attribution to ABS required,quarterly series: span of all quarters in the file; each quarter is a row in the extraction. 
7,"Australian National Accounts: Finance and Wealth, June 2026",2026-09-24,2012-07-01,2012-09-30,2012-09-30,5232001.xlsx,https://www.abs.gov.au/statistics/economy/national-accounts/australian-national-accounts-finance-and-wealth/jun-2026/5232001.xlsx,287603,ec245bb519c41a43d082bd2b5ece779ade0337ad3d2eeb2fc3f210833a5689e6,2026-10-03,ABS website content is under Creative Commons Attribution 4.0 International (excluding logos/Coat of Arms/third-party material); attribution to ABS required,quarterly series: span of all quarters in the file; each quarter is a row in the extraction. 
7,"Australian National Accounts: Finance and Wealth, June 2026",2026-09-24,2012-10-01,2012-12-31,2012-12-31,5232001.xlsx,https://www.abs.gov.au/statistics/economy/national-accounts/australian-national-accounts-finance-and-wealth/jun-2026/5232001.xlsx,287603,ec245bb519c41a43d082bd2b5ece779ade0337ad3d2eeb2fc3f210833a5689e6,2026-10-03,ABS website content is under Creative Commons Attribution 4.0 International (excluding logos/Coat of Arms/third-party material); attribution to ABS required,quarterly series: span of all quarters in the file; each quarter is a row in the extraction. 
7,"Australian National Accounts: Finance and Wealth, June 2026",2026-09-24,2013-01-01,2013-03-31,2013-03-31,5232001.xlsx,https://www.abs.gov.au/statistics/economy/national-accounts/australian-national-accounts-finance-and-wealth/jun-2026/5232001.xlsx,287603,ec245bb519c41a43d082bd2b5ece779ade0337ad3d2eeb2fc3f210833a5689e6,2026-10-03,ABS website content is under Creative Commons Attribution 4.0 International (excluding logos/Coat of Arms/third-party material); attribution to ABS required,quarterly series: span of all quarters in the file; each quarter is a row in the extraction. 
7,"Australian National Accounts: Finance and Wealth, June 2026",2026-09-24,2013-04-01,2013-06-30,2013-06-30,5232001.xlsx,https://www.abs.gov.au/statistics/economy/national-accounts/australian-national-accounts-finance-and-wealth/jun-2026/5232001.xlsx,287603,ec245bb519c41a43d082bd2b5ece779ade0337ad3d2eeb2fc3f210833a5689e6,2026-10-03,ABS website content is under Creative Commons Attribution 4.0 International (excluding logos/Coat of Arms/third-party material); attribution to ABS required,quarterly series: span of all quarters in the file; each quarter is a row in the extraction. 
7,"Australian National Accounts: Finance and Wealth, June 2026",2026-09-24,2013-07-01,2013-09-30,2013-09-30,5232001.xlsx,https://www.abs.gov.au/statistics/economy/national-accounts/australian-national-accounts-finance-and-wealth/jun-2026/5232001.xlsx,287603,ec245bb519c41a43d082bd2b5ece779ade0337ad3d2eeb2fc3f210833a5689e6,2026-10-03,ABS website content is under Creative Commons Attribution 4.0 International (excluding logos/Coat of Arms/third-party material); attribution to ABS required,quarterly series: span of all quarters in the file; each quarter is a row in the extraction. 
7,"Australian National Accounts: Finance and Wealth, June 2026",2026-09-24,2013-10-01,2013-12-31,2013-12-31,5232001.xlsx,https://www.abs.gov.au/statistics/economy/national-accounts/australian-national-accounts-finance-and-wealth/jun-2026/5232001.xlsx,287603,ec245bb519c41a43d082bd2b5ece779ade0337ad3d2eeb2fc3f210833a5689e6,2026-10-03,ABS website content is under Creative Commons Attribution 4.0 International (excluding logos/Coat of Arms/third-party material); attribution to ABS required,quarterly series: span of all quarters in the file; each quarter is a row in the extraction. 
7,"Australian National Accounts: Finance and Wealth, June 2026",2026-09-24,2014-01-01,2014-03-31,2014-03-31,5232001.xlsx,https://www.abs.gov.au/statistics/economy/national-accounts/australian-national-accounts-finance-and-wealth/jun-2026/5232001.xlsx,287603,ec245bb519c41a43d082bd2b5ece779ade0337ad3d2eeb2fc3f210833a5689e6,2026-10-03,ABS website content is under Creative Commons Attribution 4.0 International (excluding logos/Coat of Arms/third-party material); attribution to ABS required,quarterly series: span of all quarters in the file; each quarter is a row in the extraction. 
7,"Australian National Accounts: Finance and Wealth, June 2026",2026-09-24,2014-04-01,2014-06-30,2014-06-30,5232001.xlsx,https://www.abs.gov.au/statistics/economy/national-accounts/australian-national-accounts-finance-and-wealth/jun-2026/5232001.xlsx,287603,ec245bb519c41a43d082bd2b5ece779ade0337ad3d2eeb2fc3f210833a5689e6,2026-10-03,ABS website content is under Creative Commons Attribution 4.0 International (excluding logos/Coat of Arms/third-party material); attribution to ABS required,quarterly series: span of all quarters in the file; each quarter is a row in the extraction. 
7,"Australian National Accounts: Finance and Wealth, June 2026",2026-09-24,2014-07-01,2014-09-30,2014-09-30,5232001.xlsx,https://www.abs.gov.au/statistics/economy/national-accounts/australian-national-accounts-finance-and-wealth/jun-2026/5232001.xlsx,287603,ec245bb519c41a43d082bd2b5ece779ade0337ad3d2eeb2fc3f210833a5689e6,2026-10-03,ABS website content is under Creative Commons Attribution 4.0 International (excluding logos/Coat of Arms/third-party material); attribution to ABS required,quarterly series: span of all quarters in the file; each quarter is a row in the extraction. 
7,"Australian National Accounts: Finance and Wealth, June 2026",2026-09-24,2014-10-01,2014-12-31,2014-12-31,5232001.xlsx,https://www.abs.gov.au/statistics/economy/national-accounts/australian-national-accounts-finance-and-wealth/jun-2026/5232001.xlsx,287603,ec245bb519c41a43d082bd2b5ece779ade0337ad3d2eeb2fc3f210833a5689e6,2026-10-03,ABS website content is under Creative Commons Attribution 4.0 International (excluding logos/Coat of Arms/third-party material); attribution to ABS required,quarterly series: span of all quarters in the file; each quarter is a row in the extraction. 
7,"Australian National Accounts: Finance and Wealth, June 2026",2026-09-24,2015-01-01,2015-03-31,2015-03-31,5232001.xlsx,https://www.abs.gov.au/statistics/economy/national-accounts/australian-national-accounts-finance-and-wealth/jun-2026/5232001.xlsx,287603,ec245bb519c41a43d082bd2b5ece779ade0337ad3d2eeb2fc3f210833a5689e6,2026-10-03,ABS website content is under Creative Commons Attribution 4.0 International (excluding logos/Coat of Arms/third-party material); attribution to ABS required,quarterly series: span of all quarters in the file; each quarter is a row in the extraction. 
7,"Australian National Accounts: Finance and Wealth, June 2026",2026-09-24,2015-04-01,2015-06-30,2015-06-30,5232001.xlsx,https://www.abs.gov.au/statistics/economy/national-accounts/australian-national-accounts-finance-and-wealth/jun-2026/5232001.xlsx,287603,ec245bb519c41a43d082bd2b5ece779ade0337ad3d2eeb2fc3f210833a5689e6,2026-10-03,ABS website content is under Creative Commons Attribution 4.0 International (excluding logos/Coat of Arms/third-party material); attribution to ABS required,quarterly series: span of all quarters in the file; each quarter is a row in the extraction. 
7,"Australian National Accounts: Finance and Wealth, June 2026",2026-09-24,2015-07-01,2015-09-30,2015-09-30,5232001.xlsx,https://www.abs.gov.au/statistics/economy/national-accounts/australian-national-accounts-finance-and-wealth/jun-2026/5232001.xlsx,287603,ec245bb519c41a43d082bd2b5ece779ade0337ad3d2eeb2fc3f210833a5689e6,2026-10-03,ABS website content is under Creative Commons Attribution 4.0 International (excluding logos/Coat of Arms/third-party material); attribution to ABS required,quarterly series: span of all quarters in the file; each quarter is a row in the extraction. 
7,"Australian National Accounts: Finance and Wealth, June 2026",2026-09-24,2015-10-01,2015-12-31,2015-12-31,5232001.xlsx,https://www.abs.gov.au/statistics/economy/national-accounts/australian-national-accounts-finance-and-wealth/jun-2026/5232001.xlsx,287603,ec245bb519c41a43d082bd2b5ece779ade0337ad3d2eeb2fc3f210833a5689e6,2026-10-03,ABS website content is under Creative Commons Attribution 4.0 International (excluding logos/Coat of Arms/third-party material); attribution to ABS required,quarterly series: span of all quarters in the file; each quarter is a row in the extraction. 
7,"Australian National Accounts: Finance and Wealth, June 2026",2026-09-24,2016-01-01,2016-03-31,2016-03-31,5232001.xlsx,https://www.abs.gov.au/statistics/economy/national-accounts/australian-national-accounts-finance-and-wealth/jun-2026/5232001.xlsx,287603,ec245bb519c41a43d082bd2b5ece779ade0337ad3d2eeb2fc3f210833a5689e6,2026-10-03,ABS website content is under Creative Commons Attribution 4.0 International (excluding logos/Coat of Arms/third-party material); attribution to ABS required,quarterly series: span of all quarters in the file; each quarter is a row in the extraction. 
7,"Australian National Accounts: Finance and Wealth, June 2026",2026-09-24,2016-04-01,2016-06-30,2016-06-30,5232001.xlsx,https://www.abs.gov.au/statistics/economy/national-accounts/australian-national-accounts-finance-and-wealth/jun-2026/5232001.xlsx,287603,ec245bb519c41a43d082bd2b5ece779ade0337ad3d2eeb2fc3f210833a5689e6,2026-10-03,ABS website content is under Creative Commons Attribution 4.0 International (excluding logos/Coat of Arms/third-party material); attribution to ABS required,quarterly series: span of all quarters in the file; each quarter is a row in the extraction. 
7,"Australian National Accounts: Finance and Wealth, June 2026",2026-09-24,2016-07-01,2016-09-30,2016-09-30,5232001.xlsx,https://www.abs.gov.au/statistics/economy/national-accounts/australian-national-accounts-finance-and-wealth/jun-2026/5232001.xlsx,287603,ec245bb519c41a43d082bd2b5ece779ade0337ad3d2eeb2fc3f210833a5689e6,2026-10-03,ABS website content is under Creative Commons Attribution 4.0 International (excluding logos/Coat of Arms/third-party material); attribution to ABS required,quarterly series: span of all quarters in the file; each quarter is a row in the extraction. 
7,"Australian National Accounts: Finance and Wealth, June 2026",2026-09-24,2016-10-01,2016-12-31,2016-12-31,5232001.xlsx,https://www.abs.gov.au/statistics/economy/national-accounts/australian-national-accounts-finance-and-wealth/jun-2026/5232001.xlsx,287603,ec245bb519c41a43d082bd2b5ece779ade0337ad3d2eeb2fc3f210833a5689e6,2026-10-03,ABS website content is under Creative Commons Attribution 4.0 International (excluding logos/Coat of Arms/third-party material); attribution to ABS required,quarterly series: span of all quarters in the file; each quarter is a row in the extraction. 
7,"Australian National Accounts: Finance and Wealth, June 2026",2026-09-24,2017-01-01,2017-03-31,2017-03-31,5232001.xlsx,https://www.abs.gov.au/statistics/economy/national-accounts/australian-national-accounts-finance-and-wealth/jun-2026/5232001.xlsx,287603,ec245bb519c41a43d082bd2b5ece779ade0337ad3d2eeb2fc3f210833a5689e6,2026-10-03,ABS website content is under Creative Commons Attribution 4.0 International (excluding logos/Coat of Arms/third-party material); attribution to ABS required,quarterly series: span of all quarters in the file; each quarter is a row in the extraction. 
7,"Australian National Accounts: Finance and Wealth, June 2026",2026-09-24,2017-04-01,2017-06-30,2017-06-30,5232001.xlsx,https://www.abs.gov.au/statistics/economy/national-accounts/australian-national-accounts-finance-and-wealth/jun-2026/5232001.xlsx,287603,ec245bb519c41a43d082bd2b5ece779ade0337ad3d2eeb2fc3f210833a5689e6,2026-10-03,ABS website content is under Creative Commons Attribution 4.0 International (excluding logos/Coat of Arms/third-party material); attribution to ABS required,quarterly series: span of all quarters in the file; each quarter is a row in the extraction. 
7,"Australian National Accounts: Finance and Wealth, June 2026",2026-09-24,2017-07-01,2017-09-30,2017-09-30,5232001.xlsx,https://www.abs.gov.au/statistics/economy/national-accounts/australian-national-accounts-finance-and-wealth/jun-2026/5232001.xlsx,287603,ec245bb519c41a43d082bd2b5ece779ade0337ad3d2eeb2fc3f210833a5689e6,2026-10-03,ABS website content is under Creative Commons Attribution 4.0 International (excluding logos/Coat of Arms/third-party material); attribution to ABS required,quarterly series: span of all quarters in the file; each quarter is a row in the extraction. 
7,"Australian National Accounts: Finance and Wealth, June 2026",2026-09-24,2017-10-01,2017-12-31,2017-12-31,5232001.xlsx,https://www.abs.gov.au/statistics/economy/national-accounts/australian-national-accounts-finance-and-wealth/jun-2026/5232001.xlsx,287603,ec245bb519c41a43d082bd2b5ece779ade0337ad3d2eeb2fc3f210833a5689e6,2026-10-03,ABS website content is under Creative Commons Attribution 4.0 International (excluding logos/Coat of Arms/third-party material); attribution to ABS required,quarterly series: span of all quarters in the file; each quarter is a row in the extraction. 
7,"Australian National Accounts: Finance and Wealth, June 2026",2026-09-24,2018-01-01,2018-03-31,2018-03-31,5232001.xlsx,https://www.abs.gov.au/statistics/economy/national-accounts/australian-national-accounts-finance-and-wealth/jun-2026/5232001.xlsx,287603,ec245bb519c41a43d082bd2b5ece779ade0337ad3d2eeb2fc3f210833a5689e6,2026-10-03,ABS website content is under Creative Commons Attribution 4.0 International (excluding logos/Coat of Arms/third-party material); attribution to ABS required,quarterly series: span of all quarters in the file; each quarter is a row in the extraction. 
7,"Australian National Accounts: Finance and Wealth, June 2026",2026-09-24,2018-04-01,2018-06-30,2018-06-30,5232001.xlsx,https://www.abs.gov.au/statistics/economy/national-accounts/australian-national-accounts-finance-and-wealth/jun-2026/5232001.xlsx,287603,ec245bb519c41a43d082bd2b5ece779ade0337ad3d2eeb2fc3f210833a5689e6,2026-10-03,ABS website content is under Creative Commons Attribution 4.0 International (excluding logos/Coat of Arms/third-party material); attribution to ABS required,quarterly series: span of all quarters in the file; each quarter is a row in the extraction. 
7,"Australian National Accounts: Finance and Wealth, June 2026",2026-09-24,2018-07-01,2018-09-30,2018-09-30,5232001.xlsx,https://www.abs.gov.au/statistics/economy/national-accounts/australian-national-accounts-finance-and-wealth/jun-2026/5232001.xlsx,287603,ec245bb519c41a43d082bd2b5ece779ade0337ad3d2eeb2fc3f210833a5689e6,2026-10-03,ABS website content is under Creative Commons Attribution 4.0 International (excluding logos/Coat of Arms/third-party material); attribution to ABS required,quarterly series: span of all quarters in the file; each quarter is a row in the extraction. 
7,"Australian National Accounts: Finance and Wealth, June 2026",2026-09-24,2018-10-01,2018-12-31,2018-12-31,5232001.xlsx,https://www.abs.gov.au/statistics/economy/national-accounts/australian-national-accounts-finance-and-wealth/jun-2026/5232001.xlsx,287603,ec245bb519c41a43d082bd2b5ece779ade0337ad3d2eeb2fc3f210833a5689e6,2026-10-03,ABS website content is under Creative Commons Attribution 4.0 International (excluding logos/Coat of Arms/third-party material); attribution to ABS required,quarterly series: span of all quarters in the file; each quarter is a row in the extraction. 
7,"Australian National Accounts: Finance and Wealth, June 2026",2026-09-24,2019-01-01,2019-03-31,2019-03-31,5232001.xlsx,https://www.abs.gov.au/statistics/economy/national-accounts/australian-national-accounts-finance-and-wealth/jun-2026/5232001.xlsx,287603,ec245bb519c41a43d082bd2b5ece779ade0337ad3d2eeb2fc3f210833a5689e6,2026-10-03,ABS website content is under Creative Commons Attribution 4.0 International (excluding logos/Coat of Arms/third-party material); attribution to ABS required,quarterly series: span of all quarters in the file; each quarter is a row in the extraction. 
7,"Australian National Accounts: Finance and Wealth, June 2026",2026-09-24,2019-04-01,2019-06-30,2019-06-30,5232001.xlsx,https://www.abs.gov.au/statistics/economy/national-accounts/australian-national-accounts-finance-and-wealth/jun-2026/5232001.xlsx,287603,ec245bb519c41a43d082bd2b5ece779ade0337ad3d2eeb2fc3f210833a5689e6,2026-10-03,ABS website content is under Creative Commons Attribution 4.0 International (excluding logos/Coat of Arms/third-party material); attribution to ABS required,quarterly series: span of all quarters in the file; each quarter is a row in the extraction. 
7,"Australian National Accounts: Finance and Wealth, June 2026",2026-09-24,2019-07-01,2019-09-30,2019-09-30,5232001.xlsx,https://www.abs.gov.au/statistics/economy/national-accounts/australian-national-accounts-finance-and-wealth/jun-2026/5232001.xlsx,287603,ec245bb519c41a43d082bd2b5ece779ade0337ad3d2eeb2fc3f210833a5689e6,2026-10-03,ABS website content is under Creative Commons Attribution 4.0 International (excluding logos/Coat of Arms/third-party material); attribution to ABS required,quarterly series: span of all quarters in the file; each quarter is a row in the extraction. 
7,"Australian National Accounts: Finance and Wealth, June 2026",2026-09-24,2019-10-01,2019-12-31,2019-12-31,5232001.xlsx,https://www.abs.gov.au/statistics/economy/national-accounts/australian-national-accounts-finance-and-wealth/jun-2026/5232001.xlsx,287603,ec245bb519c41a43d082bd2b5ece779ade0337ad3d2eeb2fc3f210833a5689e6,2026-10-03,ABS website content is under Creative Commons Attribution 4.0 International (excluding logos/Coat of Arms/third-party material); attribution to ABS required,quarterly series: span of all quarters in the file; each quarter is a row in the extraction. 
7,"Australian National Accounts: Finance and Wealth, June 2026",2026-09-24,2020-01-01,2020-03-31,2020-03-31,5232001.xlsx,https://www.abs.gov.au/statistics/economy/national-accounts/australian-national-accounts-finance-and-wealth/jun-2026/5232001.xlsx,287603,ec245bb519c41a43d082bd2b5ece779ade0337ad3d2eeb2fc3f210833a5689e6,2026-10-03,ABS website content is under Creative Commons Attribution 4.0 International (excluding logos/Coat of Arms/third-party material); attribution to ABS required,quarterly series: span of all quarters in the file; each quarter is a row in the extraction. 
7,"Australian National Accounts: Finance and Wealth, June 2026",2026-09-24,2020-04-01,2020-06-30,2020-06-30,5232001.xlsx,https://www.abs.gov.au/statistics/economy/national-accounts/australian-national-accounts-finance-and-wealth/jun-2026/5232001.xlsx,287603,ec245bb519c41a43d082bd2b5ece779ade0337ad3d2eeb2fc3f210833a5689e6,2026-10-03,ABS website content is under Creative Commons Attribution 4.0 International (excluding logos/Coat of Arms/third-party material); attribution to ABS required,quarterly series: span of all quarters in the file; each quarter is a row in the extraction. 
7,"Australian National Accounts: Finance and Wealth, June 2026",2026-09-24,2020-07-01,2020-09-30,2020-09-30,5232001.xlsx,https://www.abs.gov.au/statistics/economy/national-accounts/australian-national-accounts-finance-and-wealth/jun-2026/5232001.xlsx,287603,ec245bb519c41a43d082bd2b5ece779ade0337ad3d2eeb2fc3f210833a5689e6,2026-10-03,ABS website content is under Creative Commons Attribution 4.0 International (excluding logos/Coat of Arms/third-party material); attribution to ABS required,quarterly series: span of all quarters in the file; each quarter is a row in the extraction. 
7,"Australian National Accounts: Finance and Wealth, June 2026",2026-09-24,2020-10-01,2020-12-31,2020-12-31,5232001.xlsx,https://www.abs.gov.au/statistics/economy/national-accounts/australian-national-accounts-finance-and-wealth/jun-2026/5232001.xlsx,287603,ec245bb519c41a43d082bd2b5ece779ade0337ad3d2eeb2fc3f210833a5689e6,2026-10-03,ABS website content is under Creative Commons Attribution 4.0 International (excluding logos/Coat of Arms/third-party material); attribution to ABS required,quarterly series: span of all quarters in the file; each quarter is a row in the extraction. 
7,"Australian National Accounts: Finance and Wealth, June 2026",2026-09-24,2021-01-01,2021-03-31,2021-03-31,5232001.xlsx,https://www.abs.gov.au/statistics/economy/national-accounts/australian-national-accounts-finance-and-wealth/jun-2026/5232001.xlsx,287603,ec245bb519c41a43d082bd2b5ece779ade0337ad3d2eeb2fc3f210833a5689e6,2026-10-03,ABS website content is under Creative Commons Attribution 4.0 International (excluding logos/Coat of Arms/third-party material); attribution to ABS required,quarterly series: span of all quarters in the file; each quarter is a row in the extraction. 
7,"Australian National Accounts: Finance and Wealth, June 2026",2026-09-24,2021-04-01,2021-06-30,2021-06-30,5232001.xlsx,https://www.abs.gov.au/statistics/economy/national-accounts/australian-national-accounts-finance-and-wealth/jun-2026/5232001.xlsx,287603,ec245bb519c41a43d082bd2b5ece779ade0337ad3d2eeb2fc3f210833a5689e6,2026-10-03,ABS website content is under Creative Commons Attribution 4.0 International (excluding logos/Coat of Arms/third-party material); attribution to ABS required,quarterly series: span of all quarters in the file; each quarter is a row in the extraction. 
7,"Australian National Accounts: Finance and Wealth, June 2026",2026-09-24,2021-07-01,2021-09-30,2021-09-30,5232001.xlsx,https://www.abs.gov.au/statistics/economy/national-accounts/australian-national-accounts-finance-and-wealth/jun-2026/5232001.xlsx,287603,ec245bb519c41a43d082bd2b5ece779ade0337ad3d2eeb2fc3f210833a5689e6,2026-10-03,ABS website content is under Creative Commons Attribution 4.0 International (excluding logos/Coat of Arms/third-party material); attribution to ABS required,quarterly series: span of all quarters in the file; each quarter is a row in the extraction. 
7,"Australian National Accounts: Finance and Wealth, June 2026",2026-09-24,2021-10-01,2021-12-31,2021-12-31,5232001.xlsx,https://www.abs.gov.au/statistics/economy/national-accounts/australian-national-accounts-finance-and-wealth/jun-2026/5232001.xlsx,287603,ec245bb519c41a43d082bd2b5ece779ade0337ad3d2eeb2fc3f210833a5689e6,2026-10-03,ABS website content is under Creative Commons Attribution 4.0 International (excluding logos/Coat of Arms/third-party material); attribution to ABS required,quarterly series: span of all quarters in the file; each quarter is a row in the extraction. 
7,"Australian National Accounts: Finance and Wealth, June 2026",2026-09-24,2022-01-01,2022-03-31,2022-03-31,5232001.xlsx,https://www.abs.gov.au/statistics/economy/national-accounts/australian-national-accounts-finance-and-wealth/jun-2026/5232001.xlsx,287603,ec245bb519c41a43d082bd2b5ece779ade0337ad3d2eeb2fc3f210833a5689e6,2026-10-03,ABS website content is under Creative Commons Attribution 4.0 International (excluding logos/Coat of Arms/third-party material); attribution to ABS required,quarterly series: span of all quarters in the file; each quarter is a row in the extraction. 
7,"Australian National Accounts: Finance and Wealth, June 2026",2026-09-24,2022-04-01,2022-06-30,2022-06-30,5232001.xlsx,https://www.abs.gov.au/statistics/economy/national-accounts/australian-national-accounts-finance-and-wealth/jun-2026/5232001.xlsx,287603,ec245bb519c41a43d082bd2b5ece779ade0337ad3d2eeb2fc3f210833a5689e6,2026-10-03,ABS website content is under Creative Commons Attribution 4.0 International (excluding logos/Coat of Arms/third-party material); attribution to ABS required,quarterly series: span of all quarters in the file; each quarter is a row in the extraction. 
7,"Australian National Accounts: Finance and Wealth, June 2026",2026-09-24,2022-07-01,2022-09-30,2022-09-30,5232001.xlsx,https://www.abs.gov.au/statistics/economy/national-accounts/australian-national-accounts-finance-and-wealth/jun-2026/5232001.xlsx,287603,ec245bb519c41a43d082bd2b5ece779ade0337ad3d2eeb2fc3f210833a5689e6,2026-10-03,ABS website content is under Creative Commons Attribution 4.0 International (excluding logos/Coat of Arms/third-party material); attribution to ABS required,quarterly series: span of all quarters in the file; each quarter is a row in the extraction. 
7,"Australian National Accounts: Finance and Wealth, June 2026",2026-09-24,2022-10-01,2022-12-31,2022-12-31,5232001.xlsx,https://www.abs.gov.au/statistics/economy/national-accounts/australian-national-accounts-finance-and-wealth/jun-2026/5232001.xlsx,287603,ec245bb519c41a43d082bd2b5ece779ade0337ad3d2eeb2fc3f210833a5689e6,2026-10-03,ABS website content is under Creative Commons Attribution 4.0 International (excluding logos/Coat of Arms/third-party material); attribution to ABS required,quarterly series: span of all quarters in the file; each quarter is a row in the extraction. 
7,"Australian National Accounts: Finance and Wealth, June 2026",2026-09-24,2023-01-01,2023-03-31,2023-03-31,5232001.xlsx,https://www.abs.gov.au/statistics/economy/national-accounts/australian-national-accounts-finance-and-wealth/jun-2026/5232001.xlsx,287603,ec245bb519c41a43d082bd2b5ece779ade0337ad3d2eeb2fc3f210833a5689e6,2026-10-03,ABS website content is under Creative Commons Attribution 4.0 International (excluding logos/Coat of Arms/third-party material); attribution to ABS required,quarterly series: span of all quarters in the file; each quarter is a row in the extraction. 
7,"Australian National Accounts: Finance and Wealth, June 2026",2026-09-24,2023-04-01,2023-06-30,2023-06-30,5232001.xlsx,https://www.abs.gov.au/statistics/economy/national-accounts/australian-national-accounts-finance-and-wealth/jun-2026/5232001.xlsx,287603,ec245bb519c41a43d082bd2b5ece779ade0337ad3d2eeb2fc3f210833a5689e6,2026-10-03,ABS website content is under Creative Commons Attribution 4.0 International (excluding logos/Coat of Arms/third-party material); attribution to ABS required,quarterly series: span of all quarters in the file; each quarter is a row in the extraction. 
7,"Australian National Accounts: Finance and Wealth, June 2026",2026-09-24,2023-07-01,2023-09-30,2023-09-30,5232001.xlsx,https://www.abs.gov.au/statistics/economy/national-accounts/australian-national-accounts-finance-and-wealth/jun-2026/5232001.xlsx,287603,ec245bb519c41a43d082bd2b5ece779ade0337ad3d2eeb2fc3f210833a5689e6,2026-10-03,ABS website content is under Creative Commons Attribution 4.0 International (excluding logos/Coat of Arms/third-party material); attribution to ABS required,quarterly series: span of all quarters in the file; each quarter is a row in the extraction. 
7,"Australian National Accounts: Finance and Wealth, June 2026",2026-09-24,2023-10-01,2023-12-31,2023-12-31,5232001.xlsx,https://www.abs.gov.au/statistics/economy/national-accounts/australian-national-accounts-finance-and-wealth/jun-2026/5232001.xlsx,287603,ec245bb519c41a43d082bd2b5ece779ade0337ad3d2eeb2fc3f210833a5689e6,2026-10-03,ABS website content is under Creative Commons Attribution 4.0 International (excluding logos/Coat of Arms/third-party material); attribution to ABS required,quarterly series: span of all quarters in the file; each quarter is a row in the extraction. 
7,"Australian National Accounts: Finance and Wealth, June 2026",2026-09-24,2024-01-01,2024-03-31,2024-03-31,5232001.xlsx,https://www.abs.gov.au/statistics/economy/national-accounts/australian-national-accounts-finance-and-wealth/jun-2026/5232001.xlsx,287603,ec245bb519c41a43d082bd2b5ece779ade0337ad3d2eeb2fc3f210833a5689e6,2026-10-03,ABS website content is under Creative Commons Attribution 4.0 International (excluding logos/Coat of Arms/third-party material); attribution to ABS required,quarterly series: span of all quarters in the file; each quarter is a row in the extraction. 
7,"Australian National Accounts: Finance and Wealth, June 2026",2026-09-24,2024-04-01,2024-06-30,2024-06-30,5232001.xlsx,https://www.abs.gov.au/statistics/economy/national-accounts/australian-national-accounts-finance-and-wealth/jun-2026/5232001.xlsx,287603,ec245bb519c41a43d082bd2b5ece779ade0337ad3d2eeb2fc3f210833a5689e6,2026-10-03,ABS website content is under Creative Commons Attribution 4.0 International (excluding logos/Coat of Arms/third-party material); attribution to ABS required,quarterly series: span of all quarters in the file; each quarter is a row in the extraction. 
7,"Australian National Accounts: Finance and Wealth, June 2026",2026-09-24,2024-07-01,2024-09-30,2024-09-30,5232001.xlsx,https://www.abs.gov.au/statistics/economy/national-accounts/australian-national-accounts-finance-and-wealth/jun-2026/5232001.xlsx,287603,ec245bb519c41a43d082bd2b5ece779ade0337ad3d2eeb2fc3f210833a5689e6,2026-10-03,ABS website content is under Creative Commons Attribution 4.0 International (excluding logos/Coat of Arms/third-party material); attribution to ABS required,quarterly series: span of all quarters in the file; each quarter is a row in the extraction. 
7,"Australian National Accounts: Finance and Wealth, June 2026",2026-09-24,2024-10-01,2024-12-31,2024-12-31,5232001.xlsx,https://www.abs.gov.au/statistics/economy/national-accounts/australian-national-accounts-finance-and-wealth/jun-2026/5232001.xlsx,287603,ec245bb519c41a43d082bd2b5ece779ade0337ad3d2eeb2fc3f210833a5689e6,2026-10-03,ABS website content is under Creative Commons Attribution 4.0 International (excluding logos/Coat of Arms/third-party material); attribution to ABS required,quarterly series: span of all quarters in the file; each quarter is a row in the extraction. 
7,"Australian National Accounts: Finance and Wealth, June 2026",2026-09-24,2025-01-01,2025-03-31,2025-03-31,5232001.xlsx,https://www.abs.gov.au/statistics/economy/national-accounts/australian-national-accounts-finance-and-wealth/jun-2026/5232001.xlsx,287603,ec245bb519c41a43d082bd2b5ece779ade0337ad3d2eeb2fc3f210833a5689e6,2026-10-03,ABS website content is under Creative Commons Attribution 4.0 International (excluding logos/Coat of Arms/third-party material); attribution to ABS required,quarterly series: span of all quarters in the file; each quarter is a row in the extraction. 
7,"Australian National Accounts: Finance and Wealth, June 2026",2026-09-24,2025-04-01,2025-06-30,2025-06-30,5232001.xlsx,https://www.abs.gov.au/statistics/economy/national-accounts/australian-national-accounts-finance-and-wealth/jun-2026/5232001.xlsx,287603,ec245bb519c41a43d082bd2b5ece779ade0337ad3d2eeb2fc3f210833a5689e6,2026-10-03,ABS website content is under Creative Commons Attribution 4.0 International (excluding logos/Coat of Arms/third-party material); attribution to ABS required,quarterly series: span of all quarters in the file; each quarter is a row in the extraction. 
7,"Australian National Accounts: Finance and Wealth, June 2026",2026-09-24,2025-07-01,2025-09-30,2025-09-30,5232001.xlsx,https://www.abs.gov.au/statistics/economy/national-accounts/australian-national-accounts-finance-and-wealth/jun-2026/5232001.xlsx,287603,ec245bb519c41a43d082bd2b5ece779ade0337ad3d2eeb2fc3f210833a5689e6,2026-10-03,ABS website content is under Creative Commons Attribution 4.0 International (excluding logos/Coat of Arms/third-party material); attribution to ABS required,quarterly series: span of all quarters in the file; each quarter is a row in the extraction. 
7,"Australian National Accounts: Finance and Wealth, June 2026",2026-09-24,2025-10-01,2025-12-31,2025-12-31,5232001.xlsx,https://www.abs.gov.au/statistics/economy/national-accounts/australian-national-accounts-finance-and-wealth/jun-2026/5232001.xlsx,287603,ec245bb519c41a43d082bd2b5ece779ade0337ad3d2eeb2fc3f210833a5689e6,2026-10-03,ABS website content is under Creative Commons Attribution 4.0 International (excluding logos/Coat of Arms/third-party material); attribution to ABS required,quarterly series: span of all quarters in the file; each quarter is a row in the extraction. 
7,"Australian National Accounts: Finance and Wealth, June 2026",2026-09-24,2026-01-01,2026-03-31,2026-03-31,5232001.xlsx,https://www.abs.gov.au/statistics/economy/national-accounts/australian-national-accounts-finance-and-wealth/jun-2026/5232001.xlsx,287603,ec245bb519c41a43d082bd2b5ece779ade0337ad3d2eeb2fc3f210833a5689e6,2026-10-03,ABS website content is under Creative Commons Attribution 4.0 International (excluding logos/Coat of Arms/third-party material); attribution to ABS required,quarterly series: span of all quarters in the file; each quarter is a row in the extraction. 
7,"Australian National Accounts: Finance and Wealth, June 2026",2026-09-24,2026-04-01,2026-06-30,2026-06-30,5232001.xlsx,https://www.abs.gov.au/statistics/economy/national-accounts/australian-national-accounts-finance-and-wealth/jun-2026/5232001.xlsx,287603,ec245bb519c41a43d082bd2b5ece779ade0337ad3d2eeb2fc3f210833a5689e6,2026-10-03,ABS website content is under Creative Commons Attribution 4.0 International (excluding logos/Coat of Arms/third-party material); attribution to ABS required,quarterly series: span of all quarters in the file; each quarter is a row in the extraction. 
7,"Australian National Accounts: Finance and Wealth, June 2026",2026-09-24,1988-04-01,2026-06-30,,5232002.xlsx,https://www.abs.gov.au/statistics/economy/national-accounts/australian-national-accounts-finance-and-wealth/jun-2026/5232002.xlsx,268297,9f3249b073359e30273b41479fa759f2acfa0137fc4e0fc67d8e29b73a7bdce0,2026-10-03,ABS website content is under Creative Commons Attribution 4.0 International (excluding logos/Coat of Arms/third-party material); attribution to ABS required,quarterly series: span of all quarters in the file; each quarter is a row in the extraction. 
7,"Australian National Accounts: Finance and Wealth, June 2026",2026-09-24,1988-04-01,2026-06-30,,5232034.xlsx,https://www.abs.gov.au/statistics/economy/national-accounts/australian-national-accounts-finance-and-wealth/jun-2026/5232034.xlsx,270965,173315b08203d7f88debcf3def7713ef6f81e4d1accfebc8006345ccc93e7d71,2026-10-03,ABS website content is under Creative Commons Attribution 4.0 International (excluding logos/Coat of Arms/third-party material); attribution to ABS required,quarterly series: span of all quarters in the file; each quarter is a row in the extraction. 
7,"Australian National Accounts: Finance and Wealth, June 2026",2026-09-24,1988-04-01,1988-06-30,1988-06-30,5232034.xlsx,https://www.abs.gov.au/statistics/economy/national-accounts/australian-national-accounts-finance-and-wealth/jun-2026/5232034.xlsx,270965,173315b08203d7f88debcf3def7713ef6f81e4d1accfebc8006345ccc93e7d71,2026-10-03,ABS website content is under Creative Commons Attribution 4.0 International (excluding logos/Coat of Arms/third-party material); attribution to ABS required,quarterly series: span of all quarters in the file; each quarter is a row in the extraction. 
7,"Australian National Accounts: Finance and Wealth, June 2026",2026-09-24,1988-07-01,1988-09-30,1988-09-30,5232034.xlsx,https://www.abs.gov.au/statistics/economy/national-accounts/australian-national-accounts-finance-and-wealth/jun-2026/5232034.xlsx,270965,173315b08203d7f88debcf3def7713ef6f81e4d1accfebc8006345ccc93e7d71,2026-10-03,ABS website content is under Creative Commons Attribution 4.0 International (excluding logos/Coat of Arms/third-party material); attribution to ABS required,quarterly series: span of all quarters in the file; each quarter is a row in the extraction. 
7,"Australian National Accounts: Finance and Wealth, June 2026",2026-09-24,1988-10-01,1988-12-31,1988-12-31,5232034.xlsx,https://www.abs.gov.au/statistics/economy/national-accounts/australian-national-accounts-finance-and-wealth/jun-2026/5232034.xlsx,270965,173315b08203d7f88debcf3def7713ef6f81e4d1accfebc8006345ccc93e7d71,2026-10-03,ABS website content is under Creative Commons Attribution 4.0 International (excluding logos/Coat of Arms/third-party material); attribution to ABS required,quarterly series: span of all quarters in the file; each quarter is a row in the extraction. 
7,"Australian National Accounts: Finance and Wealth, June 2026",2026-09-24,1989-01-01,1989-03-31,1989-03-31,5232034.xlsx,https://www.abs.gov.au/statistics/economy/national-accounts/australian-national-accounts-finance-and-wealth/jun-2026/5232034.xlsx,270965,173315b08203d7f88debcf3def7713ef6f81e4d1accfebc8006345ccc93e7d71,2026-10-03,ABS website content is under Creative Commons Attribution 4.0 International (excluding logos/Coat of Arms/third-party material); attribution to ABS required,quarterly series: span of all quarters in the file; each quarter is a row in the extraction. 
7,"Australian National Accounts: Finance and Wealth, June 2026",2026-09-24,1989-04-01,1989-06-30,1989-06-30,5232034.xlsx,https://www.abs.gov.au/statistics/economy/national-accounts/australian-national-accounts-finance-and-wealth/jun-2026/5232034.xlsx,270965,173315b08203d7f88debcf3def7713ef6f81e4d1accfebc8006345ccc93e7d71,2026-10-03,ABS website content is under Creative Commons Attribution 4.0 International (excluding logos/Coat of Arms/third-party material); attribution to ABS required,quarterly series: span of all quarters in the file; each quarter is a row in the extraction. 
7,"Australian National Accounts: Finance and Wealth, June 2026",2026-09-24,1989-07-01,1989-09-30,1989-09-30,5232034.xlsx,https://www.abs.gov.au/statistics/economy/national-accounts/australian-national-accounts-finance-and-wealth/jun-2026/5232034.xlsx,270965,173315b08203d7f88debcf3def7713ef6f81e4d1accfebc8006345ccc93e7d71,2026-10-03,ABS website content is under Creative Commons Attribution 4.0 International (excluding logos/Coat of Arms/third-party material); attribution to ABS required,quarterly series: span of all quarters in the file; each quarter is a row in the extraction. 
7,"Australian National Accounts: Finance and Wealth, June 2026",2026-09-24,1989-10-01,1989-12-31,1989-12-31,5232034.xlsx,https://www.abs.gov.au/statistics/economy/national-accounts/australian-national-accounts-finance-and-wealth/jun-2026/5232034.xlsx,270965,173315b08203d7f88debcf3def7713ef6f81e4d1accfebc8006345ccc93e7d71,2026-10-03,ABS website content is under Creative Commons Attribution 4.0 International (excluding logos/Coat of Arms/third-party material); attribution to ABS required,quarterly series: span of all quarters in the file; each quarter is a row in the extraction. 
7,"Australian National Accounts: Finance and Wealth, June 2026",2026-09-24,1990-01-01,1990-03-31,1990-03-31,5232034.xlsx,https://www.abs.gov.au/statistics/economy/national-accounts/australian-national-accounts-finance-and-wealth/jun-2026/5232034.xlsx,270965,173315b08203d7f88debcf3def7713ef6f81e4d1accfebc8006345ccc93e7d71,2026-10-03,ABS website content is under Creative Commons Attribution 4.0 International (excluding logos/Coat of Arms/third-party material); attribution to ABS required,quarterly series: span of all quarters in the file; each quarter is a row in the extraction. 
7,"Australian National Accounts: Finance and Wealth, June 2026",2026-09-24,1990-04-01,1990-06-30,1990-06-30,5232034.xlsx,https://www.abs.gov.au/statistics/economy/national-accounts/australian-national-accounts-finance-and-wealth/jun-2026/5232034.xlsx,270965,173315b08203d7f88debcf3def7713ef6f81e4d1accfebc8006345ccc93e7d71,2026-10-03,ABS website content is under Creative Commons Attribution 4.0 International (excluding logos/Coat of Arms/third-party material); attribution to ABS required,quarterly series: span of all quarters in the file; each quarter is a row in the extraction. 
7,"Australian National Accounts: Finance and Wealth, June 2026",2026-09-24,1990-07-01,1990-09-30,1990-09-30,5232034.xlsx,https://www.abs.gov.au/statistics/economy/national-accounts/australian-national-accounts-finance-and-wealth/jun-2026/5232034.xlsx,270965,173315b08203d7f88debcf3def7713ef6f81e4d1accfebc8006345ccc93e7d71,2026-10-03,ABS website content is under Creative Commons Attribution 4.0 International (excluding logos/Coat of Arms/third-party material); attribution to ABS required,quarterly series: span of all quarters in the file; each quarter is a row in the extraction. 
7,"Australian National Accounts: Finance and Wealth, June 2026",2026-09-24,1990-10-01,1990-12-31,1990-12-31,5232034.xlsx,https://www.abs.gov.au/statistics/economy/national-accounts/australian-national-accounts-finance-and-wealth/jun-2026/5232034.xlsx,270965,173315b08203d7f88debcf3def7713ef6f81e4d1accfebc8006345ccc93e7d71,2026-10-03,ABS website content is under Creative Commons Attribution 4.0 International (excluding logos/Coat of Arms/third-party material); attribution to ABS required,quarterly series: span of all quarters in the file; each quarter is a row in the extraction. 
7,"Australian National Accounts: Finance and Wealth, June 2026",2026-09-24,1991-01-01,1991-03-31,1991-03-31,5232034.xlsx,https://www.abs.gov.au/statistics/economy/national-accounts/australian-national-accounts-finance-and-wealth/jun-2026/5232034.xlsx,270965,173315b08203d7f88debcf3def7713ef6f81e4d1accfebc8006345ccc93e7d71,2026-10-03,ABS website content is under Creative Commons Attribution 4.0 International (excluding logos/Coat of Arms/third-party material); attribution to ABS required,quarterly series: span of all quarters in the file; each quarter is a row in the extraction. 
7,"Australian National Accounts: Finance and Wealth, June 2026",2026-09-24,1991-04-01,1991-06-30,1991-06-30,5232034.xlsx,https://www.abs.gov.au/statistics/economy/national-accounts/australian-national-accounts-finance-and-wealth/jun-2026/5232034.xlsx,270965,173315b08203d7f88debcf3def7713ef6f81e4d1accfebc8006345ccc93e7d71,2026-10-03,ABS website content is under Creative Commons Attribution 4.0 International (excluding logos/Coat of Arms/third-party material); attribution to ABS required,quarterly series: span of all quarters in the file; each quarter is a row in the extraction. 
7,"Australian National Accounts: Finance and Wealth, June 2026",2026-09-24,1991-07-01,1991-09-30,1991-09-30,5232034.xlsx,https://www.abs.gov.au/statistics/economy/national-accounts/australian-national-accounts-finance-and-wealth/jun-2026/5232034.xlsx,270965,173315b08203d7f88debcf3def7713ef6f81e4d1accfebc8006345ccc93e7d71,2026-10-03,ABS website content is under Creative Commons Attribution 4.0 International (excluding logos/Coat of Arms/third-party material); attribution to ABS required,quarterly series: span of all quarters in the file; each quarter is a row in the extraction. 
7,"Australian National Accounts: Finance and Wealth, June 2026",2026-09-24,1991-10-01,1991-12-31,1991-12-31,5232034.xlsx,https://www.abs.gov.au/statistics/economy/national-accounts/australian-national-accounts-finance-and-wealth/jun-2026/5232034.xlsx,270965,173315b08203d7f88debcf3def7713ef6f81e4d1accfebc8006345ccc93e7d71,2026-10-03,ABS website content is under Creative Commons Attribution 4.0 International (excluding logos/Coat of Arms/third-party material); attribution to ABS required,quarterly series: span of all quarters in the file; each quarter is a row in the extraction. 
7,"Australian National Accounts: Finance and Wealth, June 2026",2026-09-24,1992-01-01,1992-03-31,1992-03-31,5232034.xlsx,https://www.abs.gov.au/statistics/economy/national-accounts/australian-national-accounts-finance-and-wealth/jun-2026/5232034.xlsx,270965,173315b08203d7f88debcf3def7713ef6f81e4d1accfebc8006345ccc93e7d71,2026-10-03,ABS website content is under Creative Commons Attribution 4.0 International (excluding logos/Coat of Arms/third-party material); attribution to ABS required,quarterly series: span of all quarters in the file; each quarter is a row in the extraction. 
7,"Australian National Accounts: Finance and Wealth, June 2026",2026-09-24,1992-04-01,1992-06-30,1992-06-30,5232034.xlsx,https://www.abs.gov.au/statistics/economy/national-accounts/australian-national-accounts-finance-and-wealth/jun-2026/5232034.xlsx,270965,173315b08203d7f88debcf3def7713ef6f81e4d1accfebc8006345ccc93e7d71,2026-10-03,ABS website content is under Creative Commons Attribution 4.0 International (excluding logos/Coat of Arms/third-party material); attribution to ABS required,quarterly series: span of all quarters in the file; each quarter is a row in the extraction. 
7,"Australian National Accounts: Finance and Wealth, June 2026",2026-09-24,1992-07-01,1992-09-30,1992-09-30,5232034.xlsx,https://www.abs.gov.au/statistics/economy/national-accounts/australian-national-accounts-finance-and-wealth/jun-2026/5232034.xlsx,270965,173315b08203d7f88debcf3def7713ef6f81e4d1accfebc8006345ccc93e7d71,2026-10-03,ABS website content is under Creative Commons Attribution 4.0 International (excluding logos/Coat of Arms/third-party material); attribution to ABS required,quarterly series: span of all quarters in the file; each quarter is a row in the extraction. 
7,"Australian National Accounts: Finance and Wealth, June 2026",2026-09-24,1992-10-01,1992-12-31,1992-12-31,5232034.xlsx,https://www.abs.gov.au/statistics/economy/national-accounts/australian-national-accounts-finance-and-wealth/jun-2026/5232034.xlsx,270965,173315b08203d7f88debcf3def7713ef6f81e4d1accfebc8006345ccc93e7d71,2026-10-03,ABS website content is under Creative Commons Attribution 4.0 International (excluding logos/Coat of Arms/third-party material); attribution to ABS required,quarterly series: span of all quarters in the file; each quarter is a row in the extraction. 
7,"Australian National Accounts: Finance and Wealth, June 2026",2026-09-24,1993-01-01,1993-03-31,1993-03-31,5232034.xlsx,https://www.abs.gov.au/statistics/economy/national-accounts/australian-national-accounts-finance-and-wealth/jun-2026/5232034.xlsx,270965,173315b08203d7f88debcf3def7713ef6f81e4d1accfebc8006345ccc93e7d71,2026-10-03,ABS website content is under Creative Commons Attribution 4.0 International (excluding logos/Coat of Arms/third-party material); attribution to ABS required,quarterly series: span of all quarters in the file; each quarter is a row in the extraction. 
7,"Australian National Accounts: Finance and Wealth, June 2026",2026-09-24,1993-04-01,1993-06-30,1993-06-30,5232034.xlsx,https://www.abs.gov.au/statistics/economy/national-accounts/australian-national-accounts-finance-and-wealth/jun-2026/5232034.xlsx,270965,173315b08203d7f88debcf3def7713ef6f81e4d1accfebc8006345ccc93e7d71,2026-10-03,ABS website content is under Creative Commons Attribution 4.0 International (excluding logos/Coat of Arms/third-party material); attribution to ABS required,quarterly series: span of all quarters in the file; each quarter is a row in the extraction. 
7,"Australian National Accounts: Finance and Wealth, June 2026",2026-09-24,1993-07-01,1993-09-30,1993-09-30,5232034.xlsx,https://www.abs.gov.au/statistics/economy/national-accounts/australian-national-accounts-finance-and-wealth/jun-2026/5232034.xlsx,270965,173315b08203d7f88debcf3def7713ef6f81e4d1accfebc8006345ccc93e7d71,2026-10-03,ABS website content is under Creative Commons Attribution 4.0 International (excluding logos/Coat of Arms/third-party material); attribution to ABS required,quarterly series: span of all quarters in the file; each quarter is a row in the extraction. 
7,"Australian National Accounts: Finance and Wealth, June 2026",2026-09-24,1993-10-01,1993-12-31,1993-12-31,5232034.xlsx,https://www.abs.gov.au/statistics/economy/national-accounts/australian-national-accounts-finance-and-wealth/jun-2026/5232034.xlsx,270965,173315b08203d7f88debcf3def7713ef6f81e4d1accfebc8006345ccc93e7d71,2026-10-03,ABS website content is under Creative Commons Attribution 4.0 International (excluding logos/Coat of Arms/third-party material); attribution to ABS required,quarterly series: span of all quarters in the file; each quarter is a row in the extraction. 
7,"Australian National Accounts: Finance and Wealth, June 2026",2026-09-24,1994-01-01,1994-03-31,1994-03-31,5232034.xlsx,https://www.abs.gov.au/statistics/economy/national-accounts/australian-national-accounts-finance-and-wealth/jun-2026/5232034.xlsx,270965,173315b08203d7f88debcf3def7713ef6f81e4d1accfebc8006345ccc93e7d71,2026-10-03,ABS website content is under Creative Commons Attribution 4.0 International (excluding logos/Coat of Arms/third-party material); attribution to ABS required,quarterly series: span of all quarters in the file; each quarter is a row in the extraction. 
7,"Australian National Accounts: Finance and Wealth, June 2026",2026-09-24,1994-04-01,1994-06-30,1994-06-30,5232034.xlsx,https://www.abs.gov.au/statistics/economy/national-accounts/australian-national-accounts-finance-and-wealth/jun-2026/5232034.xlsx,270965,173315b08203d7f88debcf3def7713ef6f81e4d1accfebc8006345ccc93e7d71,2026-10-03,ABS website content is under Creative Commons Attribution 4.0 International (excluding logos/Coat of Arms/third-party material); attribution to ABS required,quarterly series: span of all quarters in the file; each quarter is a row in the extraction. 
7,"Australian National Accounts: Finance and Wealth, June 2026",2026-09-24,1994-07-01,1994-09-30,1994-09-30,5232034.xlsx,https://www.abs.gov.au/statistics/economy/national-accounts/australian-national-accounts-finance-and-wealth/jun-2026/5232034.xlsx,270965,173315b08203d7f88debcf3def7713ef6f81e4d1accfebc8006345ccc93e7d71,2026-10-03,ABS website content is under Creative Commons Attribution 4.0 International (excluding logos/Coat of Arms/third-party material); attribution to ABS required,quarterly series: span of all quarters in the file; each quarter is a row in the extraction. 
7,"Australian National Accounts: Finance and Wealth, June 2026",2026-09-24,1994-10-01,1994-12-31,1994-12-31,5232034.xlsx,https://www.abs.gov.au/statistics/economy/national-accounts/australian-national-accounts-finance-and-wealth/jun-2026/5232034.xlsx,270965,173315b08203d7f88debcf3def7713ef6f81e4d1accfebc8006345ccc93e7d71,2026-10-03,ABS website content is under Creative Commons Attribution 4.0 International (excluding logos/Coat of Arms/third-party material); attribution to ABS required,quarterly series: span of all quarters in the file; each quarter is a row in the extraction. 
7,"Australian National Accounts: Finance and Wealth, June 2026",2026-09-24,1995-01-01,1995-03-31,1995-03-31,5232034.xlsx,https://www.abs.gov.au/statistics/economy/national-accounts/australian-national-accounts-finance-and-wealth/jun-2026/5232034.xlsx,270965,173315b08203d7f88debcf3def7713ef6f81e4d1accfebc8006345ccc93e7d71,2026-10-03,ABS website content is under Creative Commons Attribution 4.0 International (excluding logos/Coat of Arms/third-party material); attribution to ABS required,quarterly series: span of all quarters in the file; each quarter is a row in the extraction. 
7,"Australian National Accounts: Finance and Wealth, June 2026",2026-09-24,1995-04-01,1995-06-30,1995-06-30,5232034.xlsx,https://www.abs.gov.au/statistics/economy/national-accounts/australian-national-accounts-finance-and-wealth/jun-2026/5232034.xlsx,270965,173315b08203d7f88debcf3def7713ef6f81e4d1accfebc8006345ccc93e7d71,2026-10-03,ABS website content is under Creative Commons Attribution 4.0 International (excluding logos/Coat of Arms/third-party material); attribution to ABS required,quarterly series: span of all quarters in the file; each quarter is a row in the extraction. 
7,"Australian National Accounts: Finance and Wealth, June 2026",2026-09-24,1995-07-01,1995-09-30,1995-09-30,5232034.xlsx,https://www.abs.gov.au/statistics/economy/national-accounts/australian-national-accounts-finance-and-wealth/jun-2026/5232034.xlsx,270965,173315b08203d7f88debcf3def7713ef6f81e4d1accfebc8006345ccc93e7d71,2026-10-03,ABS website content is under Creative Commons Attribution 4.0 International (excluding logos/Coat of Arms/third-party material); attribution to ABS required,quarterly series: span of all quarters in the file; each quarter is a row in the extraction. 
7,"Australian National Accounts: Finance and Wealth, June 2026",2026-09-24,1995-10-01,1995-12-31,1995-12-31,5232034.xlsx,https://www.abs.gov.au/statistics/economy/national-accounts/australian-national-accounts-finance-and-wealth/jun-2026/5232034.xlsx,270965,173315b08203d7f88debcf3def7713ef6f81e4d1accfebc8006345ccc93e7d71,2026-10-03,ABS website content is under Creative Commons Attribution 4.0 International (excluding logos/Coat of Arms/third-party material); attribution to ABS required,quarterly series: span of all quarters in the file; each quarter is a row in the extraction. 
7,"Australian National Accounts: Finance and Wealth, June 2026",2026-09-24,1996-01-01,1996-03-31,1996-03-31,5232034.xlsx,https://www.abs.gov.au/statistics/economy/national-accounts/australian-national-accounts-finance-and-wealth/jun-2026/5232034.xlsx,270965,173315b08203d7f88debcf3def7713ef6f81e4d1accfebc8006345ccc93e7d71,2026-10-03,ABS website content is under Creative Commons Attribution 4.0 International (excluding logos/Coat of Arms/third-party material); attribution to ABS required,quarterly series: span of all quarters in the file; each quarter is a row in the extraction. 
7,"Australian National Accounts: Finance and Wealth, June 2026",2026-09-24,1996-04-01,1996-06-30,1996-06-30,5232034.xlsx,https://www.abs.gov.au/statistics/economy/national-accounts/australian-national-accounts-finance-and-wealth/jun-2026/5232034.xlsx,270965,173315b08203d7f88debcf3def7713ef6f81e4d1accfebc8006345ccc93e7d71,2026-10-03,ABS website content is under Creative Commons Attribution 4.0 International (excluding logos/Coat of Arms/third-party material); attribution to ABS required,quarterly series: span of all quarters in the file; each quarter is a row in the extraction. 
7,"Australian National Accounts: Finance and Wealth, June 2026",2026-09-24,1996-07-01,1996-09-30,1996-09-30,5232034.xlsx,https://www.abs.gov.au/statistics/economy/national-accounts/australian-national-accounts-finance-and-wealth/jun-2026/5232034.xlsx,270965,173315b08203d7f88debcf3def7713ef6f81e4d1accfebc8006345ccc93e7d71,2026-10-03,ABS website content is under Creative Commons Attribution 4.0 International (excluding logos/Coat of Arms/third-party material); attribution to ABS required,quarterly series: span of all quarters in the file; each quarter is a row in the extraction. 
7,"Australian National Accounts: Finance and Wealth, June 2026",2026-09-24,1996-10-01,1996-12-31,1996-12-31,5232034.xlsx,https://www.abs.gov.au/statistics/economy/national-accounts/australian-national-accounts-finance-and-wealth/jun-2026/5232034.xlsx,270965,173315b08203d7f88debcf3def7713ef6f81e4d1accfebc8006345ccc93e7d71,2026-10-03,ABS website content is under Creative Commons Attribution 4.0 International (excluding logos/Coat of Arms/third-party material); attribution to ABS required,quarterly series: span of all quarters in the file; each quarter is a row in the extraction. 
7,"Australian National Accounts: Finance and Wealth, June 2026",2026-09-24,1997-01-01,1997-03-31,1997-03-31,5232034.xlsx,https://www.abs.gov.au/statistics/economy/national-accounts/australian-national-accounts-finance-and-wealth/jun-2026/5232034.xlsx,270965,173315b08203d7f88debcf3def7713ef6f81e4d1accfebc8006345ccc93e7d71,2026-10-03,ABS website content is under Creative Commons Attribution 4.0 International (excluding logos/Coat of Arms/third-party material); attribution to ABS required,quarterly series: span of all quarters in the file; each quarter is a row in the extraction. 
7,"Australian National Accounts: Finance and Wealth, June 2026",2026-09-24,1997-04-01,1997-06-30,1997-06-30,5232034.xlsx,https://www.abs.gov.au/statistics/economy/national-accounts/australian-national-accounts-finance-and-wealth/jun-2026/5232034.xlsx,270965,173315b08203d7f88debcf3def7713ef6f81e4d1accfebc8006345ccc93e7d71,2026-10-03,ABS website content is under Creative Commons Attribution 4.0 International (excluding logos/Coat of Arms/third-party material); attribution to ABS required,quarterly series: span of all quarters in the file; each quarter is a row in the extraction. 
7,"Australian National Accounts: Finance and Wealth, June 2026",2026-09-24,1997-07-01,1997-09-30,1997-09-30,5232034.xlsx,https://www.abs.gov.au/statistics/economy/national-accounts/australian-national-accounts-finance-and-wealth/jun-2026/5232034.xlsx,270965,173315b08203d7f88debcf3def7713ef6f81e4d1accfebc8006345ccc93e7d71,2026-10-03,ABS website content is under Creative Commons Attribution 4.0 International (excluding logos/Coat of Arms/third-party material); attribution to ABS required,quarterly series: span of all quarters in the file; each quarter is a row in the extraction. 
7,"Australian National Accounts: Finance and Wealth, June 2026",2026-09-24,1997-10-01,1997-12-31,1997-12-31,5232034.xlsx,https://www.abs.gov.au/statistics/economy/national-accounts/australian-national-accounts-finance-and-wealth/jun-2026/5232034.xlsx,270965,173315b08203d7f88debcf3def7713ef6f81e4d1accfebc8006345ccc93e7d71,2026-10-03,ABS website content is under Creative Commons Attribution 4.0 International (excluding logos/Coat of Arms/third-party material); attribution to ABS required,quarterly series: span of all quarters in the file; each quarter is a row in the extraction. 
7,"Australian National Accounts: Finance and Wealth, June 2026",2026-09-24,1998-01-01,1998-03-31,1998-03-31,5232034.xlsx,https://www.abs.gov.au/statistics/economy/national-accounts/australian-national-accounts-finance-and-wealth/jun-2026/5232034.xlsx,270965,173315b08203d7f88debcf3def7713ef6f81e4d1accfebc8006345ccc93e7d71,2026-10-03,ABS website content is under Creative Commons Attribution 4.0 International (excluding logos/Coat of Arms/third-party material); attribution to ABS required,quarterly series: span of all quarters in the file; each quarter is a row in the extraction. 
7,"Australian National Accounts: Finance and Wealth, June 2026",2026-09-24,1998-04-01,1998-06-30,1998-06-30,5232034.xlsx,https://www.abs.gov.au/statistics/economy/national-accounts/australian-national-accounts-finance-and-wealth/jun-2026/5232034.xlsx,270965,173315b08203d7f88debcf3def7713ef6f81e4d1accfebc8006345ccc93e7d71,2026-10-03,ABS website content is under Creative Commons Attribution 4.0 International (excluding logos/Coat of Arms/third-party material); attribution to ABS required,quarterly series: span of all quarters in the file; each quarter is a row in the extraction. 
7,"Australian National Accounts: Finance and Wealth, June 2026",2026-09-24,1998-07-01,1998-09-30,1998-09-30,5232034.xlsx,https://www.abs.gov.au/statistics/economy/national-accounts/australian-national-accounts-finance-and-wealth/jun-2026/5232034.xlsx,270965,173315b08203d7f88debcf3def7713ef6f81e4d1accfebc8006345ccc93e7d71,2026-10-03,ABS website content is under Creative Commons Attribution 4.0 International (excluding logos/Coat of Arms/third-party material); attribution to ABS required,quarterly series: span of all quarters in the file; each quarter is a row in the extraction. 
7,"Australian National Accounts: Finance and Wealth, June 2026",2026-09-24,1998-10-01,1998-12-31,1998-12-31,5232034.xlsx,https://www.abs.gov.au/statistics/economy/national-accounts/australian-national-accounts-finance-and-wealth/jun-2026/5232034.xlsx,270965,173315b08203d7f88debcf3def7713ef6f81e4d1accfebc8006345ccc93e7d71,2026-10-03,ABS website content is under Creative Commons Attribution 4.0 International (excluding logos/Coat of Arms/third-party material); attribution to ABS required,quarterly series: span of all quarters in the file; each quarter is a row in the extraction. 
7,"Australian National Accounts: Finance and Wealth, June 2026",2026-09-24,1999-01-01,1999-03-31,1999-03-31,5232034.xlsx,https://www.abs.gov.au/statistics/economy/national-accounts/australian-national-accounts-finance-and-wealth/jun-2026/5232034.xlsx,270965,173315b08203d7f88debcf3def7713ef6f81e4d1accfebc8006345ccc93e7d71,2026-10-03,ABS website content is under Creative Commons Attribution 4.0 International (excluding logos/Coat of Arms/third-party material); attribution to ABS required,quarterly series: span of all quarters in the file; each quarter is a row in the extraction. 
7,"Australian National Accounts: Finance and Wealth, June 2026",2026-09-24,1999-04-01,1999-06-30,1999-06-30,5232034.xlsx,https://www.abs.gov.au/statistics/economy/national-accounts/australian-national-accounts-finance-and-wealth/jun-2026/5232034.xlsx,270965,173315b08203d7f88debcf3def7713ef6f81e4d1accfebc8006345ccc93e7d71,2026-10-03,ABS website content is under Creative Commons Attribution 4.0 International (excluding logos/Coat of Arms/third-party material); attribution to ABS required,quarterly series: span of all quarters in the file; each quarter is a row in the extraction. 
7,"Australian National Accounts: Finance and Wealth, June 2026",2026-09-24,1999-07-01,1999-09-30,1999-09-30,5232034.xlsx,https://www.abs.gov.au/statistics/economy/national-accounts/australian-national-accounts-finance-and-wealth/jun-2026/5232034.xlsx,270965,173315b08203d7f88debcf3def7713ef6f81e4d1accfebc8006345ccc93e7d71,2026-10-03,ABS website content is under Creative Commons Attribution 4.0 International (excluding logos/Coat of Arms/third-party material); attribution to ABS required,quarterly series: span of all quarters in the file; each quarter is a row in the extraction. 
7,"Australian National Accounts: Finance and Wealth, June 2026",2026-09-24,1999-10-01,1999-12-31,1999-12-31,5232034.xlsx,https://www.abs.gov.au/statistics/economy/national-accounts/australian-national-accounts-finance-and-wealth/jun-2026/5232034.xlsx,270965,173315b08203d7f88debcf3def7713ef6f81e4d1accfebc8006345ccc93e7d71,2026-10-03,ABS website content is under Creative Commons Attribution 4.0 International (excluding logos/Coat of Arms/third-party material); attribution to ABS required,quarterly series: span of all quarters in the file; each quarter is a row in the extraction. 
7,"Australian National Accounts: Finance and Wealth, June 2026",2026-09-24,2000-01-01,2000-03-31,2000-03-31,5232034.xlsx,https://www.abs.gov.au/statistics/economy/national-accounts/australian-national-accounts-finance-and-wealth/jun-2026/5232034.xlsx,270965,173315b08203d7f88debcf3def7713ef6f81e4d1accfebc8006345ccc93e7d71,2026-10-03,ABS website content is under Creative Commons Attribution 4.0 International (excluding logos/Coat of Arms/third-party material); attribution to ABS required,quarterly series: span of all quarters in the file; each quarter is a row in the extraction. 
7,"Australian National Accounts: Finance and Wealth, June 2026",2026-09-24,2000-04-01,2000-06-30,2000-06-30,5232034.xlsx,https://www.abs.gov.au/statistics/economy/national-accounts/australian-national-accounts-finance-and-wealth/jun-2026/5232034.xlsx,270965,173315b08203d7f88debcf3def7713ef6f81e4d1accfebc8006345ccc93e7d71,2026-10-03,ABS website content is under Creative Commons Attribution 4.0 International (excluding logos/Coat of Arms/third-party material); attribution to ABS required,quarterly series: span of all quarters in the file; each quarter is a row in the extraction. 
7,"Australian National Accounts: Finance and Wealth, June 2026",2026-09-24,2000-07-01,2000-09-30,2000-09-30,5232034.xlsx,https://www.abs.gov.au/statistics/economy/national-accounts/australian-national-accounts-finance-and-wealth/jun-2026/5232034.xlsx,270965,173315b08203d7f88debcf3def7713ef6f81e4d1accfebc8006345ccc93e7d71,2026-10-03,ABS website content is under Creative Commons Attribution 4.0 International (excluding logos/Coat of Arms/third-party material); attribution to ABS required,quarterly series: span of all quarters in the file; each quarter is a row in the extraction. 
7,"Australian National Accounts: Finance and Wealth, June 2026",2026-09-24,2000-10-01,2000-12-31,2000-12-31,5232034.xlsx,https://www.abs.gov.au/statistics/economy/national-accounts/australian-national-accounts-finance-and-wealth/jun-2026/5232034.xlsx,270965,173315b08203d7f88debcf3def7713ef6f81e4d1accfebc8006345ccc93e7d71,2026-10-03,ABS website content is under Creative Commons Attribution 4.0 International (excluding logos/Coat of Arms/third-party material); attribution to ABS required,quarterly series: span of all quarters in the file; each quarter is a row in the extraction. 
7,"Australian National Accounts: Finance and Wealth, June 2026",2026-09-24,2001-01-01,2001-03-31,2001-03-31,5232034.xlsx,https://www.abs.gov.au/statistics/economy/national-accounts/australian-national-accounts-finance-and-wealth/jun-2026/5232034.xlsx,270965,173315b08203d7f88debcf3def7713ef6f81e4d1accfebc8006345ccc93e7d71,2026-10-03,ABS website content is under Creative Commons Attribution 4.0 International (excluding logos/Coat of Arms/third-party material); attribution to ABS required,quarterly series: span of all quarters in the file; each quarter is a row in the extraction. 
7,"Australian National Accounts: Finance and Wealth, June 2026",2026-09-24,2001-04-01,2001-06-30,2001-06-30,5232034.xlsx,https://www.abs.gov.au/statistics/economy/national-accounts/australian-national-accounts-finance-and-wealth/jun-2026/5232034.xlsx,270965,173315b08203d7f88debcf3def7713ef6f81e4d1accfebc8006345ccc93e7d71,2026-10-03,ABS website content is under Creative Commons Attribution 4.0 International (excluding logos/Coat of Arms/third-party material); attribution to ABS required,quarterly series: span of all quarters in the file; each quarter is a row in the extraction. 
7,"Australian National Accounts: Finance and Wealth, June 2026",2026-09-24,2001-07-01,2001-09-30,2001-09-30,5232034.xlsx,https://www.abs.gov.au/statistics/economy/national-accounts/australian-national-accounts-finance-and-wealth/jun-2026/5232034.xlsx,270965,173315b08203d7f88debcf3def7713ef6f81e4d1accfebc8006345ccc93e7d71,2026-10-03,ABS website content is under Creative Commons Attribution 4.0 International (excluding logos/Coat of Arms/third-party material); attribution to ABS required,quarterly series: span of all quarters in the file; each quarter is a row in the extraction. 
7,"Australian National Accounts: Finance and Wealth, June 2026",2026-09-24,2001-10-01,2001-12-31,2001-12-31,5232034.xlsx,https://www.abs.gov.au/statistics/economy/national-accounts/australian-national-accounts-finance-and-wealth/jun-2026/5232034.xlsx,270965,173315b08203d7f88debcf3def7713ef6f81e4d1accfebc8006345ccc93e7d71,2026-10-03,ABS website content is under Creative Commons Attribution 4.0 International (excluding logos/Coat of Arms/third-party material); attribution to ABS required,quarterly series: span of all quarters in the file; each quarter is a row in the extraction. 
7,"Australian National Accounts: Finance and Wealth, June 2026",2026-09-24,2002-01-01,2002-03-31,2002-03-31,5232034.xlsx,https://www.abs.gov.au/statistics/economy/national-accounts/australian-national-accounts-finance-and-wealth/jun-2026/5232034.xlsx,270965,173315b08203d7f88debcf3def7713ef6f81e4d1accfebc8006345ccc93e7d71,2026-10-03,ABS website content is under Creative Commons Attribution 4.0 International (excluding logos/Coat of Arms/third-party material); attribution to ABS required,quarterly series: span of all quarters in the file; each quarter is a row in the extraction. 
7,"Australian National Accounts: Finance and Wealth, June 2026",2026-09-24,2002-04-01,2002-06-30,2002-06-30,5232034.xlsx,https://www.abs.gov.au/statistics/economy/national-accounts/australian-national-accounts-finance-and-wealth/jun-2026/5232034.xlsx,270965,173315b08203d7f88debcf3def7713ef6f81e4d1accfebc8006345ccc93e7d71,2026-10-03,ABS website content is under Creative Commons Attribution 4.0 International (excluding logos/Coat of Arms/third-party material); attribution to ABS required,quarterly series: span of all quarters in the file; each quarter is a row in the extraction. 
7,"Australian National Accounts: Finance and Wealth, June 2026",2026-09-24,2002-07-01,2002-09-30,2002-09-30,5232034.xlsx,https://www.abs.gov.au/statistics/economy/national-accounts/australian-national-accounts-finance-and-wealth/jun-2026/5232034.xlsx,270965,173315b08203d7f88debcf3def7713ef6f81e4d1accfebc8006345ccc93e7d71,2026-10-03,ABS website content is under Creative Commons Attribution 4.0 International (excluding logos/Coat of Arms/third-party material); attribution to ABS required,quarterly series: span of all quarters in the file; each quarter is a row in the extraction. 
7,"Australian National Accounts: Finance and Wealth, June 2026",2026-09-24,2002-10-01,2002-12-31,2002-12-31,5232034.xlsx,https://www.abs.gov.au/statistics/economy/national-accounts/australian-national-accounts-finance-and-wealth/jun-2026/5232034.xlsx,270965,173315b08203d7f88debcf3def7713ef6f81e4d1accfebc8006345ccc93e7d71,2026-10-03,ABS website content is under Creative Commons Attribution 4.0 International (excluding logos/Coat of Arms/third-party material); attribution to ABS required,quarterly series: span of all quarters in the file; each quarter is a row in the extraction. 
7,"Australian National Accounts: Finance and Wealth, June 2026",2026-09-24,2003-01-01,2003-03-31,2003-03-31,5232034.xlsx,https://www.abs.gov.au/statistics/economy/national-accounts/australian-national-accounts-finance-and-wealth/jun-2026/5232034.xlsx,270965,173315b08203d7f88debcf3def7713ef6f81e4d1accfebc8006345ccc93e7d71,2026-10-03,ABS website content is under Creative Commons Attribution 4.0 International (excluding logos/Coat of Arms/third-party material); attribution to ABS required,quarterly series: span of all quarters in the file; each quarter is a row in the extraction. 
7,"Australian National Accounts: Finance and Wealth, June 2026",2026-09-24,2003-04-01,2003-06-30,2003-06-30,5232034.xlsx,https://www.abs.gov.au/statistics/economy/national-accounts/australian-national-accounts-finance-and-wealth/jun-2026/5232034.xlsx,270965,173315b08203d7f88debcf3def7713ef6f81e4d1accfebc8006345ccc93e7d71,2026-10-03,ABS website content is under Creative Commons Attribution 4.0 International (excluding logos/Coat of Arms/third-party material); attribution to ABS required,quarterly series: span of all quarters in the file; each quarter is a row in the extraction. 
7,"Australian National Accounts: Finance and Wealth, June 2026",2026-09-24,2003-07-01,2003-09-30,2003-09-30,5232034.xlsx,https://www.abs.gov.au/statistics/economy/national-accounts/australian-national-accounts-finance-and-wealth/jun-2026/5232034.xlsx,270965,173315b08203d7f88debcf3def7713ef6f81e4d1accfebc8006345ccc93e7d71,2026-10-03,ABS website content is under Creative Commons Attribution 4.0 International (excluding logos/Coat of Arms/third-party material); attribution to ABS required,quarterly series: span of all quarters in the file; each quarter is a row in the extraction. 
7,"Australian National Accounts: Finance and Wealth, June 2026",2026-09-24,2003-10-01,2003-12-31,2003-12-31,5232034.xlsx,https://www.abs.gov.au/statistics/economy/national-accounts/australian-national-accounts-finance-and-wealth/jun-2026/5232034.xlsx,270965,173315b08203d7f88debcf3def7713ef6f81e4d1accfebc8006345ccc93e7d71,2026-10-03,ABS website content is under Creative Commons Attribution 4.0 International (excluding logos/Coat of Arms/third-party material); attribution to ABS required,quarterly series: span of all quarters in the file; each quarter is a row in the extraction. 
7,"Australian National Accounts: Finance and Wealth, June 2026",2026-09-24,2004-01-01,2004-03-31,2004-03-31,5232034.xlsx,https://www.abs.gov.au/statistics/economy/national-accounts/australian-national-accounts-finance-and-wealth/jun-2026/5232034.xlsx,270965,173315b08203d7f88debcf3def7713ef6f81e4d1accfebc8006345ccc93e7d71,2026-10-03,ABS website content is under Creative Commons Attribution 4.0 International (excluding logos/Coat of Arms/third-party material); attribution to ABS required,quarterly series: span of all quarters in the file; each quarter is a row in the extraction. 
7,"Australian National Accounts: Finance and Wealth, June 2026",2026-09-24,2004-04-01,2004-06-30,2004-06-30,5232034.xlsx,https://www.abs.gov.au/statistics/economy/national-accounts/australian-national-accounts-finance-and-wealth/jun-2026/5232034.xlsx,270965,173315b08203d7f88debcf3def7713ef6f81e4d1accfebc8006345ccc93e7d71,2026-10-03,ABS website content is under Creative Commons Attribution 4.0 International (excluding logos/Coat of Arms/third-party material); attribution to ABS required,quarterly series: span of all quarters in the file; each quarter is a row in the extraction. 
7,"Australian National Accounts: Finance and Wealth, June 2026",2026-09-24,2004-07-01,2004-09-30,2004-09-30,5232034.xlsx,https://www.abs.gov.au/statistics/economy/national-accounts/australian-national-accounts-finance-and-wealth/jun-2026/5232034.xlsx,270965,173315b08203d7f88debcf3def7713ef6f81e4d1accfebc8006345ccc93e7d71,2026-10-03,ABS website content is under Creative Commons Attribution 4.0 International (excluding logos/Coat of Arms/third-party material); attribution to ABS required,quarterly series: span of all quarters in the file; each quarter is a row in the extraction. 
7,"Australian National Accounts: Finance and Wealth, June 2026",2026-09-24,2004-10-01,2004-12-31,2004-12-31,5232034.xlsx,https://www.abs.gov.au/statistics/economy/national-accounts/australian-national-accounts-finance-and-wealth/jun-2026/5232034.xlsx,270965,173315b08203d7f88debcf3def7713ef6f81e4d1accfebc8006345ccc93e7d71,2026-10-03,ABS website content is under Creative Commons Attribution 4.0 International (excluding logos/Coat of Arms/third-party material); attribution to ABS required,quarterly series: span of all quarters in the file; each quarter is a row in the extraction. 
7,"Australian National Accounts: Finance and Wealth, June 2026",2026-09-24,2005-01-01,2005-03-31,2005-03-31,5232034.xlsx,https://www.abs.gov.au/statistics/economy/national-accounts/australian-national-accounts-finance-and-wealth/jun-2026/5232034.xlsx,270965,173315b08203d7f88debcf3def7713ef6f81e4d1accfebc8006345ccc93e7d71,2026-10-03,ABS website content is under Creative Commons Attribution 4.0 International (excluding logos/Coat of Arms/third-party material); attribution to ABS required,quarterly series: span of all quarters in the file; each quarter is a row in the extraction. 
7,"Australian National Accounts: Finance and Wealth, June 2026",2026-09-24,2005-04-01,2005-06-30,2005-06-30,5232034.xlsx,https://www.abs.gov.au/statistics/economy/national-accounts/australian-national-accounts-finance-and-wealth/jun-2026/5232034.xlsx,270965,173315b08203d7f88debcf3def7713ef6f81e4d1accfebc8006345ccc93e7d71,2026-10-03,ABS website content is under Creative Commons Attribution 4.0 International (excluding logos/Coat of Arms/third-party material); attribution to ABS required,quarterly series: span of all quarters in the file; each quarter is a row in the extraction. 
7,"Australian National Accounts: Finance and Wealth, June 2026",2026-09-24,2005-07-01,2005-09-30,2005-09-30,5232034.xlsx,https://www.abs.gov.au/statistics/economy/national-accounts/australian-national-accounts-finance-and-wealth/jun-2026/5232034.xlsx,270965,173315b08203d7f88debcf3def7713ef6f81e4d1accfebc8006345ccc93e7d71,2026-10-03,ABS website content is under Creative Commons Attribution 4.0 International (excluding logos/Coat of Arms/third-party material); attribution to ABS required,quarterly series: span of all quarters in the file; each quarter is a row in the extraction. 
7,"Australian National Accounts: Finance and Wealth, June 2026",2026-09-24,2005-10-01,2005-12-31,2005-12-31,5232034.xlsx,https://www.abs.gov.au/statistics/economy/national-accounts/australian-national-accounts-finance-and-wealth/jun-2026/5232034.xlsx,270965,173315b08203d7f88debcf3def7713ef6f81e4d1accfebc8006345ccc93e7d71,2026-10-03,ABS website content is under Creative Commons Attribution 4.0 International (excluding logos/Coat of Arms/third-party material); attribution to ABS required,quarterly series: span of all quarters in the file; each quarter is a row in the extraction. 
7,"Australian National Accounts: Finance and Wealth, June 2026",2026-09-24,2006-01-01,2006-03-31,2006-03-31,5232034.xlsx,https://www.abs.gov.au/statistics/economy/national-accounts/australian-national-accounts-finance-and-wealth/jun-2026/5232034.xlsx,270965,173315b08203d7f88debcf3def7713ef6f81e4d1accfebc8006345ccc93e7d71,2026-10-03,ABS website content is under Creative Commons Attribution 4.0 International (excluding logos/Coat of Arms/third-party material); attribution to ABS required,quarterly series: span of all quarters in the file; each quarter is a row in the extraction. 
7,"Australian National Accounts: Finance and Wealth, June 2026",2026-09-24,2006-04-01,2006-06-30,2006-06-30,5232034.xlsx,https://www.abs.gov.au/statistics/economy/national-accounts/australian-national-accounts-finance-and-wealth/jun-2026/5232034.xlsx,270965,173315b08203d7f88debcf3def7713ef6f81e4d1accfebc8006345ccc93e7d71,2026-10-03,ABS website content is under Creative Commons Attribution 4.0 International (excluding logos/Coat of Arms/third-party material); attribution to ABS required,quarterly series: span of all quarters in the file; each quarter is a row in the extraction. 
7,"Australian National Accounts: Finance and Wealth, June 2026",2026-09-24,2006-07-01,2006-09-30,2006-09-30,5232034.xlsx,https://www.abs.gov.au/statistics/economy/national-accounts/australian-national-accounts-finance-and-wealth/jun-2026/5232034.xlsx,270965,173315b08203d7f88debcf3def7713ef6f81e4d1accfebc8006345ccc93e7d71,2026-10-03,ABS website content is under Creative Commons Attribution 4.0 International (excluding logos/Coat of Arms/third-party material); attribution to ABS required,quarterly series: span of all quarters in the file; each quarter is a row in the extraction. 
7,"Australian National Accounts: Finance and Wealth, June 2026",2026-09-24,2006-10-01,2006-12-31,2006-12-31,5232034.xlsx,https://www.abs.gov.au/statistics/economy/national-accounts/australian-national-accounts-finance-and-wealth/jun-2026/5232034.xlsx,270965,173315b08203d7f88debcf3def7713ef6f81e4d1accfebc8006345ccc93e7d71,2026-10-03,ABS website content is under Creative Commons Attribution 4.0 International (excluding logos/Coat of Arms/third-party material); attribution to ABS required,quarterly series: span of all quarters in the file; each quarter is a row in the extraction. 
7,"Australian National Accounts: Finance and Wealth, June 2026",2026-09-24,2007-01-01,2007-03-31,2007-03-31,5232034.xlsx,https://www.abs.gov.au/statistics/economy/national-accounts/australian-national-accounts-finance-and-wealth/jun-2026/5232034.xlsx,270965,173315b08203d7f88debcf3def7713ef6f81e4d1accfebc8006345ccc93e7d71,2026-10-03,ABS website content is under Creative Commons Attribution 4.0 International (excluding logos/Coat of Arms/third-party material); attribution to ABS required,quarterly series: span of all quarters in the file; each quarter is a row in the extraction. 
7,"Australian National Accounts: Finance and Wealth, June 2026",2026-09-24,2007-04-01,2007-06-30,2007-06-30,5232034.xlsx,https://www.abs.gov.au/statistics/economy/national-accounts/australian-national-accounts-finance-and-wealth/jun-2026/5232034.xlsx,270965,173315b08203d7f88debcf3def7713ef6f81e4d1accfebc8006345ccc93e7d71,2026-10-03,ABS website content is under Creative Commons Attribution 4.0 International (excluding logos/Coat of Arms/third-party material); attribution to ABS required,quarterly series: span of all quarters in the file; each quarter is a row in the extraction. 
7,"Australian National Accounts: Finance and Wealth, June 2026",2026-09-24,2007-07-01,2007-09-30,2007-09-30,5232034.xlsx,https://www.abs.gov.au/statistics/economy/national-accounts/australian-national-accounts-finance-and-wealth/jun-2026/5232034.xlsx,270965,173315b08203d7f88debcf3def7713ef6f81e4d1accfebc8006345ccc93e7d71,2026-10-03,ABS website content is under Creative Commons Attribution 4.0 International (excluding logos/Coat of Arms/third-party material); attribution to ABS required,quarterly series: span of all quarters in the file; each quarter is a row in the extraction. 
7,"Australian National Accounts: Finance and Wealth, June 2026",2026-09-24,2007-10-01,2007-12-31,2007-12-31,5232034.xlsx,https://www.abs.gov.au/statistics/economy/national-accounts/australian-national-accounts-finance-and-wealth/jun-2026/5232034.xlsx,270965,173315b08203d7f88debcf3def7713ef6f81e4d1accfebc8006345ccc93e7d71,2026-10-03,ABS website content is under Creative Commons Attribution 4.0 International (excluding logos/Coat of Arms/third-party material); attribution to ABS required,quarterly series: span of all quarters in the file; each quarter is a row in the extraction. 
7,"Australian National Accounts: Finance and Wealth, June 2026",2026-09-24,2008-01-01,2008-03-31,2008-03-31,5232034.xlsx,https://www.abs.gov.au/statistics/economy/national-accounts/australian-national-accounts-finance-and-wealth/jun-2026/5232034.xlsx,270965,173315b08203d7f88debcf3def7713ef6f81e4d1accfebc8006345ccc93e7d71,2026-10-03,ABS website content is under Creative Commons Attribution 4.0 International (excluding logos/Coat of Arms/third-party material); attribution to ABS required,quarterly series: span of all quarters in the file; each quarter is a row in the extraction. 
7,"Australian National Accounts: Finance and Wealth, June 2026",2026-09-24,2008-04-01,2008-06-30,2008-06-30,5232034.xlsx,https://www.abs.gov.au/statistics/economy/national-accounts/australian-national-accounts-finance-and-wealth/jun-2026/5232034.xlsx,270965,173315b08203d7f88debcf3def7713ef6f81e4d1accfebc8006345ccc93e7d71,2026-10-03,ABS website content is under Creative Commons Attribution 4.0 International (excluding logos/Coat of Arms/third-party material); attribution to ABS required,quarterly series: span of all quarters in the file; each quarter is a row in the extraction. 
7,"Australian National Accounts: Finance and Wealth, June 2026",2026-09-24,2008-07-01,2008-09-30,2008-09-30,5232034.xlsx,https://www.abs.gov.au/statistics/economy/national-accounts/australian-national-accounts-finance-and-wealth/jun-2026/5232034.xlsx,270965,173315b08203d7f88debcf3def7713ef6f81e4d1accfebc8006345ccc93e7d71,2026-10-03,ABS website content is under Creative Commons Attribution 4.0 International (excluding logos/Coat of Arms/third-party material); attribution to ABS required,quarterly series: span of all quarters in the file; each quarter is a row in the extraction. 
7,"Australian National Accounts: Finance and Wealth, June 2026",2026-09-24,2008-10-01,2008-12-31,2008-12-31,5232034.xlsx,https://www.abs.gov.au/statistics/economy/national-accounts/australian-national-accounts-finance-and-wealth/jun-2026/5232034.xlsx,270965,173315b08203d7f88debcf3def7713ef6f81e4d1accfebc8006345ccc93e7d71,2026-10-03,ABS website content is under Creative Commons Attribution 4.0 International (excluding logos/Coat of Arms/third-party material); attribution to ABS required,quarterly series: span of all quarters in the file; each quarter is a row in the extraction. 
7,"Australian National Accounts: Finance and Wealth, June 2026",2026-09-24,2009-01-01,2009-03-31,2009-03-31,5232034.xlsx,https://www.abs.gov.au/statistics/economy/national-accounts/australian-national-accounts-finance-and-wealth/jun-2026/5232034.xlsx,270965,173315b08203d7f88debcf3def7713ef6f81e4d1accfebc8006345ccc93e7d71,2026-10-03,ABS website content is under Creative Commons Attribution 4.0 International (excluding logos/Coat of Arms/third-party material); attribution to ABS required,quarterly series: span of all quarters in the file; each quarter is a row in the extraction. 
7,"Australian National Accounts: Finance and Wealth, June 2026",2026-09-24,2009-04-01,2009-06-30,2009-06-30,5232034.xlsx,https://www.abs.gov.au/statistics/economy/national-accounts/australian-national-accounts-finance-and-wealth/jun-2026/5232034.xlsx,270965,173315b08203d7f88debcf3def7713ef6f81e4d1accfebc8006345ccc93e7d71,2026-10-03,ABS website content is under Creative Commons Attribution 4.0 International (excluding logos/Coat of Arms/third-party material); attribution to ABS required,quarterly series: span of all quarters in the file; each quarter is a row in the extraction. 
7,"Australian National Accounts: Finance and Wealth, June 2026",2026-09-24,2009-07-01,2009-09-30,2009-09-30,5232034.xlsx,https://www.abs.gov.au/statistics/economy/national-accounts/australian-national-accounts-finance-and-wealth/jun-2026/5232034.xlsx,270965,173315b08203d7f88debcf3def7713ef6f81e4d1accfebc8006345ccc93e7d71,2026-10-03,ABS website content is under Creative Commons Attribution 4.0 International (excluding logos/Coat of Arms/third-party material); attribution to ABS required,quarterly series: span of all quarters in the file; each quarter is a row in the extraction. 
7,"Australian National Accounts: Finance and Wealth, June 2026",2026-09-24,2009-10-01,2009-12-31,2009-12-31,5232034.xlsx,https://www.abs.gov.au/statistics/economy/national-accounts/australian-national-accounts-finance-and-wealth/jun-2026/5232034.xlsx,270965,173315b08203d7f88debcf3def7713ef6f81e4d1accfebc8006345ccc93e7d71,2026-10-03,ABS website content is under Creative Commons Attribution 4.0 International (excluding logos/Coat of Arms/third-party material); attribution to ABS required,quarterly series: span of all quarters in the file; each quarter is a row in the extraction. 
7,"Australian National Accounts: Finance and Wealth, June 2026",2026-09-24,2010-01-01,2010-03-31,2010-03-31,5232034.xlsx,https://www.abs.gov.au/statistics/economy/national-accounts/australian-national-accounts-finance-and-wealth/jun-2026/5232034.xlsx,270965,173315b08203d7f88debcf3def7713ef6f81e4d1accfebc8006345ccc93e7d71,2026-10-03,ABS website content is under Creative Commons Attribution 4.0 International (excluding logos/Coat of Arms/third-party material); attribution to ABS required,quarterly series: span of all quarters in the file; each quarter is a row in the extraction. 
7,"Australian National Accounts: Finance and Wealth, June 2026",2026-09-24,2010-04-01,2010-06-30,2010-06-30,5232034.xlsx,https://www.abs.gov.au/statistics/economy/national-accounts/australian-national-accounts-finance-and-wealth/jun-2026/5232034.xlsx,270965,173315b08203d7f88debcf3def7713ef6f81e4d1accfebc8006345ccc93e7d71,2026-10-03,ABS website content is under Creative Commons Attribution 4.0 International (excluding logos/Coat of Arms/third-party material); attribution to ABS required,quarterly series: span of all quarters in the file; each quarter is a row in the extraction. 
7,"Australian National Accounts: Finance and Wealth, June 2026",2026-09-24,2010-07-01,2010-09-30,2010-09-30,5232034.xlsx,https://www.abs.gov.au/statistics/economy/national-accounts/australian-national-accounts-finance-and-wealth/jun-2026/5232034.xlsx,270965,173315b08203d7f88debcf3def7713ef6f81e4d1accfebc8006345ccc93e7d71,2026-10-03,ABS website content is under Creative Commons Attribution 4.0 International (excluding logos/Coat of Arms/third-party material); attribution to ABS required,quarterly series: span of all quarters in the file; each quarter is a row in the extraction. 
7,"Australian National Accounts: Finance and Wealth, June 2026",2026-09-24,2010-10-01,2010-12-31,2010-12-31,5232034.xlsx,https://www.abs.gov.au/statistics/economy/national-accounts/australian-national-accounts-finance-and-wealth/jun-2026/5232034.xlsx,270965,173315b08203d7f88debcf3def7713ef6f81e4d1accfebc8006345ccc93e7d71,2026-10-03,ABS website content is under Creative Commons Attribution 4.0 International (excluding logos/Coat of Arms/third-party material); attribution to ABS required,quarterly series: span of all quarters in the file; each quarter is a row in the extraction. 
7,"Australian National Accounts: Finance and Wealth, June 2026",2026-09-24,2011-01-01,2011-03-31,2011-03-31,5232034.xlsx,https://www.abs.gov.au/statistics/economy/national-accounts/australian-national-accounts-finance-and-wealth/jun-2026/5232034.xlsx,270965,173315b08203d7f88debcf3def7713ef6f81e4d1accfebc8006345ccc93e7d71,2026-10-03,ABS website content is under Creative Commons Attribution 4.0 International (excluding logos/Coat of Arms/third-party material); attribution to ABS required,quarterly series: span of all quarters in the file; each quarter is a row in the extraction. 
7,"Australian National Accounts: Finance and Wealth, June 2026",2026-09-24,2011-04-01,2011-06-30,2011-06-30,5232034.xlsx,https://www.abs.gov.au/statistics/economy/national-accounts/australian-national-accounts-finance-and-wealth/jun-2026/5232034.xlsx,270965,173315b08203d7f88debcf3def7713ef6f81e4d1accfebc8006345ccc93e7d71,2026-10-03,ABS website content is under Creative Commons Attribution 4.0 International (excluding logos/Coat of Arms/third-party material); attribution to ABS required,quarterly series: span of all quarters in the file; each quarter is a row in the extraction. 
7,"Australian National Accounts: Finance and Wealth, June 2026",2026-09-24,2011-07-01,2011-09-30,2011-09-30,5232034.xlsx,https://www.abs.gov.au/statistics/economy/national-accounts/australian-national-accounts-finance-and-wealth/jun-2026/5232034.xlsx,270965,173315b08203d7f88debcf3def7713ef6f81e4d1accfebc8006345ccc93e7d71,2026-10-03,ABS website content is under Creative Commons Attribution 4.0 International (excluding logos/Coat of Arms/third-party material); attribution to ABS required,quarterly series: span of all quarters in the file; each quarter is a row in the extraction. 
7,"Australian National Accounts: Finance and Wealth, June 2026",2026-09-24,2011-10-01,2011-12-31,2011-12-31,5232034.xlsx,https://www.abs.gov.au/statistics/economy/national-accounts/australian-national-accounts-finance-and-wealth/jun-2026/5232034.xlsx,270965,173315b08203d7f88debcf3def7713ef6f81e4d1accfebc8006345ccc93e7d71,2026-10-03,ABS website content is under Creative Commons Attribution 4.0 International (excluding logos/Coat of Arms/third-party material); attribution to ABS required,quarterly series: span of all quarters in the file; each quarter is a row in the extraction. 
7,"Australian National Accounts: Finance and Wealth, June 2026",2026-09-24,2012-01-01,2012-03-31,2012-03-31,5232034.xlsx,https://www.abs.gov.au/statistics/economy/national-accounts/australian-national-accounts-finance-and-wealth/jun-2026/5232034.xlsx,270965,173315b08203d7f88debcf3def7713ef6f81e4d1accfebc8006345ccc93e7d71,2026-10-03,ABS website content is under Creative Commons Attribution 4.0 International (excluding logos/Coat of Arms/third-party material); attribution to ABS required,quarterly series: span of all quarters in the file; each quarter is a row in the extraction. 
7,"Australian National Accounts: Finance and Wealth, June 2026",2026-09-24,2012-04-01,2012-06-30,2012-06-30,5232034.xlsx,https://www.abs.gov.au/statistics/economy/national-accounts/australian-national-accounts-finance-and-wealth/jun-2026/5232034.xlsx,270965,173315b08203d7f88debcf3def7713ef6f81e4d1accfebc8006345ccc93e7d71,2026-10-03,ABS website content is under Creative Commons Attribution 4.0 International (excluding logos/Coat of Arms/third-party material); attribution to ABS required,quarterly series: span of all quarters in the file; each quarter is a row in the extraction. 
7,"Australian National Accounts: Finance and Wealth, June 2026",2026-09-24,2012-07-01,2012-09-30,2012-09-30,5232034.xlsx,https://www.abs.gov.au/statistics/economy/national-accounts/australian-national-accounts-finance-and-wealth/jun-2026/5232034.xlsx,270965,173315b08203d7f88debcf3def7713ef6f81e4d1accfebc8006345ccc93e7d71,2026-10-03,ABS website content is under Creative Commons Attribution 4.0 International (excluding logos/Coat of Arms/third-party material); attribution to ABS required,quarterly series: span of all quarters in the file; each quarter is a row in the extraction. 
7,"Australian National Accounts: Finance and Wealth, June 2026",2026-09-24,2012-10-01,2012-12-31,2012-12-31,5232034.xlsx,https://www.abs.gov.au/statistics/economy/national-accounts/australian-national-accounts-finance-and-wealth/jun-2026/5232034.xlsx,270965,173315b08203d7f88debcf3def7713ef6f81e4d1accfebc8006345ccc93e7d71,2026-10-03,ABS website content is under Creative Commons Attribution 4.0 International (excluding logos/Coat of Arms/third-party material); attribution to ABS required,quarterly series: span of all quarters in the file; each quarter is a row in the extraction. 
7,"Australian National Accounts: Finance and Wealth, June 2026",2026-09-24,2013-01-01,2013-03-31,2013-03-31,5232034.xlsx,https://www.abs.gov.au/statistics/economy/national-accounts/australian-national-accounts-finance-and-wealth/jun-2026/5232034.xlsx,270965,173315b08203d7f88debcf3def7713ef6f81e4d1accfebc8006345ccc93e7d71,2026-10-03,ABS website content is under Creative Commons Attribution 4.0 International (excluding logos/Coat of Arms/third-party material); attribution to ABS required,quarterly series: span of all quarters in the file; each quarter is a row in the extraction. 
7,"Australian National Accounts: Finance and Wealth, June 2026",2026-09-24,2013-04-01,2013-06-30,2013-06-30,5232034.xlsx,https://www.abs.gov.au/statistics/economy/national-accounts/australian-national-accounts-finance-and-wealth/jun-2026/5232034.xlsx,270965,173315b08203d7f88debcf3def7713ef6f81e4d1accfebc8006345ccc93e7d71,2026-10-03,ABS website content is under Creative Commons Attribution 4.0 International (excluding logos/Coat of Arms/third-party material); attribution to ABS required,quarterly series: span of all quarters in the file; each quarter is a row in the extraction. 
7,"Australian National Accounts: Finance and Wealth, June 2026",2026-09-24,2013-07-01,2013-09-30,2013-09-30,5232034.xlsx,https://www.abs.gov.au/statistics/economy/national-accounts/australian-national-accounts-finance-and-wealth/jun-2026/5232034.xlsx,270965,173315b08203d7f88debcf3def7713ef6f81e4d1accfebc8006345ccc93e7d71,2026-10-03,ABS website content is under Creative Commons Attribution 4.0 International (excluding logos/Coat of Arms/third-party material); attribution to ABS required,quarterly series: span of all quarters in the file; each quarter is a row in the extraction. 
7,"Australian National Accounts: Finance and Wealth, June 2026",2026-09-24,2013-10-01,2013-12-31,2013-12-31,5232034.xlsx,https://www.abs.gov.au/statistics/economy/national-accounts/australian-national-accounts-finance-and-wealth/jun-2026/5232034.xlsx,270965,173315b08203d7f88debcf3def7713ef6f81e4d1accfebc8006345ccc93e7d71,2026-10-03,ABS website content is under Creative Commons Attribution 4.0 International (excluding logos/Coat of Arms/third-party material); attribution to ABS required,quarterly series: span of all quarters in the file; each quarter is a row in the extraction. 
7,"Australian National Accounts: Finance and Wealth, June 2026",2026-09-24,2014-01-01,2014-03-31,2014-03-31,5232034.xlsx,https://www.abs.gov.au/statistics/economy/national-accounts/australian-national-accounts-finance-and-wealth/jun-2026/5232034.xlsx,270965,173315b08203d7f88debcf3def7713ef6f81e4d1accfebc8006345ccc93e7d71,2026-10-03,ABS website content is under Creative Commons Attribution 4.0 International (excluding logos/Coat of Arms/third-party material); attribution to ABS required,quarterly series: span of all quarters in the file; each quarter is a row in the extraction. 
7,"Australian National Accounts: Finance and Wealth, June 2026",2026-09-24,2014-04-01,2014-06-30,2014-06-30,5232034.xlsx,https://www.abs.gov.au/statistics/economy/national-accounts/australian-national-accounts-finance-and-wealth/jun-2026/5232034.xlsx,270965,173315b08203d7f88debcf3def7713ef6f81e4d1accfebc8006345ccc93e7d71,2026-10-03,ABS website content is under Creative Commons Attribution 4.0 International (excluding logos/Coat of Arms/third-party material); attribution to ABS required,quarterly series: span of all quarters in the file; each quarter is a row in the extraction. 
7,"Australian National Accounts: Finance and Wealth, June 2026",2026-09-24,2014-07-01,2014-09-30,2014-09-30,5232034.xlsx,https://www.abs.gov.au/statistics/economy/national-accounts/australian-national-accounts-finance-and-wealth/jun-2026/5232034.xlsx,270965,173315b08203d7f88debcf3def7713ef6f81e4d1accfebc8006345ccc93e7d71,2026-10-03,ABS website content is under Creative Commons Attribution 4.0 International (excluding logos/Coat of Arms/third-party material); attribution to ABS required,quarterly series: span of all quarters in the file; each quarter is a row in the extraction. 
7,"Australian National Accounts: Finance and Wealth, June 2026",2026-09-24,2014-10-01,2014-12-31,2014-12-31,5232034.xlsx,https://www.abs.gov.au/statistics/economy/national-accounts/australian-national-accounts-finance-and-wealth/jun-2026/5232034.xlsx,270965,173315b08203d7f88debcf3def7713ef6f81e4d1accfebc8006345ccc93e7d71,2026-10-03,ABS website content is under Creative Commons Attribution 4.0 International (excluding logos/Coat of Arms/third-party material); attribution to ABS required,quarterly series: span of all quarters in the file; each quarter is a row in the extraction. 
7,"Australian National Accounts: Finance and Wealth, June 2026",2026-09-24,2015-01-01,2015-03-31,2015-03-31,5232034.xlsx,https://www.abs.gov.au/statistics/economy/national-accounts/australian-national-accounts-finance-and-wealth/jun-2026/5232034.xlsx,270965,173315b08203d7f88debcf3def7713ef6f81e4d1accfebc8006345ccc93e7d71,2026-10-03,ABS website content is under Creative Commons Attribution 4.0 International (excluding logos/Coat of Arms/third-party material); attribution to ABS required,quarterly series: span of all quarters in the file; each quarter is a row in the extraction. 
7,"Australian National Accounts: Finance and Wealth, June 2026",2026-09-24,2015-04-01,2015-06-30,2015-06-30,5232034.xlsx,https://www.abs.gov.au/statistics/economy/national-accounts/australian-national-accounts-finance-and-wealth/jun-2026/5232034.xlsx,270965,173315b08203d7f88debcf3def7713ef6f81e4d1accfebc8006345ccc93e7d71,2026-10-03,ABS website content is under Creative Commons Attribution 4.0 International (excluding logos/Coat of Arms/third-party material); attribution to ABS required,quarterly series: span of all quarters in the file; each quarter is a row in the extraction. 
7,"Australian National Accounts: Finance and Wealth, June 2026",2026-09-24,2015-07-01,2015-09-30,2015-09-30,5232034.xlsx,https://www.abs.gov.au/statistics/economy/national-accounts/australian-national-accounts-finance-and-wealth/jun-2026/5232034.xlsx,270965,173315b08203d7f88debcf3def7713ef6f81e4d1accfebc8006345ccc93e7d71,2026-10-03,ABS website content is under Creative Commons Attribution 4.0 International (excluding logos/Coat of Arms/third-party material); attribution to ABS required,quarterly series: span of all quarters in the file; each quarter is a row in the extraction. 
7,"Australian National Accounts: Finance and Wealth, June 2026",2026-09-24,2015-10-01,2015-12-31,2015-12-31,5232034.xlsx,https://www.abs.gov.au/statistics/economy/national-accounts/australian-national-accounts-finance-and-wealth/jun-2026/5232034.xlsx,270965,173315b08203d7f88debcf3def7713ef6f81e4d1accfebc8006345ccc93e7d71,2026-10-03,ABS website content is under Creative Commons Attribution 4.0 International (excluding logos/Coat of Arms/third-party material); attribution to ABS required,quarterly series: span of all quarters in the file; each quarter is a row in the extraction. 
7,"Australian National Accounts: Finance and Wealth, June 2026",2026-09-24,2016-01-01,2016-03-31,2016-03-31,5232034.xlsx,https://www.abs.gov.au/statistics/economy/national-accounts/australian-national-accounts-finance-and-wealth/jun-2026/5232034.xlsx,270965,173315b08203d7f88debcf3def7713ef6f81e4d1accfebc8006345ccc93e7d71,2026-10-03,ABS website content is under Creative Commons Attribution 4.0 International (excluding logos/Coat of Arms/third-party material); attribution to ABS required,quarterly series: span of all quarters in the file; each quarter is a row in the extraction. 
7,"Australian National Accounts: Finance and Wealth, June 2026",2026-09-24,2016-04-01,2016-06-30,2016-06-30,5232034.xlsx,https://www.abs.gov.au/statistics/economy/national-accounts/australian-national-accounts-finance-and-wealth/jun-2026/5232034.xlsx,270965,173315b08203d7f88debcf3def7713ef6f81e4d1accfebc8006345ccc93e7d71,2026-10-03,ABS website content is under Creative Commons Attribution 4.0 International (excluding logos/Coat of Arms/third-party material); attribution to ABS required,quarterly series: span of all quarters in the file; each quarter is a row in the extraction. 
7,"Australian National Accounts: Finance and Wealth, June 2026",2026-09-24,2016-07-01,2016-09-30,2016-09-30,5232034.xlsx,https://www.abs.gov.au/statistics/economy/national-accounts/australian-national-accounts-finance-and-wealth/jun-2026/5232034.xlsx,270965,173315b08203d7f88debcf3def7713ef6f81e4d1accfebc8006345ccc93e7d71,2026-10-03,ABS website content is under Creative Commons Attribution 4.0 International (excluding logos/Coat of Arms/third-party material); attribution to ABS required,quarterly series: span of all quarters in the file; each quarter is a row in the extraction. 
7,"Australian National Accounts: Finance and Wealth, June 2026",2026-09-24,2016-10-01,2016-12-31,2016-12-31,5232034.xlsx,https://www.abs.gov.au/statistics/economy/national-accounts/australian-national-accounts-finance-and-wealth/jun-2026/5232034.xlsx,270965,173315b08203d7f88debcf3def7713ef6f81e4d1accfebc8006345ccc93e7d71,2026-10-03,ABS website content is under Creative Commons Attribution 4.0 International (excluding logos/Coat of Arms/third-party material); attribution to ABS required,quarterly series: span of all quarters in the file; each quarter is a row in the extraction. 
7,"Australian National Accounts: Finance and Wealth, June 2026",2026-09-24,2017-01-01,2017-03-31,2017-03-31,5232034.xlsx,https://www.abs.gov.au/statistics/economy/national-accounts/australian-national-accounts-finance-and-wealth/jun-2026/5232034.xlsx,270965,173315b08203d7f88debcf3def7713ef6f81e4d1accfebc8006345ccc93e7d71,2026-10-03,ABS website content is under Creative Commons Attribution 4.0 International (excluding logos/Coat of Arms/third-party material); attribution to ABS required,quarterly series: span of all quarters in the file; each quarter is a row in the extraction. 
7,"Australian National Accounts: Finance and Wealth, June 2026",2026-09-24,2017-04-01,2017-06-30,2017-06-30,5232034.xlsx,https://www.abs.gov.au/statistics/economy/national-accounts/australian-national-accounts-finance-and-wealth/jun-2026/5232034.xlsx,270965,173315b08203d7f88debcf3def7713ef6f81e4d1accfebc8006345ccc93e7d71,2026-10-03,ABS website content is under Creative Commons Attribution 4.0 International (excluding logos/Coat of Arms/third-party material); attribution to ABS required,quarterly series: span of all quarters in the file; each quarter is a row in the extraction. 
7,"Australian National Accounts: Finance and Wealth, June 2026",2026-09-24,2017-07-01,2017-09-30,2017-09-30,5232034.xlsx,https://www.abs.gov.au/statistics/economy/national-accounts/australian-national-accounts-finance-and-wealth/jun-2026/5232034.xlsx,270965,173315b08203d7f88debcf3def7713ef6f81e4d1accfebc8006345ccc93e7d71,2026-10-03,ABS website content is under Creative Commons Attribution 4.0 International (excluding logos/Coat of Arms/third-party material); attribution to ABS required,quarterly series: span of all quarters in the file; each quarter is a row in the extraction. 
7,"Australian National Accounts: Finance and Wealth, June 2026",2026-09-24,2017-10-01,2017-12-31,2017-12-31,5232034.xlsx,https://www.abs.gov.au/statistics/economy/national-accounts/australian-national-accounts-finance-and-wealth/jun-2026/5232034.xlsx,270965,173315b08203d7f88debcf3def7713ef6f81e4d1accfebc8006345ccc93e7d71,2026-10-03,ABS website content is under Creative Commons Attribution 4.0 International (excluding logos/Coat of Arms/third-party material); attribution to ABS required,quarterly series: span of all quarters in the file; each quarter is a row in the extraction. 
7,"Australian National Accounts: Finance and Wealth, June 2026",2026-09-24,2018-01-01,2018-03-31,2018-03-31,5232034.xlsx,https://www.abs.gov.au/statistics/economy/national-accounts/australian-national-accounts-finance-and-wealth/jun-2026/5232034.xlsx,270965,173315b08203d7f88debcf3def7713ef6f81e4d1accfebc8006345ccc93e7d71,2026-10-03,ABS website content is under Creative Commons Attribution 4.0 International (excluding logos/Coat of Arms/third-party material); attribution to ABS required,quarterly series: span of all quarters in the file; each quarter is a row in the extraction. 
7,"Australian National Accounts: Finance and Wealth, June 2026",2026-09-24,2018-04-01,2018-06-30,2018-06-30,5232034.xlsx,https://www.abs.gov.au/statistics/economy/national-accounts/australian-national-accounts-finance-and-wealth/jun-2026/5232034.xlsx,270965,173315b08203d7f88debcf3def7713ef6f81e4d1accfebc8006345ccc93e7d71,2026-10-03,ABS website content is under Creative Commons Attribution 4.0 International (excluding logos/Coat of Arms/third-party material); attribution to ABS required,quarterly series: span of all quarters in the file; each quarter is a row in the extraction. 
7,"Australian National Accounts: Finance and Wealth, June 2026",2026-09-24,2018-07-01,2018-09-30,2018-09-30,5232034.xlsx,https://www.abs.gov.au/statistics/economy/national-accounts/australian-national-accounts-finance-and-wealth/jun-2026/5232034.xlsx,270965,173315b08203d7f88debcf3def7713ef6f81e4d1accfebc8006345ccc93e7d71,2026-10-03,ABS website content is under Creative Commons Attribution 4.0 International (excluding logos/Coat of Arms/third-party material); attribution to ABS required,quarterly series: span of all quarters in the file; each quarter is a row in the extraction. 
7,"Australian National Accounts: Finance and Wealth, June 2026",2026-09-24,2018-10-01,2018-12-31,2018-12-31,5232034.xlsx,https://www.abs.gov.au/statistics/economy/national-accounts/australian-national-accounts-finance-and-wealth/jun-2026/5232034.xlsx,270965,173315b08203d7f88debcf3def7713ef6f81e4d1accfebc8006345ccc93e7d71,2026-10-03,ABS website content is under Creative Commons Attribution 4.0 International (excluding logos/Coat of Arms/third-party material); attribution to ABS required,quarterly series: span of all quarters in the file; each quarter is a row in the extraction. 
7,"Australian National Accounts: Finance and Wealth, June 2026",2026-09-24,2019-01-01,2019-03-31,2019-03-31,5232034.xlsx,https://www.abs.gov.au/statistics/economy/national-accounts/australian-national-accounts-finance-and-wealth/jun-2026/5232034.xlsx,270965,173315b08203d7f88debcf3def7713ef6f81e4d1accfebc8006345ccc93e7d71,2026-10-03,ABS website content is under Creative Commons Attribution 4.0 International (excluding logos/Coat of Arms/third-party material); attribution to ABS required,quarterly series: span of all quarters in the file; each quarter is a row in the extraction. 
7,"Australian National Accounts: Finance and Wealth, June 2026",2026-09-24,2019-04-01,2019-06-30,2019-06-30,5232034.xlsx,https://www.abs.gov.au/statistics/economy/national-accounts/australian-national-accounts-finance-and-wealth/jun-2026/5232034.xlsx,270965,173315b08203d7f88debcf3def7713ef6f81e4d1accfebc8006345ccc93e7d71,2026-10-03,ABS website content is under Creative Commons Attribution 4.0 International (excluding logos/Coat of Arms/third-party material); attribution to ABS required,quarterly series: span of all quarters in the file; each quarter is a row in the extraction. 
7,"Australian National Accounts: Finance and Wealth, June 2026",2026-09-24,2019-07-01,2019-09-30,2019-09-30,5232034.xlsx,https://www.abs.gov.au/statistics/economy/national-accounts/australian-national-accounts-finance-and-wealth/jun-2026/5232034.xlsx,270965,173315b08203d7f88debcf3def7713ef6f81e4d1accfebc8006345ccc93e7d71,2026-10-03,ABS website content is under Creative Commons Attribution 4.0 International (excluding logos/Coat of Arms/third-party material); attribution to ABS required,quarterly series: span of all quarters in the file; each quarter is a row in the extraction. 
7,"Australian National Accounts: Finance and Wealth, June 2026",2026-09-24,2019-10-01,2019-12-31,2019-12-31,5232034.xlsx,https://www.abs.gov.au/statistics/economy/national-accounts/australian-national-accounts-finance-and-wealth/jun-2026/5232034.xlsx,270965,173315b08203d7f88debcf3def7713ef6f81e4d1accfebc8006345ccc93e7d71,2026-10-03,ABS website content is under Creative Commons Attribution 4.0 International (excluding logos/Coat of Arms/third-party material); attribution to ABS required,quarterly series: span of all quarters in the file; each quarter is a row in the extraction. 
7,"Australian National Accounts: Finance and Wealth, June 2026",2026-09-24,2020-01-01,2020-03-31,2020-03-31,5232034.xlsx,https://www.abs.gov.au/statistics/economy/national-accounts/australian-national-accounts-finance-and-wealth/jun-2026/5232034.xlsx,270965,173315b08203d7f88debcf3def7713ef6f81e4d1accfebc8006345ccc93e7d71,2026-10-03,ABS website content is under Creative Commons Attribution 4.0 International (excluding logos/Coat of Arms/third-party material); attribution to ABS required,quarterly series: span of all quarters in the file; each quarter is a row in the extraction. 
7,"Australian National Accounts: Finance and Wealth, June 2026",2026-09-24,2020-04-01,2020-06-30,2020-06-30,5232034.xlsx,https://www.abs.gov.au/statistics/economy/national-accounts/australian-national-accounts-finance-and-wealth/jun-2026/5232034.xlsx,270965,173315b08203d7f88debcf3def7713ef6f81e4d1accfebc8006345ccc93e7d71,2026-10-03,ABS website content is under Creative Commons Attribution 4.0 International (excluding logos/Coat of Arms/third-party material); attribution to ABS required,quarterly series: span of all quarters in the file; each quarter is a row in the extraction. 
7,"Australian National Accounts: Finance and Wealth, June 2026",2026-09-24,2020-07-01,2020-09-30,2020-09-30,5232034.xlsx,https://www.abs.gov.au/statistics/economy/national-accounts/australian-national-accounts-finance-and-wealth/jun-2026/5232034.xlsx,270965,173315b08203d7f88debcf3def7713ef6f81e4d1accfebc8006345ccc93e7d71,2026-10-03,ABS website content is under Creative Commons Attribution 4.0 International (excluding logos/Coat of Arms/third-party material); attribution to ABS required,quarterly series: span of all quarters in the file; each quarter is a row in the extraction. 
7,"Australian National Accounts: Finance and Wealth, June 2026",2026-09-24,2020-10-01,2020-12-31,2020-12-31,5232034.xlsx,https://www.abs.gov.au/statistics/economy/national-accounts/australian-national-accounts-finance-and-wealth/jun-2026/5232034.xlsx,270965,173315b08203d7f88debcf3def7713ef6f81e4d1accfebc8006345ccc93e7d71,2026-10-03,ABS website content is under Creative Commons Attribution 4.0 International (excluding logos/Coat of Arms/third-party material); attribution to ABS required,quarterly series: span of all quarters in the file; each quarter is a row in the extraction. 
7,"Australian National Accounts: Finance and Wealth, June 2026",2026-09-24,2021-01-01,2021-03-31,2021-03-31,5232034.xlsx,https://www.abs.gov.au/statistics/economy/national-accounts/australian-national-accounts-finance-and-wealth/jun-2026/5232034.xlsx,270965,173315b08203d7f88debcf3def7713ef6f81e4d1accfebc8006345ccc93e7d71,2026-10-03,ABS website content is under Creative Commons Attribution 4.0 International (excluding logos/Coat of Arms/third-party material); attribution to ABS required,quarterly series: span of all quarters in the file; each quarter is a row in the extraction. 
7,"Australian National Accounts: Finance and Wealth, June 2026",2026-09-24,2021-04-01,2021-06-30,2021-06-30,5232034.xlsx,https://www.abs.gov.au/statistics/economy/national-accounts/australian-national-accounts-finance-and-wealth/jun-2026/5232034.xlsx,270965,173315b08203d7f88debcf3def7713ef6f81e4d1accfebc8006345ccc93e7d71,2026-10-03,ABS website content is under Creative Commons Attribution 4.0 International (excluding logos/Coat of Arms/third-party material); attribution to ABS required,quarterly series: span of all quarters in the file; each quarter is a row in the extraction. 
7,"Australian National Accounts: Finance and Wealth, June 2026",2026-09-24,2021-07-01,2021-09-30,2021-09-30,5232034.xlsx,https://www.abs.gov.au/statistics/economy/national-accounts/australian-national-accounts-finance-and-wealth/jun-2026/5232034.xlsx,270965,173315b08203d7f88debcf3def7713ef6f81e4d1accfebc8006345ccc93e7d71,2026-10-03,ABS website content is under Creative Commons Attribution 4.0 International (excluding logos/Coat of Arms/third-party material); attribution to ABS required,quarterly series: span of all quarters in the file; each quarter is a row in the extraction. 
7,"Australian National Accounts: Finance and Wealth, June 2026",2026-09-24,2021-10-01,2021-12-31,2021-12-31,5232034.xlsx,https://www.abs.gov.au/statistics/economy/national-accounts/australian-national-accounts-finance-and-wealth/jun-2026/5232034.xlsx,270965,173315b08203d7f88debcf3def7713ef6f81e4d1accfebc8006345ccc93e7d71,2026-10-03,ABS website content is under Creative Commons Attribution 4.0 International (excluding logos/Coat of Arms/third-party material); attribution to ABS required,quarterly series: span of all quarters in the file; each quarter is a row in the extraction. 
7,"Australian National Accounts: Finance and Wealth, June 2026",2026-09-24,2022-01-01,2022-03-31,2022-03-31,5232034.xlsx,https://www.abs.gov.au/statistics/economy/national-accounts/australian-national-accounts-finance-and-wealth/jun-2026/5232034.xlsx,270965,173315b08203d7f88debcf3def7713ef6f81e4d1accfebc8006345ccc93e7d71,2026-10-03,ABS website content is under Creative Commons Attribution 4.0 International (excluding logos/Coat of Arms/third-party material); attribution to ABS required,quarterly series: span of all quarters in the file; each quarter is a row in the extraction. 
7,"Australian National Accounts: Finance and Wealth, June 2026",2026-09-24,2022-04-01,2022-06-30,2022-06-30,5232034.xlsx,https://www.abs.gov.au/statistics/economy/national-accounts/australian-national-accounts-finance-and-wealth/jun-2026/5232034.xlsx,270965,173315b08203d7f88debcf3def7713ef6f81e4d1accfebc8006345ccc93e7d71,2026-10-03,ABS website content is under Creative Commons Attribution 4.0 International (excluding logos/Coat of Arms/third-party material); attribution to ABS required,quarterly series: span of all quarters in the file; each quarter is a row in the extraction. 
7,"Australian National Accounts: Finance and Wealth, June 2026",2026-09-24,2022-07-01,2022-09-30,2022-09-30,5232034.xlsx,https://www.abs.gov.au/statistics/economy/national-accounts/australian-national-accounts-finance-and-wealth/jun-2026/5232034.xlsx,270965,173315b08203d7f88debcf3def7713ef6f81e4d1accfebc8006345ccc93e7d71,2026-10-03,ABS website content is under Creative Commons Attribution 4.0 International (excluding logos/Coat of Arms/third-party material); attribution to ABS required,quarterly series: span of all quarters in the file; each quarter is a row in the extraction. 
7,"Australian National Accounts: Finance and Wealth, June 2026",2026-09-24,2022-10-01,2022-12-31,2022-12-31,5232034.xlsx,https://www.abs.gov.au/statistics/economy/national-accounts/australian-national-accounts-finance-and-wealth/jun-2026/5232034.xlsx,270965,173315b08203d7f88debcf3def7713ef6f81e4d1accfebc8006345ccc93e7d71,2026-10-03,ABS website content is under Creative Commons Attribution 4.0 International (excluding logos/Coat of Arms/third-party material); attribution to ABS required,quarterly series: span of all quarters in the file; each quarter is a row in the extraction. 
7,"Australian National Accounts: Finance and Wealth, June 2026",2026-09-24,2023-01-01,2023-03-31,2023-03-31,5232034.xlsx,https://www.abs.gov.au/statistics/economy/national-accounts/australian-national-accounts-finance-and-wealth/jun-2026/5232034.xlsx,270965,173315b08203d7f88debcf3def7713ef6f81e4d1accfebc8006345ccc93e7d71,2026-10-03,ABS website content is under Creative Commons Attribution 4.0 International (excluding logos/Coat of Arms/third-party material); attribution to ABS required,quarterly series: span of all quarters in the file; each quarter is a row in the extraction. 
7,"Australian National Accounts: Finance and Wealth, June 2026",2026-09-24,2023-04-01,2023-06-30,2023-06-30,5232034.xlsx,https://www.abs.gov.au/statistics/economy/national-accounts/australian-national-accounts-finance-and-wealth/jun-2026/5232034.xlsx,270965,173315b08203d7f88debcf3def7713ef6f81e4d1accfebc8006345ccc93e7d71,2026-10-03,ABS website content is under Creative Commons Attribution 4.0 International (excluding logos/Coat of Arms/third-party material); attribution to ABS required,quarterly series: span of all quarters in the file; each quarter is a row in the extraction. 
7,"Australian National Accounts: Finance and Wealth, June 2026",2026-09-24,2023-07-01,2023-09-30,2023-09-30,5232034.xlsx,https://www.abs.gov.au/statistics/economy/national-accounts/australian-national-accounts-finance-and-wealth/jun-2026/5232034.xlsx,270965,173315b08203d7f88debcf3def7713ef6f81e4d1accfebc8006345ccc93e7d71,2026-10-03,ABS website content is under Creative Commons Attribution 4.0 International (excluding logos/Coat of Arms/third-party material); attribution to ABS required,quarterly series: span of all quarters in the file; each quarter is a row in the extraction. 
7,"Australian National Accounts: Finance and Wealth, June 2026",2026-09-24,2023-10-01,2023-12-31,2023-12-31,5232034.xlsx,https://www.abs.gov.au/statistics/economy/national-accounts/australian-national-accounts-finance-and-wealth/jun-2026/5232034.xlsx,270965,173315b08203d7f88debcf3def7713ef6f81e4d1accfebc8006345ccc93e7d71,2026-10-03,ABS website content is under Creative Commons Attribution 4.0 International (excluding logos/Coat of Arms/third-party material); attribution to ABS required,quarterly series: span of all quarters in the file; each quarter is a row in the extraction. 
7,"Australian National Accounts: Finance and Wealth, June 2026",2026-09-24,2024-01-01,2024-03-31,2024-03-31,5232034.xlsx,https://www.abs.gov.au/statistics/economy/national-accounts/australian-national-accounts-finance-and-wealth/jun-2026/5232034.xlsx,270965,173315b08203d7f88debcf3def7713ef6f81e4d1accfebc8006345ccc93e7d71,2026-10-03,ABS website content is under Creative Commons Attribution 4.0 International (excluding logos/Coat of Arms/third-party material); attribution to ABS required,quarterly series: span of all quarters in the file; each quarter is a row in the extraction. 
7,"Australian National Accounts: Finance and Wealth, June 2026",2026-09-24,2024-04-01,2024-06-30,2024-06-30,5232034.xlsx,https://www.abs.gov.au/statistics/economy/national-accounts/australian-national-accounts-finance-and-wealth/jun-2026/5232034.xlsx,270965,173315b08203d7f88debcf3def7713ef6f81e4d1accfebc8006345ccc93e7d71,2026-10-03,ABS website content is under Creative Commons Attribution 4.0 International (excluding logos/Coat of Arms/third-party material); attribution to ABS required,quarterly series: span of all quarters in the file; each quarter is a row in the extraction. 
7,"Australian National Accounts: Finance and Wealth, June 2026",2026-09-24,2024-07-01,2024-09-30,2024-09-30,5232034.xlsx,https://www.abs.gov.au/statistics/economy/national-accounts/australian-national-accounts-finance-and-wealth/jun-2026/5232034.xlsx,270965,173315b08203d7f88debcf3def7713ef6f81e4d1accfebc8006345ccc93e7d71,2026-10-03,ABS website content is under Creative Commons Attribution 4.0 International (excluding logos/Coat of Arms/third-party material); attribution to ABS required,quarterly series: span of all quarters in the file; each quarter is a row in the extraction. 
7,"Australian National Accounts: Finance and Wealth, June 2026",2026-09-24,2024-10-01,2024-12-31,2024-12-31,5232034.xlsx,https://www.abs.gov.au/statistics/economy/national-accounts/australian-national-accounts-finance-and-wealth/jun-2026/5232034.xlsx,270965,173315b08203d7f88debcf3def7713ef6f81e4d1accfebc8006345ccc93e7d71,2026-10-03,ABS website content is under Creative Commons Attribution 4.0 International (excluding logos/Coat of Arms/third-party material); attribution to ABS required,quarterly series: span of all quarters in the file; each quarter is a row in the extraction. 
7,"Australian National Accounts: Finance and Wealth, June 2026",2026-09-24,2025-01-01,2025-03-31,2025-03-31,5232034.xlsx,https://www.abs.gov.au/statistics/economy/national-accounts/australian-national-accounts-finance-and-wealth/jun-2026/5232034.xlsx,270965,173315b08203d7f88debcf3def7713ef6f81e4d1accfebc8006345ccc93e7d71,2026-10-03,ABS website content is under Creative Commons Attribution 4.0 International (excluding logos/Coat of Arms/third-party material); attribution to ABS required,quarterly series: span of all quarters in the file; each quarter is a row in the extraction. 
7,"Australian National Accounts: Finance and Wealth, June 2026",2026-09-24,2025-04-01,2025-06-30,2025-06-30,5232034.xlsx,https://www.abs.gov.au/statistics/economy/national-accounts/australian-national-accounts-finance-and-wealth/jun-2026/5232034.xlsx,270965,173315b08203d7f88debcf3def7713ef6f81e4d1accfebc8006345ccc93e7d71,2026-10-03,ABS website content is under Creative Commons Attribution 4.0 International (excluding logos/Coat of Arms/third-party material); attribution to ABS required,quarterly series: span of all quarters in the file; each quarter is a row in the extraction. 
7,"Australian National Accounts: Finance and Wealth, June 2026",2026-09-24,2025-07-01,2025-09-30,2025-09-30,5232034.xlsx,https://www.abs.gov.au/statistics/economy/national-accounts/australian-national-accounts-finance-and-wealth/jun-2026/5232034.xlsx,270965,173315b08203d7f88debcf3def7713ef6f81e4d1accfebc8006345ccc93e7d71,2026-10-03,ABS website content is under Creative Commons Attribution 4.0 International (excluding logos/Coat of Arms/third-party material); attribution to ABS required,quarterly series: span of all quarters in the file; each quarter is a row in the extraction. 
7,"Australian National Accounts: Finance and Wealth, June 2026",2026-09-24,2025-10-01,2025-12-31,2025-12-31,5232034.xlsx,https://www.abs.gov.au/statistics/economy/national-accounts/australian-national-accounts-finance-and-wealth/jun-2026/5232034.xlsx,270965,173315b08203d7f88debcf3def7713ef6f81e4d1accfebc8006345ccc93e7d71,2026-10-03,ABS website content is under Creative Commons Attribution 4.0 International (excluding logos/Coat of Arms/third-party material); attribution to ABS required,quarterly series: span of all quarters in the file; each quarter is a row in the extraction. 
7,"Australian National Accounts: Finance and Wealth, June 2026",2026-09-24,2026-01-01,2026-03-31,2026-03-31,5232034.xlsx,https://www.abs.gov.au/statistics/economy/national-accounts/australian-national-accounts-finance-and-wealth/jun-2026/5232034.xlsx,270965,173315b08203d7f88debcf3def7713ef6f81e4d1accfebc8006345ccc93e7d71,2026-10-03,ABS website content is under Creative Commons Attribution 4.0 International (excluding logos/Coat of Arms/third-party material); attribution to ABS required,quarterly series: span of all quarters in the file; each quarter is a row in the extraction. 
7,"Australian National Accounts: Finance and Wealth, June 2026",2026-09-24,2026-04-01,2026-06-30,2026-06-30,5232034.xlsx,https://www.abs.gov.au/statistics/economy/national-accounts/australian-national-accounts-finance-and-wealth/jun-2026/5232034.xlsx,270965,173315b08203d7f88debcf3def7713ef6f81e4d1accfebc8006345ccc93e7d71,2026-10-03,ABS website content is under Creative Commons Attribution 4.0 International (excluding logos/Coat of Arms/third-party material); attribution to ABS required,quarterly series: span of all quarters in the file; each quarter is a row in the extraction. 
7,"Australian National Accounts: Finance and Wealth, June 2026",2026-09-24,1988-07-01,1988-09-30,1988-09-30,5232035.xlsx,https://www.abs.gov.au/statistics/economy/national-accounts/australian-national-accounts-finance-and-wealth/jun-2026/5232035.xlsx,83707,ec324939b8a90480ea43b6728e36270c57b24481159eed88ab0ed9ca7c60beb6,2026-10-03,ABS website content is under Creative Commons Attribution 4.0 International (excluding logos/Coat of Arms/third-party material); attribution to ABS required,quarterly series: span of all quarters in the file; each quarter is a row in the extraction. 
7,"Australian National Accounts: Finance and Wealth, June 2026",2026-09-24,1988-10-01,1988-12-31,1988-12-31,5232035.xlsx,https://www.abs.gov.au/statistics/economy/national-accounts/australian-national-accounts-finance-and-wealth/jun-2026/5232035.xlsx,83707,ec324939b8a90480ea43b6728e36270c57b24481159eed88ab0ed9ca7c60beb6,2026-10-03,ABS website content is under Creative Commons Attribution 4.0 International (excluding logos/Coat of Arms/third-party material); attribution to ABS required,quarterly series: span of all quarters in the file; each quarter is a row in the extraction. 
7,"Australian National Accounts: Finance and Wealth, June 2026",2026-09-24,1989-01-01,1989-03-31,1989-03-31,5232035.xlsx,https://www.abs.gov.au/statistics/economy/national-accounts/australian-national-accounts-finance-and-wealth/jun-2026/5232035.xlsx,83707,ec324939b8a90480ea43b6728e36270c57b24481159eed88ab0ed9ca7c60beb6,2026-10-03,ABS website content is under Creative Commons Attribution 4.0 International (excluding logos/Coat of Arms/third-party material); attribution to ABS required,quarterly series: span of all quarters in the file; each quarter is a row in the extraction. 
7,"Australian National Accounts: Finance and Wealth, June 2026",2026-09-24,1989-04-01,1989-06-30,1989-06-30,5232035.xlsx,https://www.abs.gov.au/statistics/economy/national-accounts/australian-national-accounts-finance-and-wealth/jun-2026/5232035.xlsx,83707,ec324939b8a90480ea43b6728e36270c57b24481159eed88ab0ed9ca7c60beb6,2026-10-03,ABS website content is under Creative Commons Attribution 4.0 International (excluding logos/Coat of Arms/third-party material); attribution to ABS required,quarterly series: span of all quarters in the file; each quarter is a row in the extraction. 
7,"Australian National Accounts: Finance and Wealth, June 2026",2026-09-24,1989-07-01,1989-09-30,1989-09-30,5232035.xlsx,https://www.abs.gov.au/statistics/economy/national-accounts/australian-national-accounts-finance-and-wealth/jun-2026/5232035.xlsx,83707,ec324939b8a90480ea43b6728e36270c57b24481159eed88ab0ed9ca7c60beb6,2026-10-03,ABS website content is under Creative Commons Attribution 4.0 International (excluding logos/Coat of Arms/third-party material); attribution to ABS required,quarterly series: span of all quarters in the file; each quarter is a row in the extraction. 
7,"Australian National Accounts: Finance and Wealth, June 2026",2026-09-24,1989-10-01,1989-12-31,1989-12-31,5232035.xlsx,https://www.abs.gov.au/statistics/economy/national-accounts/australian-national-accounts-finance-and-wealth/jun-2026/5232035.xlsx,83707,ec324939b8a90480ea43b6728e36270c57b24481159eed88ab0ed9ca7c60beb6,2026-10-03,ABS website content is under Creative Commons Attribution 4.0 International (excluding logos/Coat of Arms/third-party material); attribution to ABS required,quarterly series: span of all quarters in the file; each quarter is a row in the extraction. 
7,"Australian National Accounts: Finance and Wealth, June 2026",2026-09-24,1990-01-01,1990-03-31,1990-03-31,5232035.xlsx,https://www.abs.gov.au/statistics/economy/national-accounts/australian-national-accounts-finance-and-wealth/jun-2026/5232035.xlsx,83707,ec324939b8a90480ea43b6728e36270c57b24481159eed88ab0ed9ca7c60beb6,2026-10-03,ABS website content is under Creative Commons Attribution 4.0 International (excluding logos/Coat of Arms/third-party material); attribution to ABS required,quarterly series: span of all quarters in the file; each quarter is a row in the extraction. 
7,"Australian National Accounts: Finance and Wealth, June 2026",2026-09-24,1990-04-01,1990-06-30,1990-06-30,5232035.xlsx,https://www.abs.gov.au/statistics/economy/national-accounts/australian-national-accounts-finance-and-wealth/jun-2026/5232035.xlsx,83707,ec324939b8a90480ea43b6728e36270c57b24481159eed88ab0ed9ca7c60beb6,2026-10-03,ABS website content is under Creative Commons Attribution 4.0 International (excluding logos/Coat of Arms/third-party material); attribution to ABS required,quarterly series: span of all quarters in the file; each quarter is a row in the extraction. 
7,"Australian National Accounts: Finance and Wealth, June 2026",2026-09-24,1990-07-01,1990-09-30,1990-09-30,5232035.xlsx,https://www.abs.gov.au/statistics/economy/national-accounts/australian-national-accounts-finance-and-wealth/jun-2026/5232035.xlsx,83707,ec324939b8a90480ea43b6728e36270c57b24481159eed88ab0ed9ca7c60beb6,2026-10-03,ABS website content is under Creative Commons Attribution 4.0 International (excluding logos/Coat of Arms/third-party material); attribution to ABS required,quarterly series: span of all quarters in the file; each quarter is a row in the extraction. 
7,"Australian National Accounts: Finance and Wealth, June 2026",2026-09-24,1990-10-01,1990-12-31,1990-12-31,5232035.xlsx,https://www.abs.gov.au/statistics/economy/national-accounts/australian-national-accounts-finance-and-wealth/jun-2026/5232035.xlsx,83707,ec324939b8a90480ea43b6728e36270c57b24481159eed88ab0ed9ca7c60beb6,2026-10-03,ABS website content is under Creative Commons Attribution 4.0 International (excluding logos/Coat of Arms/third-party material); attribution to ABS required,quarterly series: span of all quarters in the file; each quarter is a row in the extraction. 
7,"Australian National Accounts: Finance and Wealth, June 2026",2026-09-24,1991-01-01,1991-03-31,1991-03-31,5232035.xlsx,https://www.abs.gov.au/statistics/economy/national-accounts/australian-national-accounts-finance-and-wealth/jun-2026/5232035.xlsx,83707,ec324939b8a90480ea43b6728e36270c57b24481159eed88ab0ed9ca7c60beb6,2026-10-03,ABS website content is under Creative Commons Attribution 4.0 International (excluding logos/Coat of Arms/third-party material); attribution to ABS required,quarterly series: span of all quarters in the file; each quarter is a row in the extraction. 
7,"Australian National Accounts: Finance and Wealth, June 2026",2026-09-24,1991-04-01,1991-06-30,1991-06-30,5232035.xlsx,https://www.abs.gov.au/statistics/economy/national-accounts/australian-national-accounts-finance-and-wealth/jun-2026/5232035.xlsx,83707,ec324939b8a90480ea43b6728e36270c57b24481159eed88ab0ed9ca7c60beb6,2026-10-03,ABS website content is under Creative Commons Attribution 4.0 International (excluding logos/Coat of Arms/third-party material); attribution to ABS required,quarterly series: span of all quarters in the file; each quarter is a row in the extraction. 
7,"Australian National Accounts: Finance and Wealth, June 2026",2026-09-24,1991-07-01,1991-09-30,1991-09-30,5232035.xlsx,https://www.abs.gov.au/statistics/economy/national-accounts/australian-national-accounts-finance-and-wealth/jun-2026/5232035.xlsx,83707,ec324939b8a90480ea43b6728e36270c57b24481159eed88ab0ed9ca7c60beb6,2026-10-03,ABS website content is under Creative Commons Attribution 4.0 International (excluding logos/Coat of Arms/third-party material); attribution to ABS required,quarterly series: span of all quarters in the file; each quarter is a row in the extraction. 
7,"Australian National Accounts: Finance and Wealth, June 2026",2026-09-24,1991-10-01,1991-12-31,1991-12-31,5232035.xlsx,https://www.abs.gov.au/statistics/economy/national-accounts/australian-national-accounts-finance-and-wealth/jun-2026/5232035.xlsx,83707,ec324939b8a90480ea43b6728e36270c57b24481159eed88ab0ed9ca7c60beb6,2026-10-03,ABS website content is under Creative Commons Attribution 4.0 International (excluding logos/Coat of Arms/third-party material); attribution to ABS required,quarterly series: span of all quarters in the file; each quarter is a row in the extraction. 
7,"Australian National Accounts: Finance and Wealth, June 2026",2026-09-24,1992-01-01,1992-03-31,1992-03-31,5232035.xlsx,https://www.abs.gov.au/statistics/economy/national-accounts/australian-national-accounts-finance-and-wealth/jun-2026/5232035.xlsx,83707,ec324939b8a90480ea43b6728e36270c57b24481159eed88ab0ed9ca7c60beb6,2026-10-03,ABS website content is under Creative Commons Attribution 4.0 International (excluding logos/Coat of Arms/third-party material); attribution to ABS required,quarterly series: span of all quarters in the file; each quarter is a row in the extraction. 
7,"Australian National Accounts: Finance and Wealth, June 2026",2026-09-24,1992-04-01,1992-06-30,1992-06-30,5232035.xlsx,https://www.abs.gov.au/statistics/economy/national-accounts/australian-national-accounts-finance-and-wealth/jun-2026/5232035.xlsx,83707,ec324939b8a90480ea43b6728e36270c57b24481159eed88ab0ed9ca7c60beb6,2026-10-03,ABS website content is under Creative Commons Attribution 4.0 International (excluding logos/Coat of Arms/third-party material); attribution to ABS required,quarterly series: span of all quarters in the file; each quarter is a row in the extraction. 
7,"Australian National Accounts: Finance and Wealth, June 2026",2026-09-24,1992-07-01,1992-09-30,1992-09-30,5232035.xlsx,https://www.abs.gov.au/statistics/economy/national-accounts/australian-national-accounts-finance-and-wealth/jun-2026/5232035.xlsx,83707,ec324939b8a90480ea43b6728e36270c57b24481159eed88ab0ed9ca7c60beb6,2026-10-03,ABS website content is under Creative Commons Attribution 4.0 International (excluding logos/Coat of Arms/third-party material); attribution to ABS required,quarterly series: span of all quarters in the file; each quarter is a row in the extraction. 
7,"Australian National Accounts: Finance and Wealth, June 2026",2026-09-24,1992-10-01,1992-12-31,1992-12-31,5232035.xlsx,https://www.abs.gov.au/statistics/economy/national-accounts/australian-national-accounts-finance-and-wealth/jun-2026/5232035.xlsx,83707,ec324939b8a90480ea43b6728e36270c57b24481159eed88ab0ed9ca7c60beb6,2026-10-03,ABS website content is under Creative Commons Attribution 4.0 International (excluding logos/Coat of Arms/third-party material); attribution to ABS required,quarterly series: span of all quarters in the file; each quarter is a row in the extraction. 
7,"Australian National Accounts: Finance and Wealth, June 2026",2026-09-24,1993-01-01,1993-03-31,1993-03-31,5232035.xlsx,https://www.abs.gov.au/statistics/economy/national-accounts/australian-national-accounts-finance-and-wealth/jun-2026/5232035.xlsx,83707,ec324939b8a90480ea43b6728e36270c57b24481159eed88ab0ed9ca7c60beb6,2026-10-03,ABS website content is under Creative Commons Attribution 4.0 International (excluding logos/Coat of Arms/third-party material); attribution to ABS required,quarterly series: span of all quarters in the file; each quarter is a row in the extraction. 
7,"Australian National Accounts: Finance and Wealth, June 2026",2026-09-24,1993-04-01,1993-06-30,1993-06-30,5232035.xlsx,https://www.abs.gov.au/statistics/economy/national-accounts/australian-national-accounts-finance-and-wealth/jun-2026/5232035.xlsx,83707,ec324939b8a90480ea43b6728e36270c57b24481159eed88ab0ed9ca7c60beb6,2026-10-03,ABS website content is under Creative Commons Attribution 4.0 International (excluding logos/Coat of Arms/third-party material); attribution to ABS required,quarterly series: span of all quarters in the file; each quarter is a row in the extraction. 
7,"Australian National Accounts: Finance and Wealth, June 2026",2026-09-24,1993-07-01,1993-09-30,1993-09-30,5232035.xlsx,https://www.abs.gov.au/statistics/economy/national-accounts/australian-national-accounts-finance-and-wealth/jun-2026/5232035.xlsx,83707,ec324939b8a90480ea43b6728e36270c57b24481159eed88ab0ed9ca7c60beb6,2026-10-03,ABS website content is under Creative Commons Attribution 4.0 International (excluding logos/Coat of Arms/third-party material); attribution to ABS required,quarterly series: span of all quarters in the file; each quarter is a row in the extraction. 
7,"Australian National Accounts: Finance and Wealth, June 2026",2026-09-24,1993-10-01,1993-12-31,1993-12-31,5232035.xlsx,https://www.abs.gov.au/statistics/economy/national-accounts/australian-national-accounts-finance-and-wealth/jun-2026/5232035.xlsx,83707,ec324939b8a90480ea43b6728e36270c57b24481159eed88ab0ed9ca7c60beb6,2026-10-03,ABS website content is under Creative Commons Attribution 4.0 International (excluding logos/Coat of Arms/third-party material); attribution to ABS required,quarterly series: span of all quarters in the file; each quarter is a row in the extraction. 
7,"Australian National Accounts: Finance and Wealth, June 2026",2026-09-24,1994-01-01,1994-03-31,1994-03-31,5232035.xlsx,https://www.abs.gov.au/statistics/economy/national-accounts/australian-national-accounts-finance-and-wealth/jun-2026/5232035.xlsx,83707,ec324939b8a90480ea43b6728e36270c57b24481159eed88ab0ed9ca7c60beb6,2026-10-03,ABS website content is under Creative Commons Attribution 4.0 International (excluding logos/Coat of Arms/third-party material); attribution to ABS required,quarterly series: span of all quarters in the file; each quarter is a row in the extraction. 
7,"Australian National Accounts: Finance and Wealth, June 2026",2026-09-24,1994-04-01,1994-06-30,1994-06-30,5232035.xlsx,https://www.abs.gov.au/statistics/economy/national-accounts/australian-national-accounts-finance-and-wealth/jun-2026/5232035.xlsx,83707,ec324939b8a90480ea43b6728e36270c57b24481159eed88ab0ed9ca7c60beb6,2026-10-03,ABS website content is under Creative Commons Attribution 4.0 International (excluding logos/Coat of Arms/third-party material); attribution to ABS required,quarterly series: span of all quarters in the file; each quarter is a row in the extraction. 
7,"Australian National Accounts: Finance and Wealth, June 2026",2026-09-24,1994-07-01,1994-09-30,1994-09-30,5232035.xlsx,https://www.abs.gov.au/statistics/economy/national-accounts/australian-national-accounts-finance-and-wealth/jun-2026/5232035.xlsx,83707,ec324939b8a90480ea43b6728e36270c57b24481159eed88ab0ed9ca7c60beb6,2026-10-03,ABS website content is under Creative Commons Attribution 4.0 International (excluding logos/Coat of Arms/third-party material); attribution to ABS required,quarterly series: span of all quarters in the file; each quarter is a row in the extraction. 
7,"Australian National Accounts: Finance and Wealth, June 2026",2026-09-24,1994-10-01,1994-12-31,1994-12-31,5232035.xlsx,https://www.abs.gov.au/statistics/economy/national-accounts/australian-national-accounts-finance-and-wealth/jun-2026/5232035.xlsx,83707,ec324939b8a90480ea43b6728e36270c57b24481159eed88ab0ed9ca7c60beb6,2026-10-03,ABS website content is under Creative Commons Attribution 4.0 International (excluding logos/Coat of Arms/third-party material); attribution to ABS required,quarterly series: span of all quarters in the file; each quarter is a row in the extraction. 
7,"Australian National Accounts: Finance and Wealth, June 2026",2026-09-24,1995-01-01,1995-03-31,1995-03-31,5232035.xlsx,https://www.abs.gov.au/statistics/economy/national-accounts/australian-national-accounts-finance-and-wealth/jun-2026/5232035.xlsx,83707,ec324939b8a90480ea43b6728e36270c57b24481159eed88ab0ed9ca7c60beb6,2026-10-03,ABS website content is under Creative Commons Attribution 4.0 International (excluding logos/Coat of Arms/third-party material); attribution to ABS required,quarterly series: span of all quarters in the file; each quarter is a row in the extraction. 
7,"Australian National Accounts: Finance and Wealth, June 2026",2026-09-24,1995-04-01,1995-06-30,1995-06-30,5232035.xlsx,https://www.abs.gov.au/statistics/economy/national-accounts/australian-national-accounts-finance-and-wealth/jun-2026/5232035.xlsx,83707,ec324939b8a90480ea43b6728e36270c57b24481159eed88ab0ed9ca7c60beb6,2026-10-03,ABS website content is under Creative Commons Attribution 4.0 International (excluding logos/Coat of Arms/third-party material); attribution to ABS required,quarterly series: span of all quarters in the file; each quarter is a row in the extraction. 
7,"Australian National Accounts: Finance and Wealth, June 2026",2026-09-24,1995-07-01,1995-09-30,1995-09-30,5232035.xlsx,https://www.abs.gov.au/statistics/economy/national-accounts/australian-national-accounts-finance-and-wealth/jun-2026/5232035.xlsx,83707,ec324939b8a90480ea43b6728e36270c57b24481159eed88ab0ed9ca7c60beb6,2026-10-03,ABS website content is under Creative Commons Attribution 4.0 International (excluding logos/Coat of Arms/third-party material); attribution to ABS required,quarterly series: span of all quarters in the file; each quarter is a row in the extraction. 
7,"Australian National Accounts: Finance and Wealth, June 2026",2026-09-24,1995-10-01,1995-12-31,1995-12-31,5232035.xlsx,https://www.abs.gov.au/statistics/economy/national-accounts/australian-national-accounts-finance-and-wealth/jun-2026/5232035.xlsx,83707,ec324939b8a90480ea43b6728e36270c57b24481159eed88ab0ed9ca7c60beb6,2026-10-03,ABS website content is under Creative Commons Attribution 4.0 International (excluding logos/Coat of Arms/third-party material); attribution to ABS required,quarterly series: span of all quarters in the file; each quarter is a row in the extraction. 
7,"Australian National Accounts: Finance and Wealth, June 2026",2026-09-24,1996-01-01,1996-03-31,1996-03-31,5232035.xlsx,https://www.abs.gov.au/statistics/economy/national-accounts/australian-national-accounts-finance-and-wealth/jun-2026/5232035.xlsx,83707,ec324939b8a90480ea43b6728e36270c57b24481159eed88ab0ed9ca7c60beb6,2026-10-03,ABS website content is under Creative Commons Attribution 4.0 International (excluding logos/Coat of Arms/third-party material); attribution to ABS required,quarterly series: span of all quarters in the file; each quarter is a row in the extraction. 
7,"Australian National Accounts: Finance and Wealth, June 2026",2026-09-24,1996-04-01,1996-06-30,1996-06-30,5232035.xlsx,https://www.abs.gov.au/statistics/economy/national-accounts/australian-national-accounts-finance-and-wealth/jun-2026/5232035.xlsx,83707,ec324939b8a90480ea43b6728e36270c57b24481159eed88ab0ed9ca7c60beb6,2026-10-03,ABS website content is under Creative Commons Attribution 4.0 International (excluding logos/Coat of Arms/third-party material); attribution to ABS required,quarterly series: span of all quarters in the file; each quarter is a row in the extraction. 
7,"Australian National Accounts: Finance and Wealth, June 2026",2026-09-24,1996-07-01,1996-09-30,1996-09-30,5232035.xlsx,https://www.abs.gov.au/statistics/economy/national-accounts/australian-national-accounts-finance-and-wealth/jun-2026/5232035.xlsx,83707,ec324939b8a90480ea43b6728e36270c57b24481159eed88ab0ed9ca7c60beb6,2026-10-03,ABS website content is under Creative Commons Attribution 4.0 International (excluding logos/Coat of Arms/third-party material); attribution to ABS required,quarterly series: span of all quarters in the file; each quarter is a row in the extraction. 
7,"Australian National Accounts: Finance and Wealth, June 2026",2026-09-24,1996-10-01,1996-12-31,1996-12-31,5232035.xlsx,https://www.abs.gov.au/statistics/economy/national-accounts/australian-national-accounts-finance-and-wealth/jun-2026/5232035.xlsx,83707,ec324939b8a90480ea43b6728e36270c57b24481159eed88ab0ed9ca7c60beb6,2026-10-03,ABS website content is under Creative Commons Attribution 4.0 International (excluding logos/Coat of Arms/third-party material); attribution to ABS required,quarterly series: span of all quarters in the file; each quarter is a row in the extraction. 
7,"Australian National Accounts: Finance and Wealth, June 2026",2026-09-24,1997-01-01,1997-03-31,1997-03-31,5232035.xlsx,https://www.abs.gov.au/statistics/economy/national-accounts/australian-national-accounts-finance-and-wealth/jun-2026/5232035.xlsx,83707,ec324939b8a90480ea43b6728e36270c57b24481159eed88ab0ed9ca7c60beb6,2026-10-03,ABS website content is under Creative Commons Attribution 4.0 International (excluding logos/Coat of Arms/third-party material); attribution to ABS required,quarterly series: span of all quarters in the file; each quarter is a row in the extraction. 
7,"Australian National Accounts: Finance and Wealth, June 2026",2026-09-24,1997-04-01,1997-06-30,1997-06-30,5232035.xlsx,https://www.abs.gov.au/statistics/economy/national-accounts/australian-national-accounts-finance-and-wealth/jun-2026/5232035.xlsx,83707,ec324939b8a90480ea43b6728e36270c57b24481159eed88ab0ed9ca7c60beb6,2026-10-03,ABS website content is under Creative Commons Attribution 4.0 International (excluding logos/Coat of Arms/third-party material); attribution to ABS required,quarterly series: span of all quarters in the file; each quarter is a row in the extraction. 
7,"Australian National Accounts: Finance and Wealth, June 2026",2026-09-24,1997-07-01,1997-09-30,1997-09-30,5232035.xlsx,https://www.abs.gov.au/statistics/economy/national-accounts/australian-national-accounts-finance-and-wealth/jun-2026/5232035.xlsx,83707,ec324939b8a90480ea43b6728e36270c57b24481159eed88ab0ed9ca7c60beb6,2026-10-03,ABS website content is under Creative Commons Attribution 4.0 International (excluding logos/Coat of Arms/third-party material); attribution to ABS required,quarterly series: span of all quarters in the file; each quarter is a row in the extraction. 
7,"Australian National Accounts: Finance and Wealth, June 2026",2026-09-24,1997-10-01,1997-12-31,1997-12-31,5232035.xlsx,https://www.abs.gov.au/statistics/economy/national-accounts/australian-national-accounts-finance-and-wealth/jun-2026/5232035.xlsx,83707,ec324939b8a90480ea43b6728e36270c57b24481159eed88ab0ed9ca7c60beb6,2026-10-03,ABS website content is under Creative Commons Attribution 4.0 International (excluding logos/Coat of Arms/third-party material); attribution to ABS required,quarterly series: span of all quarters in the file; each quarter is a row in the extraction. 
7,"Australian National Accounts: Finance and Wealth, June 2026",2026-09-24,1998-01-01,1998-03-31,1998-03-31,5232035.xlsx,https://www.abs.gov.au/statistics/economy/national-accounts/australian-national-accounts-finance-and-wealth/jun-2026/5232035.xlsx,83707,ec324939b8a90480ea43b6728e36270c57b24481159eed88ab0ed9ca7c60beb6,2026-10-03,ABS website content is under Creative Commons Attribution 4.0 International (excluding logos/Coat of Arms/third-party material); attribution to ABS required,quarterly series: span of all quarters in the file; each quarter is a row in the extraction. 
7,"Australian National Accounts: Finance and Wealth, June 2026",2026-09-24,1998-04-01,1998-06-30,1998-06-30,5232035.xlsx,https://www.abs.gov.au/statistics/economy/national-accounts/australian-national-accounts-finance-and-wealth/jun-2026/5232035.xlsx,83707,ec324939b8a90480ea43b6728e36270c57b24481159eed88ab0ed9ca7c60beb6,2026-10-03,ABS website content is under Creative Commons Attribution 4.0 International (excluding logos/Coat of Arms/third-party material); attribution to ABS required,quarterly series: span of all quarters in the file; each quarter is a row in the extraction. 
7,"Australian National Accounts: Finance and Wealth, June 2026",2026-09-24,1998-07-01,1998-09-30,1998-09-30,5232035.xlsx,https://www.abs.gov.au/statistics/economy/national-accounts/australian-national-accounts-finance-and-wealth/jun-2026/5232035.xlsx,83707,ec324939b8a90480ea43b6728e36270c57b24481159eed88ab0ed9ca7c60beb6,2026-10-03,ABS website content is under Creative Commons Attribution 4.0 International (excluding logos/Coat of Arms/third-party material); attribution to ABS required,quarterly series: span of all quarters in the file; each quarter is a row in the extraction. 
7,"Australian National Accounts: Finance and Wealth, June 2026",2026-09-24,1998-10-01,1998-12-31,1998-12-31,5232035.xlsx,https://www.abs.gov.au/statistics/economy/national-accounts/australian-national-accounts-finance-and-wealth/jun-2026/5232035.xlsx,83707,ec324939b8a90480ea43b6728e36270c57b24481159eed88ab0ed9ca7c60beb6,2026-10-03,ABS website content is under Creative Commons Attribution 4.0 International (excluding logos/Coat of Arms/third-party material); attribution to ABS required,quarterly series: span of all quarters in the file; each quarter is a row in the extraction. 
7,"Australian National Accounts: Finance and Wealth, June 2026",2026-09-24,1999-01-01,1999-03-31,1999-03-31,5232035.xlsx,https://www.abs.gov.au/statistics/economy/national-accounts/australian-national-accounts-finance-and-wealth/jun-2026/5232035.xlsx,83707,ec324939b8a90480ea43b6728e36270c57b24481159eed88ab0ed9ca7c60beb6,2026-10-03,ABS website content is under Creative Commons Attribution 4.0 International (excluding logos/Coat of Arms/third-party material); attribution to ABS required,quarterly series: span of all quarters in the file; each quarter is a row in the extraction. 
7,"Australian National Accounts: Finance and Wealth, June 2026",2026-09-24,1999-04-01,1999-06-30,1999-06-30,5232035.xlsx,https://www.abs.gov.au/statistics/economy/national-accounts/australian-national-accounts-finance-and-wealth/jun-2026/5232035.xlsx,83707,ec324939b8a90480ea43b6728e36270c57b24481159eed88ab0ed9ca7c60beb6,2026-10-03,ABS website content is under Creative Commons Attribution 4.0 International (excluding logos/Coat of Arms/third-party material); attribution to ABS required,quarterly series: span of all quarters in the file; each quarter is a row in the extraction. 
7,"Australian National Accounts: Finance and Wealth, June 2026",2026-09-24,1999-07-01,1999-09-30,1999-09-30,5232035.xlsx,https://www.abs.gov.au/statistics/economy/national-accounts/australian-national-accounts-finance-and-wealth/jun-2026/5232035.xlsx,83707,ec324939b8a90480ea43b6728e36270c57b24481159eed88ab0ed9ca7c60beb6,2026-10-03,ABS website content is under Creative Commons Attribution 4.0 International (excluding logos/Coat of Arms/third-party material); attribution to ABS required,quarterly series: span of all quarters in the file; each quarter is a row in the extraction. 
7,"Australian National Accounts: Finance and Wealth, June 2026",2026-09-24,1999-10-01,1999-12-31,1999-12-31,5232035.xlsx,https://www.abs.gov.au/statistics/economy/national-accounts/australian-national-accounts-finance-and-wealth/jun-2026/5232035.xlsx,83707,ec324939b8a90480ea43b6728e36270c57b24481159eed88ab0ed9ca7c60beb6,2026-10-03,ABS website content is under Creative Commons Attribution 4.0 International (excluding logos/Coat of Arms/third-party material); attribution to ABS required,quarterly series: span of all quarters in the file; each quarter is a row in the extraction. 
7,"Australian National Accounts: Finance and Wealth, June 2026",2026-09-24,2000-01-01,2000-03-31,2000-03-31,5232035.xlsx,https://www.abs.gov.au/statistics/economy/national-accounts/australian-national-accounts-finance-and-wealth/jun-2026/5232035.xlsx,83707,ec324939b8a90480ea43b6728e36270c57b24481159eed88ab0ed9ca7c60beb6,2026-10-03,ABS website content is under Creative Commons Attribution 4.0 International (excluding logos/Coat of Arms/third-party material); attribution to ABS required,quarterly series: span of all quarters in the file; each quarter is a row in the extraction. 
7,"Australian National Accounts: Finance and Wealth, June 2026",2026-09-24,2000-04-01,2000-06-30,2000-06-30,5232035.xlsx,https://www.abs.gov.au/statistics/economy/national-accounts/australian-national-accounts-finance-and-wealth/jun-2026/5232035.xlsx,83707,ec324939b8a90480ea43b6728e36270c57b24481159eed88ab0ed9ca7c60beb6,2026-10-03,ABS website content is under Creative Commons Attribution 4.0 International (excluding logos/Coat of Arms/third-party material); attribution to ABS required,quarterly series: span of all quarters in the file; each quarter is a row in the extraction. 
7,"Australian National Accounts: Finance and Wealth, June 2026",2026-09-24,2000-07-01,2000-09-30,2000-09-30,5232035.xlsx,https://www.abs.gov.au/statistics/economy/national-accounts/australian-national-accounts-finance-and-wealth/jun-2026/5232035.xlsx,83707,ec324939b8a90480ea43b6728e36270c57b24481159eed88ab0ed9ca7c60beb6,2026-10-03,ABS website content is under Creative Commons Attribution 4.0 International (excluding logos/Coat of Arms/third-party material); attribution to ABS required,quarterly series: span of all quarters in the file; each quarter is a row in the extraction. 
7,"Australian National Accounts: Finance and Wealth, June 2026",2026-09-24,2000-10-01,2000-12-31,2000-12-31,5232035.xlsx,https://www.abs.gov.au/statistics/economy/national-accounts/australian-national-accounts-finance-and-wealth/jun-2026/5232035.xlsx,83707,ec324939b8a90480ea43b6728e36270c57b24481159eed88ab0ed9ca7c60beb6,2026-10-03,ABS website content is under Creative Commons Attribution 4.0 International (excluding logos/Coat of Arms/third-party material); attribution to ABS required,quarterly series: span of all quarters in the file; each quarter is a row in the extraction. 
7,"Australian National Accounts: Finance and Wealth, June 2026",2026-09-24,2001-01-01,2001-03-31,2001-03-31,5232035.xlsx,https://www.abs.gov.au/statistics/economy/national-accounts/australian-national-accounts-finance-and-wealth/jun-2026/5232035.xlsx,83707,ec324939b8a90480ea43b6728e36270c57b24481159eed88ab0ed9ca7c60beb6,2026-10-03,ABS website content is under Creative Commons Attribution 4.0 International (excluding logos/Coat of Arms/third-party material); attribution to ABS required,quarterly series: span of all quarters in the file; each quarter is a row in the extraction. 
7,"Australian National Accounts: Finance and Wealth, June 2026",2026-09-24,2001-04-01,2001-06-30,2001-06-30,5232035.xlsx,https://www.abs.gov.au/statistics/economy/national-accounts/australian-national-accounts-finance-and-wealth/jun-2026/5232035.xlsx,83707,ec324939b8a90480ea43b6728e36270c57b24481159eed88ab0ed9ca7c60beb6,2026-10-03,ABS website content is under Creative Commons Attribution 4.0 International (excluding logos/Coat of Arms/third-party material); attribution to ABS required,quarterly series: span of all quarters in the file; each quarter is a row in the extraction. 
7,"Australian National Accounts: Finance and Wealth, June 2026",2026-09-24,2001-07-01,2001-09-30,2001-09-30,5232035.xlsx,https://www.abs.gov.au/statistics/economy/national-accounts/australian-national-accounts-finance-and-wealth/jun-2026/5232035.xlsx,83707,ec324939b8a90480ea43b6728e36270c57b24481159eed88ab0ed9ca7c60beb6,2026-10-03,ABS website content is under Creative Commons Attribution 4.0 International (excluding logos/Coat of Arms/third-party material); attribution to ABS required,quarterly series: span of all quarters in the file; each quarter is a row in the extraction. 
7,"Australian National Accounts: Finance and Wealth, June 2026",2026-09-24,2001-10-01,2001-12-31,2001-12-31,5232035.xlsx,https://www.abs.gov.au/statistics/economy/national-accounts/australian-national-accounts-finance-and-wealth/jun-2026/5232035.xlsx,83707,ec324939b8a90480ea43b6728e36270c57b24481159eed88ab0ed9ca7c60beb6,2026-10-03,ABS website content is under Creative Commons Attribution 4.0 International (excluding logos/Coat of Arms/third-party material); attribution to ABS required,quarterly series: span of all quarters in the file; each quarter is a row in the extraction. 
7,"Australian National Accounts: Finance and Wealth, June 2026",2026-09-24,2002-01-01,2002-03-31,2002-03-31,5232035.xlsx,https://www.abs.gov.au/statistics/economy/national-accounts/australian-national-accounts-finance-and-wealth/jun-2026/5232035.xlsx,83707,ec324939b8a90480ea43b6728e36270c57b24481159eed88ab0ed9ca7c60beb6,2026-10-03,ABS website content is under Creative Commons Attribution 4.0 International (excluding logos/Coat of Arms/third-party material); attribution to ABS required,quarterly series: span of all quarters in the file; each quarter is a row in the extraction. 
7,"Australian National Accounts: Finance and Wealth, June 2026",2026-09-24,2002-04-01,2002-06-30,2002-06-30,5232035.xlsx,https://www.abs.gov.au/statistics/economy/national-accounts/australian-national-accounts-finance-and-wealth/jun-2026/5232035.xlsx,83707,ec324939b8a90480ea43b6728e36270c57b24481159eed88ab0ed9ca7c60beb6,2026-10-03,ABS website content is under Creative Commons Attribution 4.0 International (excluding logos/Coat of Arms/third-party material); attribution to ABS required,quarterly series: span of all quarters in the file; each quarter is a row in the extraction. 
7,"Australian National Accounts: Finance and Wealth, June 2026",2026-09-24,2002-07-01,2002-09-30,2002-09-30,5232035.xlsx,https://www.abs.gov.au/statistics/economy/national-accounts/australian-national-accounts-finance-and-wealth/jun-2026/5232035.xlsx,83707,ec324939b8a90480ea43b6728e36270c57b24481159eed88ab0ed9ca7c60beb6,2026-10-03,ABS website content is under Creative Commons Attribution 4.0 International (excluding logos/Coat of Arms/third-party material); attribution to ABS required,quarterly series: span of all quarters in the file; each quarter is a row in the extraction. 
7,"Australian National Accounts: Finance and Wealth, June 2026",2026-09-24,2002-10-01,2002-12-31,2002-12-31,5232035.xlsx,https://www.abs.gov.au/statistics/economy/national-accounts/australian-national-accounts-finance-and-wealth/jun-2026/5232035.xlsx,83707,ec324939b8a90480ea43b6728e36270c57b24481159eed88ab0ed9ca7c60beb6,2026-10-03,ABS website content is under Creative Commons Attribution 4.0 International (excluding logos/Coat of Arms/third-party material); attribution to ABS required,quarterly series: span of all quarters in the file; each quarter is a row in the extraction. 
7,"Australian National Accounts: Finance and Wealth, June 2026",2026-09-24,2003-01-01,2003-03-31,2003-03-31,5232035.xlsx,https://www.abs.gov.au/statistics/economy/national-accounts/australian-national-accounts-finance-and-wealth/jun-2026/5232035.xlsx,83707,ec324939b8a90480ea43b6728e36270c57b24481159eed88ab0ed9ca7c60beb6,2026-10-03,ABS website content is under Creative Commons Attribution 4.0 International (excluding logos/Coat of Arms/third-party material); attribution to ABS required,quarterly series: span of all quarters in the file; each quarter is a row in the extraction. 
7,"Australian National Accounts: Finance and Wealth, June 2026",2026-09-24,2003-04-01,2003-06-30,2003-06-30,5232035.xlsx,https://www.abs.gov.au/statistics/economy/national-accounts/australian-national-accounts-finance-and-wealth/jun-2026/5232035.xlsx,83707,ec324939b8a90480ea43b6728e36270c57b24481159eed88ab0ed9ca7c60beb6,2026-10-03,ABS website content is under Creative Commons Attribution 4.0 International (excluding logos/Coat of Arms/third-party material); attribution to ABS required,quarterly series: span of all quarters in the file; each quarter is a row in the extraction. 
7,"Australian National Accounts: Finance and Wealth, June 2026",2026-09-24,2003-07-01,2003-09-30,2003-09-30,5232035.xlsx,https://www.abs.gov.au/statistics/economy/national-accounts/australian-national-accounts-finance-and-wealth/jun-2026/5232035.xlsx,83707,ec324939b8a90480ea43b6728e36270c57b24481159eed88ab0ed9ca7c60beb6,2026-10-03,ABS website content is under Creative Commons Attribution 4.0 International (excluding logos/Coat of Arms/third-party material); attribution to ABS required,quarterly series: span of all quarters in the file; each quarter is a row in the extraction. 
7,"Australian National Accounts: Finance and Wealth, June 2026",2026-09-24,2003-10-01,2003-12-31,2003-12-31,5232035.xlsx,https://www.abs.gov.au/statistics/economy/national-accounts/australian-national-accounts-finance-and-wealth/jun-2026/5232035.xlsx,83707,ec324939b8a90480ea43b6728e36270c57b24481159eed88ab0ed9ca7c60beb6,2026-10-03,ABS website content is under Creative Commons Attribution 4.0 International (excluding logos/Coat of Arms/third-party material); attribution to ABS required,quarterly series: span of all quarters in the file; each quarter is a row in the extraction. 
7,"Australian National Accounts: Finance and Wealth, June 2026",2026-09-24,2004-01-01,2004-03-31,2004-03-31,5232035.xlsx,https://www.abs.gov.au/statistics/economy/national-accounts/australian-national-accounts-finance-and-wealth/jun-2026/5232035.xlsx,83707,ec324939b8a90480ea43b6728e36270c57b24481159eed88ab0ed9ca7c60beb6,2026-10-03,ABS website content is under Creative Commons Attribution 4.0 International (excluding logos/Coat of Arms/third-party material); attribution to ABS required,quarterly series: span of all quarters in the file; each quarter is a row in the extraction. 
7,"Australian National Accounts: Finance and Wealth, June 2026",2026-09-24,2004-04-01,2004-06-30,2004-06-30,5232035.xlsx,https://www.abs.gov.au/statistics/economy/national-accounts/australian-national-accounts-finance-and-wealth/jun-2026/5232035.xlsx,83707,ec324939b8a90480ea43b6728e36270c57b24481159eed88ab0ed9ca7c60beb6,2026-10-03,ABS website content is under Creative Commons Attribution 4.0 International (excluding logos/Coat of Arms/third-party material); attribution to ABS required,quarterly series: span of all quarters in the file; each quarter is a row in the extraction. 
7,"Australian National Accounts: Finance and Wealth, June 2026",2026-09-24,2004-07-01,2004-09-30,2004-09-30,5232035.xlsx,https://www.abs.gov.au/statistics/economy/national-accounts/australian-national-accounts-finance-and-wealth/jun-2026/5232035.xlsx,83707,ec324939b8a90480ea43b6728e36270c57b24481159eed88ab0ed9ca7c60beb6,2026-10-03,ABS website content is under Creative Commons Attribution 4.0 International (excluding logos/Coat of Arms/third-party material); attribution to ABS required,quarterly series: span of all quarters in the file; each quarter is a row in the extraction. 
7,"Australian National Accounts: Finance and Wealth, June 2026",2026-09-24,2004-10-01,2004-12-31,2004-12-31,5232035.xlsx,https://www.abs.gov.au/statistics/economy/national-accounts/australian-national-accounts-finance-and-wealth/jun-2026/5232035.xlsx,83707,ec324939b8a90480ea43b6728e36270c57b24481159eed88ab0ed9ca7c60beb6,2026-10-03,ABS website content is under Creative Commons Attribution 4.0 International (excluding logos/Coat of Arms/third-party material); attribution to ABS required,quarterly series: span of all quarters in the file; each quarter is a row in the extraction. 
7,"Australian National Accounts: Finance and Wealth, June 2026",2026-09-24,2005-01-01,2005-03-31,2005-03-31,5232035.xlsx,https://www.abs.gov.au/statistics/economy/national-accounts/australian-national-accounts-finance-and-wealth/jun-2026/5232035.xlsx,83707,ec324939b8a90480ea43b6728e36270c57b24481159eed88ab0ed9ca7c60beb6,2026-10-03,ABS website content is under Creative Commons Attribution 4.0 International (excluding logos/Coat of Arms/third-party material); attribution to ABS required,quarterly series: span of all quarters in the file; each quarter is a row in the extraction. 
7,"Australian National Accounts: Finance and Wealth, June 2026",2026-09-24,2005-04-01,2005-06-30,2005-06-30,5232035.xlsx,https://www.abs.gov.au/statistics/economy/national-accounts/australian-national-accounts-finance-and-wealth/jun-2026/5232035.xlsx,83707,ec324939b8a90480ea43b6728e36270c57b24481159eed88ab0ed9ca7c60beb6,2026-10-03,ABS website content is under Creative Commons Attribution 4.0 International (excluding logos/Coat of Arms/third-party material); attribution to ABS required,quarterly series: span of all quarters in the file; each quarter is a row in the extraction. 
7,"Australian National Accounts: Finance and Wealth, June 2026",2026-09-24,2005-07-01,2005-09-30,2005-09-30,5232035.xlsx,https://www.abs.gov.au/statistics/economy/national-accounts/australian-national-accounts-finance-and-wealth/jun-2026/5232035.xlsx,83707,ec324939b8a90480ea43b6728e36270c57b24481159eed88ab0ed9ca7c60beb6,2026-10-03,ABS website content is under Creative Commons Attribution 4.0 International (excluding logos/Coat of Arms/third-party material); attribution to ABS required,quarterly series: span of all quarters in the file; each quarter is a row in the extraction. 
7,"Australian National Accounts: Finance and Wealth, June 2026",2026-09-24,2005-10-01,2005-12-31,2005-12-31,5232035.xlsx,https://www.abs.gov.au/statistics/economy/national-accounts/australian-national-accounts-finance-and-wealth/jun-2026/5232035.xlsx,83707,ec324939b8a90480ea43b6728e36270c57b24481159eed88ab0ed9ca7c60beb6,2026-10-03,ABS website content is under Creative Commons Attribution 4.0 International (excluding logos/Coat of Arms/third-party material); attribution to ABS required,quarterly series: span of all quarters in the file; each quarter is a row in the extraction. 
7,"Australian National Accounts: Finance and Wealth, June 2026",2026-09-24,2006-01-01,2006-03-31,2006-03-31,5232035.xlsx,https://www.abs.gov.au/statistics/economy/national-accounts/australian-national-accounts-finance-and-wealth/jun-2026/5232035.xlsx,83707,ec324939b8a90480ea43b6728e36270c57b24481159eed88ab0ed9ca7c60beb6,2026-10-03,ABS website content is under Creative Commons Attribution 4.0 International (excluding logos/Coat of Arms/third-party material); attribution to ABS required,quarterly series: span of all quarters in the file; each quarter is a row in the extraction. 
7,"Australian National Accounts: Finance and Wealth, June 2026",2026-09-24,2006-04-01,2006-06-30,2006-06-30,5232035.xlsx,https://www.abs.gov.au/statistics/economy/national-accounts/australian-national-accounts-finance-and-wealth/jun-2026/5232035.xlsx,83707,ec324939b8a90480ea43b6728e36270c57b24481159eed88ab0ed9ca7c60beb6,2026-10-03,ABS website content is under Creative Commons Attribution 4.0 International (excluding logos/Coat of Arms/third-party material); attribution to ABS required,quarterly series: span of all quarters in the file; each quarter is a row in the extraction. 
7,"Australian National Accounts: Finance and Wealth, June 2026",2026-09-24,2006-07-01,2006-09-30,2006-09-30,5232035.xlsx,https://www.abs.gov.au/statistics/economy/national-accounts/australian-national-accounts-finance-and-wealth/jun-2026/5232035.xlsx,83707,ec324939b8a90480ea43b6728e36270c57b24481159eed88ab0ed9ca7c60beb6,2026-10-03,ABS website content is under Creative Commons Attribution 4.0 International (excluding logos/Coat of Arms/third-party material); attribution to ABS required,quarterly series: span of all quarters in the file; each quarter is a row in the extraction. 
7,"Australian National Accounts: Finance and Wealth, June 2026",2026-09-24,2006-10-01,2006-12-31,2006-12-31,5232035.xlsx,https://www.abs.gov.au/statistics/economy/national-accounts/australian-national-accounts-finance-and-wealth/jun-2026/5232035.xlsx,83707,ec324939b8a90480ea43b6728e36270c57b24481159eed88ab0ed9ca7c60beb6,2026-10-03,ABS website content is under Creative Commons Attribution 4.0 International (excluding logos/Coat of Arms/third-party material); attribution to ABS required,quarterly series: span of all quarters in the file; each quarter is a row in the extraction. 
7,"Australian National Accounts: Finance and Wealth, June 2026",2026-09-24,2007-01-01,2007-03-31,2007-03-31,5232035.xlsx,https://www.abs.gov.au/statistics/economy/national-accounts/australian-national-accounts-finance-and-wealth/jun-2026/5232035.xlsx,83707,ec324939b8a90480ea43b6728e36270c57b24481159eed88ab0ed9ca7c60beb6,2026-10-03,ABS website content is under Creative Commons Attribution 4.0 International (excluding logos/Coat of Arms/third-party material); attribution to ABS required,quarterly series: span of all quarters in the file; each quarter is a row in the extraction. 
7,"Australian National Accounts: Finance and Wealth, June 2026",2026-09-24,2007-04-01,2007-06-30,2007-06-30,5232035.xlsx,https://www.abs.gov.au/statistics/economy/national-accounts/australian-national-accounts-finance-and-wealth/jun-2026/5232035.xlsx,83707,ec324939b8a90480ea43b6728e36270c57b24481159eed88ab0ed9ca7c60beb6,2026-10-03,ABS website content is under Creative Commons Attribution 4.0 International (excluding logos/Coat of Arms/third-party material); attribution to ABS required,quarterly series: span of all quarters in the file; each quarter is a row in the extraction. 
7,"Australian National Accounts: Finance and Wealth, June 2026",2026-09-24,2007-07-01,2007-09-30,2007-09-30,5232035.xlsx,https://www.abs.gov.au/statistics/economy/national-accounts/australian-national-accounts-finance-and-wealth/jun-2026/5232035.xlsx,83707,ec324939b8a90480ea43b6728e36270c57b24481159eed88ab0ed9ca7c60beb6,2026-10-03,ABS website content is under Creative Commons Attribution 4.0 International (excluding logos/Coat of Arms/third-party material); attribution to ABS required,quarterly series: span of all quarters in the file; each quarter is a row in the extraction. 
7,"Australian National Accounts: Finance and Wealth, June 2026",2026-09-24,2007-10-01,2007-12-31,2007-12-31,5232035.xlsx,https://www.abs.gov.au/statistics/economy/national-accounts/australian-national-accounts-finance-and-wealth/jun-2026/5232035.xlsx,83707,ec324939b8a90480ea43b6728e36270c57b24481159eed88ab0ed9ca7c60beb6,2026-10-03,ABS website content is under Creative Commons Attribution 4.0 International (excluding logos/Coat of Arms/third-party material); attribution to ABS required,quarterly series: span of all quarters in the file; each quarter is a row in the extraction. 
7,"Australian National Accounts: Finance and Wealth, June 2026",2026-09-24,2008-01-01,2008-03-31,2008-03-31,5232035.xlsx,https://www.abs.gov.au/statistics/economy/national-accounts/australian-national-accounts-finance-and-wealth/jun-2026/5232035.xlsx,83707,ec324939b8a90480ea43b6728e36270c57b24481159eed88ab0ed9ca7c60beb6,2026-10-03,ABS website content is under Creative Commons Attribution 4.0 International (excluding logos/Coat of Arms/third-party material); attribution to ABS required,quarterly series: span of all quarters in the file; each quarter is a row in the extraction. 
7,"Australian National Accounts: Finance and Wealth, June 2026",2026-09-24,2008-04-01,2008-06-30,2008-06-30,5232035.xlsx,https://www.abs.gov.au/statistics/economy/national-accounts/australian-national-accounts-finance-and-wealth/jun-2026/5232035.xlsx,83707,ec324939b8a90480ea43b6728e36270c57b24481159eed88ab0ed9ca7c60beb6,2026-10-03,ABS website content is under Creative Commons Attribution 4.0 International (excluding logos/Coat of Arms/third-party material); attribution to ABS required,quarterly series: span of all quarters in the file; each quarter is a row in the extraction. 
7,"Australian National Accounts: Finance and Wealth, June 2026",2026-09-24,2008-07-01,2008-09-30,2008-09-30,5232035.xlsx,https://www.abs.gov.au/statistics/economy/national-accounts/australian-national-accounts-finance-and-wealth/jun-2026/5232035.xlsx,83707,ec324939b8a90480ea43b6728e36270c57b24481159eed88ab0ed9ca7c60beb6,2026-10-03,ABS website content is under Creative Commons Attribution 4.0 International (excluding logos/Coat of Arms/third-party material); attribution to ABS required,quarterly series: span of all quarters in the file; each quarter is a row in the extraction. 
7,"Australian National Accounts: Finance and Wealth, June 2026",2026-09-24,2008-10-01,2008-12-31,2008-12-31,5232035.xlsx,https://www.abs.gov.au/statistics/economy/national-accounts/australian-national-accounts-finance-and-wealth/jun-2026/5232035.xlsx,83707,ec324939b8a90480ea43b6728e36270c57b24481159eed88ab0ed9ca7c60beb6,2026-10-03,ABS website content is under Creative Commons Attribution 4.0 International (excluding logos/Coat of Arms/third-party material); attribution to ABS required,quarterly series: span of all quarters in the file; each quarter is a row in the extraction. 
7,"Australian National Accounts: Finance and Wealth, June 2026",2026-09-24,2009-01-01,2009-03-31,2009-03-31,5232035.xlsx,https://www.abs.gov.au/statistics/economy/national-accounts/australian-national-accounts-finance-and-wealth/jun-2026/5232035.xlsx,83707,ec324939b8a90480ea43b6728e36270c57b24481159eed88ab0ed9ca7c60beb6,2026-10-03,ABS website content is under Creative Commons Attribution 4.0 International (excluding logos/Coat of Arms/third-party material); attribution to ABS required,quarterly series: span of all quarters in the file; each quarter is a row in the extraction. 
7,"Australian National Accounts: Finance and Wealth, June 2026",2026-09-24,2009-04-01,2009-06-30,2009-06-30,5232035.xlsx,https://www.abs.gov.au/statistics/economy/national-accounts/australian-national-accounts-finance-and-wealth/jun-2026/5232035.xlsx,83707,ec324939b8a90480ea43b6728e36270c57b24481159eed88ab0ed9ca7c60beb6,2026-10-03,ABS website content is under Creative Commons Attribution 4.0 International (excluding logos/Coat of Arms/third-party material); attribution to ABS required,quarterly series: span of all quarters in the file; each quarter is a row in the extraction. 
7,"Australian National Accounts: Finance and Wealth, June 2026",2026-09-24,2009-07-01,2009-09-30,2009-09-30,5232035.xlsx,https://www.abs.gov.au/statistics/economy/national-accounts/australian-national-accounts-finance-and-wealth/jun-2026/5232035.xlsx,83707,ec324939b8a90480ea43b6728e36270c57b24481159eed88ab0ed9ca7c60beb6,2026-10-03,ABS website content is under Creative Commons Attribution 4.0 International (excluding logos/Coat of Arms/third-party material); attribution to ABS required,quarterly series: span of all quarters in the file; each quarter is a row in the extraction. 
7,"Australian National Accounts: Finance and Wealth, June 2026",2026-09-24,2009-10-01,2009-12-31,2009-12-31,5232035.xlsx,https://www.abs.gov.au/statistics/economy/national-accounts/australian-national-accounts-finance-and-wealth/jun-2026/5232035.xlsx,83707,ec324939b8a90480ea43b6728e36270c57b24481159eed88ab0ed9ca7c60beb6,2026-10-03,ABS website content is under Creative Commons Attribution 4.0 International (excluding logos/Coat of Arms/third-party material); attribution to ABS required,quarterly series: span of all quarters in the file; each quarter is a row in the extraction. 
7,"Australian National Accounts: Finance and Wealth, June 2026",2026-09-24,2010-01-01,2010-03-31,2010-03-31,5232035.xlsx,https://www.abs.gov.au/statistics/economy/national-accounts/australian-national-accounts-finance-and-wealth/jun-2026/5232035.xlsx,83707,ec324939b8a90480ea43b6728e36270c57b24481159eed88ab0ed9ca7c60beb6,2026-10-03,ABS website content is under Creative Commons Attribution 4.0 International (excluding logos/Coat of Arms/third-party material); attribution to ABS required,quarterly series: span of all quarters in the file; each quarter is a row in the extraction. 
7,"Australian National Accounts: Finance and Wealth, June 2026",2026-09-24,2010-04-01,2010-06-30,2010-06-30,5232035.xlsx,https://www.abs.gov.au/statistics/economy/national-accounts/australian-national-accounts-finance-and-wealth/jun-2026/5232035.xlsx,83707,ec324939b8a90480ea43b6728e36270c57b24481159eed88ab0ed9ca7c60beb6,2026-10-03,ABS website content is under Creative Commons Attribution 4.0 International (excluding logos/Coat of Arms/third-party material); attribution to ABS required,quarterly series: span of all quarters in the file; each quarter is a row in the extraction. 
7,"Australian National Accounts: Finance and Wealth, June 2026",2026-09-24,2010-07-01,2010-09-30,2010-09-30,5232035.xlsx,https://www.abs.gov.au/statistics/economy/national-accounts/australian-national-accounts-finance-and-wealth/jun-2026/5232035.xlsx,83707,ec324939b8a90480ea43b6728e36270c57b24481159eed88ab0ed9ca7c60beb6,2026-10-03,ABS website content is under Creative Commons Attribution 4.0 International (excluding logos/Coat of Arms/third-party material); attribution to ABS required,quarterly series: span of all quarters in the file; each quarter is a row in the extraction. 
7,"Australian National Accounts: Finance and Wealth, June 2026",2026-09-24,2010-10-01,2010-12-31,2010-12-31,5232035.xlsx,https://www.abs.gov.au/statistics/economy/national-accounts/australian-national-accounts-finance-and-wealth/jun-2026/5232035.xlsx,83707,ec324939b8a90480ea43b6728e36270c57b24481159eed88ab0ed9ca7c60beb6,2026-10-03,ABS website content is under Creative Commons Attribution 4.0 International (excluding logos/Coat of Arms/third-party material); attribution to ABS required,quarterly series: span of all quarters in the file; each quarter is a row in the extraction. 
7,"Australian National Accounts: Finance and Wealth, June 2026",2026-09-24,2011-01-01,2011-03-31,2011-03-31,5232035.xlsx,https://www.abs.gov.au/statistics/economy/national-accounts/australian-national-accounts-finance-and-wealth/jun-2026/5232035.xlsx,83707,ec324939b8a90480ea43b6728e36270c57b24481159eed88ab0ed9ca7c60beb6,2026-10-03,ABS website content is under Creative Commons Attribution 4.0 International (excluding logos/Coat of Arms/third-party material); attribution to ABS required,quarterly series: span of all quarters in the file; each quarter is a row in the extraction. 
7,"Australian National Accounts: Finance and Wealth, June 2026",2026-09-24,2011-04-01,2011-06-30,2011-06-30,5232035.xlsx,https://www.abs.gov.au/statistics/economy/national-accounts/australian-national-accounts-finance-and-wealth/jun-2026/5232035.xlsx,83707,ec324939b8a90480ea43b6728e36270c57b24481159eed88ab0ed9ca7c60beb6,2026-10-03,ABS website content is under Creative Commons Attribution 4.0 International (excluding logos/Coat of Arms/third-party material); attribution to ABS required,quarterly series: span of all quarters in the file; each quarter is a row in the extraction. 
7,"Australian National Accounts: Finance and Wealth, June 2026",2026-09-24,2011-07-01,2011-09-30,2011-09-30,5232035.xlsx,https://www.abs.gov.au/statistics/economy/national-accounts/australian-national-accounts-finance-and-wealth/jun-2026/5232035.xlsx,83707,ec324939b8a90480ea43b6728e36270c57b24481159eed88ab0ed9ca7c60beb6,2026-10-03,ABS website content is under Creative Commons Attribution 4.0 International (excluding logos/Coat of Arms/third-party material); attribution to ABS required,quarterly series: span of all quarters in the file; each quarter is a row in the extraction. 
7,"Australian National Accounts: Finance and Wealth, June 2026",2026-09-24,2011-10-01,2011-12-31,2011-12-31,5232035.xlsx,https://www.abs.gov.au/statistics/economy/national-accounts/australian-national-accounts-finance-and-wealth/jun-2026/5232035.xlsx,83707,ec324939b8a90480ea43b6728e36270c57b24481159eed88ab0ed9ca7c60beb6,2026-10-03,ABS website content is under Creative Commons Attribution 4.0 International (excluding logos/Coat of Arms/third-party material); attribution to ABS required,quarterly series: span of all quarters in the file; each quarter is a row in the extraction. 
7,"Australian National Accounts: Finance and Wealth, June 2026",2026-09-24,2012-01-01,2012-03-31,2012-03-31,5232035.xlsx,https://www.abs.gov.au/statistics/economy/national-accounts/australian-national-accounts-finance-and-wealth/jun-2026/5232035.xlsx,83707,ec324939b8a90480ea43b6728e36270c57b24481159eed88ab0ed9ca7c60beb6,2026-10-03,ABS website content is under Creative Commons Attribution 4.0 International (excluding logos/Coat of Arms/third-party material); attribution to ABS required,quarterly series: span of all quarters in the file; each quarter is a row in the extraction. 
7,"Australian National Accounts: Finance and Wealth, June 2026",2026-09-24,2012-04-01,2012-06-30,2012-06-30,5232035.xlsx,https://www.abs.gov.au/statistics/economy/national-accounts/australian-national-accounts-finance-and-wealth/jun-2026/5232035.xlsx,83707,ec324939b8a90480ea43b6728e36270c57b24481159eed88ab0ed9ca7c60beb6,2026-10-03,ABS website content is under Creative Commons Attribution 4.0 International (excluding logos/Coat of Arms/third-party material); attribution to ABS required,quarterly series: span of all quarters in the file; each quarter is a row in the extraction. 
7,"Australian National Accounts: Finance and Wealth, June 2026",2026-09-24,2012-07-01,2012-09-30,2012-09-30,5232035.xlsx,https://www.abs.gov.au/statistics/economy/national-accounts/australian-national-accounts-finance-and-wealth/jun-2026/5232035.xlsx,83707,ec324939b8a90480ea43b6728e36270c57b24481159eed88ab0ed9ca7c60beb6,2026-10-03,ABS website content is under Creative Commons Attribution 4.0 International (excluding logos/Coat of Arms/third-party material); attribution to ABS required,quarterly series: span of all quarters in the file; each quarter is a row in the extraction. 
7,"Australian National Accounts: Finance and Wealth, June 2026",2026-09-24,2012-10-01,2012-12-31,2012-12-31,5232035.xlsx,https://www.abs.gov.au/statistics/economy/national-accounts/australian-national-accounts-finance-and-wealth/jun-2026/5232035.xlsx,83707,ec324939b8a90480ea43b6728e36270c57b24481159eed88ab0ed9ca7c60beb6,2026-10-03,ABS website content is under Creative Commons Attribution 4.0 International (excluding logos/Coat of Arms/third-party material); attribution to ABS required,quarterly series: span of all quarters in the file; each quarter is a row in the extraction. 
7,"Australian National Accounts: Finance and Wealth, June 2026",2026-09-24,2013-01-01,2013-03-31,2013-03-31,5232035.xlsx,https://www.abs.gov.au/statistics/economy/national-accounts/australian-national-accounts-finance-and-wealth/jun-2026/5232035.xlsx,83707,ec324939b8a90480ea43b6728e36270c57b24481159eed88ab0ed9ca7c60beb6,2026-10-03,ABS website content is under Creative Commons Attribution 4.0 International (excluding logos/Coat of Arms/third-party material); attribution to ABS required,quarterly series: span of all quarters in the file; each quarter is a row in the extraction. 
7,"Australian National Accounts: Finance and Wealth, June 2026",2026-09-24,2013-04-01,2013-06-30,2013-06-30,5232035.xlsx,https://www.abs.gov.au/statistics/economy/national-accounts/australian-national-accounts-finance-and-wealth/jun-2026/5232035.xlsx,83707,ec324939b8a90480ea43b6728e36270c57b24481159eed88ab0ed9ca7c60beb6,2026-10-03,ABS website content is under Creative Commons Attribution 4.0 International (excluding logos/Coat of Arms/third-party material); attribution to ABS required,quarterly series: span of all quarters in the file; each quarter is a row in the extraction. 
7,"Australian National Accounts: Finance and Wealth, June 2026",2026-09-24,2013-07-01,2013-09-30,2013-09-30,5232035.xlsx,https://www.abs.gov.au/statistics/economy/national-accounts/australian-national-accounts-finance-and-wealth/jun-2026/5232035.xlsx,83707,ec324939b8a90480ea43b6728e36270c57b24481159eed88ab0ed9ca7c60beb6,2026-10-03,ABS website content is under Creative Commons Attribution 4.0 International (excluding logos/Coat of Arms/third-party material); attribution to ABS required,quarterly series: span of all quarters in the file; each quarter is a row in the extraction. 
7,"Australian National Accounts: Finance and Wealth, June 2026",2026-09-24,2013-10-01,2013-12-31,2013-12-31,5232035.xlsx,https://www.abs.gov.au/statistics/economy/national-accounts/australian-national-accounts-finance-and-wealth/jun-2026/5232035.xlsx,83707,ec324939b8a90480ea43b6728e36270c57b24481159eed88ab0ed9ca7c60beb6,2026-10-03,ABS website content is under Creative Commons Attribution 4.0 International (excluding logos/Coat of Arms/third-party material); attribution to ABS required,quarterly series: span of all quarters in the file; each quarter is a row in the extraction. 
7,"Australian National Accounts: Finance and Wealth, June 2026",2026-09-24,2014-01-01,2014-03-31,2014-03-31,5232035.xlsx,https://www.abs.gov.au/statistics/economy/national-accounts/australian-national-accounts-finance-and-wealth/jun-2026/5232035.xlsx,83707,ec324939b8a90480ea43b6728e36270c57b24481159eed88ab0ed9ca7c60beb6,2026-10-03,ABS website content is under Creative Commons Attribution 4.0 International (excluding logos/Coat of Arms/third-party material); attribution to ABS required,quarterly series: span of all quarters in the file; each quarter is a row in the extraction. 
7,"Australian National Accounts: Finance and Wealth, June 2026",2026-09-24,2014-04-01,2014-06-30,2014-06-30,5232035.xlsx,https://www.abs.gov.au/statistics/economy/national-accounts/australian-national-accounts-finance-and-wealth/jun-2026/5232035.xlsx,83707,ec324939b8a90480ea43b6728e36270c57b24481159eed88ab0ed9ca7c60beb6,2026-10-03,ABS website content is under Creative Commons Attribution 4.0 International (excluding logos/Coat of Arms/third-party material); attribution to ABS required,quarterly series: span of all quarters in the file; each quarter is a row in the extraction. 
7,"Australian National Accounts: Finance and Wealth, June 2026",2026-09-24,2014-07-01,2014-09-30,2014-09-30,5232035.xlsx,https://www.abs.gov.au/statistics/economy/national-accounts/australian-national-accounts-finance-and-wealth/jun-2026/5232035.xlsx,83707,ec324939b8a90480ea43b6728e36270c57b24481159eed88ab0ed9ca7c60beb6,2026-10-03,ABS website content is under Creative Commons Attribution 4.0 International (excluding logos/Coat of Arms/third-party material); attribution to ABS required,quarterly series: span of all quarters in the file; each quarter is a row in the extraction. 
7,"Australian National Accounts: Finance and Wealth, June 2026",2026-09-24,2014-10-01,2014-12-31,2014-12-31,5232035.xlsx,https://www.abs.gov.au/statistics/economy/national-accounts/australian-national-accounts-finance-and-wealth/jun-2026/5232035.xlsx,83707,ec324939b8a90480ea43b6728e36270c57b24481159eed88ab0ed9ca7c60beb6,2026-10-03,ABS website content is under Creative Commons Attribution 4.0 International (excluding logos/Coat of Arms/third-party material); attribution to ABS required,quarterly series: span of all quarters in the file; each quarter is a row in the extraction. 
7,"Australian National Accounts: Finance and Wealth, June 2026",2026-09-24,2015-01-01,2015-03-31,2015-03-31,5232035.xlsx,https://www.abs.gov.au/statistics/economy/national-accounts/australian-national-accounts-finance-and-wealth/jun-2026/5232035.xlsx,83707,ec324939b8a90480ea43b6728e36270c57b24481159eed88ab0ed9ca7c60beb6,2026-10-03,ABS website content is under Creative Commons Attribution 4.0 International (excluding logos/Coat of Arms/third-party material); attribution to ABS required,quarterly series: span of all quarters in the file; each quarter is a row in the extraction. 
7,"Australian National Accounts: Finance and Wealth, June 2026",2026-09-24,2015-04-01,2015-06-30,2015-06-30,5232035.xlsx,https://www.abs.gov.au/statistics/economy/national-accounts/australian-national-accounts-finance-and-wealth/jun-2026/5232035.xlsx,83707,ec324939b8a90480ea43b6728e36270c57b24481159eed88ab0ed9ca7c60beb6,2026-10-03,ABS website content is under Creative Commons Attribution 4.0 International (excluding logos/Coat of Arms/third-party material); attribution to ABS required,quarterly series: span of all quarters in the file; each quarter is a row in the extraction. 
7,"Australian National Accounts: Finance and Wealth, June 2026",2026-09-24,2015-07-01,2015-09-30,2015-09-30,5232035.xlsx,https://www.abs.gov.au/statistics/economy/national-accounts/australian-national-accounts-finance-and-wealth/jun-2026/5232035.xlsx,83707,ec324939b8a90480ea43b6728e36270c57b24481159eed88ab0ed9ca7c60beb6,2026-10-03,ABS website content is under Creative Commons Attribution 4.0 International (excluding logos/Coat of Arms/third-party material); attribution to ABS required,quarterly series: span of all quarters in the file; each quarter is a row in the extraction. 
7,"Australian National Accounts: Finance and Wealth, June 2026",2026-09-24,2015-10-01,2015-12-31,2015-12-31,5232035.xlsx,https://www.abs.gov.au/statistics/economy/national-accounts/australian-national-accounts-finance-and-wealth/jun-2026/5232035.xlsx,83707,ec324939b8a90480ea43b6728e36270c57b24481159eed88ab0ed9ca7c60beb6,2026-10-03,ABS website content is under Creative Commons Attribution 4.0 International (excluding logos/Coat of Arms/third-party material); attribution to ABS required,quarterly series: span of all quarters in the file; each quarter is a row in the extraction. 
7,"Australian National Accounts: Finance and Wealth, June 2026",2026-09-24,2016-01-01,2016-03-31,2016-03-31,5232035.xlsx,https://www.abs.gov.au/statistics/economy/national-accounts/australian-national-accounts-finance-and-wealth/jun-2026/5232035.xlsx,83707,ec324939b8a90480ea43b6728e36270c57b24481159eed88ab0ed9ca7c60beb6,2026-10-03,ABS website content is under Creative Commons Attribution 4.0 International (excluding logos/Coat of Arms/third-party material); attribution to ABS required,quarterly series: span of all quarters in the file; each quarter is a row in the extraction. 
7,"Australian National Accounts: Finance and Wealth, June 2026",2026-09-24,2016-04-01,2016-06-30,2016-06-30,5232035.xlsx,https://www.abs.gov.au/statistics/economy/national-accounts/australian-national-accounts-finance-and-wealth/jun-2026/5232035.xlsx,83707,ec324939b8a90480ea43b6728e36270c57b24481159eed88ab0ed9ca7c60beb6,2026-10-03,ABS website content is under Creative Commons Attribution 4.0 International (excluding logos/Coat of Arms/third-party material); attribution to ABS required,quarterly series: span of all quarters in the file; each quarter is a row in the extraction. 
7,"Australian National Accounts: Finance and Wealth, June 2026",2026-09-24,2016-07-01,2016-09-30,2016-09-30,5232035.xlsx,https://www.abs.gov.au/statistics/economy/national-accounts/australian-national-accounts-finance-and-wealth/jun-2026/5232035.xlsx,83707,ec324939b8a90480ea43b6728e36270c57b24481159eed88ab0ed9ca7c60beb6,2026-10-03,ABS website content is under Creative Commons Attribution 4.0 International (excluding logos/Coat of Arms/third-party material); attribution to ABS required,quarterly series: span of all quarters in the file; each quarter is a row in the extraction. 
7,"Australian National Accounts: Finance and Wealth, June 2026",2026-09-24,2016-10-01,2016-12-31,2016-12-31,5232035.xlsx,https://www.abs.gov.au/statistics/economy/national-accounts/australian-national-accounts-finance-and-wealth/jun-2026/5232035.xlsx,83707,ec324939b8a90480ea43b6728e36270c57b24481159eed88ab0ed9ca7c60beb6,2026-10-03,ABS website content is under Creative Commons Attribution 4.0 International (excluding logos/Coat of Arms/third-party material); attribution to ABS required,quarterly series: span of all quarters in the file; each quarter is a row in the extraction. 
7,"Australian National Accounts: Finance and Wealth, June 2026",2026-09-24,2017-01-01,2017-03-31,2017-03-31,5232035.xlsx,https://www.abs.gov.au/statistics/economy/national-accounts/australian-national-accounts-finance-and-wealth/jun-2026/5232035.xlsx,83707,ec324939b8a90480ea43b6728e36270c57b24481159eed88ab0ed9ca7c60beb6,2026-10-03,ABS website content is under Creative Commons Attribution 4.0 International (excluding logos/Coat of Arms/third-party material); attribution to ABS required,quarterly series: span of all quarters in the file; each quarter is a row in the extraction. 
7,"Australian National Accounts: Finance and Wealth, June 2026",2026-09-24,2017-04-01,2017-06-30,2017-06-30,5232035.xlsx,https://www.abs.gov.au/statistics/economy/national-accounts/australian-national-accounts-finance-and-wealth/jun-2026/5232035.xlsx,83707,ec324939b8a90480ea43b6728e36270c57b24481159eed88ab0ed9ca7c60beb6,2026-10-03,ABS website content is under Creative Commons Attribution 4.0 International (excluding logos/Coat of Arms/third-party material); attribution to ABS required,quarterly series: span of all quarters in the file; each quarter is a row in the extraction. 
7,"Australian National Accounts: Finance and Wealth, June 2026",2026-09-24,2017-07-01,2017-09-30,2017-09-30,5232035.xlsx,https://www.abs.gov.au/statistics/economy/national-accounts/australian-national-accounts-finance-and-wealth/jun-2026/5232035.xlsx,83707,ec324939b8a90480ea43b6728e36270c57b24481159eed88ab0ed9ca7c60beb6,2026-10-03,ABS website content is under Creative Commons Attribution 4.0 International (excluding logos/Coat of Arms/third-party material); attribution to ABS required,quarterly series: span of all quarters in the file; each quarter is a row in the extraction. 
7,"Australian National Accounts: Finance and Wealth, June 2026",2026-09-24,2017-10-01,2017-12-31,2017-12-31,5232035.xlsx,https://www.abs.gov.au/statistics/economy/national-accounts/australian-national-accounts-finance-and-wealth/jun-2026/5232035.xlsx,83707,ec324939b8a90480ea43b6728e36270c57b24481159eed88ab0ed9ca7c60beb6,2026-10-03,ABS website content is under Creative Commons Attribution 4.0 International (excluding logos/Coat of Arms/third-party material); attribution to ABS required,quarterly series: span of all quarters in the file; each quarter is a row in the extraction. 
7,"Australian National Accounts: Finance and Wealth, June 2026",2026-09-24,2018-01-01,2018-03-31,2018-03-31,5232035.xlsx,https://www.abs.gov.au/statistics/economy/national-accounts/australian-national-accounts-finance-and-wealth/jun-2026/5232035.xlsx,83707,ec324939b8a90480ea43b6728e36270c57b24481159eed88ab0ed9ca7c60beb6,2026-10-03,ABS website content is under Creative Commons Attribution 4.0 International (excluding logos/Coat of Arms/third-party material); attribution to ABS required,quarterly series: span of all quarters in the file; each quarter is a row in the extraction. 
7,"Australian National Accounts: Finance and Wealth, June 2026",2026-09-24,2018-04-01,2018-06-30,2018-06-30,5232035.xlsx,https://www.abs.gov.au/statistics/economy/national-accounts/australian-national-accounts-finance-and-wealth/jun-2026/5232035.xlsx,83707,ec324939b8a90480ea43b6728e36270c57b24481159eed88ab0ed9ca7c60beb6,2026-10-03,ABS website content is under Creative Commons Attribution 4.0 International (excluding logos/Coat of Arms/third-party material); attribution to ABS required,quarterly series: span of all quarters in the file; each quarter is a row in the extraction. 
7,"Australian National Accounts: Finance and Wealth, June 2026",2026-09-24,2018-07-01,2018-09-30,2018-09-30,5232035.xlsx,https://www.abs.gov.au/statistics/economy/national-accounts/australian-national-accounts-finance-and-wealth/jun-2026/5232035.xlsx,83707,ec324939b8a90480ea43b6728e36270c57b24481159eed88ab0ed9ca7c60beb6,2026-10-03,ABS website content is under Creative Commons Attribution 4.0 International (excluding logos/Coat of Arms/third-party material); attribution to ABS required,quarterly series: span of all quarters in the file; each quarter is a row in the extraction. 
7,"Australian National Accounts: Finance and Wealth, June 2026",2026-09-24,2018-10-01,2018-12-31,2018-12-31,5232035.xlsx,https://www.abs.gov.au/statistics/economy/national-accounts/australian-national-accounts-finance-and-wealth/jun-2026/5232035.xlsx,83707,ec324939b8a90480ea43b6728e36270c57b24481159eed88ab0ed9ca7c60beb6,2026-10-03,ABS website content is under Creative Commons Attribution 4.0 International (excluding logos/Coat of Arms/third-party material); attribution to ABS required,quarterly series: span of all quarters in the file; each quarter is a row in the extraction. 
7,"Australian National Accounts: Finance and Wealth, June 2026",2026-09-24,2019-01-01,2019-03-31,2019-03-31,5232035.xlsx,https://www.abs.gov.au/statistics/economy/national-accounts/australian-national-accounts-finance-and-wealth/jun-2026/5232035.xlsx,83707,ec324939b8a90480ea43b6728e36270c57b24481159eed88ab0ed9ca7c60beb6,2026-10-03,ABS website content is under Creative Commons Attribution 4.0 International (excluding logos/Coat of Arms/third-party material); attribution to ABS required,quarterly series: span of all quarters in the file; each quarter is a row in the extraction. 
7,"Australian National Accounts: Finance and Wealth, June 2026",2026-09-24,2019-04-01,2019-06-30,2019-06-30,5232035.xlsx,https://www.abs.gov.au/statistics/economy/national-accounts/australian-national-accounts-finance-and-wealth/jun-2026/5232035.xlsx,83707,ec324939b8a90480ea43b6728e36270c57b24481159eed88ab0ed9ca7c60beb6,2026-10-03,ABS website content is under Creative Commons Attribution 4.0 International (excluding logos/Coat of Arms/third-party material); attribution to ABS required,quarterly series: span of all quarters in the file; each quarter is a row in the extraction. 
7,"Australian National Accounts: Finance and Wealth, June 2026",2026-09-24,2019-07-01,2019-09-30,2019-09-30,5232035.xlsx,https://www.abs.gov.au/statistics/economy/national-accounts/australian-national-accounts-finance-and-wealth/jun-2026/5232035.xlsx,83707,ec324939b8a90480ea43b6728e36270c57b24481159eed88ab0ed9ca7c60beb6,2026-10-03,ABS website content is under Creative Commons Attribution 4.0 International (excluding logos/Coat of Arms/third-party material); attribution to ABS required,quarterly series: span of all quarters in the file; each quarter is a row in the extraction. 
7,"Australian National Accounts: Finance and Wealth, June 2026",2026-09-24,2019-10-01,2019-12-31,2019-12-31,5232035.xlsx,https://www.abs.gov.au/statistics/economy/national-accounts/australian-national-accounts-finance-and-wealth/jun-2026/5232035.xlsx,83707,ec324939b8a90480ea43b6728e36270c57b24481159eed88ab0ed9ca7c60beb6,2026-10-03,ABS website content is under Creative Commons Attribution 4.0 International (excluding logos/Coat of Arms/third-party material); attribution to ABS required,quarterly series: span of all quarters in the file; each quarter is a row in the extraction. 
7,"Australian National Accounts: Finance and Wealth, June 2026",2026-09-24,2020-01-01,2020-03-31,2020-03-31,5232035.xlsx,https://www.abs.gov.au/statistics/economy/national-accounts/australian-national-accounts-finance-and-wealth/jun-2026/5232035.xlsx,83707,ec324939b8a90480ea43b6728e36270c57b24481159eed88ab0ed9ca7c60beb6,2026-10-03,ABS website content is under Creative Commons Attribution 4.0 International (excluding logos/Coat of Arms/third-party material); attribution to ABS required,quarterly series: span of all quarters in the file; each quarter is a row in the extraction. 
7,"Australian National Accounts: Finance and Wealth, June 2026",2026-09-24,2020-04-01,2020-06-30,2020-06-30,5232035.xlsx,https://www.abs.gov.au/statistics/economy/national-accounts/australian-national-accounts-finance-and-wealth/jun-2026/5232035.xlsx,83707,ec324939b8a90480ea43b6728e36270c57b24481159eed88ab0ed9ca7c60beb6,2026-10-03,ABS website content is under Creative Commons Attribution 4.0 International (excluding logos/Coat of Arms/third-party material); attribution to ABS required,quarterly series: span of all quarters in the file; each quarter is a row in the extraction. 
7,"Australian National Accounts: Finance and Wealth, June 2026",2026-09-24,2020-07-01,2020-09-30,2020-09-30,5232035.xlsx,https://www.abs.gov.au/statistics/economy/national-accounts/australian-national-accounts-finance-and-wealth/jun-2026/5232035.xlsx,83707,ec324939b8a90480ea43b6728e36270c57b24481159eed88ab0ed9ca7c60beb6,2026-10-03,ABS website content is under Creative Commons Attribution 4.0 International (excluding logos/Coat of Arms/third-party material); attribution to ABS required,quarterly series: span of all quarters in the file; each quarter is a row in the extraction. 
7,"Australian National Accounts: Finance and Wealth, June 2026",2026-09-24,2020-10-01,2020-12-31,2020-12-31,5232035.xlsx,https://www.abs.gov.au/statistics/economy/national-accounts/australian-national-accounts-finance-and-wealth/jun-2026/5232035.xlsx,83707,ec324939b8a90480ea43b6728e36270c57b24481159eed88ab0ed9ca7c60beb6,2026-10-03,ABS website content is under Creative Commons Attribution 4.0 International (excluding logos/Coat of Arms/third-party material); attribution to ABS required,quarterly series: span of all quarters in the file; each quarter is a row in the extraction. 
7,"Australian National Accounts: Finance and Wealth, June 2026",2026-09-24,2021-01-01,2021-03-31,2021-03-31,5232035.xlsx,https://www.abs.gov.au/statistics/economy/national-accounts/australian-national-accounts-finance-and-wealth/jun-2026/5232035.xlsx,83707,ec324939b8a90480ea43b6728e36270c57b24481159eed88ab0ed9ca7c60beb6,2026-10-03,ABS website content is under Creative Commons Attribution 4.0 International (excluding logos/Coat of Arms/third-party material); attribution to ABS required,quarterly series: span of all quarters in the file; each quarter is a row in the extraction. 
7,"Australian National Accounts: Finance and Wealth, June 2026",2026-09-24,2021-04-01,2021-06-30,2021-06-30,5232035.xlsx,https://www.abs.gov.au/statistics/economy/national-accounts/australian-national-accounts-finance-and-wealth/jun-2026/5232035.xlsx,83707,ec324939b8a90480ea43b6728e36270c57b24481159eed88ab0ed9ca7c60beb6,2026-10-03,ABS website content is under Creative Commons Attribution 4.0 International (excluding logos/Coat of Arms/third-party material); attribution to ABS required,quarterly series: span of all quarters in the file; each quarter is a row in the extraction. 
7,"Australian National Accounts: Finance and Wealth, June 2026",2026-09-24,2021-07-01,2021-09-30,2021-09-30,5232035.xlsx,https://www.abs.gov.au/statistics/economy/national-accounts/australian-national-accounts-finance-and-wealth/jun-2026/5232035.xlsx,83707,ec324939b8a90480ea43b6728e36270c57b24481159eed88ab0ed9ca7c60beb6,2026-10-03,ABS website content is under Creative Commons Attribution 4.0 International (excluding logos/Coat of Arms/third-party material); attribution to ABS required,quarterly series: span of all quarters in the file; each quarter is a row in the extraction. 
7,"Australian National Accounts: Finance and Wealth, June 2026",2026-09-24,2021-10-01,2021-12-31,2021-12-31,5232035.xlsx,https://www.abs.gov.au/statistics/economy/national-accounts/australian-national-accounts-finance-and-wealth/jun-2026/5232035.xlsx,83707,ec324939b8a90480ea43b6728e36270c57b24481159eed88ab0ed9ca7c60beb6,2026-10-03,ABS website content is under Creative Commons Attribution 4.0 International (excluding logos/Coat of Arms/third-party material); attribution to ABS required,quarterly series: span of all quarters in the file; each quarter is a row in the extraction. 
7,"Australian National Accounts: Finance and Wealth, June 2026",2026-09-24,2022-01-01,2022-03-31,2022-03-31,5232035.xlsx,https://www.abs.gov.au/statistics/economy/national-accounts/australian-national-accounts-finance-and-wealth/jun-2026/5232035.xlsx,83707,ec324939b8a90480ea43b6728e36270c57b24481159eed88ab0ed9ca7c60beb6,2026-10-03,ABS website content is under Creative Commons Attribution 4.0 International (excluding logos/Coat of Arms/third-party material); attribution to ABS required,quarterly series: span of all quarters in the file; each quarter is a row in the extraction. 
7,"Australian National Accounts: Finance and Wealth, June 2026",2026-09-24,2022-04-01,2022-06-30,2022-06-30,5232035.xlsx,https://www.abs.gov.au/statistics/economy/national-accounts/australian-national-accounts-finance-and-wealth/jun-2026/5232035.xlsx,83707,ec324939b8a90480ea43b6728e36270c57b24481159eed88ab0ed9ca7c60beb6,2026-10-03,ABS website content is under Creative Commons Attribution 4.0 International (excluding logos/Coat of Arms/third-party material); attribution to ABS required,quarterly series: span of all quarters in the file; each quarter is a row in the extraction. 
7,"Australian National Accounts: Finance and Wealth, June 2026",2026-09-24,2022-07-01,2022-09-30,2022-09-30,5232035.xlsx,https://www.abs.gov.au/statistics/economy/national-accounts/australian-national-accounts-finance-and-wealth/jun-2026/5232035.xlsx,83707,ec324939b8a90480ea43b6728e36270c57b24481159eed88ab0ed9ca7c60beb6,2026-10-03,ABS website content is under Creative Commons Attribution 4.0 International (excluding logos/Coat of Arms/third-party material); attribution to ABS required,quarterly series: span of all quarters in the file; each quarter is a row in the extraction. 
7,"Australian National Accounts: Finance and Wealth, June 2026",2026-09-24,2022-10-01,2022-12-31,2022-12-31,5232035.xlsx,https://www.abs.gov.au/statistics/economy/national-accounts/australian-national-accounts-finance-and-wealth/jun-2026/5232035.xlsx,83707,ec324939b8a90480ea43b6728e36270c57b24481159eed88ab0ed9ca7c60beb6,2026-10-03,ABS website content is under Creative Commons Attribution 4.0 International (excluding logos/Coat of Arms/third-party material); attribution to ABS required,quarterly series: span of all quarters in the file; each quarter is a row in the extraction. 
7,"Australian National Accounts: Finance and Wealth, June 2026",2026-09-24,2023-01-01,2023-03-31,2023-03-31,5232035.xlsx,https://www.abs.gov.au/statistics/economy/national-accounts/australian-national-accounts-finance-and-wealth/jun-2026/5232035.xlsx,83707,ec324939b8a90480ea43b6728e36270c57b24481159eed88ab0ed9ca7c60beb6,2026-10-03,ABS website content is under Creative Commons Attribution 4.0 International (excluding logos/Coat of Arms/third-party material); attribution to ABS required,quarterly series: span of all quarters in the file; each quarter is a row in the extraction. 
7,"Australian National Accounts: Finance and Wealth, June 2026",2026-09-24,2023-04-01,2023-06-30,2023-06-30,5232035.xlsx,https://www.abs.gov.au/statistics/economy/national-accounts/australian-national-accounts-finance-and-wealth/jun-2026/5232035.xlsx,83707,ec324939b8a90480ea43b6728e36270c57b24481159eed88ab0ed9ca7c60beb6,2026-10-03,ABS website content is under Creative Commons Attribution 4.0 International (excluding logos/Coat of Arms/third-party material); attribution to ABS required,quarterly series: span of all quarters in the file; each quarter is a row in the extraction. 
7,"Australian National Accounts: Finance and Wealth, June 2026",2026-09-24,2023-07-01,2023-09-30,2023-09-30,5232035.xlsx,https://www.abs.gov.au/statistics/economy/national-accounts/australian-national-accounts-finance-and-wealth/jun-2026/5232035.xlsx,83707,ec324939b8a90480ea43b6728e36270c57b24481159eed88ab0ed9ca7c60beb6,2026-10-03,ABS website content is under Creative Commons Attribution 4.0 International (excluding logos/Coat of Arms/third-party material); attribution to ABS required,quarterly series: span of all quarters in the file; each quarter is a row in the extraction. 
7,"Australian National Accounts: Finance and Wealth, June 2026",2026-09-24,2023-10-01,2023-12-31,2023-12-31,5232035.xlsx,https://www.abs.gov.au/statistics/economy/national-accounts/australian-national-accounts-finance-and-wealth/jun-2026/5232035.xlsx,83707,ec324939b8a90480ea43b6728e36270c57b24481159eed88ab0ed9ca7c60beb6,2026-10-03,ABS website content is under Creative Commons Attribution 4.0 International (excluding logos/Coat of Arms/third-party material); attribution to ABS required,quarterly series: span of all quarters in the file; each quarter is a row in the extraction. 
7,"Australian National Accounts: Finance and Wealth, June 2026",2026-09-24,2024-01-01,2024-03-31,2024-03-31,5232035.xlsx,https://www.abs.gov.au/statistics/economy/national-accounts/australian-national-accounts-finance-and-wealth/jun-2026/5232035.xlsx,83707,ec324939b8a90480ea43b6728e36270c57b24481159eed88ab0ed9ca7c60beb6,2026-10-03,ABS website content is under Creative Commons Attribution 4.0 International (excluding logos/Coat of Arms/third-party material); attribution to ABS required,quarterly series: span of all quarters in the file; each quarter is a row in the extraction. 
7,"Australian National Accounts: Finance and Wealth, June 2026",2026-09-24,2024-04-01,2024-06-30,2024-06-30,5232035.xlsx,https://www.abs.gov.au/statistics/economy/national-accounts/australian-national-accounts-finance-and-wealth/jun-2026/5232035.xlsx,83707,ec324939b8a90480ea43b6728e36270c57b24481159eed88ab0ed9ca7c60beb6,2026-10-03,ABS website content is under Creative Commons Attribution 4.0 International (excluding logos/Coat of Arms/third-party material); attribution to ABS required,quarterly series: span of all quarters in the file; each quarter is a row in the extraction. 
7,"Australian National Accounts: Finance and Wealth, June 2026",2026-09-24,2024-07-01,2024-09-30,2024-09-30,5232035.xlsx,https://www.abs.gov.au/statistics/economy/national-accounts/australian-national-accounts-finance-and-wealth/jun-2026/5232035.xlsx,83707,ec324939b8a90480ea43b6728e36270c57b24481159eed88ab0ed9ca7c60beb6,2026-10-03,ABS website content is under Creative Commons Attribution 4.0 International (excluding logos/Coat of Arms/third-party material); attribution to ABS required,quarterly series: span of all quarters in the file; each quarter is a row in the extraction. 
7,"Australian National Accounts: Finance and Wealth, June 2026",2026-09-24,2024-10-01,2024-12-31,2024-12-31,5232035.xlsx,https://www.abs.gov.au/statistics/economy/national-accounts/australian-national-accounts-finance-and-wealth/jun-2026/5232035.xlsx,83707,ec324939b8a90480ea43b6728e36270c57b24481159eed88ab0ed9ca7c60beb6,2026-10-03,ABS website content is under Creative Commons Attribution 4.0 International (excluding logos/Coat of Arms/third-party material); attribution to ABS required,quarterly series: span of all quarters in the file; each quarter is a row in the extraction. 
7,"Australian National Accounts: Finance and Wealth, June 2026",2026-09-24,2025-01-01,2025-03-31,2025-03-31,5232035.xlsx,https://www.abs.gov.au/statistics/economy/national-accounts/australian-national-accounts-finance-and-wealth/jun-2026/5232035.xlsx,83707,ec324939b8a90480ea43b6728e36270c57b24481159eed88ab0ed9ca7c60beb6,2026-10-03,ABS website content is under Creative Commons Attribution 4.0 International (excluding logos/Coat of Arms/third-party material); attribution to ABS required,quarterly series: span of all quarters in the file; each quarter is a row in the extraction. 
7,"Australian National Accounts: Finance and Wealth, June 2026",2026-09-24,2025-04-01,2025-06-30,2025-06-30,5232035.xlsx,https://www.abs.gov.au/statistics/economy/national-accounts/australian-national-accounts-finance-and-wealth/jun-2026/5232035.xlsx,83707,ec324939b8a90480ea43b6728e36270c57b24481159eed88ab0ed9ca7c60beb6,2026-10-03,ABS website content is under Creative Commons Attribution 4.0 International (excluding logos/Coat of Arms/third-party material); attribution to ABS required,quarterly series: span of all quarters in the file; each quarter is a row in the extraction. 
7,"Australian National Accounts: Finance and Wealth, June 2026",2026-09-24,2025-07-01,2025-09-30,2025-09-30,5232035.xlsx,https://www.abs.gov.au/statistics/economy/national-accounts/australian-national-accounts-finance-and-wealth/jun-2026/5232035.xlsx,83707,ec324939b8a90480ea43b6728e36270c57b24481159eed88ab0ed9ca7c60beb6,2026-10-03,ABS website content is under Creative Commons Attribution 4.0 International (excluding logos/Coat of Arms/third-party material); attribution to ABS required,quarterly series: span of all quarters in the file; each quarter is a row in the extraction. 
7,"Australian National Accounts: Finance and Wealth, June 2026",2026-09-24,2025-10-01,2025-12-31,2025-12-31,5232035.xlsx,https://www.abs.gov.au/statistics/economy/national-accounts/australian-national-accounts-finance-and-wealth/jun-2026/5232035.xlsx,83707,ec324939b8a90480ea43b6728e36270c57b24481159eed88ab0ed9ca7c60beb6,2026-10-03,ABS website content is under Creative Commons Attribution 4.0 International (excluding logos/Coat of Arms/third-party material); attribution to ABS required,quarterly series: span of all quarters in the file; each quarter is a row in the extraction. 
7,"Australian National Accounts: Finance and Wealth, June 2026",2026-09-24,2026-01-01,2026-03-31,2026-03-31,5232035.xlsx,https://www.abs.gov.au/statistics/economy/national-accounts/australian-national-accounts-finance-and-wealth/jun-2026/5232035.xlsx,83707,ec324939b8a90480ea43b6728e36270c57b24481159eed88ab0ed9ca7c60beb6,2026-10-03,ABS website content is under Creative Commons Attribution 4.0 International (excluding logos/Coat of Arms/third-party material); attribution to ABS required,quarterly series: span of all quarters in the file; each quarter is a row in the extraction. 
7,"Australian National Accounts: Finance and Wealth, June 2026",2026-09-24,2026-04-01,2026-06-30,2026-06-30,5232035.xlsx,https://www.abs.gov.au/statistics/economy/national-accounts/australian-national-accounts-finance-and-wealth/jun-2026/5232035.xlsx,83707,ec324939b8a90480ea43b6728e36270c57b24481159eed88ab0ed9ca7c60beb6,2026-10-03,ABS website content is under Creative Commons Attribution 4.0 International (excluding logos/Coat of Arms/third-party material); attribution to ABS required,quarterly series: span of all quarters in the file; each quarter is a row in the extraction. 
7,"Australian National Accounts: Finance and Wealth, June 2026",2026-09-24,1989-07-01,2026-06-30,,5232036.xlsx,https://www.abs.gov.au/statistics/economy/national-accounts/australian-national-accounts-finance-and-wealth/jun-2026/5232036.xlsx,69768,14485181a5dfa41f58839df7d7311a04160d9f90d90e77606693b5cdcbc561b6,2026-10-03,ABS website content is under Creative Commons Attribution 4.0 International (excluding logos/Coat of Arms/third-party material); attribution to ABS required,quarterly series: span of all quarters in the file; each quarter is a row in the extraction. 
7,"Australian National Accounts: Finance and Wealth, June 2026",2026-09-24,1989-07-01,1989-09-30,1989-09-30,5232036.xlsx,https://www.abs.gov.au/statistics/economy/national-accounts/australian-national-accounts-finance-and-wealth/jun-2026/5232036.xlsx,69768,14485181a5dfa41f58839df7d7311a04160d9f90d90e77606693b5cdcbc561b6,2026-10-03,ABS website content is under Creative Commons Attribution 4.0 International (excluding logos/Coat of Arms/third-party material); attribution to ABS required,quarterly series: span of all quarters in the file; each quarter is a row in the extraction. 
7,"Australian National Accounts: Finance and Wealth, June 2026",2026-09-24,1989-10-01,1989-12-31,1989-12-31,5232036.xlsx,https://www.abs.gov.au/statistics/economy/national-accounts/australian-national-accounts-finance-and-wealth/jun-2026/5232036.xlsx,69768,14485181a5dfa41f58839df7d7311a04160d9f90d90e77606693b5cdcbc561b6,2026-10-03,ABS website content is under Creative Commons Attribution 4.0 International (excluding logos/Coat of Arms/third-party material); attribution to ABS required,quarterly series: span of all quarters in the file; each quarter is a row in the extraction. 
7,"Australian National Accounts: Finance and Wealth, June 2026",2026-09-24,1990-01-01,1990-03-31,1990-03-31,5232036.xlsx,https://www.abs.gov.au/statistics/economy/national-accounts/australian-national-accounts-finance-and-wealth/jun-2026/5232036.xlsx,69768,14485181a5dfa41f58839df7d7311a04160d9f90d90e77606693b5cdcbc561b6,2026-10-03,ABS website content is under Creative Commons Attribution 4.0 International (excluding logos/Coat of Arms/third-party material); attribution to ABS required,quarterly series: span of all quarters in the file; each quarter is a row in the extraction. 
7,"Australian National Accounts: Finance and Wealth, June 2026",2026-09-24,1990-04-01,1990-06-30,1990-06-30,5232036.xlsx,https://www.abs.gov.au/statistics/economy/national-accounts/australian-national-accounts-finance-and-wealth/jun-2026/5232036.xlsx,69768,14485181a5dfa41f58839df7d7311a04160d9f90d90e77606693b5cdcbc561b6,2026-10-03,ABS website content is under Creative Commons Attribution 4.0 International (excluding logos/Coat of Arms/third-party material); attribution to ABS required,quarterly series: span of all quarters in the file; each quarter is a row in the extraction. 
7,"Australian National Accounts: Finance and Wealth, June 2026",2026-09-24,1990-07-01,1990-09-30,1990-09-30,5232036.xlsx,https://www.abs.gov.au/statistics/economy/national-accounts/australian-national-accounts-finance-and-wealth/jun-2026/5232036.xlsx,69768,14485181a5dfa41f58839df7d7311a04160d9f90d90e77606693b5cdcbc561b6,2026-10-03,ABS website content is under Creative Commons Attribution 4.0 International (excluding logos/Coat of Arms/third-party material); attribution to ABS required,quarterly series: span of all quarters in the file; each quarter is a row in the extraction. 
7,"Australian National Accounts: Finance and Wealth, June 2026",2026-09-24,1990-10-01,1990-12-31,1990-12-31,5232036.xlsx,https://www.abs.gov.au/statistics/economy/national-accounts/australian-national-accounts-finance-and-wealth/jun-2026/5232036.xlsx,69768,14485181a5dfa41f58839df7d7311a04160d9f90d90e77606693b5cdcbc561b6,2026-10-03,ABS website content is under Creative Commons Attribution 4.0 International (excluding logos/Coat of Arms/third-party material); attribution to ABS required,quarterly series: span of all quarters in the file; each quarter is a row in the extraction. 
7,"Australian National Accounts: Finance and Wealth, June 2026",2026-09-24,1991-01-01,1991-03-31,1991-03-31,5232036.xlsx,https://www.abs.gov.au/statistics/economy/national-accounts/australian-national-accounts-finance-and-wealth/jun-2026/5232036.xlsx,69768,14485181a5dfa41f58839df7d7311a04160d9f90d90e77606693b5cdcbc561b6,2026-10-03,ABS website content is under Creative Commons Attribution 4.0 International (excluding logos/Coat of Arms/third-party material); attribution to ABS required,quarterly series: span of all quarters in the file; each quarter is a row in the extraction. 
7,"Australian National Accounts: Finance and Wealth, June 2026",2026-09-24,1991-04-01,1991-06-30,1991-06-30,5232036.xlsx,https://www.abs.gov.au/statistics/economy/national-accounts/australian-national-accounts-finance-and-wealth/jun-2026/5232036.xlsx,69768,14485181a5dfa41f58839df7d7311a04160d9f90d90e77606693b5cdcbc561b6,2026-10-03,ABS website content is under Creative Commons Attribution 4.0 International (excluding logos/Coat of Arms/third-party material); attribution to ABS required,quarterly series: span of all quarters in the file; each quarter is a row in the extraction. 
7,"Australian National Accounts: Finance and Wealth, June 2026",2026-09-24,1991-07-01,1991-09-30,1991-09-30,5232036.xlsx,https://www.abs.gov.au/statistics/economy/national-accounts/australian-national-accounts-finance-and-wealth/jun-2026/5232036.xlsx,69768,14485181a5dfa41f58839df7d7311a04160d9f90d90e77606693b5cdcbc561b6,2026-10-03,ABS website content is under Creative Commons Attribution 4.0 International (excluding logos/Coat of Arms/third-party material); attribution to ABS required,quarterly series: span of all quarters in the file; each quarter is a row in the extraction. 
7,"Australian National Accounts: Finance and Wealth, June 2026",2026-09-24,1991-10-01,1991-12-31,1991-12-31,5232036.xlsx,https://www.abs.gov.au/statistics/economy/national-accounts/australian-national-accounts-finance-and-wealth/jun-2026/5232036.xlsx,69768,14485181a5dfa41f58839df7d7311a04160d9f90d90e77606693b5cdcbc561b6,2026-10-03,ABS website content is under Creative Commons Attribution 4.0 International (excluding logos/Coat of Arms/third-party material); attribution to ABS required,quarterly series: span of all quarters in the file; each quarter is a row in the extraction. 
7,"Australian National Accounts: Finance and Wealth, June 2026",2026-09-24,1992-01-01,1992-03-31,1992-03-31,5232036.xlsx,https://www.abs.gov.au/statistics/economy/national-accounts/australian-national-accounts-finance-and-wealth/jun-2026/5232036.xlsx,69768,14485181a5dfa41f58839df7d7311a04160d9f90d90e77606693b5cdcbc561b6,2026-10-03,ABS website content is under Creative Commons Attribution 4.0 International (excluding logos/Coat of Arms/third-party material); attribution to ABS required,quarterly series: span of all quarters in the file; each quarter is a row in the extraction. 
7,"Australian National Accounts: Finance and Wealth, June 2026",2026-09-24,1992-04-01,1992-06-30,1992-06-30,5232036.xlsx,https://www.abs.gov.au/statistics/economy/national-accounts/australian-national-accounts-finance-and-wealth/jun-2026/5232036.xlsx,69768,14485181a5dfa41f58839df7d7311a04160d9f90d90e77606693b5cdcbc561b6,2026-10-03,ABS website content is under Creative Commons Attribution 4.0 International (excluding logos/Coat of Arms/third-party material); attribution to ABS required,quarterly series: span of all quarters in the file; each quarter is a row in the extraction. 
7,"Australian National Accounts: Finance and Wealth, June 2026",2026-09-24,1992-07-01,1992-09-30,1992-09-30,5232036.xlsx,https://www.abs.gov.au/statistics/economy/national-accounts/australian-national-accounts-finance-and-wealth/jun-2026/5232036.xlsx,69768,14485181a5dfa41f58839df7d7311a04160d9f90d90e77606693b5cdcbc561b6,2026-10-03,ABS website content is under Creative Commons Attribution 4.0 International (excluding logos/Coat of Arms/third-party material); attribution to ABS required,quarterly series: span of all quarters in the file; each quarter is a row in the extraction. 
7,"Australian National Accounts: Finance and Wealth, June 2026",2026-09-24,1992-10-01,1992-12-31,1992-12-31,5232036.xlsx,https://www.abs.gov.au/statistics/economy/national-accounts/australian-national-accounts-finance-and-wealth/jun-2026/5232036.xlsx,69768,14485181a5dfa41f58839df7d7311a04160d9f90d90e77606693b5cdcbc561b6,2026-10-03,ABS website content is under Creative Commons Attribution 4.0 International (excluding logos/Coat of Arms/third-party material); attribution to ABS required,quarterly series: span of all quarters in the file; each quarter is a row in the extraction. 
7,"Australian National Accounts: Finance and Wealth, June 2026",2026-09-24,1993-01-01,1993-03-31,1993-03-31,5232036.xlsx,https://www.abs.gov.au/statistics/economy/national-accounts/australian-national-accounts-finance-and-wealth/jun-2026/5232036.xlsx,69768,14485181a5dfa41f58839df7d7311a04160d9f90d90e77606693b5cdcbc561b6,2026-10-03,ABS website content is under Creative Commons Attribution 4.0 International (excluding logos/Coat of Arms/third-party material); attribution to ABS required,quarterly series: span of all quarters in the file; each quarter is a row in the extraction. 
7,"Australian National Accounts: Finance and Wealth, June 2026",2026-09-24,1993-04-01,1993-06-30,1993-06-30,5232036.xlsx,https://www.abs.gov.au/statistics/economy/national-accounts/australian-national-accounts-finance-and-wealth/jun-2026/5232036.xlsx,69768,14485181a5dfa41f58839df7d7311a04160d9f90d90e77606693b5cdcbc561b6,2026-10-03,ABS website content is under Creative Commons Attribution 4.0 International (excluding logos/Coat of Arms/third-party material); attribution to ABS required,quarterly series: span of all quarters in the file; each quarter is a row in the extraction. 
7,"Australian National Accounts: Finance and Wealth, June 2026",2026-09-24,1993-07-01,1993-09-30,1993-09-30,5232036.xlsx,https://www.abs.gov.au/statistics/economy/national-accounts/australian-national-accounts-finance-and-wealth/jun-2026/5232036.xlsx,69768,14485181a5dfa41f58839df7d7311a04160d9f90d90e77606693b5cdcbc561b6,2026-10-03,ABS website content is under Creative Commons Attribution 4.0 International (excluding logos/Coat of Arms/third-party material); attribution to ABS required,quarterly series: span of all quarters in the file; each quarter is a row in the extraction. 
7,"Australian National Accounts: Finance and Wealth, June 2026",2026-09-24,1993-10-01,1993-12-31,1993-12-31,5232036.xlsx,https://www.abs.gov.au/statistics/economy/national-accounts/australian-national-accounts-finance-and-wealth/jun-2026/5232036.xlsx,69768,14485181a5dfa41f58839df7d7311a04160d9f90d90e77606693b5cdcbc561b6,2026-10-03,ABS website content is under Creative Commons Attribution 4.0 International (excluding logos/Coat of Arms/third-party material); attribution to ABS required,quarterly series: span of all quarters in the file; each quarter is a row in the extraction. 
7,"Australian National Accounts: Finance and Wealth, June 2026",2026-09-24,1994-01-01,1994-03-31,1994-03-31,5232036.xlsx,https://www.abs.gov.au/statistics/economy/national-accounts/australian-national-accounts-finance-and-wealth/jun-2026/5232036.xlsx,69768,14485181a5dfa41f58839df7d7311a04160d9f90d90e77606693b5cdcbc561b6,2026-10-03,ABS website content is under Creative Commons Attribution 4.0 International (excluding logos/Coat of Arms/third-party material); attribution to ABS required,quarterly series: span of all quarters in the file; each quarter is a row in the extraction. 
7,"Australian National Accounts: Finance and Wealth, June 2026",2026-09-24,1994-04-01,1994-06-30,1994-06-30,5232036.xlsx,https://www.abs.gov.au/statistics/economy/national-accounts/australian-national-accounts-finance-and-wealth/jun-2026/5232036.xlsx,69768,14485181a5dfa41f58839df7d7311a04160d9f90d90e77606693b5cdcbc561b6,2026-10-03,ABS website content is under Creative Commons Attribution 4.0 International (excluding logos/Coat of Arms/third-party material); attribution to ABS required,quarterly series: span of all quarters in the file; each quarter is a row in the extraction. 
7,"Australian National Accounts: Finance and Wealth, June 2026",2026-09-24,1994-07-01,1994-09-30,1994-09-30,5232036.xlsx,https://www.abs.gov.au/statistics/economy/national-accounts/australian-national-accounts-finance-and-wealth/jun-2026/5232036.xlsx,69768,14485181a5dfa41f58839df7d7311a04160d9f90d90e77606693b5cdcbc561b6,2026-10-03,ABS website content is under Creative Commons Attribution 4.0 International (excluding logos/Coat of Arms/third-party material); attribution to ABS required,quarterly series: span of all quarters in the file; each quarter is a row in the extraction. 
7,"Australian National Accounts: Finance and Wealth, June 2026",2026-09-24,1994-10-01,1994-12-31,1994-12-31,5232036.xlsx,https://www.abs.gov.au/statistics/economy/national-accounts/australian-national-accounts-finance-and-wealth/jun-2026/5232036.xlsx,69768,14485181a5dfa41f58839df7d7311a04160d9f90d90e77606693b5cdcbc561b6,2026-10-03,ABS website content is under Creative Commons Attribution 4.0 International (excluding logos/Coat of Arms/third-party material); attribution to ABS required,quarterly series: span of all quarters in the file; each quarter is a row in the extraction. 
7,"Australian National Accounts: Finance and Wealth, June 2026",2026-09-24,1995-01-01,1995-03-31,1995-03-31,5232036.xlsx,https://www.abs.gov.au/statistics/economy/national-accounts/australian-national-accounts-finance-and-wealth/jun-2026/5232036.xlsx,69768,14485181a5dfa41f58839df7d7311a04160d9f90d90e77606693b5cdcbc561b6,2026-10-03,ABS website content is under Creative Commons Attribution 4.0 International (excluding logos/Coat of Arms/third-party material); attribution to ABS required,quarterly series: span of all quarters in the file; each quarter is a row in the extraction. 
7,"Australian National Accounts: Finance and Wealth, June 2026",2026-09-24,1995-04-01,1995-06-30,1995-06-30,5232036.xlsx,https://www.abs.gov.au/statistics/economy/national-accounts/australian-national-accounts-finance-and-wealth/jun-2026/5232036.xlsx,69768,14485181a5dfa41f58839df7d7311a04160d9f90d90e77606693b5cdcbc561b6,2026-10-03,ABS website content is under Creative Commons Attribution 4.0 International (excluding logos/Coat of Arms/third-party material); attribution to ABS required,quarterly series: span of all quarters in the file; each quarter is a row in the extraction. 
7,"Australian National Accounts: Finance and Wealth, June 2026",2026-09-24,1995-07-01,1995-09-30,1995-09-30,5232036.xlsx,https://www.abs.gov.au/statistics/economy/national-accounts/australian-national-accounts-finance-and-wealth/jun-2026/5232036.xlsx,69768,14485181a5dfa41f58839df7d7311a04160d9f90d90e77606693b5cdcbc561b6,2026-10-03,ABS website content is under Creative Commons Attribution 4.0 International (excluding logos/Coat of Arms/third-party material); attribution to ABS required,quarterly series: span of all quarters in the file; each quarter is a row in the extraction. 
7,"Australian National Accounts: Finance and Wealth, June 2026",2026-09-24,1995-10-01,1995-12-31,1995-12-31,5232036.xlsx,https://www.abs.gov.au/statistics/economy/national-accounts/australian-national-accounts-finance-and-wealth/jun-2026/5232036.xlsx,69768,14485181a5dfa41f58839df7d7311a04160d9f90d90e77606693b5cdcbc561b6,2026-10-03,ABS website content is under Creative Commons Attribution 4.0 International (excluding logos/Coat of Arms/third-party material); attribution to ABS required,quarterly series: span of all quarters in the file; each quarter is a row in the extraction. 
7,"Australian National Accounts: Finance and Wealth, June 2026",2026-09-24,1996-01-01,1996-03-31,1996-03-31,5232036.xlsx,https://www.abs.gov.au/statistics/economy/national-accounts/australian-national-accounts-finance-and-wealth/jun-2026/5232036.xlsx,69768,14485181a5dfa41f58839df7d7311a04160d9f90d90e77606693b5cdcbc561b6,2026-10-03,ABS website content is under Creative Commons Attribution 4.0 International (excluding logos/Coat of Arms/third-party material); attribution to ABS required,quarterly series: span of all quarters in the file; each quarter is a row in the extraction. 
7,"Australian National Accounts: Finance and Wealth, June 2026",2026-09-24,1996-04-01,1996-06-30,1996-06-30,5232036.xlsx,https://www.abs.gov.au/statistics/economy/national-accounts/australian-national-accounts-finance-and-wealth/jun-2026/5232036.xlsx,69768,14485181a5dfa41f58839df7d7311a04160d9f90d90e77606693b5cdcbc561b6,2026-10-03,ABS website content is under Creative Commons Attribution 4.0 International (excluding logos/Coat of Arms/third-party material); attribution to ABS required,quarterly series: span of all quarters in the file; each quarter is a row in the extraction. 
7,"Australian National Accounts: Finance and Wealth, June 2026",2026-09-24,1996-07-01,1996-09-30,1996-09-30,5232036.xlsx,https://www.abs.gov.au/statistics/economy/national-accounts/australian-national-accounts-finance-and-wealth/jun-2026/5232036.xlsx,69768,14485181a5dfa41f58839df7d7311a04160d9f90d90e77606693b5cdcbc561b6,2026-10-03,ABS website content is under Creative Commons Attribution 4.0 International (excluding logos/Coat of Arms/third-party material); attribution to ABS required,quarterly series: span of all quarters in the file; each quarter is a row in the extraction. 
7,"Australian National Accounts: Finance and Wealth, June 2026",2026-09-24,1996-10-01,1996-12-31,1996-12-31,5232036.xlsx,https://www.abs.gov.au/statistics/economy/national-accounts/australian-national-accounts-finance-and-wealth/jun-2026/5232036.xlsx,69768,14485181a5dfa41f58839df7d7311a04160d9f90d90e77606693b5cdcbc561b6,2026-10-03,ABS website content is under Creative Commons Attribution 4.0 International (excluding logos/Coat of Arms/third-party material); attribution to ABS required,quarterly series: span of all quarters in the file; each quarter is a row in the extraction. 
7,"Australian National Accounts: Finance and Wealth, June 2026",2026-09-24,1997-01-01,1997-03-31,1997-03-31,5232036.xlsx,https://www.abs.gov.au/statistics/economy/national-accounts/australian-national-accounts-finance-and-wealth/jun-2026/5232036.xlsx,69768,14485181a5dfa41f58839df7d7311a04160d9f90d90e77606693b5cdcbc561b6,2026-10-03,ABS website content is under Creative Commons Attribution 4.0 International (excluding logos/Coat of Arms/third-party material); attribution to ABS required,quarterly series: span of all quarters in the file; each quarter is a row in the extraction. 
7,"Australian National Accounts: Finance and Wealth, June 2026",2026-09-24,1997-04-01,1997-06-30,1997-06-30,5232036.xlsx,https://www.abs.gov.au/statistics/economy/national-accounts/australian-national-accounts-finance-and-wealth/jun-2026/5232036.xlsx,69768,14485181a5dfa41f58839df7d7311a04160d9f90d90e77606693b5cdcbc561b6,2026-10-03,ABS website content is under Creative Commons Attribution 4.0 International (excluding logos/Coat of Arms/third-party material); attribution to ABS required,quarterly series: span of all quarters in the file; each quarter is a row in the extraction. 
7,"Australian National Accounts: Finance and Wealth, June 2026",2026-09-24,1997-07-01,1997-09-30,1997-09-30,5232036.xlsx,https://www.abs.gov.au/statistics/economy/national-accounts/australian-national-accounts-finance-and-wealth/jun-2026/5232036.xlsx,69768,14485181a5dfa41f58839df7d7311a04160d9f90d90e77606693b5cdcbc561b6,2026-10-03,ABS website content is under Creative Commons Attribution 4.0 International (excluding logos/Coat of Arms/third-party material); attribution to ABS required,quarterly series: span of all quarters in the file; each quarter is a row in the extraction. 
7,"Australian National Accounts: Finance and Wealth, June 2026",2026-09-24,1997-10-01,1997-12-31,1997-12-31,5232036.xlsx,https://www.abs.gov.au/statistics/economy/national-accounts/australian-national-accounts-finance-and-wealth/jun-2026/5232036.xlsx,69768,14485181a5dfa41f58839df7d7311a04160d9f90d90e77606693b5cdcbc561b6,2026-10-03,ABS website content is under Creative Commons Attribution 4.0 International (excluding logos/Coat of Arms/third-party material); attribution to ABS required,quarterly series: span of all quarters in the file; each quarter is a row in the extraction. 
7,"Australian National Accounts: Finance and Wealth, June 2026",2026-09-24,1998-01-01,1998-03-31,1998-03-31,5232036.xlsx,https://www.abs.gov.au/statistics/economy/national-accounts/australian-national-accounts-finance-and-wealth/jun-2026/5232036.xlsx,69768,14485181a5dfa41f58839df7d7311a04160d9f90d90e77606693b5cdcbc561b6,2026-10-03,ABS website content is under Creative Commons Attribution 4.0 International (excluding logos/Coat of Arms/third-party material); attribution to ABS required,quarterly series: span of all quarters in the file; each quarter is a row in the extraction. 
7,"Australian National Accounts: Finance and Wealth, June 2026",2026-09-24,1998-04-01,1998-06-30,1998-06-30,5232036.xlsx,https://www.abs.gov.au/statistics/economy/national-accounts/australian-national-accounts-finance-and-wealth/jun-2026/5232036.xlsx,69768,14485181a5dfa41f58839df7d7311a04160d9f90d90e77606693b5cdcbc561b6,2026-10-03,ABS website content is under Creative Commons Attribution 4.0 International (excluding logos/Coat of Arms/third-party material); attribution to ABS required,quarterly series: span of all quarters in the file; each quarter is a row in the extraction. 
7,"Australian National Accounts: Finance and Wealth, June 2026",2026-09-24,1998-07-01,1998-09-30,1998-09-30,5232036.xlsx,https://www.abs.gov.au/statistics/economy/national-accounts/australian-national-accounts-finance-and-wealth/jun-2026/5232036.xlsx,69768,14485181a5dfa41f58839df7d7311a04160d9f90d90e77606693b5cdcbc561b6,2026-10-03,ABS website content is under Creative Commons Attribution 4.0 International (excluding logos/Coat of Arms/third-party material); attribution to ABS required,quarterly series: span of all quarters in the file; each quarter is a row in the extraction. 
7,"Australian National Accounts: Finance and Wealth, June 2026",2026-09-24,1998-10-01,1998-12-31,1998-12-31,5232036.xlsx,https://www.abs.gov.au/statistics/economy/national-accounts/australian-national-accounts-finance-and-wealth/jun-2026/5232036.xlsx,69768,14485181a5dfa41f58839df7d7311a04160d9f90d90e77606693b5cdcbc561b6,2026-10-03,ABS website content is under Creative Commons Attribution 4.0 International (excluding logos/Coat of Arms/third-party material); attribution to ABS required,quarterly series: span of all quarters in the file; each quarter is a row in the extraction. 
7,"Australian National Accounts: Finance and Wealth, June 2026",2026-09-24,1999-01-01,1999-03-31,1999-03-31,5232036.xlsx,https://www.abs.gov.au/statistics/economy/national-accounts/australian-national-accounts-finance-and-wealth/jun-2026/5232036.xlsx,69768,14485181a5dfa41f58839df7d7311a04160d9f90d90e77606693b5cdcbc561b6,2026-10-03,ABS website content is under Creative Commons Attribution 4.0 International (excluding logos/Coat of Arms/third-party material); attribution to ABS required,quarterly series: span of all quarters in the file; each quarter is a row in the extraction. 
7,"Australian National Accounts: Finance and Wealth, June 2026",2026-09-24,1999-04-01,1999-06-30,1999-06-30,5232036.xlsx,https://www.abs.gov.au/statistics/economy/national-accounts/australian-national-accounts-finance-and-wealth/jun-2026/5232036.xlsx,69768,14485181a5dfa41f58839df7d7311a04160d9f90d90e77606693b5cdcbc561b6,2026-10-03,ABS website content is under Creative Commons Attribution 4.0 International (excluding logos/Coat of Arms/third-party material); attribution to ABS required,quarterly series: span of all quarters in the file; each quarter is a row in the extraction. 
7,"Australian National Accounts: Finance and Wealth, June 2026",2026-09-24,1999-07-01,1999-09-30,1999-09-30,5232036.xlsx,https://www.abs.gov.au/statistics/economy/national-accounts/australian-national-accounts-finance-and-wealth/jun-2026/5232036.xlsx,69768,14485181a5dfa41f58839df7d7311a04160d9f90d90e77606693b5cdcbc561b6,2026-10-03,ABS website content is under Creative Commons Attribution 4.0 International (excluding logos/Coat of Arms/third-party material); attribution to ABS required,quarterly series: span of all quarters in the file; each quarter is a row in the extraction. 
7,"Australian National Accounts: Finance and Wealth, June 2026",2026-09-24,1999-10-01,1999-12-31,1999-12-31,5232036.xlsx,https://www.abs.gov.au/statistics/economy/national-accounts/australian-national-accounts-finance-and-wealth/jun-2026/5232036.xlsx,69768,14485181a5dfa41f58839df7d7311a04160d9f90d90e77606693b5cdcbc561b6,2026-10-03,ABS website content is under Creative Commons Attribution 4.0 International (excluding logos/Coat of Arms/third-party material); attribution to ABS required,quarterly series: span of all quarters in the file; each quarter is a row in the extraction. 
7,"Australian National Accounts: Finance and Wealth, June 2026",2026-09-24,2000-01-01,2000-03-31,2000-03-31,5232036.xlsx,https://www.abs.gov.au/statistics/economy/national-accounts/australian-national-accounts-finance-and-wealth/jun-2026/5232036.xlsx,69768,14485181a5dfa41f58839df7d7311a04160d9f90d90e77606693b5cdcbc561b6,2026-10-03,ABS website content is under Creative Commons Attribution 4.0 International (excluding logos/Coat of Arms/third-party material); attribution to ABS required,quarterly series: span of all quarters in the file; each quarter is a row in the extraction. 
7,"Australian National Accounts: Finance and Wealth, June 2026",2026-09-24,2000-04-01,2000-06-30,2000-06-30,5232036.xlsx,https://www.abs.gov.au/statistics/economy/national-accounts/australian-national-accounts-finance-and-wealth/jun-2026/5232036.xlsx,69768,14485181a5dfa41f58839df7d7311a04160d9f90d90e77606693b5cdcbc561b6,2026-10-03,ABS website content is under Creative Commons Attribution 4.0 International (excluding logos/Coat of Arms/third-party material); attribution to ABS required,quarterly series: span of all quarters in the file; each quarter is a row in the extraction. 
7,"Australian National Accounts: Finance and Wealth, June 2026",2026-09-24,2000-07-01,2000-09-30,2000-09-30,5232036.xlsx,https://www.abs.gov.au/statistics/economy/national-accounts/australian-national-accounts-finance-and-wealth/jun-2026/5232036.xlsx,69768,14485181a5dfa41f58839df7d7311a04160d9f90d90e77606693b5cdcbc561b6,2026-10-03,ABS website content is under Creative Commons Attribution 4.0 International (excluding logos/Coat of Arms/third-party material); attribution to ABS required,quarterly series: span of all quarters in the file; each quarter is a row in the extraction. 
7,"Australian National Accounts: Finance and Wealth, June 2026",2026-09-24,2000-10-01,2000-12-31,2000-12-31,5232036.xlsx,https://www.abs.gov.au/statistics/economy/national-accounts/australian-national-accounts-finance-and-wealth/jun-2026/5232036.xlsx,69768,14485181a5dfa41f58839df7d7311a04160d9f90d90e77606693b5cdcbc561b6,2026-10-03,ABS website content is under Creative Commons Attribution 4.0 International (excluding logos/Coat of Arms/third-party material); attribution to ABS required,quarterly series: span of all quarters in the file; each quarter is a row in the extraction. 
7,"Australian National Accounts: Finance and Wealth, June 2026",2026-09-24,2001-01-01,2001-03-31,2001-03-31,5232036.xlsx,https://www.abs.gov.au/statistics/economy/national-accounts/australian-national-accounts-finance-and-wealth/jun-2026/5232036.xlsx,69768,14485181a5dfa41f58839df7d7311a04160d9f90d90e77606693b5cdcbc561b6,2026-10-03,ABS website content is under Creative Commons Attribution 4.0 International (excluding logos/Coat of Arms/third-party material); attribution to ABS required,quarterly series: span of all quarters in the file; each quarter is a row in the extraction. 
7,"Australian National Accounts: Finance and Wealth, June 2026",2026-09-24,2001-04-01,2001-06-30,2001-06-30,5232036.xlsx,https://www.abs.gov.au/statistics/economy/national-accounts/australian-national-accounts-finance-and-wealth/jun-2026/5232036.xlsx,69768,14485181a5dfa41f58839df7d7311a04160d9f90d90e77606693b5cdcbc561b6,2026-10-03,ABS website content is under Creative Commons Attribution 4.0 International (excluding logos/Coat of Arms/third-party material); attribution to ABS required,quarterly series: span of all quarters in the file; each quarter is a row in the extraction. 
7,"Australian National Accounts: Finance and Wealth, June 2026",2026-09-24,2001-07-01,2001-09-30,2001-09-30,5232036.xlsx,https://www.abs.gov.au/statistics/economy/national-accounts/australian-national-accounts-finance-and-wealth/jun-2026/5232036.xlsx,69768,14485181a5dfa41f58839df7d7311a04160d9f90d90e77606693b5cdcbc561b6,2026-10-03,ABS website content is under Creative Commons Attribution 4.0 International (excluding logos/Coat of Arms/third-party material); attribution to ABS required,quarterly series: span of all quarters in the file; each quarter is a row in the extraction. 
7,"Australian National Accounts: Finance and Wealth, June 2026",2026-09-24,2001-10-01,2001-12-31,2001-12-31,5232036.xlsx,https://www.abs.gov.au/statistics/economy/national-accounts/australian-national-accounts-finance-and-wealth/jun-2026/5232036.xlsx,69768,14485181a5dfa41f58839df7d7311a04160d9f90d90e77606693b5cdcbc561b6,2026-10-03,ABS website content is under Creative Commons Attribution 4.0 International (excluding logos/Coat of Arms/third-party material); attribution to ABS required,quarterly series: span of all quarters in the file; each quarter is a row in the extraction. 
7,"Australian National Accounts: Finance and Wealth, June 2026",2026-09-24,2002-01-01,2002-03-31,2002-03-31,5232036.xlsx,https://www.abs.gov.au/statistics/economy/national-accounts/australian-national-accounts-finance-and-wealth/jun-2026/5232036.xlsx,69768,14485181a5dfa41f58839df7d7311a04160d9f90d90e77606693b5cdcbc561b6,2026-10-03,ABS website content is under Creative Commons Attribution 4.0 International (excluding logos/Coat of Arms/third-party material); attribution to ABS required,quarterly series: span of all quarters in the file; each quarter is a row in the extraction. 
7,"Australian National Accounts: Finance and Wealth, June 2026",2026-09-24,2002-04-01,2002-06-30,2002-06-30,5232036.xlsx,https://www.abs.gov.au/statistics/economy/national-accounts/australian-national-accounts-finance-and-wealth/jun-2026/5232036.xlsx,69768,14485181a5dfa41f58839df7d7311a04160d9f90d90e77606693b5cdcbc561b6,2026-10-03,ABS website content is under Creative Commons Attribution 4.0 International (excluding logos/Coat of Arms/third-party material); attribution to ABS required,quarterly series: span of all quarters in the file; each quarter is a row in the extraction. 
7,"Australian National Accounts: Finance and Wealth, June 2026",2026-09-24,2002-07-01,2002-09-30,2002-09-30,5232036.xlsx,https://www.abs.gov.au/statistics/economy/national-accounts/australian-national-accounts-finance-and-wealth/jun-2026/5232036.xlsx,69768,14485181a5dfa41f58839df7d7311a04160d9f90d90e77606693b5cdcbc561b6,2026-10-03,ABS website content is under Creative Commons Attribution 4.0 International (excluding logos/Coat of Arms/third-party material); attribution to ABS required,quarterly series: span of all quarters in the file; each quarter is a row in the extraction. 
7,"Australian National Accounts: Finance and Wealth, June 2026",2026-09-24,2002-10-01,2002-12-31,2002-12-31,5232036.xlsx,https://www.abs.gov.au/statistics/economy/national-accounts/australian-national-accounts-finance-and-wealth/jun-2026/5232036.xlsx,69768,14485181a5dfa41f58839df7d7311a04160d9f90d90e77606693b5cdcbc561b6,2026-10-03,ABS website content is under Creative Commons Attribution 4.0 International (excluding logos/Coat of Arms/third-party material); attribution to ABS required,quarterly series: span of all quarters in the file; each quarter is a row in the extraction. 
7,"Australian National Accounts: Finance and Wealth, June 2026",2026-09-24,2003-01-01,2003-03-31,2003-03-31,5232036.xlsx,https://www.abs.gov.au/statistics/economy/national-accounts/australian-national-accounts-finance-and-wealth/jun-2026/5232036.xlsx,69768,14485181a5dfa41f58839df7d7311a04160d9f90d90e77606693b5cdcbc561b6,2026-10-03,ABS website content is under Creative Commons Attribution 4.0 International (excluding logos/Coat of Arms/third-party material); attribution to ABS required,quarterly series: span of all quarters in the file; each quarter is a row in the extraction. 
7,"Australian National Accounts: Finance and Wealth, June 2026",2026-09-24,2003-04-01,2003-06-30,2003-06-30,5232036.xlsx,https://www.abs.gov.au/statistics/economy/national-accounts/australian-national-accounts-finance-and-wealth/jun-2026/5232036.xlsx,69768,14485181a5dfa41f58839df7d7311a04160d9f90d90e77606693b5cdcbc561b6,2026-10-03,ABS website content is under Creative Commons Attribution 4.0 International (excluding logos/Coat of Arms/third-party material); attribution to ABS required,quarterly series: span of all quarters in the file; each quarter is a row in the extraction. 
7,"Australian National Accounts: Finance and Wealth, June 2026",2026-09-24,2003-07-01,2003-09-30,2003-09-30,5232036.xlsx,https://www.abs.gov.au/statistics/economy/national-accounts/australian-national-accounts-finance-and-wealth/jun-2026/5232036.xlsx,69768,14485181a5dfa41f58839df7d7311a04160d9f90d90e77606693b5cdcbc561b6,2026-10-03,ABS website content is under Creative Commons Attribution 4.0 International (excluding logos/Coat of Arms/third-party material); attribution to ABS required,quarterly series: span of all quarters in the file; each quarter is a row in the extraction. 
7,"Australian National Accounts: Finance and Wealth, June 2026",2026-09-24,2003-10-01,2003-12-31,2003-12-31,5232036.xlsx,https://www.abs.gov.au/statistics/economy/national-accounts/australian-national-accounts-finance-and-wealth/jun-2026/5232036.xlsx,69768,14485181a5dfa41f58839df7d7311a04160d9f90d90e77606693b5cdcbc561b6,2026-10-03,ABS website content is under Creative Commons Attribution 4.0 International (excluding logos/Coat of Arms/third-party material); attribution to ABS required,quarterly series: span of all quarters in the file; each quarter is a row in the extraction. 
7,"Australian National Accounts: Finance and Wealth, June 2026",2026-09-24,2004-01-01,2004-03-31,2004-03-31,5232036.xlsx,https://www.abs.gov.au/statistics/economy/national-accounts/australian-national-accounts-finance-and-wealth/jun-2026/5232036.xlsx,69768,14485181a5dfa41f58839df7d7311a04160d9f90d90e77606693b5cdcbc561b6,2026-10-03,ABS website content is under Creative Commons Attribution 4.0 International (excluding logos/Coat of Arms/third-party material); attribution to ABS required,quarterly series: span of all quarters in the file; each quarter is a row in the extraction. 
7,"Australian National Accounts: Finance and Wealth, June 2026",2026-09-24,2004-04-01,2004-06-30,2004-06-30,5232036.xlsx,https://www.abs.gov.au/statistics/economy/national-accounts/australian-national-accounts-finance-and-wealth/jun-2026/5232036.xlsx,69768,14485181a5dfa41f58839df7d7311a04160d9f90d90e77606693b5cdcbc561b6,2026-10-03,ABS website content is under Creative Commons Attribution 4.0 International (excluding logos/Coat of Arms/third-party material); attribution to ABS required,quarterly series: span of all quarters in the file; each quarter is a row in the extraction. 
7,"Australian National Accounts: Finance and Wealth, June 2026",2026-09-24,2004-07-01,2004-09-30,2004-09-30,5232036.xlsx,https://www.abs.gov.au/statistics/economy/national-accounts/australian-national-accounts-finance-and-wealth/jun-2026/5232036.xlsx,69768,14485181a5dfa41f58839df7d7311a04160d9f90d90e77606693b5cdcbc561b6,2026-10-03,ABS website content is under Creative Commons Attribution 4.0 International (excluding logos/Coat of Arms/third-party material); attribution to ABS required,quarterly series: span of all quarters in the file; each quarter is a row in the extraction. 
7,"Australian National Accounts: Finance and Wealth, June 2026",2026-09-24,2004-10-01,2004-12-31,2004-12-31,5232036.xlsx,https://www.abs.gov.au/statistics/economy/national-accounts/australian-national-accounts-finance-and-wealth/jun-2026/5232036.xlsx,69768,14485181a5dfa41f58839df7d7311a04160d9f90d90e77606693b5cdcbc561b6,2026-10-03,ABS website content is under Creative Commons Attribution 4.0 International (excluding logos/Coat of Arms/third-party material); attribution to ABS required,quarterly series: span of all quarters in the file; each quarter is a row in the extraction. 
7,"Australian National Accounts: Finance and Wealth, June 2026",2026-09-24,2005-01-01,2005-03-31,2005-03-31,5232036.xlsx,https://www.abs.gov.au/statistics/economy/national-accounts/australian-national-accounts-finance-and-wealth/jun-2026/5232036.xlsx,69768,14485181a5dfa41f58839df7d7311a04160d9f90d90e77606693b5cdcbc561b6,2026-10-03,ABS website content is under Creative Commons Attribution 4.0 International (excluding logos/Coat of Arms/third-party material); attribution to ABS required,quarterly series: span of all quarters in the file; each quarter is a row in the extraction. 
7,"Australian National Accounts: Finance and Wealth, June 2026",2026-09-24,2005-04-01,2005-06-30,2005-06-30,5232036.xlsx,https://www.abs.gov.au/statistics/economy/national-accounts/australian-national-accounts-finance-and-wealth/jun-2026/5232036.xlsx,69768,14485181a5dfa41f58839df7d7311a04160d9f90d90e77606693b5cdcbc561b6,2026-10-03,ABS website content is under Creative Commons Attribution 4.0 International (excluding logos/Coat of Arms/third-party material); attribution to ABS required,quarterly series: span of all quarters in the file; each quarter is a row in the extraction. 
7,"Australian National Accounts: Finance and Wealth, June 2026",2026-09-24,2005-07-01,2005-09-30,2005-09-30,5232036.xlsx,https://www.abs.gov.au/statistics/economy/national-accounts/australian-national-accounts-finance-and-wealth/jun-2026/5232036.xlsx,69768,14485181a5dfa41f58839df7d7311a04160d9f90d90e77606693b5cdcbc561b6,2026-10-03,ABS website content is under Creative Commons Attribution 4.0 International (excluding logos/Coat of Arms/third-party material); attribution to ABS required,quarterly series: span of all quarters in the file; each quarter is a row in the extraction. 
7,"Australian National Accounts: Finance and Wealth, June 2026",2026-09-24,2005-10-01,2005-12-31,2005-12-31,5232036.xlsx,https://www.abs.gov.au/statistics/economy/national-accounts/australian-national-accounts-finance-and-wealth/jun-2026/5232036.xlsx,69768,14485181a5dfa41f58839df7d7311a04160d9f90d90e77606693b5cdcbc561b6,2026-10-03,ABS website content is under Creative Commons Attribution 4.0 International (excluding logos/Coat of Arms/third-party material); attribution to ABS required,quarterly series: span of all quarters in the file; each quarter is a row in the extraction. 
7,"Australian National Accounts: Finance and Wealth, June 2026",2026-09-24,2006-01-01,2006-03-31,2006-03-31,5232036.xlsx,https://www.abs.gov.au/statistics/economy/national-accounts/australian-national-accounts-finance-and-wealth/jun-2026/5232036.xlsx,69768,14485181a5dfa41f58839df7d7311a04160d9f90d90e77606693b5cdcbc561b6,2026-10-03,ABS website content is under Creative Commons Attribution 4.0 International (excluding logos/Coat of Arms/third-party material); attribution to ABS required,quarterly series: span of all quarters in the file; each quarter is a row in the extraction. 
7,"Australian National Accounts: Finance and Wealth, June 2026",2026-09-24,2006-04-01,2006-06-30,2006-06-30,5232036.xlsx,https://www.abs.gov.au/statistics/economy/national-accounts/australian-national-accounts-finance-and-wealth/jun-2026/5232036.xlsx,69768,14485181a5dfa41f58839df7d7311a04160d9f90d90e77606693b5cdcbc561b6,2026-10-03,ABS website content is under Creative Commons Attribution 4.0 International (excluding logos/Coat of Arms/third-party material); attribution to ABS required,quarterly series: span of all quarters in the file; each quarter is a row in the extraction. 
7,"Australian National Accounts: Finance and Wealth, June 2026",2026-09-24,2006-07-01,2006-09-30,2006-09-30,5232036.xlsx,https://www.abs.gov.au/statistics/economy/national-accounts/australian-national-accounts-finance-and-wealth/jun-2026/5232036.xlsx,69768,14485181a5dfa41f58839df7d7311a04160d9f90d90e77606693b5cdcbc561b6,2026-10-03,ABS website content is under Creative Commons Attribution 4.0 International (excluding logos/Coat of Arms/third-party material); attribution to ABS required,quarterly series: span of all quarters in the file; each quarter is a row in the extraction. 
7,"Australian National Accounts: Finance and Wealth, June 2026",2026-09-24,2006-10-01,2006-12-31,2006-12-31,5232036.xlsx,https://www.abs.gov.au/statistics/economy/national-accounts/australian-national-accounts-finance-and-wealth/jun-2026/5232036.xlsx,69768,14485181a5dfa41f58839df7d7311a04160d9f90d90e77606693b5cdcbc561b6,2026-10-03,ABS website content is under Creative Commons Attribution 4.0 International (excluding logos/Coat of Arms/third-party material); attribution to ABS required,quarterly series: span of all quarters in the file; each quarter is a row in the extraction. 
7,"Australian National Accounts: Finance and Wealth, June 2026",2026-09-24,2007-01-01,2007-03-31,2007-03-31,5232036.xlsx,https://www.abs.gov.au/statistics/economy/national-accounts/australian-national-accounts-finance-and-wealth/jun-2026/5232036.xlsx,69768,14485181a5dfa41f58839df7d7311a04160d9f90d90e77606693b5cdcbc561b6,2026-10-03,ABS website content is under Creative Commons Attribution 4.0 International (excluding logos/Coat of Arms/third-party material); attribution to ABS required,quarterly series: span of all quarters in the file; each quarter is a row in the extraction. 
7,"Australian National Accounts: Finance and Wealth, June 2026",2026-09-24,2007-04-01,2007-06-30,2007-06-30,5232036.xlsx,https://www.abs.gov.au/statistics/economy/national-accounts/australian-national-accounts-finance-and-wealth/jun-2026/5232036.xlsx,69768,14485181a5dfa41f58839df7d7311a04160d9f90d90e77606693b5cdcbc561b6,2026-10-03,ABS website content is under Creative Commons Attribution 4.0 International (excluding logos/Coat of Arms/third-party material); attribution to ABS required,quarterly series: span of all quarters in the file; each quarter is a row in the extraction. 
7,"Australian National Accounts: Finance and Wealth, June 2026",2026-09-24,2007-07-01,2007-09-30,2007-09-30,5232036.xlsx,https://www.abs.gov.au/statistics/economy/national-accounts/australian-national-accounts-finance-and-wealth/jun-2026/5232036.xlsx,69768,14485181a5dfa41f58839df7d7311a04160d9f90d90e77606693b5cdcbc561b6,2026-10-03,ABS website content is under Creative Commons Attribution 4.0 International (excluding logos/Coat of Arms/third-party material); attribution to ABS required,quarterly series: span of all quarters in the file; each quarter is a row in the extraction. 
7,"Australian National Accounts: Finance and Wealth, June 2026",2026-09-24,2007-10-01,2007-12-31,2007-12-31,5232036.xlsx,https://www.abs.gov.au/statistics/economy/national-accounts/australian-national-accounts-finance-and-wealth/jun-2026/5232036.xlsx,69768,14485181a5dfa41f58839df7d7311a04160d9f90d90e77606693b5cdcbc561b6,2026-10-03,ABS website content is under Creative Commons Attribution 4.0 International (excluding logos/Coat of Arms/third-party material); attribution to ABS required,quarterly series: span of all quarters in the file; each quarter is a row in the extraction. 
7,"Australian National Accounts: Finance and Wealth, June 2026",2026-09-24,2008-01-01,2008-03-31,2008-03-31,5232036.xlsx,https://www.abs.gov.au/statistics/economy/national-accounts/australian-national-accounts-finance-and-wealth/jun-2026/5232036.xlsx,69768,14485181a5dfa41f58839df7d7311a04160d9f90d90e77606693b5cdcbc561b6,2026-10-03,ABS website content is under Creative Commons Attribution 4.0 International (excluding logos/Coat of Arms/third-party material); attribution to ABS required,quarterly series: span of all quarters in the file; each quarter is a row in the extraction. 
7,"Australian National Accounts: Finance and Wealth, June 2026",2026-09-24,2008-04-01,2008-06-30,2008-06-30,5232036.xlsx,https://www.abs.gov.au/statistics/economy/national-accounts/australian-national-accounts-finance-and-wealth/jun-2026/5232036.xlsx,69768,14485181a5dfa41f58839df7d7311a04160d9f90d90e77606693b5cdcbc561b6,2026-10-03,ABS website content is under Creative Commons Attribution 4.0 International (excluding logos/Coat of Arms/third-party material); attribution to ABS required,quarterly series: span of all quarters in the file; each quarter is a row in the extraction. 
7,"Australian National Accounts: Finance and Wealth, June 2026",2026-09-24,2008-07-01,2008-09-30,2008-09-30,5232036.xlsx,https://www.abs.gov.au/statistics/economy/national-accounts/australian-national-accounts-finance-and-wealth/jun-2026/5232036.xlsx,69768,14485181a5dfa41f58839df7d7311a04160d9f90d90e77606693b5cdcbc561b6,2026-10-03,ABS website content is under Creative Commons Attribution 4.0 International (excluding logos/Coat of Arms/third-party material); attribution to ABS required,quarterly series: span of all quarters in the file; each quarter is a row in the extraction. 
7,"Australian National Accounts: Finance and Wealth, June 2026",2026-09-24,2008-10-01,2008-12-31,2008-12-31,5232036.xlsx,https://www.abs.gov.au/statistics/economy/national-accounts/australian-national-accounts-finance-and-wealth/jun-2026/5232036.xlsx,69768,14485181a5dfa41f58839df7d7311a04160d9f90d90e77606693b5cdcbc561b6,2026-10-03,ABS website content is under Creative Commons Attribution 4.0 International (excluding logos/Coat of Arms/third-party material); attribution to ABS required,quarterly series: span of all quarters in the file; each quarter is a row in the extraction. 
7,"Australian National Accounts: Finance and Wealth, June 2026",2026-09-24,2009-01-01,2009-03-31,2009-03-31,5232036.xlsx,https://www.abs.gov.au/statistics/economy/national-accounts/australian-national-accounts-finance-and-wealth/jun-2026/5232036.xlsx,69768,14485181a5dfa41f58839df7d7311a04160d9f90d90e77606693b5cdcbc561b6,2026-10-03,ABS website content is under Creative Commons Attribution 4.0 International (excluding logos/Coat of Arms/third-party material); attribution to ABS required,quarterly series: span of all quarters in the file; each quarter is a row in the extraction. 
7,"Australian National Accounts: Finance and Wealth, June 2026",2026-09-24,2009-04-01,2009-06-30,2009-06-30,5232036.xlsx,https://www.abs.gov.au/statistics/economy/national-accounts/australian-national-accounts-finance-and-wealth/jun-2026/5232036.xlsx,69768,14485181a5dfa41f58839df7d7311a04160d9f90d90e77606693b5cdcbc561b6,2026-10-03,ABS website content is under Creative Commons Attribution 4.0 International (excluding logos/Coat of Arms/third-party material); attribution to ABS required,quarterly series: span of all quarters in the file; each quarter is a row in the extraction. 
7,"Australian National Accounts: Finance and Wealth, June 2026",2026-09-24,2009-07-01,2009-09-30,2009-09-30,5232036.xlsx,https://www.abs.gov.au/statistics/economy/national-accounts/australian-national-accounts-finance-and-wealth/jun-2026/5232036.xlsx,69768,14485181a5dfa41f58839df7d7311a04160d9f90d90e77606693b5cdcbc561b6,2026-10-03,ABS website content is under Creative Commons Attribution 4.0 International (excluding logos/Coat of Arms/third-party material); attribution to ABS required,quarterly series: span of all quarters in the file; each quarter is a row in the extraction. 
7,"Australian National Accounts: Finance and Wealth, June 2026",2026-09-24,2009-10-01,2009-12-31,2009-12-31,5232036.xlsx,https://www.abs.gov.au/statistics/economy/national-accounts/australian-national-accounts-finance-and-wealth/jun-2026/5232036.xlsx,69768,14485181a5dfa41f58839df7d7311a04160d9f90d90e77606693b5cdcbc561b6,2026-10-03,ABS website content is under Creative Commons Attribution 4.0 International (excluding logos/Coat of Arms/third-party material); attribution to ABS required,quarterly series: span of all quarters in the file; each quarter is a row in the extraction. 
7,"Australian National Accounts: Finance and Wealth, June 2026",2026-09-24,2010-01-01,2010-03-31,2010-03-31,5232036.xlsx,https://www.abs.gov.au/statistics/economy/national-accounts/australian-national-accounts-finance-and-wealth/jun-2026/5232036.xlsx,69768,14485181a5dfa41f58839df7d7311a04160d9f90d90e77606693b5cdcbc561b6,2026-10-03,ABS website content is under Creative Commons Attribution 4.0 International (excluding logos/Coat of Arms/third-party material); attribution to ABS required,quarterly series: span of all quarters in the file; each quarter is a row in the extraction. 
7,"Australian National Accounts: Finance and Wealth, June 2026",2026-09-24,2010-04-01,2010-06-30,2010-06-30,5232036.xlsx,https://www.abs.gov.au/statistics/economy/national-accounts/australian-national-accounts-finance-and-wealth/jun-2026/5232036.xlsx,69768,14485181a5dfa41f58839df7d7311a04160d9f90d90e77606693b5cdcbc561b6,2026-10-03,ABS website content is under Creative Commons Attribution 4.0 International (excluding logos/Coat of Arms/third-party material); attribution to ABS required,quarterly series: span of all quarters in the file; each quarter is a row in the extraction. 
7,"Australian National Accounts: Finance and Wealth, June 2026",2026-09-24,2010-07-01,2010-09-30,2010-09-30,5232036.xlsx,https://www.abs.gov.au/statistics/economy/national-accounts/australian-national-accounts-finance-and-wealth/jun-2026/5232036.xlsx,69768,14485181a5dfa41f58839df7d7311a04160d9f90d90e77606693b5cdcbc561b6,2026-10-03,ABS website content is under Creative Commons Attribution 4.0 International (excluding logos/Coat of Arms/third-party material); attribution to ABS required,quarterly series: span of all quarters in the file; each quarter is a row in the extraction. 
7,"Australian National Accounts: Finance and Wealth, June 2026",2026-09-24,2010-10-01,2010-12-31,2010-12-31,5232036.xlsx,https://www.abs.gov.au/statistics/economy/national-accounts/australian-national-accounts-finance-and-wealth/jun-2026/5232036.xlsx,69768,14485181a5dfa41f58839df7d7311a04160d9f90d90e77606693b5cdcbc561b6,2026-10-03,ABS website content is under Creative Commons Attribution 4.0 International (excluding logos/Coat of Arms/third-party material); attribution to ABS required,quarterly series: span of all quarters in the file; each quarter is a row in the extraction. 
7,"Australian National Accounts: Finance and Wealth, June 2026",2026-09-24,2011-01-01,2011-03-31,2011-03-31,5232036.xlsx,https://www.abs.gov.au/statistics/economy/national-accounts/australian-national-accounts-finance-and-wealth/jun-2026/5232036.xlsx,69768,14485181a5dfa41f58839df7d7311a04160d9f90d90e77606693b5cdcbc561b6,2026-10-03,ABS website content is under Creative Commons Attribution 4.0 International (excluding logos/Coat of Arms/third-party material); attribution to ABS required,quarterly series: span of all quarters in the file; each quarter is a row in the extraction. 
7,"Australian National Accounts: Finance and Wealth, June 2026",2026-09-24,2011-04-01,2011-06-30,2011-06-30,5232036.xlsx,https://www.abs.gov.au/statistics/economy/national-accounts/australian-national-accounts-finance-and-wealth/jun-2026/5232036.xlsx,69768,14485181a5dfa41f58839df7d7311a04160d9f90d90e77606693b5cdcbc561b6,2026-10-03,ABS website content is under Creative Commons Attribution 4.0 International (excluding logos/Coat of Arms/third-party material); attribution to ABS required,quarterly series: span of all quarters in the file; each quarter is a row in the extraction. 
7,"Australian National Accounts: Finance and Wealth, June 2026",2026-09-24,2011-07-01,2011-09-30,2011-09-30,5232036.xlsx,https://www.abs.gov.au/statistics/economy/national-accounts/australian-national-accounts-finance-and-wealth/jun-2026/5232036.xlsx,69768,14485181a5dfa41f58839df7d7311a04160d9f90d90e77606693b5cdcbc561b6,2026-10-03,ABS website content is under Creative Commons Attribution 4.0 International (excluding logos/Coat of Arms/third-party material); attribution to ABS required,quarterly series: span of all quarters in the file; each quarter is a row in the extraction. 
7,"Australian National Accounts: Finance and Wealth, June 2026",2026-09-24,2011-10-01,2011-12-31,2011-12-31,5232036.xlsx,https://www.abs.gov.au/statistics/economy/national-accounts/australian-national-accounts-finance-and-wealth/jun-2026/5232036.xlsx,69768,14485181a5dfa41f58839df7d7311a04160d9f90d90e77606693b5cdcbc561b6,2026-10-03,ABS website content is under Creative Commons Attribution 4.0 International (excluding logos/Coat of Arms/third-party material); attribution to ABS required,quarterly series: span of all quarters in the file; each quarter is a row in the extraction. 
7,"Australian National Accounts: Finance and Wealth, June 2026",2026-09-24,2012-01-01,2012-03-31,2012-03-31,5232036.xlsx,https://www.abs.gov.au/statistics/economy/national-accounts/australian-national-accounts-finance-and-wealth/jun-2026/5232036.xlsx,69768,14485181a5dfa41f58839df7d7311a04160d9f90d90e77606693b5cdcbc561b6,2026-10-03,ABS website content is under Creative Commons Attribution 4.0 International (excluding logos/Coat of Arms/third-party material); attribution to ABS required,quarterly series: span of all quarters in the file; each quarter is a row in the extraction. 
7,"Australian National Accounts: Finance and Wealth, June 2026",2026-09-24,2012-04-01,2012-06-30,2012-06-30,5232036.xlsx,https://www.abs.gov.au/statistics/economy/national-accounts/australian-national-accounts-finance-and-wealth/jun-2026/5232036.xlsx,69768,14485181a5dfa41f58839df7d7311a04160d9f90d90e77606693b5cdcbc561b6,2026-10-03,ABS website content is under Creative Commons Attribution 4.0 International (excluding logos/Coat of Arms/third-party material); attribution to ABS required,quarterly series: span of all quarters in the file; each quarter is a row in the extraction. 
7,"Australian National Accounts: Finance and Wealth, June 2026",2026-09-24,2012-07-01,2012-09-30,2012-09-30,5232036.xlsx,https://www.abs.gov.au/statistics/economy/national-accounts/australian-national-accounts-finance-and-wealth/jun-2026/5232036.xlsx,69768,14485181a5dfa41f58839df7d7311a04160d9f90d90e77606693b5cdcbc561b6,2026-10-03,ABS website content is under Creative Commons Attribution 4.0 International (excluding logos/Coat of Arms/third-party material); attribution to ABS required,quarterly series: span of all quarters in the file; each quarter is a row in the extraction. 
7,"Australian National Accounts: Finance and Wealth, June 2026",2026-09-24,2012-10-01,2012-12-31,2012-12-31,5232036.xlsx,https://www.abs.gov.au/statistics/economy/national-accounts/australian-national-accounts-finance-and-wealth/jun-2026/5232036.xlsx,69768,14485181a5dfa41f58839df7d7311a04160d9f90d90e77606693b5cdcbc561b6,2026-10-03,ABS website content is under Creative Commons Attribution 4.0 International (excluding logos/Coat of Arms/third-party material); attribution to ABS required,quarterly series: span of all quarters in the file; each quarter is a row in the extraction. 
7,"Australian National Accounts: Finance and Wealth, June 2026",2026-09-24,2013-01-01,2013-03-31,2013-03-31,5232036.xlsx,https://www.abs.gov.au/statistics/economy/national-accounts/australian-national-accounts-finance-and-wealth/jun-2026/5232036.xlsx,69768,14485181a5dfa41f58839df7d7311a04160d9f90d90e77606693b5cdcbc561b6,2026-10-03,ABS website content is under Creative Commons Attribution 4.0 International (excluding logos/Coat of Arms/third-party material); attribution to ABS required,quarterly series: span of all quarters in the file; each quarter is a row in the extraction. 
7,"Australian National Accounts: Finance and Wealth, June 2026",2026-09-24,2013-04-01,2013-06-30,2013-06-30,5232036.xlsx,https://www.abs.gov.au/statistics/economy/national-accounts/australian-national-accounts-finance-and-wealth/jun-2026/5232036.xlsx,69768,14485181a5dfa41f58839df7d7311a04160d9f90d90e77606693b5cdcbc561b6,2026-10-03,ABS website content is under Creative Commons Attribution 4.0 International (excluding logos/Coat of Arms/third-party material); attribution to ABS required,quarterly series: span of all quarters in the file; each quarter is a row in the extraction. 
7,"Australian National Accounts: Finance and Wealth, June 2026",2026-09-24,2013-07-01,2013-09-30,2013-09-30,5232036.xlsx,https://www.abs.gov.au/statistics/economy/national-accounts/australian-national-accounts-finance-and-wealth/jun-2026/5232036.xlsx,69768,14485181a5dfa41f58839df7d7311a04160d9f90d90e77606693b5cdcbc561b6,2026-10-03,ABS website content is under Creative Commons Attribution 4.0 International (excluding logos/Coat of Arms/third-party material); attribution to ABS required,quarterly series: span of all quarters in the file; each quarter is a row in the extraction. 
7,"Australian National Accounts: Finance and Wealth, June 2026",2026-09-24,2013-10-01,2013-12-31,2013-12-31,5232036.xlsx,https://www.abs.gov.au/statistics/economy/national-accounts/australian-national-accounts-finance-and-wealth/jun-2026/5232036.xlsx,69768,14485181a5dfa41f58839df7d7311a04160d9f90d90e77606693b5cdcbc561b6,2026-10-03,ABS website content is under Creative Commons Attribution 4.0 International (excluding logos/Coat of Arms/third-party material); attribution to ABS required,quarterly series: span of all quarters in the file; each quarter is a row in the extraction. 
7,"Australian National Accounts: Finance and Wealth, June 2026",2026-09-24,2014-01-01,2014-03-31,2014-03-31,5232036.xlsx,https://www.abs.gov.au/statistics/economy/national-accounts/australian-national-accounts-finance-and-wealth/jun-2026/5232036.xlsx,69768,14485181a5dfa41f58839df7d7311a04160d9f90d90e77606693b5cdcbc561b6,2026-10-03,ABS website content is under Creative Commons Attribution 4.0 International (excluding logos/Coat of Arms/third-party material); attribution to ABS required,quarterly series: span of all quarters in the file; each quarter is a row in the extraction. 
7,"Australian National Accounts: Finance and Wealth, June 2026",2026-09-24,2014-04-01,2014-06-30,2014-06-30,5232036.xlsx,https://www.abs.gov.au/statistics/economy/national-accounts/australian-national-accounts-finance-and-wealth/jun-2026/5232036.xlsx,69768,14485181a5dfa41f58839df7d7311a04160d9f90d90e77606693b5cdcbc561b6,2026-10-03,ABS website content is under Creative Commons Attribution 4.0 International (excluding logos/Coat of Arms/third-party material); attribution to ABS required,quarterly series: span of all quarters in the file; each quarter is a row in the extraction. 
7,"Australian National Accounts: Finance and Wealth, June 2026",2026-09-24,2014-07-01,2014-09-30,2014-09-30,5232036.xlsx,https://www.abs.gov.au/statistics/economy/national-accounts/australian-national-accounts-finance-and-wealth/jun-2026/5232036.xlsx,69768,14485181a5dfa41f58839df7d7311a04160d9f90d90e77606693b5cdcbc561b6,2026-10-03,ABS website content is under Creative Commons Attribution 4.0 International (excluding logos/Coat of Arms/third-party material); attribution to ABS required,quarterly series: span of all quarters in the file; each quarter is a row in the extraction. 
7,"Australian National Accounts: Finance and Wealth, June 2026",2026-09-24,2014-10-01,2014-12-31,2014-12-31,5232036.xlsx,https://www.abs.gov.au/statistics/economy/national-accounts/australian-national-accounts-finance-and-wealth/jun-2026/5232036.xlsx,69768,14485181a5dfa41f58839df7d7311a04160d9f90d90e77606693b5cdcbc561b6,2026-10-03,ABS website content is under Creative Commons Attribution 4.0 International (excluding logos/Coat of Arms/third-party material); attribution to ABS required,quarterly series: span of all quarters in the file; each quarter is a row in the extraction. 
7,"Australian National Accounts: Finance and Wealth, June 2026",2026-09-24,2015-01-01,2015-03-31,2015-03-31,5232036.xlsx,https://www.abs.gov.au/statistics/economy/national-accounts/australian-national-accounts-finance-and-wealth/jun-2026/5232036.xlsx,69768,14485181a5dfa41f58839df7d7311a04160d9f90d90e77606693b5cdcbc561b6,2026-10-03,ABS website content is under Creative Commons Attribution 4.0 International (excluding logos/Coat of Arms/third-party material); attribution to ABS required,quarterly series: span of all quarters in the file; each quarter is a row in the extraction. 
7,"Australian National Accounts: Finance and Wealth, June 2026",2026-09-24,2015-04-01,2015-06-30,2015-06-30,5232036.xlsx,https://www.abs.gov.au/statistics/economy/national-accounts/australian-national-accounts-finance-and-wealth/jun-2026/5232036.xlsx,69768,14485181a5dfa41f58839df7d7311a04160d9f90d90e77606693b5cdcbc561b6,2026-10-03,ABS website content is under Creative Commons Attribution 4.0 International (excluding logos/Coat of Arms/third-party material); attribution to ABS required,quarterly series: span of all quarters in the file; each quarter is a row in the extraction. 
7,"Australian National Accounts: Finance and Wealth, June 2026",2026-09-24,2015-07-01,2015-09-30,2015-09-30,5232036.xlsx,https://www.abs.gov.au/statistics/economy/national-accounts/australian-national-accounts-finance-and-wealth/jun-2026/5232036.xlsx,69768,14485181a5dfa41f58839df7d7311a04160d9f90d90e77606693b5cdcbc561b6,2026-10-03,ABS website content is under Creative Commons Attribution 4.0 International (excluding logos/Coat of Arms/third-party material); attribution to ABS required,quarterly series: span of all quarters in the file; each quarter is a row in the extraction. 
7,"Australian National Accounts: Finance and Wealth, June 2026",2026-09-24,2015-10-01,2015-12-31,2015-12-31,5232036.xlsx,https://www.abs.gov.au/statistics/economy/national-accounts/australian-national-accounts-finance-and-wealth/jun-2026/5232036.xlsx,69768,14485181a5dfa41f58839df7d7311a04160d9f90d90e77606693b5cdcbc561b6,2026-10-03,ABS website content is under Creative Commons Attribution 4.0 International (excluding logos/Coat of Arms/third-party material); attribution to ABS required,quarterly series: span of all quarters in the file; each quarter is a row in the extraction. 
7,"Australian National Accounts: Finance and Wealth, June 2026",2026-09-24,2016-01-01,2016-03-31,2016-03-31,5232036.xlsx,https://www.abs.gov.au/statistics/economy/national-accounts/australian-national-accounts-finance-and-wealth/jun-2026/5232036.xlsx,69768,14485181a5dfa41f58839df7d7311a04160d9f90d90e77606693b5cdcbc561b6,2026-10-03,ABS website content is under Creative Commons Attribution 4.0 International (excluding logos/Coat of Arms/third-party material); attribution to ABS required,quarterly series: span of all quarters in the file; each quarter is a row in the extraction. 
7,"Australian National Accounts: Finance and Wealth, June 2026",2026-09-24,2016-04-01,2016-06-30,2016-06-30,5232036.xlsx,https://www.abs.gov.au/statistics/economy/national-accounts/australian-national-accounts-finance-and-wealth/jun-2026/5232036.xlsx,69768,14485181a5dfa41f58839df7d7311a04160d9f90d90e77606693b5cdcbc561b6,2026-10-03,ABS website content is under Creative Commons Attribution 4.0 International (excluding logos/Coat of Arms/third-party material); attribution to ABS required,quarterly series: span of all quarters in the file; each quarter is a row in the extraction. 
7,"Australian National Accounts: Finance and Wealth, June 2026",2026-09-24,2016-07-01,2016-09-30,2016-09-30,5232036.xlsx,https://www.abs.gov.au/statistics/economy/national-accounts/australian-national-accounts-finance-and-wealth/jun-2026/5232036.xlsx,69768,14485181a5dfa41f58839df7d7311a04160d9f90d90e77606693b5cdcbc561b6,2026-10-03,ABS website content is under Creative Commons Attribution 4.0 International (excluding logos/Coat of Arms/third-party material); attribution to ABS required,quarterly series: span of all quarters in the file; each quarter is a row in the extraction. 
7,"Australian National Accounts: Finance and Wealth, June 2026",2026-09-24,2016-10-01,2016-12-31,2016-12-31,5232036.xlsx,https://www.abs.gov.au/statistics/economy/national-accounts/australian-national-accounts-finance-and-wealth/jun-2026/5232036.xlsx,69768,14485181a5dfa41f58839df7d7311a04160d9f90d90e77606693b5cdcbc561b6,2026-10-03,ABS website content is under Creative Commons Attribution 4.0 International (excluding logos/Coat of Arms/third-party material); attribution to ABS required,quarterly series: span of all quarters in the file; each quarter is a row in the extraction. 
7,"Australian National Accounts: Finance and Wealth, June 2026",2026-09-24,2017-01-01,2017-03-31,2017-03-31,5232036.xlsx,https://www.abs.gov.au/statistics/economy/national-accounts/australian-national-accounts-finance-and-wealth/jun-2026/5232036.xlsx,69768,14485181a5dfa41f58839df7d7311a04160d9f90d90e77606693b5cdcbc561b6,2026-10-03,ABS website content is under Creative Commons Attribution 4.0 International (excluding logos/Coat of Arms/third-party material); attribution to ABS required,quarterly series: span of all quarters in the file; each quarter is a row in the extraction. 
7,"Australian National Accounts: Finance and Wealth, June 2026",2026-09-24,2017-04-01,2017-06-30,2017-06-30,5232036.xlsx,https://www.abs.gov.au/statistics/economy/national-accounts/australian-national-accounts-finance-and-wealth/jun-2026/5232036.xlsx,69768,14485181a5dfa41f58839df7d7311a04160d9f90d90e77606693b5cdcbc561b6,2026-10-03,ABS website content is under Creative Commons Attribution 4.0 International (excluding logos/Coat of Arms/third-party material); attribution to ABS required,quarterly series: span of all quarters in the file; each quarter is a row in the extraction. 
7,"Australian National Accounts: Finance and Wealth, June 2026",2026-09-24,2017-07-01,2017-09-30,2017-09-30,5232036.xlsx,https://www.abs.gov.au/statistics/economy/national-accounts/australian-national-accounts-finance-and-wealth/jun-2026/5232036.xlsx,69768,14485181a5dfa41f58839df7d7311a04160d9f90d90e77606693b5cdcbc561b6,2026-10-03,ABS website content is under Creative Commons Attribution 4.0 International (excluding logos/Coat of Arms/third-party material); attribution to ABS required,quarterly series: span of all quarters in the file; each quarter is a row in the extraction. 
7,"Australian National Accounts: Finance and Wealth, June 2026",2026-09-24,2017-10-01,2017-12-31,2017-12-31,5232036.xlsx,https://www.abs.gov.au/statistics/economy/national-accounts/australian-national-accounts-finance-and-wealth/jun-2026/5232036.xlsx,69768,14485181a5dfa41f58839df7d7311a04160d9f90d90e77606693b5cdcbc561b6,2026-10-03,ABS website content is under Creative Commons Attribution 4.0 International (excluding logos/Coat of Arms/third-party material); attribution to ABS required,quarterly series: span of all quarters in the file; each quarter is a row in the extraction. 
7,"Australian National Accounts: Finance and Wealth, June 2026",2026-09-24,2018-01-01,2018-03-31,2018-03-31,5232036.xlsx,https://www.abs.gov.au/statistics/economy/national-accounts/australian-national-accounts-finance-and-wealth/jun-2026/5232036.xlsx,69768,14485181a5dfa41f58839df7d7311a04160d9f90d90e77606693b5cdcbc561b6,2026-10-03,ABS website content is under Creative Commons Attribution 4.0 International (excluding logos/Coat of Arms/third-party material); attribution to ABS required,quarterly series: span of all quarters in the file; each quarter is a row in the extraction. 
7,"Australian National Accounts: Finance and Wealth, June 2026",2026-09-24,2018-04-01,2018-06-30,2018-06-30,5232036.xlsx,https://www.abs.gov.au/statistics/economy/national-accounts/australian-national-accounts-finance-and-wealth/jun-2026/5232036.xlsx,69768,14485181a5dfa41f58839df7d7311a04160d9f90d90e77606693b5cdcbc561b6,2026-10-03,ABS website content is under Creative Commons Attribution 4.0 International (excluding logos/Coat of Arms/third-party material); attribution to ABS required,quarterly series: span of all quarters in the file; each quarter is a row in the extraction. 
7,"Australian National Accounts: Finance and Wealth, June 2026",2026-09-24,2018-07-01,2018-09-30,2018-09-30,5232036.xlsx,https://www.abs.gov.au/statistics/economy/national-accounts/australian-national-accounts-finance-and-wealth/jun-2026/5232036.xlsx,69768,14485181a5dfa41f58839df7d7311a04160d9f90d90e77606693b5cdcbc561b6,2026-10-03,ABS website content is under Creative Commons Attribution 4.0 International (excluding logos/Coat of Arms/third-party material); attribution to ABS required,quarterly series: span of all quarters in the file; each quarter is a row in the extraction. 
7,"Australian National Accounts: Finance and Wealth, June 2026",2026-09-24,2018-10-01,2018-12-31,2018-12-31,5232036.xlsx,https://www.abs.gov.au/statistics/economy/national-accounts/australian-national-accounts-finance-and-wealth/jun-2026/5232036.xlsx,69768,14485181a5dfa41f58839df7d7311a04160d9f90d90e77606693b5cdcbc561b6,2026-10-03,ABS website content is under Creative Commons Attribution 4.0 International (excluding logos/Coat of Arms/third-party material); attribution to ABS required,quarterly series: span of all quarters in the file; each quarter is a row in the extraction. 
7,"Australian National Accounts: Finance and Wealth, June 2026",2026-09-24,2019-01-01,2019-03-31,2019-03-31,5232036.xlsx,https://www.abs.gov.au/statistics/economy/national-accounts/australian-national-accounts-finance-and-wealth/jun-2026/5232036.xlsx,69768,14485181a5dfa41f58839df7d7311a04160d9f90d90e77606693b5cdcbc561b6,2026-10-03,ABS website content is under Creative Commons Attribution 4.0 International (excluding logos/Coat of Arms/third-party material); attribution to ABS required,quarterly series: span of all quarters in the file; each quarter is a row in the extraction. 
7,"Australian National Accounts: Finance and Wealth, June 2026",2026-09-24,2019-04-01,2019-06-30,2019-06-30,5232036.xlsx,https://www.abs.gov.au/statistics/economy/national-accounts/australian-national-accounts-finance-and-wealth/jun-2026/5232036.xlsx,69768,14485181a5dfa41f58839df7d7311a04160d9f90d90e77606693b5cdcbc561b6,2026-10-03,ABS website content is under Creative Commons Attribution 4.0 International (excluding logos/Coat of Arms/third-party material); attribution to ABS required,quarterly series: span of all quarters in the file; each quarter is a row in the extraction. 
7,"Australian National Accounts: Finance and Wealth, June 2026",2026-09-24,2019-07-01,2019-09-30,2019-09-30,5232036.xlsx,https://www.abs.gov.au/statistics/economy/national-accounts/australian-national-accounts-finance-and-wealth/jun-2026/5232036.xlsx,69768,14485181a5dfa41f58839df7d7311a04160d9f90d90e77606693b5cdcbc561b6,2026-10-03,ABS website content is under Creative Commons Attribution 4.0 International (excluding logos/Coat of Arms/third-party material); attribution to ABS required,quarterly series: span of all quarters in the file; each quarter is a row in the extraction. 
7,"Australian National Accounts: Finance and Wealth, June 2026",2026-09-24,2019-10-01,2019-12-31,2019-12-31,5232036.xlsx,https://www.abs.gov.au/statistics/economy/national-accounts/australian-national-accounts-finance-and-wealth/jun-2026/5232036.xlsx,69768,14485181a5dfa41f58839df7d7311a04160d9f90d90e77606693b5cdcbc561b6,2026-10-03,ABS website content is under Creative Commons Attribution 4.0 International (excluding logos/Coat of Arms/third-party material); attribution to ABS required,quarterly series: span of all quarters in the file; each quarter is a row in the extraction. 
7,"Australian National Accounts: Finance and Wealth, June 2026",2026-09-24,2020-01-01,2020-03-31,2020-03-31,5232036.xlsx,https://www.abs.gov.au/statistics/economy/national-accounts/australian-national-accounts-finance-and-wealth/jun-2026/5232036.xlsx,69768,14485181a5dfa41f58839df7d7311a04160d9f90d90e77606693b5cdcbc561b6,2026-10-03,ABS website content is under Creative Commons Attribution 4.0 International (excluding logos/Coat of Arms/third-party material); attribution to ABS required,quarterly series: span of all quarters in the file; each quarter is a row in the extraction. 
7,"Australian National Accounts: Finance and Wealth, June 2026",2026-09-24,2020-04-01,2020-06-30,2020-06-30,5232036.xlsx,https://www.abs.gov.au/statistics/economy/national-accounts/australian-national-accounts-finance-and-wealth/jun-2026/5232036.xlsx,69768,14485181a5dfa41f58839df7d7311a04160d9f90d90e77606693b5cdcbc561b6,2026-10-03,ABS website content is under Creative Commons Attribution 4.0 International (excluding logos/Coat of Arms/third-party material); attribution to ABS required,quarterly series: span of all quarters in the file; each quarter is a row in the extraction. 
7,"Australian National Accounts: Finance and Wealth, June 2026",2026-09-24,2020-07-01,2020-09-30,2020-09-30,5232036.xlsx,https://www.abs.gov.au/statistics/economy/national-accounts/australian-national-accounts-finance-and-wealth/jun-2026/5232036.xlsx,69768,14485181a5dfa41f58839df7d7311a04160d9f90d90e77606693b5cdcbc561b6,2026-10-03,ABS website content is under Creative Commons Attribution 4.0 International (excluding logos/Coat of Arms/third-party material); attribution to ABS required,quarterly series: span of all quarters in the file; each quarter is a row in the extraction. 
7,"Australian National Accounts: Finance and Wealth, June 2026",2026-09-24,2020-10-01,2020-12-31,2020-12-31,5232036.xlsx,https://www.abs.gov.au/statistics/economy/national-accounts/australian-national-accounts-finance-and-wealth/jun-2026/5232036.xlsx,69768,14485181a5dfa41f58839df7d7311a04160d9f90d90e77606693b5cdcbc561b6,2026-10-03,ABS website content is under Creative Commons Attribution 4.0 International (excluding logos/Coat of Arms/third-party material); attribution to ABS required,quarterly series: span of all quarters in the file; each quarter is a row in the extraction. 
7,"Australian National Accounts: Finance and Wealth, June 2026",2026-09-24,2021-01-01,2021-03-31,2021-03-31,5232036.xlsx,https://www.abs.gov.au/statistics/economy/national-accounts/australian-national-accounts-finance-and-wealth/jun-2026/5232036.xlsx,69768,14485181a5dfa41f58839df7d7311a04160d9f90d90e77606693b5cdcbc561b6,2026-10-03,ABS website content is under Creative Commons Attribution 4.0 International (excluding logos/Coat of Arms/third-party material); attribution to ABS required,quarterly series: span of all quarters in the file; each quarter is a row in the extraction. 
7,"Australian National Accounts: Finance and Wealth, June 2026",2026-09-24,2021-04-01,2021-06-30,2021-06-30,5232036.xlsx,https://www.abs.gov.au/statistics/economy/national-accounts/australian-national-accounts-finance-and-wealth/jun-2026/5232036.xlsx,69768,14485181a5dfa41f58839df7d7311a04160d9f90d90e77606693b5cdcbc561b6,2026-10-03,ABS website content is under Creative Commons Attribution 4.0 International (excluding logos/Coat of Arms/third-party material); attribution to ABS required,quarterly series: span of all quarters in the file; each quarter is a row in the extraction. 
7,"Australian National Accounts: Finance and Wealth, June 2026",2026-09-24,2021-07-01,2021-09-30,2021-09-30,5232036.xlsx,https://www.abs.gov.au/statistics/economy/national-accounts/australian-national-accounts-finance-and-wealth/jun-2026/5232036.xlsx,69768,14485181a5dfa41f58839df7d7311a04160d9f90d90e77606693b5cdcbc561b6,2026-10-03,ABS website content is under Creative Commons Attribution 4.0 International (excluding logos/Coat of Arms/third-party material); attribution to ABS required,quarterly series: span of all quarters in the file; each quarter is a row in the extraction. 
7,"Australian National Accounts: Finance and Wealth, June 2026",2026-09-24,2021-10-01,2021-12-31,2021-12-31,5232036.xlsx,https://www.abs.gov.au/statistics/economy/national-accounts/australian-national-accounts-finance-and-wealth/jun-2026/5232036.xlsx,69768,14485181a5dfa41f58839df7d7311a04160d9f90d90e77606693b5cdcbc561b6,2026-10-03,ABS website content is under Creative Commons Attribution 4.0 International (excluding logos/Coat of Arms/third-party material); attribution to ABS required,quarterly series: span of all quarters in the file; each quarter is a row in the extraction. 
7,"Australian National Accounts: Finance and Wealth, June 2026",2026-09-24,2022-01-01,2022-03-31,2022-03-31,5232036.xlsx,https://www.abs.gov.au/statistics/economy/national-accounts/australian-national-accounts-finance-and-wealth/jun-2026/5232036.xlsx,69768,14485181a5dfa41f58839df7d7311a04160d9f90d90e77606693b5cdcbc561b6,2026-10-03,ABS website content is under Creative Commons Attribution 4.0 International (excluding logos/Coat of Arms/third-party material); attribution to ABS required,quarterly series: span of all quarters in the file; each quarter is a row in the extraction. 
7,"Australian National Accounts: Finance and Wealth, June 2026",2026-09-24,2022-04-01,2022-06-30,2022-06-30,5232036.xlsx,https://www.abs.gov.au/statistics/economy/national-accounts/australian-national-accounts-finance-and-wealth/jun-2026/5232036.xlsx,69768,14485181a5dfa41f58839df7d7311a04160d9f90d90e77606693b5cdcbc561b6,2026-10-03,ABS website content is under Creative Commons Attribution 4.0 International (excluding logos/Coat of Arms/third-party material); attribution to ABS required,quarterly series: span of all quarters in the file; each quarter is a row in the extraction. 
7,"Australian National Accounts: Finance and Wealth, June 2026",2026-09-24,2022-07-01,2022-09-30,2022-09-30,5232036.xlsx,https://www.abs.gov.au/statistics/economy/national-accounts/australian-national-accounts-finance-and-wealth/jun-2026/5232036.xlsx,69768,14485181a5dfa41f58839df7d7311a04160d9f90d90e77606693b5cdcbc561b6,2026-10-03,ABS website content is under Creative Commons Attribution 4.0 International (excluding logos/Coat of Arms/third-party material); attribution to ABS required,quarterly series: span of all quarters in the file; each quarter is a row in the extraction. 
7,"Australian National Accounts: Finance and Wealth, June 2026",2026-09-24,2022-10-01,2022-12-31,2022-12-31,5232036.xlsx,https://www.abs.gov.au/statistics/economy/national-accounts/australian-national-accounts-finance-and-wealth/jun-2026/5232036.xlsx,69768,14485181a5dfa41f58839df7d7311a04160d9f90d90e77606693b5cdcbc561b6,2026-10-03,ABS website content is under Creative Commons Attribution 4.0 International (excluding logos/Coat of Arms/third-party material); attribution to ABS required,quarterly series: span of all quarters in the file; each quarter is a row in the extraction. 
7,"Australian National Accounts: Finance and Wealth, June 2026",2026-09-24,2023-01-01,2023-03-31,2023-03-31,5232036.xlsx,https://www.abs.gov.au/statistics/economy/national-accounts/australian-national-accounts-finance-and-wealth/jun-2026/5232036.xlsx,69768,14485181a5dfa41f58839df7d7311a04160d9f90d90e77606693b5cdcbc561b6,2026-10-03,ABS website content is under Creative Commons Attribution 4.0 International (excluding logos/Coat of Arms/third-party material); attribution to ABS required,quarterly series: span of all quarters in the file; each quarter is a row in the extraction. 
7,"Australian National Accounts: Finance and Wealth, June 2026",2026-09-24,2023-04-01,2023-06-30,2023-06-30,5232036.xlsx,https://www.abs.gov.au/statistics/economy/national-accounts/australian-national-accounts-finance-and-wealth/jun-2026/5232036.xlsx,69768,14485181a5dfa41f58839df7d7311a04160d9f90d90e77606693b5cdcbc561b6,2026-10-03,ABS website content is under Creative Commons Attribution 4.0 International (excluding logos/Coat of Arms/third-party material); attribution to ABS required,quarterly series: span of all quarters in the file; each quarter is a row in the extraction. 
7,"Australian National Accounts: Finance and Wealth, June 2026",2026-09-24,2023-07-01,2023-09-30,2023-09-30,5232036.xlsx,https://www.abs.gov.au/statistics/economy/national-accounts/australian-national-accounts-finance-and-wealth/jun-2026/5232036.xlsx,69768,14485181a5dfa41f58839df7d7311a04160d9f90d90e77606693b5cdcbc561b6,2026-10-03,ABS website content is under Creative Commons Attribution 4.0 International (excluding logos/Coat of Arms/third-party material); attribution to ABS required,quarterly series: span of all quarters in the file; each quarter is a row in the extraction. 
7,"Australian National Accounts: Finance and Wealth, June 2026",2026-09-24,2023-10-01,2023-12-31,2023-12-31,5232036.xlsx,https://www.abs.gov.au/statistics/economy/national-accounts/australian-national-accounts-finance-and-wealth/jun-2026/5232036.xlsx,69768,14485181a5dfa41f58839df7d7311a04160d9f90d90e77606693b5cdcbc561b6,2026-10-03,ABS website content is under Creative Commons Attribution 4.0 International (excluding logos/Coat of Arms/third-party material); attribution to ABS required,quarterly series: span of all quarters in the file; each quarter is a row in the extraction. 
7,"Australian National Accounts: Finance and Wealth, June 2026",2026-09-24,2024-01-01,2024-03-31,2024-03-31,5232036.xlsx,https://www.abs.gov.au/statistics/economy/national-accounts/australian-national-accounts-finance-and-wealth/jun-2026/5232036.xlsx,69768,14485181a5dfa41f58839df7d7311a04160d9f90d90e77606693b5cdcbc561b6,2026-10-03,ABS website content is under Creative Commons Attribution 4.0 International (excluding logos/Coat of Arms/third-party material); attribution to ABS required,quarterly series: span of all quarters in the file; each quarter is a row in the extraction. 
7,"Australian National Accounts: Finance and Wealth, June 2026",2026-09-24,2024-04-01,2024-06-30,2024-06-30,5232036.xlsx,https://www.abs.gov.au/statistics/economy/national-accounts/australian-national-accounts-finance-and-wealth/jun-2026/5232036.xlsx,69768,14485181a5dfa41f58839df7d7311a04160d9f90d90e77606693b5cdcbc561b6,2026-10-03,ABS website content is under Creative Commons Attribution 4.0 International (excluding logos/Coat of Arms/third-party material); attribution to ABS required,quarterly series: span of all quarters in the file; each quarter is a row in the extraction. 
7,"Australian National Accounts: Finance and Wealth, June 2026",2026-09-24,2024-07-01,2024-09-30,2024-09-30,5232036.xlsx,https://www.abs.gov.au/statistics/economy/national-accounts/australian-national-accounts-finance-and-wealth/jun-2026/5232036.xlsx,69768,14485181a5dfa41f58839df7d7311a04160d9f90d90e77606693b5cdcbc561b6,2026-10-03,ABS website content is under Creative Commons Attribution 4.0 International (excluding logos/Coat of Arms/third-party material); attribution to ABS required,quarterly series: span of all quarters in the file; each quarter is a row in the extraction. 
7,"Australian National Accounts: Finance and Wealth, June 2026",2026-09-24,2024-10-01,2024-12-31,2024-12-31,5232036.xlsx,https://www.abs.gov.au/statistics/economy/national-accounts/australian-national-accounts-finance-and-wealth/jun-2026/5232036.xlsx,69768,14485181a5dfa41f58839df7d7311a04160d9f90d90e77606693b5cdcbc561b6,2026-10-03,ABS website content is under Creative Commons Attribution 4.0 International (excluding logos/Coat of Arms/third-party material); attribution to ABS required,quarterly series: span of all quarters in the file; each quarter is a row in the extraction. 
7,"Australian National Accounts: Finance and Wealth, June 2026",2026-09-24,2025-01-01,2025-03-31,2025-03-31,5232036.xlsx,https://www.abs.gov.au/statistics/economy/national-accounts/australian-national-accounts-finance-and-wealth/jun-2026/5232036.xlsx,69768,14485181a5dfa41f58839df7d7311a04160d9f90d90e77606693b5cdcbc561b6,2026-10-03,ABS website content is under Creative Commons Attribution 4.0 International (excluding logos/Coat of Arms/third-party material); attribution to ABS required,quarterly series: span of all quarters in the file; each quarter is a row in the extraction. 
7,"Australian National Accounts: Finance and Wealth, June 2026",2026-09-24,2025-04-01,2025-06-30,2025-06-30,5232036.xlsx,https://www.abs.gov.au/statistics/economy/national-accounts/australian-national-accounts-finance-and-wealth/jun-2026/5232036.xlsx,69768,14485181a5dfa41f58839df7d7311a04160d9f90d90e77606693b5cdcbc561b6,2026-10-03,ABS website content is under Creative Commons Attribution 4.0 International (excluding logos/Coat of Arms/third-party material); attribution to ABS required,quarterly series: span of all quarters in the file; each quarter is a row in the extraction. 
7,"Australian National Accounts: Finance and Wealth, June 2026",2026-09-24,2025-07-01,2025-09-30,2025-09-30,5232036.xlsx,https://www.abs.gov.au/statistics/economy/national-accounts/australian-national-accounts-finance-and-wealth/jun-2026/5232036.xlsx,69768,14485181a5dfa41f58839df7d7311a04160d9f90d90e77606693b5cdcbc561b6,2026-10-03,ABS website content is under Creative Commons Attribution 4.0 International (excluding logos/Coat of Arms/third-party material); attribution to ABS required,quarterly series: span of all quarters in the file; each quarter is a row in the extraction. 
7,"Australian National Accounts: Finance and Wealth, June 2026",2026-09-24,2025-10-01,2025-12-31,2025-12-31,5232036.xlsx,https://www.abs.gov.au/statistics/economy/national-accounts/australian-national-accounts-finance-and-wealth/jun-2026/5232036.xlsx,69768,14485181a5dfa41f58839df7d7311a04160d9f90d90e77606693b5cdcbc561b6,2026-10-03,ABS website content is under Creative Commons Attribution 4.0 International (excluding logos/Coat of Arms/third-party material); attribution to ABS required,quarterly series: span of all quarters in the file; each quarter is a row in the extraction. 
7,"Australian National Accounts: Finance and Wealth, June 2026",2026-09-24,2026-01-01,2026-03-31,2026-03-31,5232036.xlsx,https://www.abs.gov.au/statistics/economy/national-accounts/australian-national-accounts-finance-and-wealth/jun-2026/5232036.xlsx,69768,14485181a5dfa41f58839df7d7311a04160d9f90d90e77606693b5cdcbc561b6,2026-10-03,ABS website content is under Creative Commons Attribution 4.0 International (excluding logos/Coat of Arms/third-party material); attribution to ABS required,quarterly series: span of all quarters in the file; each quarter is a row in the extraction. 
7,"Australian National Accounts: Finance and Wealth, June 2026",2026-09-24,2026-04-01,2026-06-30,2026-06-30,5232036.xlsx,https://www.abs.gov.au/statistics/economy/national-accounts/australian-national-accounts-finance-and-wealth/jun-2026/5232036.xlsx,69768,14485181a5dfa41f58839df7d7311a04160d9f90d90e77606693b5cdcbc561b6,2026-10-03,ABS website content is under Creative Commons Attribution 4.0 International (excluding logos/Coat of Arms/third-party material); attribution to ABS required,quarterly series: span of all quarters in the file; each quarter is a row in the extraction. 
7,"Australian National Accounts: Finance and Wealth, June 2026",2026-09-24,1988-04-01,1988-06-30,1988-06-30,5232051.xlsx,https://www.abs.gov.au/statistics/economy/national-accounts/australian-national-accounts-finance-and-wealth/jun-2026/5232051.xlsx,58065,cabde777f54f0b13c41d3329fcd71e1a00116e5e2ead2b95cdfb2b7e56dd4cdc,2026-10-03,ABS website content is under Creative Commons Attribution 4.0 International (excluding logos/Coat of Arms/third-party material); attribution to ABS required,quarterly series: span of all quarters in the file; each quarter is a row in the extraction. 
7,"Australian National Accounts: Finance and Wealth, June 2026",2026-09-24,1988-07-01,1988-09-30,1988-09-30,5232051.xlsx,https://www.abs.gov.au/statistics/economy/national-accounts/australian-national-accounts-finance-and-wealth/jun-2026/5232051.xlsx,58065,cabde777f54f0b13c41d3329fcd71e1a00116e5e2ead2b95cdfb2b7e56dd4cdc,2026-10-03,ABS website content is under Creative Commons Attribution 4.0 International (excluding logos/Coat of Arms/third-party material); attribution to ABS required,quarterly series: span of all quarters in the file; each quarter is a row in the extraction. 
7,"Australian National Accounts: Finance and Wealth, June 2026",2026-09-24,1988-10-01,1988-12-31,1988-12-31,5232051.xlsx,https://www.abs.gov.au/statistics/economy/national-accounts/australian-national-accounts-finance-and-wealth/jun-2026/5232051.xlsx,58065,cabde777f54f0b13c41d3329fcd71e1a00116e5e2ead2b95cdfb2b7e56dd4cdc,2026-10-03,ABS website content is under Creative Commons Attribution 4.0 International (excluding logos/Coat of Arms/third-party material); attribution to ABS required,quarterly series: span of all quarters in the file; each quarter is a row in the extraction. 
7,"Australian National Accounts: Finance and Wealth, June 2026",2026-09-24,1989-01-01,1989-03-31,1989-03-31,5232051.xlsx,https://www.abs.gov.au/statistics/economy/national-accounts/australian-national-accounts-finance-and-wealth/jun-2026/5232051.xlsx,58065,cabde777f54f0b13c41d3329fcd71e1a00116e5e2ead2b95cdfb2b7e56dd4cdc,2026-10-03,ABS website content is under Creative Commons Attribution 4.0 International (excluding logos/Coat of Arms/third-party material); attribution to ABS required,quarterly series: span of all quarters in the file; each quarter is a row in the extraction. 
7,"Australian National Accounts: Finance and Wealth, June 2026",2026-09-24,1989-04-01,1989-06-30,1989-06-30,5232051.xlsx,https://www.abs.gov.au/statistics/economy/national-accounts/australian-national-accounts-finance-and-wealth/jun-2026/5232051.xlsx,58065,cabde777f54f0b13c41d3329fcd71e1a00116e5e2ead2b95cdfb2b7e56dd4cdc,2026-10-03,ABS website content is under Creative Commons Attribution 4.0 International (excluding logos/Coat of Arms/third-party material); attribution to ABS required,quarterly series: span of all quarters in the file; each quarter is a row in the extraction. 
7,"Australian National Accounts: Finance and Wealth, June 2026",2026-09-24,1989-07-01,1989-09-30,1989-09-30,5232051.xlsx,https://www.abs.gov.au/statistics/economy/national-accounts/australian-national-accounts-finance-and-wealth/jun-2026/5232051.xlsx,58065,cabde777f54f0b13c41d3329fcd71e1a00116e5e2ead2b95cdfb2b7e56dd4cdc,2026-10-03,ABS website content is under Creative Commons Attribution 4.0 International (excluding logos/Coat of Arms/third-party material); attribution to ABS required,quarterly series: span of all quarters in the file; each quarter is a row in the extraction. 
7,"Australian National Accounts: Finance and Wealth, June 2026",2026-09-24,1989-10-01,1989-12-31,1989-12-31,5232051.xlsx,https://www.abs.gov.au/statistics/economy/national-accounts/australian-national-accounts-finance-and-wealth/jun-2026/5232051.xlsx,58065,cabde777f54f0b13c41d3329fcd71e1a00116e5e2ead2b95cdfb2b7e56dd4cdc,2026-10-03,ABS website content is under Creative Commons Attribution 4.0 International (excluding logos/Coat of Arms/third-party material); attribution to ABS required,quarterly series: span of all quarters in the file; each quarter is a row in the extraction. 
7,"Australian National Accounts: Finance and Wealth, June 2026",2026-09-24,1990-01-01,1990-03-31,1990-03-31,5232051.xlsx,https://www.abs.gov.au/statistics/economy/national-accounts/australian-national-accounts-finance-and-wealth/jun-2026/5232051.xlsx,58065,cabde777f54f0b13c41d3329fcd71e1a00116e5e2ead2b95cdfb2b7e56dd4cdc,2026-10-03,ABS website content is under Creative Commons Attribution 4.0 International (excluding logos/Coat of Arms/third-party material); attribution to ABS required,quarterly series: span of all quarters in the file; each quarter is a row in the extraction. 
7,"Australian National Accounts: Finance and Wealth, June 2026",2026-09-24,1990-04-01,1990-06-30,1990-06-30,5232051.xlsx,https://www.abs.gov.au/statistics/economy/national-accounts/australian-national-accounts-finance-and-wealth/jun-2026/5232051.xlsx,58065,cabde777f54f0b13c41d3329fcd71e1a00116e5e2ead2b95cdfb2b7e56dd4cdc,2026-10-03,ABS website content is under Creative Commons Attribution 4.0 International (excluding logos/Coat of Arms/third-party material); attribution to ABS required,quarterly series: span of all quarters in the file; each quarter is a row in the extraction. 
7,"Australian National Accounts: Finance and Wealth, June 2026",2026-09-24,1990-07-01,1990-09-30,1990-09-30,5232051.xlsx,https://www.abs.gov.au/statistics/economy/national-accounts/australian-national-accounts-finance-and-wealth/jun-2026/5232051.xlsx,58065,cabde777f54f0b13c41d3329fcd71e1a00116e5e2ead2b95cdfb2b7e56dd4cdc,2026-10-03,ABS website content is under Creative Commons Attribution 4.0 International (excluding logos/Coat of Arms/third-party material); attribution to ABS required,quarterly series: span of all quarters in the file; each quarter is a row in the extraction. 
7,"Australian National Accounts: Finance and Wealth, June 2026",2026-09-24,1990-10-01,1990-12-31,1990-12-31,5232051.xlsx,https://www.abs.gov.au/statistics/economy/national-accounts/australian-national-accounts-finance-and-wealth/jun-2026/5232051.xlsx,58065,cabde777f54f0b13c41d3329fcd71e1a00116e5e2ead2b95cdfb2b7e56dd4cdc,2026-10-03,ABS website content is under Creative Commons Attribution 4.0 International (excluding logos/Coat of Arms/third-party material); attribution to ABS required,quarterly series: span of all quarters in the file; each quarter is a row in the extraction. 
7,"Australian National Accounts: Finance and Wealth, June 2026",2026-09-24,1991-01-01,1991-03-31,1991-03-31,5232051.xlsx,https://www.abs.gov.au/statistics/economy/national-accounts/australian-national-accounts-finance-and-wealth/jun-2026/5232051.xlsx,58065,cabde777f54f0b13c41d3329fcd71e1a00116e5e2ead2b95cdfb2b7e56dd4cdc,2026-10-03,ABS website content is under Creative Commons Attribution 4.0 International (excluding logos/Coat of Arms/third-party material); attribution to ABS required,quarterly series: span of all quarters in the file; each quarter is a row in the extraction. 
7,"Australian National Accounts: Finance and Wealth, June 2026",2026-09-24,1991-04-01,1991-06-30,1991-06-30,5232051.xlsx,https://www.abs.gov.au/statistics/economy/national-accounts/australian-national-accounts-finance-and-wealth/jun-2026/5232051.xlsx,58065,cabde777f54f0b13c41d3329fcd71e1a00116e5e2ead2b95cdfb2b7e56dd4cdc,2026-10-03,ABS website content is under Creative Commons Attribution 4.0 International (excluding logos/Coat of Arms/third-party material); attribution to ABS required,quarterly series: span of all quarters in the file; each quarter is a row in the extraction. 
7,"Australian National Accounts: Finance and Wealth, June 2026",2026-09-24,1991-07-01,1991-09-30,1991-09-30,5232051.xlsx,https://www.abs.gov.au/statistics/economy/national-accounts/australian-national-accounts-finance-and-wealth/jun-2026/5232051.xlsx,58065,cabde777f54f0b13c41d3329fcd71e1a00116e5e2ead2b95cdfb2b7e56dd4cdc,2026-10-03,ABS website content is under Creative Commons Attribution 4.0 International (excluding logos/Coat of Arms/third-party material); attribution to ABS required,quarterly series: span of all quarters in the file; each quarter is a row in the extraction. 
7,"Australian National Accounts: Finance and Wealth, June 2026",2026-09-24,1991-10-01,1991-12-31,1991-12-31,5232051.xlsx,https://www.abs.gov.au/statistics/economy/national-accounts/australian-national-accounts-finance-and-wealth/jun-2026/5232051.xlsx,58065,cabde777f54f0b13c41d3329fcd71e1a00116e5e2ead2b95cdfb2b7e56dd4cdc,2026-10-03,ABS website content is under Creative Commons Attribution 4.0 International (excluding logos/Coat of Arms/third-party material); attribution to ABS required,quarterly series: span of all quarters in the file; each quarter is a row in the extraction. 
7,"Australian National Accounts: Finance and Wealth, June 2026",2026-09-24,1992-01-01,1992-03-31,1992-03-31,5232051.xlsx,https://www.abs.gov.au/statistics/economy/national-accounts/australian-national-accounts-finance-and-wealth/jun-2026/5232051.xlsx,58065,cabde777f54f0b13c41d3329fcd71e1a00116e5e2ead2b95cdfb2b7e56dd4cdc,2026-10-03,ABS website content is under Creative Commons Attribution 4.0 International (excluding logos/Coat of Arms/third-party material); attribution to ABS required,quarterly series: span of all quarters in the file; each quarter is a row in the extraction. 
7,"Australian National Accounts: Finance and Wealth, June 2026",2026-09-24,1992-04-01,1992-06-30,1992-06-30,5232051.xlsx,https://www.abs.gov.au/statistics/economy/national-accounts/australian-national-accounts-finance-and-wealth/jun-2026/5232051.xlsx,58065,cabde777f54f0b13c41d3329fcd71e1a00116e5e2ead2b95cdfb2b7e56dd4cdc,2026-10-03,ABS website content is under Creative Commons Attribution 4.0 International (excluding logos/Coat of Arms/third-party material); attribution to ABS required,quarterly series: span of all quarters in the file; each quarter is a row in the extraction. 
7,"Australian National Accounts: Finance and Wealth, June 2026",2026-09-24,1992-07-01,1992-09-30,1992-09-30,5232051.xlsx,https://www.abs.gov.au/statistics/economy/national-accounts/australian-national-accounts-finance-and-wealth/jun-2026/5232051.xlsx,58065,cabde777f54f0b13c41d3329fcd71e1a00116e5e2ead2b95cdfb2b7e56dd4cdc,2026-10-03,ABS website content is under Creative Commons Attribution 4.0 International (excluding logos/Coat of Arms/third-party material); attribution to ABS required,quarterly series: span of all quarters in the file; each quarter is a row in the extraction. 
7,"Australian National Accounts: Finance and Wealth, June 2026",2026-09-24,1992-10-01,1992-12-31,1992-12-31,5232051.xlsx,https://www.abs.gov.au/statistics/economy/national-accounts/australian-national-accounts-finance-and-wealth/jun-2026/5232051.xlsx,58065,cabde777f54f0b13c41d3329fcd71e1a00116e5e2ead2b95cdfb2b7e56dd4cdc,2026-10-03,ABS website content is under Creative Commons Attribution 4.0 International (excluding logos/Coat of Arms/third-party material); attribution to ABS required,quarterly series: span of all quarters in the file; each quarter is a row in the extraction. 
7,"Australian National Accounts: Finance and Wealth, June 2026",2026-09-24,1993-01-01,1993-03-31,1993-03-31,5232051.xlsx,https://www.abs.gov.au/statistics/economy/national-accounts/australian-national-accounts-finance-and-wealth/jun-2026/5232051.xlsx,58065,cabde777f54f0b13c41d3329fcd71e1a00116e5e2ead2b95cdfb2b7e56dd4cdc,2026-10-03,ABS website content is under Creative Commons Attribution 4.0 International (excluding logos/Coat of Arms/third-party material); attribution to ABS required,quarterly series: span of all quarters in the file; each quarter is a row in the extraction. 
7,"Australian National Accounts: Finance and Wealth, June 2026",2026-09-24,1993-04-01,1993-06-30,1993-06-30,5232051.xlsx,https://www.abs.gov.au/statistics/economy/national-accounts/australian-national-accounts-finance-and-wealth/jun-2026/5232051.xlsx,58065,cabde777f54f0b13c41d3329fcd71e1a00116e5e2ead2b95cdfb2b7e56dd4cdc,2026-10-03,ABS website content is under Creative Commons Attribution 4.0 International (excluding logos/Coat of Arms/third-party material); attribution to ABS required,quarterly series: span of all quarters in the file; each quarter is a row in the extraction. 
7,"Australian National Accounts: Finance and Wealth, June 2026",2026-09-24,1993-07-01,1993-09-30,1993-09-30,5232051.xlsx,https://www.abs.gov.au/statistics/economy/national-accounts/australian-national-accounts-finance-and-wealth/jun-2026/5232051.xlsx,58065,cabde777f54f0b13c41d3329fcd71e1a00116e5e2ead2b95cdfb2b7e56dd4cdc,2026-10-03,ABS website content is under Creative Commons Attribution 4.0 International (excluding logos/Coat of Arms/third-party material); attribution to ABS required,quarterly series: span of all quarters in the file; each quarter is a row in the extraction. 
7,"Australian National Accounts: Finance and Wealth, June 2026",2026-09-24,1993-10-01,1993-12-31,1993-12-31,5232051.xlsx,https://www.abs.gov.au/statistics/economy/national-accounts/australian-national-accounts-finance-and-wealth/jun-2026/5232051.xlsx,58065,cabde777f54f0b13c41d3329fcd71e1a00116e5e2ead2b95cdfb2b7e56dd4cdc,2026-10-03,ABS website content is under Creative Commons Attribution 4.0 International (excluding logos/Coat of Arms/third-party material); attribution to ABS required,quarterly series: span of all quarters in the file; each quarter is a row in the extraction. 
7,"Australian National Accounts: Finance and Wealth, June 2026",2026-09-24,1994-01-01,1994-03-31,1994-03-31,5232051.xlsx,https://www.abs.gov.au/statistics/economy/national-accounts/australian-national-accounts-finance-and-wealth/jun-2026/5232051.xlsx,58065,cabde777f54f0b13c41d3329fcd71e1a00116e5e2ead2b95cdfb2b7e56dd4cdc,2026-10-03,ABS website content is under Creative Commons Attribution 4.0 International (excluding logos/Coat of Arms/third-party material); attribution to ABS required,quarterly series: span of all quarters in the file; each quarter is a row in the extraction. 
7,"Australian National Accounts: Finance and Wealth, June 2026",2026-09-24,1994-04-01,1994-06-30,1994-06-30,5232051.xlsx,https://www.abs.gov.au/statistics/economy/national-accounts/australian-national-accounts-finance-and-wealth/jun-2026/5232051.xlsx,58065,cabde777f54f0b13c41d3329fcd71e1a00116e5e2ead2b95cdfb2b7e56dd4cdc,2026-10-03,ABS website content is under Creative Commons Attribution 4.0 International (excluding logos/Coat of Arms/third-party material); attribution to ABS required,quarterly series: span of all quarters in the file; each quarter is a row in the extraction. 
7,"Australian National Accounts: Finance and Wealth, June 2026",2026-09-24,1994-07-01,1994-09-30,1994-09-30,5232051.xlsx,https://www.abs.gov.au/statistics/economy/national-accounts/australian-national-accounts-finance-and-wealth/jun-2026/5232051.xlsx,58065,cabde777f54f0b13c41d3329fcd71e1a00116e5e2ead2b95cdfb2b7e56dd4cdc,2026-10-03,ABS website content is under Creative Commons Attribution 4.0 International (excluding logos/Coat of Arms/third-party material); attribution to ABS required,quarterly series: span of all quarters in the file; each quarter is a row in the extraction. 
7,"Australian National Accounts: Finance and Wealth, June 2026",2026-09-24,1994-10-01,1994-12-31,1994-12-31,5232051.xlsx,https://www.abs.gov.au/statistics/economy/national-accounts/australian-national-accounts-finance-and-wealth/jun-2026/5232051.xlsx,58065,cabde777f54f0b13c41d3329fcd71e1a00116e5e2ead2b95cdfb2b7e56dd4cdc,2026-10-03,ABS website content is under Creative Commons Attribution 4.0 International (excluding logos/Coat of Arms/third-party material); attribution to ABS required,quarterly series: span of all quarters in the file; each quarter is a row in the extraction. 
7,"Australian National Accounts: Finance and Wealth, June 2026",2026-09-24,1995-01-01,1995-03-31,1995-03-31,5232051.xlsx,https://www.abs.gov.au/statistics/economy/national-accounts/australian-national-accounts-finance-and-wealth/jun-2026/5232051.xlsx,58065,cabde777f54f0b13c41d3329fcd71e1a00116e5e2ead2b95cdfb2b7e56dd4cdc,2026-10-03,ABS website content is under Creative Commons Attribution 4.0 International (excluding logos/Coat of Arms/third-party material); attribution to ABS required,quarterly series: span of all quarters in the file; each quarter is a row in the extraction. 
7,"Australian National Accounts: Finance and Wealth, June 2026",2026-09-24,1995-04-01,1995-06-30,1995-06-30,5232051.xlsx,https://www.abs.gov.au/statistics/economy/national-accounts/australian-national-accounts-finance-and-wealth/jun-2026/5232051.xlsx,58065,cabde777f54f0b13c41d3329fcd71e1a00116e5e2ead2b95cdfb2b7e56dd4cdc,2026-10-03,ABS website content is under Creative Commons Attribution 4.0 International (excluding logos/Coat of Arms/third-party material); attribution to ABS required,quarterly series: span of all quarters in the file; each quarter is a row in the extraction. 
7,"Australian National Accounts: Finance and Wealth, June 2026",2026-09-24,1995-07-01,1995-09-30,1995-09-30,5232051.xlsx,https://www.abs.gov.au/statistics/economy/national-accounts/australian-national-accounts-finance-and-wealth/jun-2026/5232051.xlsx,58065,cabde777f54f0b13c41d3329fcd71e1a00116e5e2ead2b95cdfb2b7e56dd4cdc,2026-10-03,ABS website content is under Creative Commons Attribution 4.0 International (excluding logos/Coat of Arms/third-party material); attribution to ABS required,quarterly series: span of all quarters in the file; each quarter is a row in the extraction. 
7,"Australian National Accounts: Finance and Wealth, June 2026",2026-09-24,1995-10-01,1995-12-31,1995-12-31,5232051.xlsx,https://www.abs.gov.au/statistics/economy/national-accounts/australian-national-accounts-finance-and-wealth/jun-2026/5232051.xlsx,58065,cabde777f54f0b13c41d3329fcd71e1a00116e5e2ead2b95cdfb2b7e56dd4cdc,2026-10-03,ABS website content is under Creative Commons Attribution 4.0 International (excluding logos/Coat of Arms/third-party material); attribution to ABS required,quarterly series: span of all quarters in the file; each quarter is a row in the extraction. 
7,"Australian National Accounts: Finance and Wealth, June 2026",2026-09-24,1996-01-01,1996-03-31,1996-03-31,5232051.xlsx,https://www.abs.gov.au/statistics/economy/national-accounts/australian-national-accounts-finance-and-wealth/jun-2026/5232051.xlsx,58065,cabde777f54f0b13c41d3329fcd71e1a00116e5e2ead2b95cdfb2b7e56dd4cdc,2026-10-03,ABS website content is under Creative Commons Attribution 4.0 International (excluding logos/Coat of Arms/third-party material); attribution to ABS required,quarterly series: span of all quarters in the file; each quarter is a row in the extraction. 
7,"Australian National Accounts: Finance and Wealth, June 2026",2026-09-24,1996-04-01,1996-06-30,1996-06-30,5232051.xlsx,https://www.abs.gov.au/statistics/economy/national-accounts/australian-national-accounts-finance-and-wealth/jun-2026/5232051.xlsx,58065,cabde777f54f0b13c41d3329fcd71e1a00116e5e2ead2b95cdfb2b7e56dd4cdc,2026-10-03,ABS website content is under Creative Commons Attribution 4.0 International (excluding logos/Coat of Arms/third-party material); attribution to ABS required,quarterly series: span of all quarters in the file; each quarter is a row in the extraction. 
7,"Australian National Accounts: Finance and Wealth, June 2026",2026-09-24,1996-07-01,1996-09-30,1996-09-30,5232051.xlsx,https://www.abs.gov.au/statistics/economy/national-accounts/australian-national-accounts-finance-and-wealth/jun-2026/5232051.xlsx,58065,cabde777f54f0b13c41d3329fcd71e1a00116e5e2ead2b95cdfb2b7e56dd4cdc,2026-10-03,ABS website content is under Creative Commons Attribution 4.0 International (excluding logos/Coat of Arms/third-party material); attribution to ABS required,quarterly series: span of all quarters in the file; each quarter is a row in the extraction. 
7,"Australian National Accounts: Finance and Wealth, June 2026",2026-09-24,1996-10-01,1996-12-31,1996-12-31,5232051.xlsx,https://www.abs.gov.au/statistics/economy/national-accounts/australian-national-accounts-finance-and-wealth/jun-2026/5232051.xlsx,58065,cabde777f54f0b13c41d3329fcd71e1a00116e5e2ead2b95cdfb2b7e56dd4cdc,2026-10-03,ABS website content is under Creative Commons Attribution 4.0 International (excluding logos/Coat of Arms/third-party material); attribution to ABS required,quarterly series: span of all quarters in the file; each quarter is a row in the extraction. 
7,"Australian National Accounts: Finance and Wealth, June 2026",2026-09-24,1997-01-01,1997-03-31,1997-03-31,5232051.xlsx,https://www.abs.gov.au/statistics/economy/national-accounts/australian-national-accounts-finance-and-wealth/jun-2026/5232051.xlsx,58065,cabde777f54f0b13c41d3329fcd71e1a00116e5e2ead2b95cdfb2b7e56dd4cdc,2026-10-03,ABS website content is under Creative Commons Attribution 4.0 International (excluding logos/Coat of Arms/third-party material); attribution to ABS required,quarterly series: span of all quarters in the file; each quarter is a row in the extraction. 
7,"Australian National Accounts: Finance and Wealth, June 2026",2026-09-24,1997-04-01,1997-06-30,1997-06-30,5232051.xlsx,https://www.abs.gov.au/statistics/economy/national-accounts/australian-national-accounts-finance-and-wealth/jun-2026/5232051.xlsx,58065,cabde777f54f0b13c41d3329fcd71e1a00116e5e2ead2b95cdfb2b7e56dd4cdc,2026-10-03,ABS website content is under Creative Commons Attribution 4.0 International (excluding logos/Coat of Arms/third-party material); attribution to ABS required,quarterly series: span of all quarters in the file; each quarter is a row in the extraction. 
7,"Australian National Accounts: Finance and Wealth, June 2026",2026-09-24,1997-07-01,1997-09-30,1997-09-30,5232051.xlsx,https://www.abs.gov.au/statistics/economy/national-accounts/australian-national-accounts-finance-and-wealth/jun-2026/5232051.xlsx,58065,cabde777f54f0b13c41d3329fcd71e1a00116e5e2ead2b95cdfb2b7e56dd4cdc,2026-10-03,ABS website content is under Creative Commons Attribution 4.0 International (excluding logos/Coat of Arms/third-party material); attribution to ABS required,quarterly series: span of all quarters in the file; each quarter is a row in the extraction. 
7,"Australian National Accounts: Finance and Wealth, June 2026",2026-09-24,1997-10-01,1997-12-31,1997-12-31,5232051.xlsx,https://www.abs.gov.au/statistics/economy/national-accounts/australian-national-accounts-finance-and-wealth/jun-2026/5232051.xlsx,58065,cabde777f54f0b13c41d3329fcd71e1a00116e5e2ead2b95cdfb2b7e56dd4cdc,2026-10-03,ABS website content is under Creative Commons Attribution 4.0 International (excluding logos/Coat of Arms/third-party material); attribution to ABS required,quarterly series: span of all quarters in the file; each quarter is a row in the extraction. 
7,"Australian National Accounts: Finance and Wealth, June 2026",2026-09-24,1998-01-01,1998-03-31,1998-03-31,5232051.xlsx,https://www.abs.gov.au/statistics/economy/national-accounts/australian-national-accounts-finance-and-wealth/jun-2026/5232051.xlsx,58065,cabde777f54f0b13c41d3329fcd71e1a00116e5e2ead2b95cdfb2b7e56dd4cdc,2026-10-03,ABS website content is under Creative Commons Attribution 4.0 International (excluding logos/Coat of Arms/third-party material); attribution to ABS required,quarterly series: span of all quarters in the file; each quarter is a row in the extraction. 
7,"Australian National Accounts: Finance and Wealth, June 2026",2026-09-24,1998-04-01,1998-06-30,1998-06-30,5232051.xlsx,https://www.abs.gov.au/statistics/economy/national-accounts/australian-national-accounts-finance-and-wealth/jun-2026/5232051.xlsx,58065,cabde777f54f0b13c41d3329fcd71e1a00116e5e2ead2b95cdfb2b7e56dd4cdc,2026-10-03,ABS website content is under Creative Commons Attribution 4.0 International (excluding logos/Coat of Arms/third-party material); attribution to ABS required,quarterly series: span of all quarters in the file; each quarter is a row in the extraction. 
7,"Australian National Accounts: Finance and Wealth, June 2026",2026-09-24,1998-07-01,1998-09-30,1998-09-30,5232051.xlsx,https://www.abs.gov.au/statistics/economy/national-accounts/australian-national-accounts-finance-and-wealth/jun-2026/5232051.xlsx,58065,cabde777f54f0b13c41d3329fcd71e1a00116e5e2ead2b95cdfb2b7e56dd4cdc,2026-10-03,ABS website content is under Creative Commons Attribution 4.0 International (excluding logos/Coat of Arms/third-party material); attribution to ABS required,quarterly series: span of all quarters in the file; each quarter is a row in the extraction. 
7,"Australian National Accounts: Finance and Wealth, June 2026",2026-09-24,1998-10-01,1998-12-31,1998-12-31,5232051.xlsx,https://www.abs.gov.au/statistics/economy/national-accounts/australian-national-accounts-finance-and-wealth/jun-2026/5232051.xlsx,58065,cabde777f54f0b13c41d3329fcd71e1a00116e5e2ead2b95cdfb2b7e56dd4cdc,2026-10-03,ABS website content is under Creative Commons Attribution 4.0 International (excluding logos/Coat of Arms/third-party material); attribution to ABS required,quarterly series: span of all quarters in the file; each quarter is a row in the extraction. 
7,"Australian National Accounts: Finance and Wealth, June 2026",2026-09-24,1999-01-01,1999-03-31,1999-03-31,5232051.xlsx,https://www.abs.gov.au/statistics/economy/national-accounts/australian-national-accounts-finance-and-wealth/jun-2026/5232051.xlsx,58065,cabde777f54f0b13c41d3329fcd71e1a00116e5e2ead2b95cdfb2b7e56dd4cdc,2026-10-03,ABS website content is under Creative Commons Attribution 4.0 International (excluding logos/Coat of Arms/third-party material); attribution to ABS required,quarterly series: span of all quarters in the file; each quarter is a row in the extraction. 
7,"Australian National Accounts: Finance and Wealth, June 2026",2026-09-24,1999-04-01,1999-06-30,1999-06-30,5232051.xlsx,https://www.abs.gov.au/statistics/economy/national-accounts/australian-national-accounts-finance-and-wealth/jun-2026/5232051.xlsx,58065,cabde777f54f0b13c41d3329fcd71e1a00116e5e2ead2b95cdfb2b7e56dd4cdc,2026-10-03,ABS website content is under Creative Commons Attribution 4.0 International (excluding logos/Coat of Arms/third-party material); attribution to ABS required,quarterly series: span of all quarters in the file; each quarter is a row in the extraction. 
7,"Australian National Accounts: Finance and Wealth, June 2026",2026-09-24,1999-07-01,1999-09-30,1999-09-30,5232051.xlsx,https://www.abs.gov.au/statistics/economy/national-accounts/australian-national-accounts-finance-and-wealth/jun-2026/5232051.xlsx,58065,cabde777f54f0b13c41d3329fcd71e1a00116e5e2ead2b95cdfb2b7e56dd4cdc,2026-10-03,ABS website content is under Creative Commons Attribution 4.0 International (excluding logos/Coat of Arms/third-party material); attribution to ABS required,quarterly series: span of all quarters in the file; each quarter is a row in the extraction. 
7,"Australian National Accounts: Finance and Wealth, June 2026",2026-09-24,1999-10-01,1999-12-31,1999-12-31,5232051.xlsx,https://www.abs.gov.au/statistics/economy/national-accounts/australian-national-accounts-finance-and-wealth/jun-2026/5232051.xlsx,58065,cabde777f54f0b13c41d3329fcd71e1a00116e5e2ead2b95cdfb2b7e56dd4cdc,2026-10-03,ABS website content is under Creative Commons Attribution 4.0 International (excluding logos/Coat of Arms/third-party material); attribution to ABS required,quarterly series: span of all quarters in the file; each quarter is a row in the extraction. 
7,"Australian National Accounts: Finance and Wealth, June 2026",2026-09-24,2000-01-01,2000-03-31,2000-03-31,5232051.xlsx,https://www.abs.gov.au/statistics/economy/national-accounts/australian-national-accounts-finance-and-wealth/jun-2026/5232051.xlsx,58065,cabde777f54f0b13c41d3329fcd71e1a00116e5e2ead2b95cdfb2b7e56dd4cdc,2026-10-03,ABS website content is under Creative Commons Attribution 4.0 International (excluding logos/Coat of Arms/third-party material); attribution to ABS required,quarterly series: span of all quarters in the file; each quarter is a row in the extraction. 
7,"Australian National Accounts: Finance and Wealth, June 2026",2026-09-24,2000-04-01,2000-06-30,2000-06-30,5232051.xlsx,https://www.abs.gov.au/statistics/economy/national-accounts/australian-national-accounts-finance-and-wealth/jun-2026/5232051.xlsx,58065,cabde777f54f0b13c41d3329fcd71e1a00116e5e2ead2b95cdfb2b7e56dd4cdc,2026-10-03,ABS website content is under Creative Commons Attribution 4.0 International (excluding logos/Coat of Arms/third-party material); attribution to ABS required,quarterly series: span of all quarters in the file; each quarter is a row in the extraction. 
7,"Australian National Accounts: Finance and Wealth, June 2026",2026-09-24,2000-07-01,2000-09-30,2000-09-30,5232051.xlsx,https://www.abs.gov.au/statistics/economy/national-accounts/australian-national-accounts-finance-and-wealth/jun-2026/5232051.xlsx,58065,cabde777f54f0b13c41d3329fcd71e1a00116e5e2ead2b95cdfb2b7e56dd4cdc,2026-10-03,ABS website content is under Creative Commons Attribution 4.0 International (excluding logos/Coat of Arms/third-party material); attribution to ABS required,quarterly series: span of all quarters in the file; each quarter is a row in the extraction. 
7,"Australian National Accounts: Finance and Wealth, June 2026",2026-09-24,2000-10-01,2000-12-31,2000-12-31,5232051.xlsx,https://www.abs.gov.au/statistics/economy/national-accounts/australian-national-accounts-finance-and-wealth/jun-2026/5232051.xlsx,58065,cabde777f54f0b13c41d3329fcd71e1a00116e5e2ead2b95cdfb2b7e56dd4cdc,2026-10-03,ABS website content is under Creative Commons Attribution 4.0 International (excluding logos/Coat of Arms/third-party material); attribution to ABS required,quarterly series: span of all quarters in the file; each quarter is a row in the extraction. 
7,"Australian National Accounts: Finance and Wealth, June 2026",2026-09-24,2001-01-01,2001-03-31,2001-03-31,5232051.xlsx,https://www.abs.gov.au/statistics/economy/national-accounts/australian-national-accounts-finance-and-wealth/jun-2026/5232051.xlsx,58065,cabde777f54f0b13c41d3329fcd71e1a00116e5e2ead2b95cdfb2b7e56dd4cdc,2026-10-03,ABS website content is under Creative Commons Attribution 4.0 International (excluding logos/Coat of Arms/third-party material); attribution to ABS required,quarterly series: span of all quarters in the file; each quarter is a row in the extraction. 
7,"Australian National Accounts: Finance and Wealth, June 2026",2026-09-24,2001-04-01,2001-06-30,2001-06-30,5232051.xlsx,https://www.abs.gov.au/statistics/economy/national-accounts/australian-national-accounts-finance-and-wealth/jun-2026/5232051.xlsx,58065,cabde777f54f0b13c41d3329fcd71e1a00116e5e2ead2b95cdfb2b7e56dd4cdc,2026-10-03,ABS website content is under Creative Commons Attribution 4.0 International (excluding logos/Coat of Arms/third-party material); attribution to ABS required,quarterly series: span of all quarters in the file; each quarter is a row in the extraction. 
7,"Australian National Accounts: Finance and Wealth, June 2026",2026-09-24,2001-07-01,2001-09-30,2001-09-30,5232051.xlsx,https://www.abs.gov.au/statistics/economy/national-accounts/australian-national-accounts-finance-and-wealth/jun-2026/5232051.xlsx,58065,cabde777f54f0b13c41d3329fcd71e1a00116e5e2ead2b95cdfb2b7e56dd4cdc,2026-10-03,ABS website content is under Creative Commons Attribution 4.0 International (excluding logos/Coat of Arms/third-party material); attribution to ABS required,quarterly series: span of all quarters in the file; each quarter is a row in the extraction. 
7,"Australian National Accounts: Finance and Wealth, June 2026",2026-09-24,2001-10-01,2001-12-31,2001-12-31,5232051.xlsx,https://www.abs.gov.au/statistics/economy/national-accounts/australian-national-accounts-finance-and-wealth/jun-2026/5232051.xlsx,58065,cabde777f54f0b13c41d3329fcd71e1a00116e5e2ead2b95cdfb2b7e56dd4cdc,2026-10-03,ABS website content is under Creative Commons Attribution 4.0 International (excluding logos/Coat of Arms/third-party material); attribution to ABS required,quarterly series: span of all quarters in the file; each quarter is a row in the extraction. 
7,"Australian National Accounts: Finance and Wealth, June 2026",2026-09-24,2002-01-01,2002-03-31,2002-03-31,5232051.xlsx,https://www.abs.gov.au/statistics/economy/national-accounts/australian-national-accounts-finance-and-wealth/jun-2026/5232051.xlsx,58065,cabde777f54f0b13c41d3329fcd71e1a00116e5e2ead2b95cdfb2b7e56dd4cdc,2026-10-03,ABS website content is under Creative Commons Attribution 4.0 International (excluding logos/Coat of Arms/third-party material); attribution to ABS required,quarterly series: span of all quarters in the file; each quarter is a row in the extraction. 
7,"Australian National Accounts: Finance and Wealth, June 2026",2026-09-24,2002-04-01,2002-06-30,2002-06-30,5232051.xlsx,https://www.abs.gov.au/statistics/economy/national-accounts/australian-national-accounts-finance-and-wealth/jun-2026/5232051.xlsx,58065,cabde777f54f0b13c41d3329fcd71e1a00116e5e2ead2b95cdfb2b7e56dd4cdc,2026-10-03,ABS website content is under Creative Commons Attribution 4.0 International (excluding logos/Coat of Arms/third-party material); attribution to ABS required,quarterly series: span of all quarters in the file; each quarter is a row in the extraction. 
7,"Australian National Accounts: Finance and Wealth, June 2026",2026-09-24,2002-07-01,2002-09-30,2002-09-30,5232051.xlsx,https://www.abs.gov.au/statistics/economy/national-accounts/australian-national-accounts-finance-and-wealth/jun-2026/5232051.xlsx,58065,cabde777f54f0b13c41d3329fcd71e1a00116e5e2ead2b95cdfb2b7e56dd4cdc,2026-10-03,ABS website content is under Creative Commons Attribution 4.0 International (excluding logos/Coat of Arms/third-party material); attribution to ABS required,quarterly series: span of all quarters in the file; each quarter is a row in the extraction. 
7,"Australian National Accounts: Finance and Wealth, June 2026",2026-09-24,2002-10-01,2002-12-31,2002-12-31,5232051.xlsx,https://www.abs.gov.au/statistics/economy/national-accounts/australian-national-accounts-finance-and-wealth/jun-2026/5232051.xlsx,58065,cabde777f54f0b13c41d3329fcd71e1a00116e5e2ead2b95cdfb2b7e56dd4cdc,2026-10-03,ABS website content is under Creative Commons Attribution 4.0 International (excluding logos/Coat of Arms/third-party material); attribution to ABS required,quarterly series: span of all quarters in the file; each quarter is a row in the extraction. 
7,"Australian National Accounts: Finance and Wealth, June 2026",2026-09-24,2003-01-01,2003-03-31,2003-03-31,5232051.xlsx,https://www.abs.gov.au/statistics/economy/national-accounts/australian-national-accounts-finance-and-wealth/jun-2026/5232051.xlsx,58065,cabde777f54f0b13c41d3329fcd71e1a00116e5e2ead2b95cdfb2b7e56dd4cdc,2026-10-03,ABS website content is under Creative Commons Attribution 4.0 International (excluding logos/Coat of Arms/third-party material); attribution to ABS required,quarterly series: span of all quarters in the file; each quarter is a row in the extraction. 
7,"Australian National Accounts: Finance and Wealth, June 2026",2026-09-24,2003-04-01,2003-06-30,2003-06-30,5232051.xlsx,https://www.abs.gov.au/statistics/economy/national-accounts/australian-national-accounts-finance-and-wealth/jun-2026/5232051.xlsx,58065,cabde777f54f0b13c41d3329fcd71e1a00116e5e2ead2b95cdfb2b7e56dd4cdc,2026-10-03,ABS website content is under Creative Commons Attribution 4.0 International (excluding logos/Coat of Arms/third-party material); attribution to ABS required,quarterly series: span of all quarters in the file; each quarter is a row in the extraction. 
7,"Australian National Accounts: Finance and Wealth, June 2026",2026-09-24,2003-07-01,2003-09-30,2003-09-30,5232051.xlsx,https://www.abs.gov.au/statistics/economy/national-accounts/australian-national-accounts-finance-and-wealth/jun-2026/5232051.xlsx,58065,cabde777f54f0b13c41d3329fcd71e1a00116e5e2ead2b95cdfb2b7e56dd4cdc,2026-10-03,ABS website content is under Creative Commons Attribution 4.0 International (excluding logos/Coat of Arms/third-party material); attribution to ABS required,quarterly series: span of all quarters in the file; each quarter is a row in the extraction. 
7,"Australian National Accounts: Finance and Wealth, June 2026",2026-09-24,2003-10-01,2003-12-31,2003-12-31,5232051.xlsx,https://www.abs.gov.au/statistics/economy/national-accounts/australian-national-accounts-finance-and-wealth/jun-2026/5232051.xlsx,58065,cabde777f54f0b13c41d3329fcd71e1a00116e5e2ead2b95cdfb2b7e56dd4cdc,2026-10-03,ABS website content is under Creative Commons Attribution 4.0 International (excluding logos/Coat of Arms/third-party material); attribution to ABS required,quarterly series: span of all quarters in the file; each quarter is a row in the extraction. 
7,"Australian National Accounts: Finance and Wealth, June 2026",2026-09-24,2004-01-01,2004-03-31,2004-03-31,5232051.xlsx,https://www.abs.gov.au/statistics/economy/national-accounts/australian-national-accounts-finance-and-wealth/jun-2026/5232051.xlsx,58065,cabde777f54f0b13c41d3329fcd71e1a00116e5e2ead2b95cdfb2b7e56dd4cdc,2026-10-03,ABS website content is under Creative Commons Attribution 4.0 International (excluding logos/Coat of Arms/third-party material); attribution to ABS required,quarterly series: span of all quarters in the file; each quarter is a row in the extraction. 
7,"Australian National Accounts: Finance and Wealth, June 2026",2026-09-24,2004-04-01,2004-06-30,2004-06-30,5232051.xlsx,https://www.abs.gov.au/statistics/economy/national-accounts/australian-national-accounts-finance-and-wealth/jun-2026/5232051.xlsx,58065,cabde777f54f0b13c41d3329fcd71e1a00116e5e2ead2b95cdfb2b7e56dd4cdc,2026-10-03,ABS website content is under Creative Commons Attribution 4.0 International (excluding logos/Coat of Arms/third-party material); attribution to ABS required,quarterly series: span of all quarters in the file; each quarter is a row in the extraction. 
7,"Australian National Accounts: Finance and Wealth, June 2026",2026-09-24,2004-07-01,2004-09-30,2004-09-30,5232051.xlsx,https://www.abs.gov.au/statistics/economy/national-accounts/australian-national-accounts-finance-and-wealth/jun-2026/5232051.xlsx,58065,cabde777f54f0b13c41d3329fcd71e1a00116e5e2ead2b95cdfb2b7e56dd4cdc,2026-10-03,ABS website content is under Creative Commons Attribution 4.0 International (excluding logos/Coat of Arms/third-party material); attribution to ABS required,quarterly series: span of all quarters in the file; each quarter is a row in the extraction. 
7,"Australian National Accounts: Finance and Wealth, June 2026",2026-09-24,2004-10-01,2004-12-31,2004-12-31,5232051.xlsx,https://www.abs.gov.au/statistics/economy/national-accounts/australian-national-accounts-finance-and-wealth/jun-2026/5232051.xlsx,58065,cabde777f54f0b13c41d3329fcd71e1a00116e5e2ead2b95cdfb2b7e56dd4cdc,2026-10-03,ABS website content is under Creative Commons Attribution 4.0 International (excluding logos/Coat of Arms/third-party material); attribution to ABS required,quarterly series: span of all quarters in the file; each quarter is a row in the extraction. 
7,"Australian National Accounts: Finance and Wealth, June 2026",2026-09-24,2005-01-01,2005-03-31,2005-03-31,5232051.xlsx,https://www.abs.gov.au/statistics/economy/national-accounts/australian-national-accounts-finance-and-wealth/jun-2026/5232051.xlsx,58065,cabde777f54f0b13c41d3329fcd71e1a00116e5e2ead2b95cdfb2b7e56dd4cdc,2026-10-03,ABS website content is under Creative Commons Attribution 4.0 International (excluding logos/Coat of Arms/third-party material); attribution to ABS required,quarterly series: span of all quarters in the file; each quarter is a row in the extraction. 
7,"Australian National Accounts: Finance and Wealth, June 2026",2026-09-24,2005-04-01,2005-06-30,2005-06-30,5232051.xlsx,https://www.abs.gov.au/statistics/economy/national-accounts/australian-national-accounts-finance-and-wealth/jun-2026/5232051.xlsx,58065,cabde777f54f0b13c41d3329fcd71e1a00116e5e2ead2b95cdfb2b7e56dd4cdc,2026-10-03,ABS website content is under Creative Commons Attribution 4.0 International (excluding logos/Coat of Arms/third-party material); attribution to ABS required,quarterly series: span of all quarters in the file; each quarter is a row in the extraction. 
7,"Australian National Accounts: Finance and Wealth, June 2026",2026-09-24,2005-07-01,2005-09-30,2005-09-30,5232051.xlsx,https://www.abs.gov.au/statistics/economy/national-accounts/australian-national-accounts-finance-and-wealth/jun-2026/5232051.xlsx,58065,cabde777f54f0b13c41d3329fcd71e1a00116e5e2ead2b95cdfb2b7e56dd4cdc,2026-10-03,ABS website content is under Creative Commons Attribution 4.0 International (excluding logos/Coat of Arms/third-party material); attribution to ABS required,quarterly series: span of all quarters in the file; each quarter is a row in the extraction. 
7,"Australian National Accounts: Finance and Wealth, June 2026",2026-09-24,2005-10-01,2005-12-31,2005-12-31,5232051.xlsx,https://www.abs.gov.au/statistics/economy/national-accounts/australian-national-accounts-finance-and-wealth/jun-2026/5232051.xlsx,58065,cabde777f54f0b13c41d3329fcd71e1a00116e5e2ead2b95cdfb2b7e56dd4cdc,2026-10-03,ABS website content is under Creative Commons Attribution 4.0 International (excluding logos/Coat of Arms/third-party material); attribution to ABS required,quarterly series: span of all quarters in the file; each quarter is a row in the extraction. 
7,"Australian National Accounts: Finance and Wealth, June 2026",2026-09-24,2006-01-01,2006-03-31,2006-03-31,5232051.xlsx,https://www.abs.gov.au/statistics/economy/national-accounts/australian-national-accounts-finance-and-wealth/jun-2026/5232051.xlsx,58065,cabde777f54f0b13c41d3329fcd71e1a00116e5e2ead2b95cdfb2b7e56dd4cdc,2026-10-03,ABS website content is under Creative Commons Attribution 4.0 International (excluding logos/Coat of Arms/third-party material); attribution to ABS required,quarterly series: span of all quarters in the file; each quarter is a row in the extraction. 
7,"Australian National Accounts: Finance and Wealth, June 2026",2026-09-24,2006-04-01,2006-06-30,2006-06-30,5232051.xlsx,https://www.abs.gov.au/statistics/economy/national-accounts/australian-national-accounts-finance-and-wealth/jun-2026/5232051.xlsx,58065,cabde777f54f0b13c41d3329fcd71e1a00116e5e2ead2b95cdfb2b7e56dd4cdc,2026-10-03,ABS website content is under Creative Commons Attribution 4.0 International (excluding logos/Coat of Arms/third-party material); attribution to ABS required,quarterly series: span of all quarters in the file; each quarter is a row in the extraction. 
7,"Australian National Accounts: Finance and Wealth, June 2026",2026-09-24,2006-07-01,2006-09-30,2006-09-30,5232051.xlsx,https://www.abs.gov.au/statistics/economy/national-accounts/australian-national-accounts-finance-and-wealth/jun-2026/5232051.xlsx,58065,cabde777f54f0b13c41d3329fcd71e1a00116e5e2ead2b95cdfb2b7e56dd4cdc,2026-10-03,ABS website content is under Creative Commons Attribution 4.0 International (excluding logos/Coat of Arms/third-party material); attribution to ABS required,quarterly series: span of all quarters in the file; each quarter is a row in the extraction. 
7,"Australian National Accounts: Finance and Wealth, June 2026",2026-09-24,2006-10-01,2006-12-31,2006-12-31,5232051.xlsx,https://www.abs.gov.au/statistics/economy/national-accounts/australian-national-accounts-finance-and-wealth/jun-2026/5232051.xlsx,58065,cabde777f54f0b13c41d3329fcd71e1a00116e5e2ead2b95cdfb2b7e56dd4cdc,2026-10-03,ABS website content is under Creative Commons Attribution 4.0 International (excluding logos/Coat of Arms/third-party material); attribution to ABS required,quarterly series: span of all quarters in the file; each quarter is a row in the extraction. 
7,"Australian National Accounts: Finance and Wealth, June 2026",2026-09-24,2007-01-01,2007-03-31,2007-03-31,5232051.xlsx,https://www.abs.gov.au/statistics/economy/national-accounts/australian-national-accounts-finance-and-wealth/jun-2026/5232051.xlsx,58065,cabde777f54f0b13c41d3329fcd71e1a00116e5e2ead2b95cdfb2b7e56dd4cdc,2026-10-03,ABS website content is under Creative Commons Attribution 4.0 International (excluding logos/Coat of Arms/third-party material); attribution to ABS required,quarterly series: span of all quarters in the file; each quarter is a row in the extraction. 
7,"Australian National Accounts: Finance and Wealth, June 2026",2026-09-24,2007-04-01,2007-06-30,2007-06-30,5232051.xlsx,https://www.abs.gov.au/statistics/economy/national-accounts/australian-national-accounts-finance-and-wealth/jun-2026/5232051.xlsx,58065,cabde777f54f0b13c41d3329fcd71e1a00116e5e2ead2b95cdfb2b7e56dd4cdc,2026-10-03,ABS website content is under Creative Commons Attribution 4.0 International (excluding logos/Coat of Arms/third-party material); attribution to ABS required,quarterly series: span of all quarters in the file; each quarter is a row in the extraction. 
7,"Australian National Accounts: Finance and Wealth, June 2026",2026-09-24,2007-07-01,2007-09-30,2007-09-30,5232051.xlsx,https://www.abs.gov.au/statistics/economy/national-accounts/australian-national-accounts-finance-and-wealth/jun-2026/5232051.xlsx,58065,cabde777f54f0b13c41d3329fcd71e1a00116e5e2ead2b95cdfb2b7e56dd4cdc,2026-10-03,ABS website content is under Creative Commons Attribution 4.0 International (excluding logos/Coat of Arms/third-party material); attribution to ABS required,quarterly series: span of all quarters in the file; each quarter is a row in the extraction. 
7,"Australian National Accounts: Finance and Wealth, June 2026",2026-09-24,2007-10-01,2007-12-31,2007-12-31,5232051.xlsx,https://www.abs.gov.au/statistics/economy/national-accounts/australian-national-accounts-finance-and-wealth/jun-2026/5232051.xlsx,58065,cabde777f54f0b13c41d3329fcd71e1a00116e5e2ead2b95cdfb2b7e56dd4cdc,2026-10-03,ABS website content is under Creative Commons Attribution 4.0 International (excluding logos/Coat of Arms/third-party material); attribution to ABS required,quarterly series: span of all quarters in the file; each quarter is a row in the extraction. 
7,"Australian National Accounts: Finance and Wealth, June 2026",2026-09-24,2008-01-01,2008-03-31,2008-03-31,5232051.xlsx,https://www.abs.gov.au/statistics/economy/national-accounts/australian-national-accounts-finance-and-wealth/jun-2026/5232051.xlsx,58065,cabde777f54f0b13c41d3329fcd71e1a00116e5e2ead2b95cdfb2b7e56dd4cdc,2026-10-03,ABS website content is under Creative Commons Attribution 4.0 International (excluding logos/Coat of Arms/third-party material); attribution to ABS required,quarterly series: span of all quarters in the file; each quarter is a row in the extraction. 
7,"Australian National Accounts: Finance and Wealth, June 2026",2026-09-24,2008-04-01,2008-06-30,2008-06-30,5232051.xlsx,https://www.abs.gov.au/statistics/economy/national-accounts/australian-national-accounts-finance-and-wealth/jun-2026/5232051.xlsx,58065,cabde777f54f0b13c41d3329fcd71e1a00116e5e2ead2b95cdfb2b7e56dd4cdc,2026-10-03,ABS website content is under Creative Commons Attribution 4.0 International (excluding logos/Coat of Arms/third-party material); attribution to ABS required,quarterly series: span of all quarters in the file; each quarter is a row in the extraction. 
7,"Australian National Accounts: Finance and Wealth, June 2026",2026-09-24,2008-07-01,2008-09-30,2008-09-30,5232051.xlsx,https://www.abs.gov.au/statistics/economy/national-accounts/australian-national-accounts-finance-and-wealth/jun-2026/5232051.xlsx,58065,cabde777f54f0b13c41d3329fcd71e1a00116e5e2ead2b95cdfb2b7e56dd4cdc,2026-10-03,ABS website content is under Creative Commons Attribution 4.0 International (excluding logos/Coat of Arms/third-party material); attribution to ABS required,quarterly series: span of all quarters in the file; each quarter is a row in the extraction. 
7,"Australian National Accounts: Finance and Wealth, June 2026",2026-09-24,2008-10-01,2008-12-31,2008-12-31,5232051.xlsx,https://www.abs.gov.au/statistics/economy/national-accounts/australian-national-accounts-finance-and-wealth/jun-2026/5232051.xlsx,58065,cabde777f54f0b13c41d3329fcd71e1a00116e5e2ead2b95cdfb2b7e56dd4cdc,2026-10-03,ABS website content is under Creative Commons Attribution 4.0 International (excluding logos/Coat of Arms/third-party material); attribution to ABS required,quarterly series: span of all quarters in the file; each quarter is a row in the extraction. 
7,"Australian National Accounts: Finance and Wealth, June 2026",2026-09-24,2009-01-01,2009-03-31,2009-03-31,5232051.xlsx,https://www.abs.gov.au/statistics/economy/national-accounts/australian-national-accounts-finance-and-wealth/jun-2026/5232051.xlsx,58065,cabde777f54f0b13c41d3329fcd71e1a00116e5e2ead2b95cdfb2b7e56dd4cdc,2026-10-03,ABS website content is under Creative Commons Attribution 4.0 International (excluding logos/Coat of Arms/third-party material); attribution to ABS required,quarterly series: span of all quarters in the file; each quarter is a row in the extraction. 
7,"Australian National Accounts: Finance and Wealth, June 2026",2026-09-24,2009-04-01,2009-06-30,2009-06-30,5232051.xlsx,https://www.abs.gov.au/statistics/economy/national-accounts/australian-national-accounts-finance-and-wealth/jun-2026/5232051.xlsx,58065,cabde777f54f0b13c41d3329fcd71e1a00116e5e2ead2b95cdfb2b7e56dd4cdc,2026-10-03,ABS website content is under Creative Commons Attribution 4.0 International (excluding logos/Coat of Arms/third-party material); attribution to ABS required,quarterly series: span of all quarters in the file; each quarter is a row in the extraction. 
7,"Australian National Accounts: Finance and Wealth, June 2026",2026-09-24,2009-07-01,2009-09-30,2009-09-30,5232051.xlsx,https://www.abs.gov.au/statistics/economy/national-accounts/australian-national-accounts-finance-and-wealth/jun-2026/5232051.xlsx,58065,cabde777f54f0b13c41d3329fcd71e1a00116e5e2ead2b95cdfb2b7e56dd4cdc,2026-10-03,ABS website content is under Creative Commons Attribution 4.0 International (excluding logos/Coat of Arms/third-party material); attribution to ABS required,quarterly series: span of all quarters in the file; each quarter is a row in the extraction. 
7,"Australian National Accounts: Finance and Wealth, June 2026",2026-09-24,2009-10-01,2009-12-31,2009-12-31,5232051.xlsx,https://www.abs.gov.au/statistics/economy/national-accounts/australian-national-accounts-finance-and-wealth/jun-2026/5232051.xlsx,58065,cabde777f54f0b13c41d3329fcd71e1a00116e5e2ead2b95cdfb2b7e56dd4cdc,2026-10-03,ABS website content is under Creative Commons Attribution 4.0 International (excluding logos/Coat of Arms/third-party material); attribution to ABS required,quarterly series: span of all quarters in the file; each quarter is a row in the extraction. 
7,"Australian National Accounts: Finance and Wealth, June 2026",2026-09-24,2010-01-01,2010-03-31,2010-03-31,5232051.xlsx,https://www.abs.gov.au/statistics/economy/national-accounts/australian-national-accounts-finance-and-wealth/jun-2026/5232051.xlsx,58065,cabde777f54f0b13c41d3329fcd71e1a00116e5e2ead2b95cdfb2b7e56dd4cdc,2026-10-03,ABS website content is under Creative Commons Attribution 4.0 International (excluding logos/Coat of Arms/third-party material); attribution to ABS required,quarterly series: span of all quarters in the file; each quarter is a row in the extraction. 
7,"Australian National Accounts: Finance and Wealth, June 2026",2026-09-24,2010-04-01,2010-06-30,2010-06-30,5232051.xlsx,https://www.abs.gov.au/statistics/economy/national-accounts/australian-national-accounts-finance-and-wealth/jun-2026/5232051.xlsx,58065,cabde777f54f0b13c41d3329fcd71e1a00116e5e2ead2b95cdfb2b7e56dd4cdc,2026-10-03,ABS website content is under Creative Commons Attribution 4.0 International (excluding logos/Coat of Arms/third-party material); attribution to ABS required,quarterly series: span of all quarters in the file; each quarter is a row in the extraction. 
7,"Australian National Accounts: Finance and Wealth, June 2026",2026-09-24,2010-07-01,2010-09-30,2010-09-30,5232051.xlsx,https://www.abs.gov.au/statistics/economy/national-accounts/australian-national-accounts-finance-and-wealth/jun-2026/5232051.xlsx,58065,cabde777f54f0b13c41d3329fcd71e1a00116e5e2ead2b95cdfb2b7e56dd4cdc,2026-10-03,ABS website content is under Creative Commons Attribution 4.0 International (excluding logos/Coat of Arms/third-party material); attribution to ABS required,quarterly series: span of all quarters in the file; each quarter is a row in the extraction. 
7,"Australian National Accounts: Finance and Wealth, June 2026",2026-09-24,2010-10-01,2010-12-31,2010-12-31,5232051.xlsx,https://www.abs.gov.au/statistics/economy/national-accounts/australian-national-accounts-finance-and-wealth/jun-2026/5232051.xlsx,58065,cabde777f54f0b13c41d3329fcd71e1a00116e5e2ead2b95cdfb2b7e56dd4cdc,2026-10-03,ABS website content is under Creative Commons Attribution 4.0 International (excluding logos/Coat of Arms/third-party material); attribution to ABS required,quarterly series: span of all quarters in the file; each quarter is a row in the extraction. 
7,"Australian National Accounts: Finance and Wealth, June 2026",2026-09-24,2011-01-01,2011-03-31,2011-03-31,5232051.xlsx,https://www.abs.gov.au/statistics/economy/national-accounts/australian-national-accounts-finance-and-wealth/jun-2026/5232051.xlsx,58065,cabde777f54f0b13c41d3329fcd71e1a00116e5e2ead2b95cdfb2b7e56dd4cdc,2026-10-03,ABS website content is under Creative Commons Attribution 4.0 International (excluding logos/Coat of Arms/third-party material); attribution to ABS required,quarterly series: span of all quarters in the file; each quarter is a row in the extraction. 
7,"Australian National Accounts: Finance and Wealth, June 2026",2026-09-24,2011-04-01,2011-06-30,2011-06-30,5232051.xlsx,https://www.abs.gov.au/statistics/economy/national-accounts/australian-national-accounts-finance-and-wealth/jun-2026/5232051.xlsx,58065,cabde777f54f0b13c41d3329fcd71e1a00116e5e2ead2b95cdfb2b7e56dd4cdc,2026-10-03,ABS website content is under Creative Commons Attribution 4.0 International (excluding logos/Coat of Arms/third-party material); attribution to ABS required,quarterly series: span of all quarters in the file; each quarter is a row in the extraction. 
7,"Australian National Accounts: Finance and Wealth, June 2026",2026-09-24,2011-07-01,2011-09-30,2011-09-30,5232051.xlsx,https://www.abs.gov.au/statistics/economy/national-accounts/australian-national-accounts-finance-and-wealth/jun-2026/5232051.xlsx,58065,cabde777f54f0b13c41d3329fcd71e1a00116e5e2ead2b95cdfb2b7e56dd4cdc,2026-10-03,ABS website content is under Creative Commons Attribution 4.0 International (excluding logos/Coat of Arms/third-party material); attribution to ABS required,quarterly series: span of all quarters in the file; each quarter is a row in the extraction. 
7,"Australian National Accounts: Finance and Wealth, June 2026",2026-09-24,2011-10-01,2011-12-31,2011-12-31,5232051.xlsx,https://www.abs.gov.au/statistics/economy/national-accounts/australian-national-accounts-finance-and-wealth/jun-2026/5232051.xlsx,58065,cabde777f54f0b13c41d3329fcd71e1a00116e5e2ead2b95cdfb2b7e56dd4cdc,2026-10-03,ABS website content is under Creative Commons Attribution 4.0 International (excluding logos/Coat of Arms/third-party material); attribution to ABS required,quarterly series: span of all quarters in the file; each quarter is a row in the extraction. 
7,"Australian National Accounts: Finance and Wealth, June 2026",2026-09-24,2012-01-01,2012-03-31,2012-03-31,5232051.xlsx,https://www.abs.gov.au/statistics/economy/national-accounts/australian-national-accounts-finance-and-wealth/jun-2026/5232051.xlsx,58065,cabde777f54f0b13c41d3329fcd71e1a00116e5e2ead2b95cdfb2b7e56dd4cdc,2026-10-03,ABS website content is under Creative Commons Attribution 4.0 International (excluding logos/Coat of Arms/third-party material); attribution to ABS required,quarterly series: span of all quarters in the file; each quarter is a row in the extraction. 
7,"Australian National Accounts: Finance and Wealth, June 2026",2026-09-24,2012-04-01,2012-06-30,2012-06-30,5232051.xlsx,https://www.abs.gov.au/statistics/economy/national-accounts/australian-national-accounts-finance-and-wealth/jun-2026/5232051.xlsx,58065,cabde777f54f0b13c41d3329fcd71e1a00116e5e2ead2b95cdfb2b7e56dd4cdc,2026-10-03,ABS website content is under Creative Commons Attribution 4.0 International (excluding logos/Coat of Arms/third-party material); attribution to ABS required,quarterly series: span of all quarters in the file; each quarter is a row in the extraction. 
7,"Australian National Accounts: Finance and Wealth, June 2026",2026-09-24,2012-07-01,2012-09-30,2012-09-30,5232051.xlsx,https://www.abs.gov.au/statistics/economy/national-accounts/australian-national-accounts-finance-and-wealth/jun-2026/5232051.xlsx,58065,cabde777f54f0b13c41d3329fcd71e1a00116e5e2ead2b95cdfb2b7e56dd4cdc,2026-10-03,ABS website content is under Creative Commons Attribution 4.0 International (excluding logos/Coat of Arms/third-party material); attribution to ABS required,quarterly series: span of all quarters in the file; each quarter is a row in the extraction. 
7,"Australian National Accounts: Finance and Wealth, June 2026",2026-09-24,2012-10-01,2012-12-31,2012-12-31,5232051.xlsx,https://www.abs.gov.au/statistics/economy/national-accounts/australian-national-accounts-finance-and-wealth/jun-2026/5232051.xlsx,58065,cabde777f54f0b13c41d3329fcd71e1a00116e5e2ead2b95cdfb2b7e56dd4cdc,2026-10-03,ABS website content is under Creative Commons Attribution 4.0 International (excluding logos/Coat of Arms/third-party material); attribution to ABS required,quarterly series: span of all quarters in the file; each quarter is a row in the extraction. 
7,"Australian National Accounts: Finance and Wealth, June 2026",2026-09-24,2013-01-01,2013-03-31,2013-03-31,5232051.xlsx,https://www.abs.gov.au/statistics/economy/national-accounts/australian-national-accounts-finance-and-wealth/jun-2026/5232051.xlsx,58065,cabde777f54f0b13c41d3329fcd71e1a00116e5e2ead2b95cdfb2b7e56dd4cdc,2026-10-03,ABS website content is under Creative Commons Attribution 4.0 International (excluding logos/Coat of Arms/third-party material); attribution to ABS required,quarterly series: span of all quarters in the file; each quarter is a row in the extraction. 
7,"Australian National Accounts: Finance and Wealth, June 2026",2026-09-24,2013-04-01,2013-06-30,2013-06-30,5232051.xlsx,https://www.abs.gov.au/statistics/economy/national-accounts/australian-national-accounts-finance-and-wealth/jun-2026/5232051.xlsx,58065,cabde777f54f0b13c41d3329fcd71e1a00116e5e2ead2b95cdfb2b7e56dd4cdc,2026-10-03,ABS website content is under Creative Commons Attribution 4.0 International (excluding logos/Coat of Arms/third-party material); attribution to ABS required,quarterly series: span of all quarters in the file; each quarter is a row in the extraction. 
7,"Australian National Accounts: Finance and Wealth, June 2026",2026-09-24,2013-07-01,2013-09-30,2013-09-30,5232051.xlsx,https://www.abs.gov.au/statistics/economy/national-accounts/australian-national-accounts-finance-and-wealth/jun-2026/5232051.xlsx,58065,cabde777f54f0b13c41d3329fcd71e1a00116e5e2ead2b95cdfb2b7e56dd4cdc,2026-10-03,ABS website content is under Creative Commons Attribution 4.0 International (excluding logos/Coat of Arms/third-party material); attribution to ABS required,quarterly series: span of all quarters in the file; each quarter is a row in the extraction. 
7,"Australian National Accounts: Finance and Wealth, June 2026",2026-09-24,2013-10-01,2013-12-31,2013-12-31,5232051.xlsx,https://www.abs.gov.au/statistics/economy/national-accounts/australian-national-accounts-finance-and-wealth/jun-2026/5232051.xlsx,58065,cabde777f54f0b13c41d3329fcd71e1a00116e5e2ead2b95cdfb2b7e56dd4cdc,2026-10-03,ABS website content is under Creative Commons Attribution 4.0 International (excluding logos/Coat of Arms/third-party material); attribution to ABS required,quarterly series: span of all quarters in the file; each quarter is a row in the extraction. 
7,"Australian National Accounts: Finance and Wealth, June 2026",2026-09-24,2014-01-01,2014-03-31,2014-03-31,5232051.xlsx,https://www.abs.gov.au/statistics/economy/national-accounts/australian-national-accounts-finance-and-wealth/jun-2026/5232051.xlsx,58065,cabde777f54f0b13c41d3329fcd71e1a00116e5e2ead2b95cdfb2b7e56dd4cdc,2026-10-03,ABS website content is under Creative Commons Attribution 4.0 International (excluding logos/Coat of Arms/third-party material); attribution to ABS required,quarterly series: span of all quarters in the file; each quarter is a row in the extraction. 
7,"Australian National Accounts: Finance and Wealth, June 2026",2026-09-24,2014-04-01,2014-06-30,2014-06-30,5232051.xlsx,https://www.abs.gov.au/statistics/economy/national-accounts/australian-national-accounts-finance-and-wealth/jun-2026/5232051.xlsx,58065,cabde777f54f0b13c41d3329fcd71e1a00116e5e2ead2b95cdfb2b7e56dd4cdc,2026-10-03,ABS website content is under Creative Commons Attribution 4.0 International (excluding logos/Coat of Arms/third-party material); attribution to ABS required,quarterly series: span of all quarters in the file; each quarter is a row in the extraction. 
7,"Australian National Accounts: Finance and Wealth, June 2026",2026-09-24,2014-07-01,2014-09-30,2014-09-30,5232051.xlsx,https://www.abs.gov.au/statistics/economy/national-accounts/australian-national-accounts-finance-and-wealth/jun-2026/5232051.xlsx,58065,cabde777f54f0b13c41d3329fcd71e1a00116e5e2ead2b95cdfb2b7e56dd4cdc,2026-10-03,ABS website content is under Creative Commons Attribution 4.0 International (excluding logos/Coat of Arms/third-party material); attribution to ABS required,quarterly series: span of all quarters in the file; each quarter is a row in the extraction. 
7,"Australian National Accounts: Finance and Wealth, June 2026",2026-09-24,2014-10-01,2014-12-31,2014-12-31,5232051.xlsx,https://www.abs.gov.au/statistics/economy/national-accounts/australian-national-accounts-finance-and-wealth/jun-2026/5232051.xlsx,58065,cabde777f54f0b13c41d3329fcd71e1a00116e5e2ead2b95cdfb2b7e56dd4cdc,2026-10-03,ABS website content is under Creative Commons Attribution 4.0 International (excluding logos/Coat of Arms/third-party material); attribution to ABS required,quarterly series: span of all quarters in the file; each quarter is a row in the extraction. 
7,"Australian National Accounts: Finance and Wealth, June 2026",2026-09-24,2015-01-01,2015-03-31,2015-03-31,5232051.xlsx,https://www.abs.gov.au/statistics/economy/national-accounts/australian-national-accounts-finance-and-wealth/jun-2026/5232051.xlsx,58065,cabde777f54f0b13c41d3329fcd71e1a00116e5e2ead2b95cdfb2b7e56dd4cdc,2026-10-03,ABS website content is under Creative Commons Attribution 4.0 International (excluding logos/Coat of Arms/third-party material); attribution to ABS required,quarterly series: span of all quarters in the file; each quarter is a row in the extraction. 
7,"Australian National Accounts: Finance and Wealth, June 2026",2026-09-24,2015-04-01,2015-06-30,2015-06-30,5232051.xlsx,https://www.abs.gov.au/statistics/economy/national-accounts/australian-national-accounts-finance-and-wealth/jun-2026/5232051.xlsx,58065,cabde777f54f0b13c41d3329fcd71e1a00116e5e2ead2b95cdfb2b7e56dd4cdc,2026-10-03,ABS website content is under Creative Commons Attribution 4.0 International (excluding logos/Coat of Arms/third-party material); attribution to ABS required,quarterly series: span of all quarters in the file; each quarter is a row in the extraction. 
7,"Australian National Accounts: Finance and Wealth, June 2026",2026-09-24,2015-07-01,2015-09-30,2015-09-30,5232051.xlsx,https://www.abs.gov.au/statistics/economy/national-accounts/australian-national-accounts-finance-and-wealth/jun-2026/5232051.xlsx,58065,cabde777f54f0b13c41d3329fcd71e1a00116e5e2ead2b95cdfb2b7e56dd4cdc,2026-10-03,ABS website content is under Creative Commons Attribution 4.0 International (excluding logos/Coat of Arms/third-party material); attribution to ABS required,quarterly series: span of all quarters in the file; each quarter is a row in the extraction. 
7,"Australian National Accounts: Finance and Wealth, June 2026",2026-09-24,2015-10-01,2015-12-31,2015-12-31,5232051.xlsx,https://www.abs.gov.au/statistics/economy/national-accounts/australian-national-accounts-finance-and-wealth/jun-2026/5232051.xlsx,58065,cabde777f54f0b13c41d3329fcd71e1a00116e5e2ead2b95cdfb2b7e56dd4cdc,2026-10-03,ABS website content is under Creative Commons Attribution 4.0 International (excluding logos/Coat of Arms/third-party material); attribution to ABS required,quarterly series: span of all quarters in the file; each quarter is a row in the extraction. 
7,"Australian National Accounts: Finance and Wealth, June 2026",2026-09-24,2016-01-01,2016-03-31,2016-03-31,5232051.xlsx,https://www.abs.gov.au/statistics/economy/national-accounts/australian-national-accounts-finance-and-wealth/jun-2026/5232051.xlsx,58065,cabde777f54f0b13c41d3329fcd71e1a00116e5e2ead2b95cdfb2b7e56dd4cdc,2026-10-03,ABS website content is under Creative Commons Attribution 4.0 International (excluding logos/Coat of Arms/third-party material); attribution to ABS required,quarterly series: span of all quarters in the file; each quarter is a row in the extraction. 
7,"Australian National Accounts: Finance and Wealth, June 2026",2026-09-24,2016-04-01,2016-06-30,2016-06-30,5232051.xlsx,https://www.abs.gov.au/statistics/economy/national-accounts/australian-national-accounts-finance-and-wealth/jun-2026/5232051.xlsx,58065,cabde777f54f0b13c41d3329fcd71e1a00116e5e2ead2b95cdfb2b7e56dd4cdc,2026-10-03,ABS website content is under Creative Commons Attribution 4.0 International (excluding logos/Coat of Arms/third-party material); attribution to ABS required,quarterly series: span of all quarters in the file; each quarter is a row in the extraction. 
7,"Australian National Accounts: Finance and Wealth, June 2026",2026-09-24,2016-07-01,2016-09-30,2016-09-30,5232051.xlsx,https://www.abs.gov.au/statistics/economy/national-accounts/australian-national-accounts-finance-and-wealth/jun-2026/5232051.xlsx,58065,cabde777f54f0b13c41d3329fcd71e1a00116e5e2ead2b95cdfb2b7e56dd4cdc,2026-10-03,ABS website content is under Creative Commons Attribution 4.0 International (excluding logos/Coat of Arms/third-party material); attribution to ABS required,quarterly series: span of all quarters in the file; each quarter is a row in the extraction. 
7,"Australian National Accounts: Finance and Wealth, June 2026",2026-09-24,2016-10-01,2016-12-31,2016-12-31,5232051.xlsx,https://www.abs.gov.au/statistics/economy/national-accounts/australian-national-accounts-finance-and-wealth/jun-2026/5232051.xlsx,58065,cabde777f54f0b13c41d3329fcd71e1a00116e5e2ead2b95cdfb2b7e56dd4cdc,2026-10-03,ABS website content is under Creative Commons Attribution 4.0 International (excluding logos/Coat of Arms/third-party material); attribution to ABS required,quarterly series: span of all quarters in the file; each quarter is a row in the extraction. 
7,"Australian National Accounts: Finance and Wealth, June 2026",2026-09-24,2017-01-01,2017-03-31,2017-03-31,5232051.xlsx,https://www.abs.gov.au/statistics/economy/national-accounts/australian-national-accounts-finance-and-wealth/jun-2026/5232051.xlsx,58065,cabde777f54f0b13c41d3329fcd71e1a00116e5e2ead2b95cdfb2b7e56dd4cdc,2026-10-03,ABS website content is under Creative Commons Attribution 4.0 International (excluding logos/Coat of Arms/third-party material); attribution to ABS required,quarterly series: span of all quarters in the file; each quarter is a row in the extraction. 
7,"Australian National Accounts: Finance and Wealth, June 2026",2026-09-24,2017-04-01,2017-06-30,2017-06-30,5232051.xlsx,https://www.abs.gov.au/statistics/economy/national-accounts/australian-national-accounts-finance-and-wealth/jun-2026/5232051.xlsx,58065,cabde777f54f0b13c41d3329fcd71e1a00116e5e2ead2b95cdfb2b7e56dd4cdc,2026-10-03,ABS website content is under Creative Commons Attribution 4.0 International (excluding logos/Coat of Arms/third-party material); attribution to ABS required,quarterly series: span of all quarters in the file; each quarter is a row in the extraction. 
7,"Australian National Accounts: Finance and Wealth, June 2026",2026-09-24,2017-07-01,2017-09-30,2017-09-30,5232051.xlsx,https://www.abs.gov.au/statistics/economy/national-accounts/australian-national-accounts-finance-and-wealth/jun-2026/5232051.xlsx,58065,cabde777f54f0b13c41d3329fcd71e1a00116e5e2ead2b95cdfb2b7e56dd4cdc,2026-10-03,ABS website content is under Creative Commons Attribution 4.0 International (excluding logos/Coat of Arms/third-party material); attribution to ABS required,quarterly series: span of all quarters in the file; each quarter is a row in the extraction. 
7,"Australian National Accounts: Finance and Wealth, June 2026",2026-09-24,2017-10-01,2017-12-31,2017-12-31,5232051.xlsx,https://www.abs.gov.au/statistics/economy/national-accounts/australian-national-accounts-finance-and-wealth/jun-2026/5232051.xlsx,58065,cabde777f54f0b13c41d3329fcd71e1a00116e5e2ead2b95cdfb2b7e56dd4cdc,2026-10-03,ABS website content is under Creative Commons Attribution 4.0 International (excluding logos/Coat of Arms/third-party material); attribution to ABS required,quarterly series: span of all quarters in the file; each quarter is a row in the extraction. 
7,"Australian National Accounts: Finance and Wealth, June 2026",2026-09-24,2018-01-01,2018-03-31,2018-03-31,5232051.xlsx,https://www.abs.gov.au/statistics/economy/national-accounts/australian-national-accounts-finance-and-wealth/jun-2026/5232051.xlsx,58065,cabde777f54f0b13c41d3329fcd71e1a00116e5e2ead2b95cdfb2b7e56dd4cdc,2026-10-03,ABS website content is under Creative Commons Attribution 4.0 International (excluding logos/Coat of Arms/third-party material); attribution to ABS required,quarterly series: span of all quarters in the file; each quarter is a row in the extraction. 
7,"Australian National Accounts: Finance and Wealth, June 2026",2026-09-24,2018-04-01,2018-06-30,2018-06-30,5232051.xlsx,https://www.abs.gov.au/statistics/economy/national-accounts/australian-national-accounts-finance-and-wealth/jun-2026/5232051.xlsx,58065,cabde777f54f0b13c41d3329fcd71e1a00116e5e2ead2b95cdfb2b7e56dd4cdc,2026-10-03,ABS website content is under Creative Commons Attribution 4.0 International (excluding logos/Coat of Arms/third-party material); attribution to ABS required,quarterly series: span of all quarters in the file; each quarter is a row in the extraction. 
7,"Australian National Accounts: Finance and Wealth, June 2026",2026-09-24,2018-07-01,2018-09-30,2018-09-30,5232051.xlsx,https://www.abs.gov.au/statistics/economy/national-accounts/australian-national-accounts-finance-and-wealth/jun-2026/5232051.xlsx,58065,cabde777f54f0b13c41d3329fcd71e1a00116e5e2ead2b95cdfb2b7e56dd4cdc,2026-10-03,ABS website content is under Creative Commons Attribution 4.0 International (excluding logos/Coat of Arms/third-party material); attribution to ABS required,quarterly series: span of all quarters in the file; each quarter is a row in the extraction. 
7,"Australian National Accounts: Finance and Wealth, June 2026",2026-09-24,2018-10-01,2018-12-31,2018-12-31,5232051.xlsx,https://www.abs.gov.au/statistics/economy/national-accounts/australian-national-accounts-finance-and-wealth/jun-2026/5232051.xlsx,58065,cabde777f54f0b13c41d3329fcd71e1a00116e5e2ead2b95cdfb2b7e56dd4cdc,2026-10-03,ABS website content is under Creative Commons Attribution 4.0 International (excluding logos/Coat of Arms/third-party material); attribution to ABS required,quarterly series: span of all quarters in the file; each quarter is a row in the extraction. 
7,"Australian National Accounts: Finance and Wealth, June 2026",2026-09-24,2019-01-01,2019-03-31,2019-03-31,5232051.xlsx,https://www.abs.gov.au/statistics/economy/national-accounts/australian-national-accounts-finance-and-wealth/jun-2026/5232051.xlsx,58065,cabde777f54f0b13c41d3329fcd71e1a00116e5e2ead2b95cdfb2b7e56dd4cdc,2026-10-03,ABS website content is under Creative Commons Attribution 4.0 International (excluding logos/Coat of Arms/third-party material); attribution to ABS required,quarterly series: span of all quarters in the file; each quarter is a row in the extraction. 
7,"Australian National Accounts: Finance and Wealth, June 2026",2026-09-24,2019-04-01,2019-06-30,2019-06-30,5232051.xlsx,https://www.abs.gov.au/statistics/economy/national-accounts/australian-national-accounts-finance-and-wealth/jun-2026/5232051.xlsx,58065,cabde777f54f0b13c41d3329fcd71e1a00116e5e2ead2b95cdfb2b7e56dd4cdc,2026-10-03,ABS website content is under Creative Commons Attribution 4.0 International (excluding logos/Coat of Arms/third-party material); attribution to ABS required,quarterly series: span of all quarters in the file; each quarter is a row in the extraction. 
7,"Australian National Accounts: Finance and Wealth, June 2026",2026-09-24,2019-07-01,2019-09-30,2019-09-30,5232051.xlsx,https://www.abs.gov.au/statistics/economy/national-accounts/australian-national-accounts-finance-and-wealth/jun-2026/5232051.xlsx,58065,cabde777f54f0b13c41d3329fcd71e1a00116e5e2ead2b95cdfb2b7e56dd4cdc,2026-10-03,ABS website content is under Creative Commons Attribution 4.0 International (excluding logos/Coat of Arms/third-party material); attribution to ABS required,quarterly series: span of all quarters in the file; each quarter is a row in the extraction. 
7,"Australian National Accounts: Finance and Wealth, June 2026",2026-09-24,2019-10-01,2019-12-31,2019-12-31,5232051.xlsx,https://www.abs.gov.au/statistics/economy/national-accounts/australian-national-accounts-finance-and-wealth/jun-2026/5232051.xlsx,58065,cabde777f54f0b13c41d3329fcd71e1a00116e5e2ead2b95cdfb2b7e56dd4cdc,2026-10-03,ABS website content is under Creative Commons Attribution 4.0 International (excluding logos/Coat of Arms/third-party material); attribution to ABS required,quarterly series: span of all quarters in the file; each quarter is a row in the extraction. 
7,"Australian National Accounts: Finance and Wealth, June 2026",2026-09-24,2020-01-01,2020-03-31,2020-03-31,5232051.xlsx,https://www.abs.gov.au/statistics/economy/national-accounts/australian-national-accounts-finance-and-wealth/jun-2026/5232051.xlsx,58065,cabde777f54f0b13c41d3329fcd71e1a00116e5e2ead2b95cdfb2b7e56dd4cdc,2026-10-03,ABS website content is under Creative Commons Attribution 4.0 International (excluding logos/Coat of Arms/third-party material); attribution to ABS required,quarterly series: span of all quarters in the file; each quarter is a row in the extraction. 
7,"Australian National Accounts: Finance and Wealth, June 2026",2026-09-24,2020-04-01,2020-06-30,2020-06-30,5232051.xlsx,https://www.abs.gov.au/statistics/economy/national-accounts/australian-national-accounts-finance-and-wealth/jun-2026/5232051.xlsx,58065,cabde777f54f0b13c41d3329fcd71e1a00116e5e2ead2b95cdfb2b7e56dd4cdc,2026-10-03,ABS website content is under Creative Commons Attribution 4.0 International (excluding logos/Coat of Arms/third-party material); attribution to ABS required,quarterly series: span of all quarters in the file; each quarter is a row in the extraction. 
7,"Australian National Accounts: Finance and Wealth, June 2026",2026-09-24,2020-07-01,2020-09-30,2020-09-30,5232051.xlsx,https://www.abs.gov.au/statistics/economy/national-accounts/australian-national-accounts-finance-and-wealth/jun-2026/5232051.xlsx,58065,cabde777f54f0b13c41d3329fcd71e1a00116e5e2ead2b95cdfb2b7e56dd4cdc,2026-10-03,ABS website content is under Creative Commons Attribution 4.0 International (excluding logos/Coat of Arms/third-party material); attribution to ABS required,quarterly series: span of all quarters in the file; each quarter is a row in the extraction. 
7,"Australian National Accounts: Finance and Wealth, June 2026",2026-09-24,2020-10-01,2020-12-31,2020-12-31,5232051.xlsx,https://www.abs.gov.au/statistics/economy/national-accounts/australian-national-accounts-finance-and-wealth/jun-2026/5232051.xlsx,58065,cabde777f54f0b13c41d3329fcd71e1a00116e5e2ead2b95cdfb2b7e56dd4cdc,2026-10-03,ABS website content is under Creative Commons Attribution 4.0 International (excluding logos/Coat of Arms/third-party material); attribution to ABS required,quarterly series: span of all quarters in the file; each quarter is a row in the extraction. 
7,"Australian National Accounts: Finance and Wealth, June 2026",2026-09-24,2021-01-01,2021-03-31,2021-03-31,5232051.xlsx,https://www.abs.gov.au/statistics/economy/national-accounts/australian-national-accounts-finance-and-wealth/jun-2026/5232051.xlsx,58065,cabde777f54f0b13c41d3329fcd71e1a00116e5e2ead2b95cdfb2b7e56dd4cdc,2026-10-03,ABS website content is under Creative Commons Attribution 4.0 International (excluding logos/Coat of Arms/third-party material); attribution to ABS required,quarterly series: span of all quarters in the file; each quarter is a row in the extraction. 
7,"Australian National Accounts: Finance and Wealth, June 2026",2026-09-24,2021-04-01,2021-06-30,2021-06-30,5232051.xlsx,https://www.abs.gov.au/statistics/economy/national-accounts/australian-national-accounts-finance-and-wealth/jun-2026/5232051.xlsx,58065,cabde777f54f0b13c41d3329fcd71e1a00116e5e2ead2b95cdfb2b7e56dd4cdc,2026-10-03,ABS website content is under Creative Commons Attribution 4.0 International (excluding logos/Coat of Arms/third-party material); attribution to ABS required,quarterly series: span of all quarters in the file; each quarter is a row in the extraction. 
7,"Australian National Accounts: Finance and Wealth, June 2026",2026-09-24,2021-07-01,2021-09-30,2021-09-30,5232051.xlsx,https://www.abs.gov.au/statistics/economy/national-accounts/australian-national-accounts-finance-and-wealth/jun-2026/5232051.xlsx,58065,cabde777f54f0b13c41d3329fcd71e1a00116e5e2ead2b95cdfb2b7e56dd4cdc,2026-10-03,ABS website content is under Creative Commons Attribution 4.0 International (excluding logos/Coat of Arms/third-party material); attribution to ABS required,quarterly series: span of all quarters in the file; each quarter is a row in the extraction. 
7,"Australian National Accounts: Finance and Wealth, June 2026",2026-09-24,2021-10-01,2021-12-31,2021-12-31,5232051.xlsx,https://www.abs.gov.au/statistics/economy/national-accounts/australian-national-accounts-finance-and-wealth/jun-2026/5232051.xlsx,58065,cabde777f54f0b13c41d3329fcd71e1a00116e5e2ead2b95cdfb2b7e56dd4cdc,2026-10-03,ABS website content is under Creative Commons Attribution 4.0 International (excluding logos/Coat of Arms/third-party material); attribution to ABS required,quarterly series: span of all quarters in the file; each quarter is a row in the extraction. 
7,"Australian National Accounts: Finance and Wealth, June 2026",2026-09-24,2022-01-01,2022-03-31,2022-03-31,5232051.xlsx,https://www.abs.gov.au/statistics/economy/national-accounts/australian-national-accounts-finance-and-wealth/jun-2026/5232051.xlsx,58065,cabde777f54f0b13c41d3329fcd71e1a00116e5e2ead2b95cdfb2b7e56dd4cdc,2026-10-03,ABS website content is under Creative Commons Attribution 4.0 International (excluding logos/Coat of Arms/third-party material); attribution to ABS required,quarterly series: span of all quarters in the file; each quarter is a row in the extraction. 
7,"Australian National Accounts: Finance and Wealth, June 2026",2026-09-24,2022-04-01,2022-06-30,2022-06-30,5232051.xlsx,https://www.abs.gov.au/statistics/economy/national-accounts/australian-national-accounts-finance-and-wealth/jun-2026/5232051.xlsx,58065,cabde777f54f0b13c41d3329fcd71e1a00116e5e2ead2b95cdfb2b7e56dd4cdc,2026-10-03,ABS website content is under Creative Commons Attribution 4.0 International (excluding logos/Coat of Arms/third-party material); attribution to ABS required,quarterly series: span of all quarters in the file; each quarter is a row in the extraction. 
7,"Australian National Accounts: Finance and Wealth, June 2026",2026-09-24,2022-07-01,2022-09-30,2022-09-30,5232051.xlsx,https://www.abs.gov.au/statistics/economy/national-accounts/australian-national-accounts-finance-and-wealth/jun-2026/5232051.xlsx,58065,cabde777f54f0b13c41d3329fcd71e1a00116e5e2ead2b95cdfb2b7e56dd4cdc,2026-10-03,ABS website content is under Creative Commons Attribution 4.0 International (excluding logos/Coat of Arms/third-party material); attribution to ABS required,quarterly series: span of all quarters in the file; each quarter is a row in the extraction. 
7,"Australian National Accounts: Finance and Wealth, June 2026",2026-09-24,2022-10-01,2022-12-31,2022-12-31,5232051.xlsx,https://www.abs.gov.au/statistics/economy/national-accounts/australian-national-accounts-finance-and-wealth/jun-2026/5232051.xlsx,58065,cabde777f54f0b13c41d3329fcd71e1a00116e5e2ead2b95cdfb2b7e56dd4cdc,2026-10-03,ABS website content is under Creative Commons Attribution 4.0 International (excluding logos/Coat of Arms/third-party material); attribution to ABS required,quarterly series: span of all quarters in the file; each quarter is a row in the extraction. 
7,"Australian National Accounts: Finance and Wealth, June 2026",2026-09-24,2023-01-01,2023-03-31,2023-03-31,5232051.xlsx,https://www.abs.gov.au/statistics/economy/national-accounts/australian-national-accounts-finance-and-wealth/jun-2026/5232051.xlsx,58065,cabde777f54f0b13c41d3329fcd71e1a00116e5e2ead2b95cdfb2b7e56dd4cdc,2026-10-03,ABS website content is under Creative Commons Attribution 4.0 International (excluding logos/Coat of Arms/third-party material); attribution to ABS required,quarterly series: span of all quarters in the file; each quarter is a row in the extraction. 
7,"Australian National Accounts: Finance and Wealth, June 2026",2026-09-24,2023-04-01,2023-06-30,2023-06-30,5232051.xlsx,https://www.abs.gov.au/statistics/economy/national-accounts/australian-national-accounts-finance-and-wealth/jun-2026/5232051.xlsx,58065,cabde777f54f0b13c41d3329fcd71e1a00116e5e2ead2b95cdfb2b7e56dd4cdc,2026-10-03,ABS website content is under Creative Commons Attribution 4.0 International (excluding logos/Coat of Arms/third-party material); attribution to ABS required,quarterly series: span of all quarters in the file; each quarter is a row in the extraction. 
7,"Australian National Accounts: Finance and Wealth, June 2026",2026-09-24,2023-07-01,2023-09-30,2023-09-30,5232051.xlsx,https://www.abs.gov.au/statistics/economy/national-accounts/australian-national-accounts-finance-and-wealth/jun-2026/5232051.xlsx,58065,cabde777f54f0b13c41d3329fcd71e1a00116e5e2ead2b95cdfb2b7e56dd4cdc,2026-10-03,ABS website content is under Creative Commons Attribution 4.0 International (excluding logos/Coat of Arms/third-party material); attribution to ABS required,quarterly series: span of all quarters in the file; each quarter is a row in the extraction. 
7,"Australian National Accounts: Finance and Wealth, June 2026",2026-09-24,2023-10-01,2023-12-31,2023-12-31,5232051.xlsx,https://www.abs.gov.au/statistics/economy/national-accounts/australian-national-accounts-finance-and-wealth/jun-2026/5232051.xlsx,58065,cabde777f54f0b13c41d3329fcd71e1a00116e5e2ead2b95cdfb2b7e56dd4cdc,2026-10-03,ABS website content is under Creative Commons Attribution 4.0 International (excluding logos/Coat of Arms/third-party material); attribution to ABS required,quarterly series: span of all quarters in the file; each quarter is a row in the extraction. 
7,"Australian National Accounts: Finance and Wealth, June 2026",2026-09-24,2024-01-01,2024-03-31,2024-03-31,5232051.xlsx,https://www.abs.gov.au/statistics/economy/national-accounts/australian-national-accounts-finance-and-wealth/jun-2026/5232051.xlsx,58065,cabde777f54f0b13c41d3329fcd71e1a00116e5e2ead2b95cdfb2b7e56dd4cdc,2026-10-03,ABS website content is under Creative Commons Attribution 4.0 International (excluding logos/Coat of Arms/third-party material); attribution to ABS required,quarterly series: span of all quarters in the file; each quarter is a row in the extraction. 
7,"Australian National Accounts: Finance and Wealth, June 2026",2026-09-24,2024-04-01,2024-06-30,2024-06-30,5232051.xlsx,https://www.abs.gov.au/statistics/economy/national-accounts/australian-national-accounts-finance-and-wealth/jun-2026/5232051.xlsx,58065,cabde777f54f0b13c41d3329fcd71e1a00116e5e2ead2b95cdfb2b7e56dd4cdc,2026-10-03,ABS website content is under Creative Commons Attribution 4.0 International (excluding logos/Coat of Arms/third-party material); attribution to ABS required,quarterly series: span of all quarters in the file; each quarter is a row in the extraction. 
7,"Australian National Accounts: Finance and Wealth, June 2026",2026-09-24,2024-07-01,2024-09-30,2024-09-30,5232051.xlsx,https://www.abs.gov.au/statistics/economy/national-accounts/australian-national-accounts-finance-and-wealth/jun-2026/5232051.xlsx,58065,cabde777f54f0b13c41d3329fcd71e1a00116e5e2ead2b95cdfb2b7e56dd4cdc,2026-10-03,ABS website content is under Creative Commons Attribution 4.0 International (excluding logos/Coat of Arms/third-party material); attribution to ABS required,quarterly series: span of all quarters in the file; each quarter is a row in the extraction. 
7,"Australian National Accounts: Finance and Wealth, June 2026",2026-09-24,2024-10-01,2024-12-31,2024-12-31,5232051.xlsx,https://www.abs.gov.au/statistics/economy/national-accounts/australian-national-accounts-finance-and-wealth/jun-2026/5232051.xlsx,58065,cabde777f54f0b13c41d3329fcd71e1a00116e5e2ead2b95cdfb2b7e56dd4cdc,2026-10-03,ABS website content is under Creative Commons Attribution 4.0 International (excluding logos/Coat of Arms/third-party material); attribution to ABS required,quarterly series: span of all quarters in the file; each quarter is a row in the extraction. 
7,"Australian National Accounts: Finance and Wealth, June 2026",2026-09-24,2025-01-01,2025-03-31,2025-03-31,5232051.xlsx,https://www.abs.gov.au/statistics/economy/national-accounts/australian-national-accounts-finance-and-wealth/jun-2026/5232051.xlsx,58065,cabde777f54f0b13c41d3329fcd71e1a00116e5e2ead2b95cdfb2b7e56dd4cdc,2026-10-03,ABS website content is under Creative Commons Attribution 4.0 International (excluding logos/Coat of Arms/third-party material); attribution to ABS required,quarterly series: span of all quarters in the file; each quarter is a row in the extraction. 
7,"Australian National Accounts: Finance and Wealth, June 2026",2026-09-24,2025-04-01,2025-06-30,2025-06-30,5232051.xlsx,https://www.abs.gov.au/statistics/economy/national-accounts/australian-national-accounts-finance-and-wealth/jun-2026/5232051.xlsx,58065,cabde777f54f0b13c41d3329fcd71e1a00116e5e2ead2b95cdfb2b7e56dd4cdc,2026-10-03,ABS website content is under Creative Commons Attribution 4.0 International (excluding logos/Coat of Arms/third-party material); attribution to ABS required,quarterly series: span of all quarters in the file; each quarter is a row in the extraction. 
7,"Australian National Accounts: Finance and Wealth, June 2026",2026-09-24,2025-07-01,2025-09-30,2025-09-30,5232051.xlsx,https://www.abs.gov.au/statistics/economy/national-accounts/australian-national-accounts-finance-and-wealth/jun-2026/5232051.xlsx,58065,cabde777f54f0b13c41d3329fcd71e1a00116e5e2ead2b95cdfb2b7e56dd4cdc,2026-10-03,ABS website content is under Creative Commons Attribution 4.0 International (excluding logos/Coat of Arms/third-party material); attribution to ABS required,quarterly series: span of all quarters in the file; each quarter is a row in the extraction. 
7,"Australian National Accounts: Finance and Wealth, June 2026",2026-09-24,2025-10-01,2025-12-31,2025-12-31,5232051.xlsx,https://www.abs.gov.au/statistics/economy/national-accounts/australian-national-accounts-finance-and-wealth/jun-2026/5232051.xlsx,58065,cabde777f54f0b13c41d3329fcd71e1a00116e5e2ead2b95cdfb2b7e56dd4cdc,2026-10-03,ABS website content is under Creative Commons Attribution 4.0 International (excluding logos/Coat of Arms/third-party material); attribution to ABS required,quarterly series: span of all quarters in the file; each quarter is a row in the extraction. 
7,"Australian National Accounts: Finance and Wealth, June 2026",2026-09-24,2026-01-01,2026-03-31,2026-03-31,5232051.xlsx,https://www.abs.gov.au/statistics/economy/national-accounts/australian-national-accounts-finance-and-wealth/jun-2026/5232051.xlsx,58065,cabde777f54f0b13c41d3329fcd71e1a00116e5e2ead2b95cdfb2b7e56dd4cdc,2026-10-03,ABS website content is under Creative Commons Attribution 4.0 International (excluding logos/Coat of Arms/third-party material); attribution to ABS required,quarterly series: span of all quarters in the file; each quarter is a row in the extraction. 
7,"Australian National Accounts: Finance and Wealth, June 2026",2026-09-24,2026-04-01,2026-06-30,2026-06-30,5232051.xlsx,https://www.abs.gov.au/statistics/economy/national-accounts/australian-national-accounts-finance-and-wealth/jun-2026/5232051.xlsx,58065,cabde777f54f0b13c41d3329fcd71e1a00116e5e2ead2b95cdfb2b7e56dd4cdc,2026-10-03,ABS website content is under Creative Commons Attribution 4.0 International (excluding logos/Coat of Arms/third-party material); attribution to ABS required,quarterly series: span of all quarters in the file; each quarter is a row in the extraction. 
7,"Australian National Accounts: Finance and Wealth, June 2026",2026-09-24,1988-04-01,1988-06-30,1988-06-30,5232052.xlsx,https://www.abs.gov.au/statistics/economy/national-accounts/australian-national-accounts-finance-and-wealth/jun-2026/5232052.xlsx,58693,b1567b8a190e1e63f3e8e3483a507e079b38ba62e843eb98ea6162f3eadc6555,2026-10-03,ABS website content is under Creative Commons Attribution 4.0 International (excluding logos/Coat of Arms/third-party material); attribution to ABS required,quarterly series: span of all quarters in the file; each quarter is a row in the extraction. 
7,"Australian National Accounts: Finance and Wealth, June 2026",2026-09-24,1988-07-01,1988-09-30,1988-09-30,5232052.xlsx,https://www.abs.gov.au/statistics/economy/national-accounts/australian-national-accounts-finance-and-wealth/jun-2026/5232052.xlsx,58693,b1567b8a190e1e63f3e8e3483a507e079b38ba62e843eb98ea6162f3eadc6555,2026-10-03,ABS website content is under Creative Commons Attribution 4.0 International (excluding logos/Coat of Arms/third-party material); attribution to ABS required,quarterly series: span of all quarters in the file; each quarter is a row in the extraction. 
7,"Australian National Accounts: Finance and Wealth, June 2026",2026-09-24,1988-10-01,1988-12-31,1988-12-31,5232052.xlsx,https://www.abs.gov.au/statistics/economy/national-accounts/australian-national-accounts-finance-and-wealth/jun-2026/5232052.xlsx,58693,b1567b8a190e1e63f3e8e3483a507e079b38ba62e843eb98ea6162f3eadc6555,2026-10-03,ABS website content is under Creative Commons Attribution 4.0 International (excluding logos/Coat of Arms/third-party material); attribution to ABS required,quarterly series: span of all quarters in the file; each quarter is a row in the extraction. 
7,"Australian National Accounts: Finance and Wealth, June 2026",2026-09-24,1989-01-01,1989-03-31,1989-03-31,5232052.xlsx,https://www.abs.gov.au/statistics/economy/national-accounts/australian-national-accounts-finance-and-wealth/jun-2026/5232052.xlsx,58693,b1567b8a190e1e63f3e8e3483a507e079b38ba62e843eb98ea6162f3eadc6555,2026-10-03,ABS website content is under Creative Commons Attribution 4.0 International (excluding logos/Coat of Arms/third-party material); attribution to ABS required,quarterly series: span of all quarters in the file; each quarter is a row in the extraction. 
7,"Australian National Accounts: Finance and Wealth, June 2026",2026-09-24,1989-04-01,1989-06-30,1989-06-30,5232052.xlsx,https://www.abs.gov.au/statistics/economy/national-accounts/australian-national-accounts-finance-and-wealth/jun-2026/5232052.xlsx,58693,b1567b8a190e1e63f3e8e3483a507e079b38ba62e843eb98ea6162f3eadc6555,2026-10-03,ABS website content is under Creative Commons Attribution 4.0 International (excluding logos/Coat of Arms/third-party material); attribution to ABS required,quarterly series: span of all quarters in the file; each quarter is a row in the extraction. 
7,"Australian National Accounts: Finance and Wealth, June 2026",2026-09-24,1989-07-01,1989-09-30,1989-09-30,5232052.xlsx,https://www.abs.gov.au/statistics/economy/national-accounts/australian-national-accounts-finance-and-wealth/jun-2026/5232052.xlsx,58693,b1567b8a190e1e63f3e8e3483a507e079b38ba62e843eb98ea6162f3eadc6555,2026-10-03,ABS website content is under Creative Commons Attribution 4.0 International (excluding logos/Coat of Arms/third-party material); attribution to ABS required,quarterly series: span of all quarters in the file; each quarter is a row in the extraction. 
7,"Australian National Accounts: Finance and Wealth, June 2026",2026-09-24,1989-10-01,1989-12-31,1989-12-31,5232052.xlsx,https://www.abs.gov.au/statistics/economy/national-accounts/australian-national-accounts-finance-and-wealth/jun-2026/5232052.xlsx,58693,b1567b8a190e1e63f3e8e3483a507e079b38ba62e843eb98ea6162f3eadc6555,2026-10-03,ABS website content is under Creative Commons Attribution 4.0 International (excluding logos/Coat of Arms/third-party material); attribution to ABS required,quarterly series: span of all quarters in the file; each quarter is a row in the extraction. 
7,"Australian National Accounts: Finance and Wealth, June 2026",2026-09-24,1990-01-01,1990-03-31,1990-03-31,5232052.xlsx,https://www.abs.gov.au/statistics/economy/national-accounts/australian-national-accounts-finance-and-wealth/jun-2026/5232052.xlsx,58693,b1567b8a190e1e63f3e8e3483a507e079b38ba62e843eb98ea6162f3eadc6555,2026-10-03,ABS website content is under Creative Commons Attribution 4.0 International (excluding logos/Coat of Arms/third-party material); attribution to ABS required,quarterly series: span of all quarters in the file; each quarter is a row in the extraction. 
7,"Australian National Accounts: Finance and Wealth, June 2026",2026-09-24,1990-04-01,1990-06-30,1990-06-30,5232052.xlsx,https://www.abs.gov.au/statistics/economy/national-accounts/australian-national-accounts-finance-and-wealth/jun-2026/5232052.xlsx,58693,b1567b8a190e1e63f3e8e3483a507e079b38ba62e843eb98ea6162f3eadc6555,2026-10-03,ABS website content is under Creative Commons Attribution 4.0 International (excluding logos/Coat of Arms/third-party material); attribution to ABS required,quarterly series: span of all quarters in the file; each quarter is a row in the extraction. 
7,"Australian National Accounts: Finance and Wealth, June 2026",2026-09-24,1990-07-01,1990-09-30,1990-09-30,5232052.xlsx,https://www.abs.gov.au/statistics/economy/national-accounts/australian-national-accounts-finance-and-wealth/jun-2026/5232052.xlsx,58693,b1567b8a190e1e63f3e8e3483a507e079b38ba62e843eb98ea6162f3eadc6555,2026-10-03,ABS website content is under Creative Commons Attribution 4.0 International (excluding logos/Coat of Arms/third-party material); attribution to ABS required,quarterly series: span of all quarters in the file; each quarter is a row in the extraction. 
7,"Australian National Accounts: Finance and Wealth, June 2026",2026-09-24,1990-10-01,1990-12-31,1990-12-31,5232052.xlsx,https://www.abs.gov.au/statistics/economy/national-accounts/australian-national-accounts-finance-and-wealth/jun-2026/5232052.xlsx,58693,b1567b8a190e1e63f3e8e3483a507e079b38ba62e843eb98ea6162f3eadc6555,2026-10-03,ABS website content is under Creative Commons Attribution 4.0 International (excluding logos/Coat of Arms/third-party material); attribution to ABS required,quarterly series: span of all quarters in the file; each quarter is a row in the extraction. 
7,"Australian National Accounts: Finance and Wealth, June 2026",2026-09-24,1991-01-01,1991-03-31,1991-03-31,5232052.xlsx,https://www.abs.gov.au/statistics/economy/national-accounts/australian-national-accounts-finance-and-wealth/jun-2026/5232052.xlsx,58693,b1567b8a190e1e63f3e8e3483a507e079b38ba62e843eb98ea6162f3eadc6555,2026-10-03,ABS website content is under Creative Commons Attribution 4.0 International (excluding logos/Coat of Arms/third-party material); attribution to ABS required,quarterly series: span of all quarters in the file; each quarter is a row in the extraction. 
7,"Australian National Accounts: Finance and Wealth, June 2026",2026-09-24,1991-04-01,1991-06-30,1991-06-30,5232052.xlsx,https://www.abs.gov.au/statistics/economy/national-accounts/australian-national-accounts-finance-and-wealth/jun-2026/5232052.xlsx,58693,b1567b8a190e1e63f3e8e3483a507e079b38ba62e843eb98ea6162f3eadc6555,2026-10-03,ABS website content is under Creative Commons Attribution 4.0 International (excluding logos/Coat of Arms/third-party material); attribution to ABS required,quarterly series: span of all quarters in the file; each quarter is a row in the extraction. 
7,"Australian National Accounts: Finance and Wealth, June 2026",2026-09-24,1991-07-01,1991-09-30,1991-09-30,5232052.xlsx,https://www.abs.gov.au/statistics/economy/national-accounts/australian-national-accounts-finance-and-wealth/jun-2026/5232052.xlsx,58693,b1567b8a190e1e63f3e8e3483a507e079b38ba62e843eb98ea6162f3eadc6555,2026-10-03,ABS website content is under Creative Commons Attribution 4.0 International (excluding logos/Coat of Arms/third-party material); attribution to ABS required,quarterly series: span of all quarters in the file; each quarter is a row in the extraction. 
7,"Australian National Accounts: Finance and Wealth, June 2026",2026-09-24,1991-10-01,1991-12-31,1991-12-31,5232052.xlsx,https://www.abs.gov.au/statistics/economy/national-accounts/australian-national-accounts-finance-and-wealth/jun-2026/5232052.xlsx,58693,b1567b8a190e1e63f3e8e3483a507e079b38ba62e843eb98ea6162f3eadc6555,2026-10-03,ABS website content is under Creative Commons Attribution 4.0 International (excluding logos/Coat of Arms/third-party material); attribution to ABS required,quarterly series: span of all quarters in the file; each quarter is a row in the extraction. 
7,"Australian National Accounts: Finance and Wealth, June 2026",2026-09-24,1992-01-01,1992-03-31,1992-03-31,5232052.xlsx,https://www.abs.gov.au/statistics/economy/national-accounts/australian-national-accounts-finance-and-wealth/jun-2026/5232052.xlsx,58693,b1567b8a190e1e63f3e8e3483a507e079b38ba62e843eb98ea6162f3eadc6555,2026-10-03,ABS website content is under Creative Commons Attribution 4.0 International (excluding logos/Coat of Arms/third-party material); attribution to ABS required,quarterly series: span of all quarters in the file; each quarter is a row in the extraction. 
7,"Australian National Accounts: Finance and Wealth, June 2026",2026-09-24,1992-04-01,1992-06-30,1992-06-30,5232052.xlsx,https://www.abs.gov.au/statistics/economy/national-accounts/australian-national-accounts-finance-and-wealth/jun-2026/5232052.xlsx,58693,b1567b8a190e1e63f3e8e3483a507e079b38ba62e843eb98ea6162f3eadc6555,2026-10-03,ABS website content is under Creative Commons Attribution 4.0 International (excluding logos/Coat of Arms/third-party material); attribution to ABS required,quarterly series: span of all quarters in the file; each quarter is a row in the extraction. 
7,"Australian National Accounts: Finance and Wealth, June 2026",2026-09-24,1992-07-01,1992-09-30,1992-09-30,5232052.xlsx,https://www.abs.gov.au/statistics/economy/national-accounts/australian-national-accounts-finance-and-wealth/jun-2026/5232052.xlsx,58693,b1567b8a190e1e63f3e8e3483a507e079b38ba62e843eb98ea6162f3eadc6555,2026-10-03,ABS website content is under Creative Commons Attribution 4.0 International (excluding logos/Coat of Arms/third-party material); attribution to ABS required,quarterly series: span of all quarters in the file; each quarter is a row in the extraction. 
7,"Australian National Accounts: Finance and Wealth, June 2026",2026-09-24,1992-10-01,1992-12-31,1992-12-31,5232052.xlsx,https://www.abs.gov.au/statistics/economy/national-accounts/australian-national-accounts-finance-and-wealth/jun-2026/5232052.xlsx,58693,b1567b8a190e1e63f3e8e3483a507e079b38ba62e843eb98ea6162f3eadc6555,2026-10-03,ABS website content is under Creative Commons Attribution 4.0 International (excluding logos/Coat of Arms/third-party material); attribution to ABS required,quarterly series: span of all quarters in the file; each quarter is a row in the extraction. 
7,"Australian National Accounts: Finance and Wealth, June 2026",2026-09-24,1993-01-01,1993-03-31,1993-03-31,5232052.xlsx,https://www.abs.gov.au/statistics/economy/national-accounts/australian-national-accounts-finance-and-wealth/jun-2026/5232052.xlsx,58693,b1567b8a190e1e63f3e8e3483a507e079b38ba62e843eb98ea6162f3eadc6555,2026-10-03,ABS website content is under Creative Commons Attribution 4.0 International (excluding logos/Coat of Arms/third-party material); attribution to ABS required,quarterly series: span of all quarters in the file; each quarter is a row in the extraction. 
7,"Australian National Accounts: Finance and Wealth, June 2026",2026-09-24,1993-04-01,1993-06-30,1993-06-30,5232052.xlsx,https://www.abs.gov.au/statistics/economy/national-accounts/australian-national-accounts-finance-and-wealth/jun-2026/5232052.xlsx,58693,b1567b8a190e1e63f3e8e3483a507e079b38ba62e843eb98ea6162f3eadc6555,2026-10-03,ABS website content is under Creative Commons Attribution 4.0 International (excluding logos/Coat of Arms/third-party material); attribution to ABS required,quarterly series: span of all quarters in the file; each quarter is a row in the extraction. 
7,"Australian National Accounts: Finance and Wealth, June 2026",2026-09-24,1993-07-01,1993-09-30,1993-09-30,5232052.xlsx,https://www.abs.gov.au/statistics/economy/national-accounts/australian-national-accounts-finance-and-wealth/jun-2026/5232052.xlsx,58693,b1567b8a190e1e63f3e8e3483a507e079b38ba62e843eb98ea6162f3eadc6555,2026-10-03,ABS website content is under Creative Commons Attribution 4.0 International (excluding logos/Coat of Arms/third-party material); attribution to ABS required,quarterly series: span of all quarters in the file; each quarter is a row in the extraction. 
7,"Australian National Accounts: Finance and Wealth, June 2026",2026-09-24,1993-10-01,1993-12-31,1993-12-31,5232052.xlsx,https://www.abs.gov.au/statistics/economy/national-accounts/australian-national-accounts-finance-and-wealth/jun-2026/5232052.xlsx,58693,b1567b8a190e1e63f3e8e3483a507e079b38ba62e843eb98ea6162f3eadc6555,2026-10-03,ABS website content is under Creative Commons Attribution 4.0 International (excluding logos/Coat of Arms/third-party material); attribution to ABS required,quarterly series: span of all quarters in the file; each quarter is a row in the extraction. 
7,"Australian National Accounts: Finance and Wealth, June 2026",2026-09-24,1994-01-01,1994-03-31,1994-03-31,5232052.xlsx,https://www.abs.gov.au/statistics/economy/national-accounts/australian-national-accounts-finance-and-wealth/jun-2026/5232052.xlsx,58693,b1567b8a190e1e63f3e8e3483a507e079b38ba62e843eb98ea6162f3eadc6555,2026-10-03,ABS website content is under Creative Commons Attribution 4.0 International (excluding logos/Coat of Arms/third-party material); attribution to ABS required,quarterly series: span of all quarters in the file; each quarter is a row in the extraction. 
7,"Australian National Accounts: Finance and Wealth, June 2026",2026-09-24,1994-04-01,1994-06-30,1994-06-30,5232052.xlsx,https://www.abs.gov.au/statistics/economy/national-accounts/australian-national-accounts-finance-and-wealth/jun-2026/5232052.xlsx,58693,b1567b8a190e1e63f3e8e3483a507e079b38ba62e843eb98ea6162f3eadc6555,2026-10-03,ABS website content is under Creative Commons Attribution 4.0 International (excluding logos/Coat of Arms/third-party material); attribution to ABS required,quarterly series: span of all quarters in the file; each quarter is a row in the extraction. 
7,"Australian National Accounts: Finance and Wealth, June 2026",2026-09-24,1994-07-01,1994-09-30,1994-09-30,5232052.xlsx,https://www.abs.gov.au/statistics/economy/national-accounts/australian-national-accounts-finance-and-wealth/jun-2026/5232052.xlsx,58693,b1567b8a190e1e63f3e8e3483a507e079b38ba62e843eb98ea6162f3eadc6555,2026-10-03,ABS website content is under Creative Commons Attribution 4.0 International (excluding logos/Coat of Arms/third-party material); attribution to ABS required,quarterly series: span of all quarters in the file; each quarter is a row in the extraction. 
7,"Australian National Accounts: Finance and Wealth, June 2026",2026-09-24,1994-10-01,1994-12-31,1994-12-31,5232052.xlsx,https://www.abs.gov.au/statistics/economy/national-accounts/australian-national-accounts-finance-and-wealth/jun-2026/5232052.xlsx,58693,b1567b8a190e1e63f3e8e3483a507e079b38ba62e843eb98ea6162f3eadc6555,2026-10-03,ABS website content is under Creative Commons Attribution 4.0 International (excluding logos/Coat of Arms/third-party material); attribution to ABS required,quarterly series: span of all quarters in the file; each quarter is a row in the extraction. 
7,"Australian National Accounts: Finance and Wealth, June 2026",2026-09-24,1995-01-01,1995-03-31,1995-03-31,5232052.xlsx,https://www.abs.gov.au/statistics/economy/national-accounts/australian-national-accounts-finance-and-wealth/jun-2026/5232052.xlsx,58693,b1567b8a190e1e63f3e8e3483a507e079b38ba62e843eb98ea6162f3eadc6555,2026-10-03,ABS website content is under Creative Commons Attribution 4.0 International (excluding logos/Coat of Arms/third-party material); attribution to ABS required,quarterly series: span of all quarters in the file; each quarter is a row in the extraction. 
7,"Australian National Accounts: Finance and Wealth, June 2026",2026-09-24,1995-04-01,1995-06-30,1995-06-30,5232052.xlsx,https://www.abs.gov.au/statistics/economy/national-accounts/australian-national-accounts-finance-and-wealth/jun-2026/5232052.xlsx,58693,b1567b8a190e1e63f3e8e3483a507e079b38ba62e843eb98ea6162f3eadc6555,2026-10-03,ABS website content is under Creative Commons Attribution 4.0 International (excluding logos/Coat of Arms/third-party material); attribution to ABS required,quarterly series: span of all quarters in the file; each quarter is a row in the extraction. 
7,"Australian National Accounts: Finance and Wealth, June 2026",2026-09-24,1995-07-01,1995-09-30,1995-09-30,5232052.xlsx,https://www.abs.gov.au/statistics/economy/national-accounts/australian-national-accounts-finance-and-wealth/jun-2026/5232052.xlsx,58693,b1567b8a190e1e63f3e8e3483a507e079b38ba62e843eb98ea6162f3eadc6555,2026-10-03,ABS website content is under Creative Commons Attribution 4.0 International (excluding logos/Coat of Arms/third-party material); attribution to ABS required,quarterly series: span of all quarters in the file; each quarter is a row in the extraction. 
7,"Australian National Accounts: Finance and Wealth, June 2026",2026-09-24,1995-10-01,1995-12-31,1995-12-31,5232052.xlsx,https://www.abs.gov.au/statistics/economy/national-accounts/australian-national-accounts-finance-and-wealth/jun-2026/5232052.xlsx,58693,b1567b8a190e1e63f3e8e3483a507e079b38ba62e843eb98ea6162f3eadc6555,2026-10-03,ABS website content is under Creative Commons Attribution 4.0 International (excluding logos/Coat of Arms/third-party material); attribution to ABS required,quarterly series: span of all quarters in the file; each quarter is a row in the extraction. 
7,"Australian National Accounts: Finance and Wealth, June 2026",2026-09-24,1996-01-01,1996-03-31,1996-03-31,5232052.xlsx,https://www.abs.gov.au/statistics/economy/national-accounts/australian-national-accounts-finance-and-wealth/jun-2026/5232052.xlsx,58693,b1567b8a190e1e63f3e8e3483a507e079b38ba62e843eb98ea6162f3eadc6555,2026-10-03,ABS website content is under Creative Commons Attribution 4.0 International (excluding logos/Coat of Arms/third-party material); attribution to ABS required,quarterly series: span of all quarters in the file; each quarter is a row in the extraction. 
7,"Australian National Accounts: Finance and Wealth, June 2026",2026-09-24,1996-04-01,1996-06-30,1996-06-30,5232052.xlsx,https://www.abs.gov.au/statistics/economy/national-accounts/australian-national-accounts-finance-and-wealth/jun-2026/5232052.xlsx,58693,b1567b8a190e1e63f3e8e3483a507e079b38ba62e843eb98ea6162f3eadc6555,2026-10-03,ABS website content is under Creative Commons Attribution 4.0 International (excluding logos/Coat of Arms/third-party material); attribution to ABS required,quarterly series: span of all quarters in the file; each quarter is a row in the extraction. 
7,"Australian National Accounts: Finance and Wealth, June 2026",2026-09-24,1996-07-01,1996-09-30,1996-09-30,5232052.xlsx,https://www.abs.gov.au/statistics/economy/national-accounts/australian-national-accounts-finance-and-wealth/jun-2026/5232052.xlsx,58693,b1567b8a190e1e63f3e8e3483a507e079b38ba62e843eb98ea6162f3eadc6555,2026-10-03,ABS website content is under Creative Commons Attribution 4.0 International (excluding logos/Coat of Arms/third-party material); attribution to ABS required,quarterly series: span of all quarters in the file; each quarter is a row in the extraction. 
7,"Australian National Accounts: Finance and Wealth, June 2026",2026-09-24,1996-10-01,1996-12-31,1996-12-31,5232052.xlsx,https://www.abs.gov.au/statistics/economy/national-accounts/australian-national-accounts-finance-and-wealth/jun-2026/5232052.xlsx,58693,b1567b8a190e1e63f3e8e3483a507e079b38ba62e843eb98ea6162f3eadc6555,2026-10-03,ABS website content is under Creative Commons Attribution 4.0 International (excluding logos/Coat of Arms/third-party material); attribution to ABS required,quarterly series: span of all quarters in the file; each quarter is a row in the extraction. 
7,"Australian National Accounts: Finance and Wealth, June 2026",2026-09-24,1997-01-01,1997-03-31,1997-03-31,5232052.xlsx,https://www.abs.gov.au/statistics/economy/national-accounts/australian-national-accounts-finance-and-wealth/jun-2026/5232052.xlsx,58693,b1567b8a190e1e63f3e8e3483a507e079b38ba62e843eb98ea6162f3eadc6555,2026-10-03,ABS website content is under Creative Commons Attribution 4.0 International (excluding logos/Coat of Arms/third-party material); attribution to ABS required,quarterly series: span of all quarters in the file; each quarter is a row in the extraction. 
7,"Australian National Accounts: Finance and Wealth, June 2026",2026-09-24,1997-04-01,1997-06-30,1997-06-30,5232052.xlsx,https://www.abs.gov.au/statistics/economy/national-accounts/australian-national-accounts-finance-and-wealth/jun-2026/5232052.xlsx,58693,b1567b8a190e1e63f3e8e3483a507e079b38ba62e843eb98ea6162f3eadc6555,2026-10-03,ABS website content is under Creative Commons Attribution 4.0 International (excluding logos/Coat of Arms/third-party material); attribution to ABS required,quarterly series: span of all quarters in the file; each quarter is a row in the extraction. 
7,"Australian National Accounts: Finance and Wealth, June 2026",2026-09-24,1997-07-01,1997-09-30,1997-09-30,5232052.xlsx,https://www.abs.gov.au/statistics/economy/national-accounts/australian-national-accounts-finance-and-wealth/jun-2026/5232052.xlsx,58693,b1567b8a190e1e63f3e8e3483a507e079b38ba62e843eb98ea6162f3eadc6555,2026-10-03,ABS website content is under Creative Commons Attribution 4.0 International (excluding logos/Coat of Arms/third-party material); attribution to ABS required,quarterly series: span of all quarters in the file; each quarter is a row in the extraction. 
7,"Australian National Accounts: Finance and Wealth, June 2026",2026-09-24,1997-10-01,1997-12-31,1997-12-31,5232052.xlsx,https://www.abs.gov.au/statistics/economy/national-accounts/australian-national-accounts-finance-and-wealth/jun-2026/5232052.xlsx,58693,b1567b8a190e1e63f3e8e3483a507e079b38ba62e843eb98ea6162f3eadc6555,2026-10-03,ABS website content is under Creative Commons Attribution 4.0 International (excluding logos/Coat of Arms/third-party material); attribution to ABS required,quarterly series: span of all quarters in the file; each quarter is a row in the extraction. 
7,"Australian National Accounts: Finance and Wealth, June 2026",2026-09-24,1998-01-01,1998-03-31,1998-03-31,5232052.xlsx,https://www.abs.gov.au/statistics/economy/national-accounts/australian-national-accounts-finance-and-wealth/jun-2026/5232052.xlsx,58693,b1567b8a190e1e63f3e8e3483a507e079b38ba62e843eb98ea6162f3eadc6555,2026-10-03,ABS website content is under Creative Commons Attribution 4.0 International (excluding logos/Coat of Arms/third-party material); attribution to ABS required,quarterly series: span of all quarters in the file; each quarter is a row in the extraction. 
7,"Australian National Accounts: Finance and Wealth, June 2026",2026-09-24,1998-04-01,1998-06-30,1998-06-30,5232052.xlsx,https://www.abs.gov.au/statistics/economy/national-accounts/australian-national-accounts-finance-and-wealth/jun-2026/5232052.xlsx,58693,b1567b8a190e1e63f3e8e3483a507e079b38ba62e843eb98ea6162f3eadc6555,2026-10-03,ABS website content is under Creative Commons Attribution 4.0 International (excluding logos/Coat of Arms/third-party material); attribution to ABS required,quarterly series: span of all quarters in the file; each quarter is a row in the extraction. 
7,"Australian National Accounts: Finance and Wealth, June 2026",2026-09-24,1998-07-01,1998-09-30,1998-09-30,5232052.xlsx,https://www.abs.gov.au/statistics/economy/national-accounts/australian-national-accounts-finance-and-wealth/jun-2026/5232052.xlsx,58693,b1567b8a190e1e63f3e8e3483a507e079b38ba62e843eb98ea6162f3eadc6555,2026-10-03,ABS website content is under Creative Commons Attribution 4.0 International (excluding logos/Coat of Arms/third-party material); attribution to ABS required,quarterly series: span of all quarters in the file; each quarter is a row in the extraction. 
7,"Australian National Accounts: Finance and Wealth, June 2026",2026-09-24,1998-10-01,1998-12-31,1998-12-31,5232052.xlsx,https://www.abs.gov.au/statistics/economy/national-accounts/australian-national-accounts-finance-and-wealth/jun-2026/5232052.xlsx,58693,b1567b8a190e1e63f3e8e3483a507e079b38ba62e843eb98ea6162f3eadc6555,2026-10-03,ABS website content is under Creative Commons Attribution 4.0 International (excluding logos/Coat of Arms/third-party material); attribution to ABS required,quarterly series: span of all quarters in the file; each quarter is a row in the extraction. 
7,"Australian National Accounts: Finance and Wealth, June 2026",2026-09-24,1999-01-01,1999-03-31,1999-03-31,5232052.xlsx,https://www.abs.gov.au/statistics/economy/national-accounts/australian-national-accounts-finance-and-wealth/jun-2026/5232052.xlsx,58693,b1567b8a190e1e63f3e8e3483a507e079b38ba62e843eb98ea6162f3eadc6555,2026-10-03,ABS website content is under Creative Commons Attribution 4.0 International (excluding logos/Coat of Arms/third-party material); attribution to ABS required,quarterly series: span of all quarters in the file; each quarter is a row in the extraction. 
7,"Australian National Accounts: Finance and Wealth, June 2026",2026-09-24,1999-04-01,1999-06-30,1999-06-30,5232052.xlsx,https://www.abs.gov.au/statistics/economy/national-accounts/australian-national-accounts-finance-and-wealth/jun-2026/5232052.xlsx,58693,b1567b8a190e1e63f3e8e3483a507e079b38ba62e843eb98ea6162f3eadc6555,2026-10-03,ABS website content is under Creative Commons Attribution 4.0 International (excluding logos/Coat of Arms/third-party material); attribution to ABS required,quarterly series: span of all quarters in the file; each quarter is a row in the extraction. 
7,"Australian National Accounts: Finance and Wealth, June 2026",2026-09-24,1999-07-01,1999-09-30,1999-09-30,5232052.xlsx,https://www.abs.gov.au/statistics/economy/national-accounts/australian-national-accounts-finance-and-wealth/jun-2026/5232052.xlsx,58693,b1567b8a190e1e63f3e8e3483a507e079b38ba62e843eb98ea6162f3eadc6555,2026-10-03,ABS website content is under Creative Commons Attribution 4.0 International (excluding logos/Coat of Arms/third-party material); attribution to ABS required,quarterly series: span of all quarters in the file; each quarter is a row in the extraction. 
7,"Australian National Accounts: Finance and Wealth, June 2026",2026-09-24,1999-10-01,1999-12-31,1999-12-31,5232052.xlsx,https://www.abs.gov.au/statistics/economy/national-accounts/australian-national-accounts-finance-and-wealth/jun-2026/5232052.xlsx,58693,b1567b8a190e1e63f3e8e3483a507e079b38ba62e843eb98ea6162f3eadc6555,2026-10-03,ABS website content is under Creative Commons Attribution 4.0 International (excluding logos/Coat of Arms/third-party material); attribution to ABS required,quarterly series: span of all quarters in the file; each quarter is a row in the extraction. 
7,"Australian National Accounts: Finance and Wealth, June 2026",2026-09-24,2000-01-01,2000-03-31,2000-03-31,5232052.xlsx,https://www.abs.gov.au/statistics/economy/national-accounts/australian-national-accounts-finance-and-wealth/jun-2026/5232052.xlsx,58693,b1567b8a190e1e63f3e8e3483a507e079b38ba62e843eb98ea6162f3eadc6555,2026-10-03,ABS website content is under Creative Commons Attribution 4.0 International (excluding logos/Coat of Arms/third-party material); attribution to ABS required,quarterly series: span of all quarters in the file; each quarter is a row in the extraction. 
7,"Australian National Accounts: Finance and Wealth, June 2026",2026-09-24,2000-04-01,2000-06-30,2000-06-30,5232052.xlsx,https://www.abs.gov.au/statistics/economy/national-accounts/australian-national-accounts-finance-and-wealth/jun-2026/5232052.xlsx,58693,b1567b8a190e1e63f3e8e3483a507e079b38ba62e843eb98ea6162f3eadc6555,2026-10-03,ABS website content is under Creative Commons Attribution 4.0 International (excluding logos/Coat of Arms/third-party material); attribution to ABS required,quarterly series: span of all quarters in the file; each quarter is a row in the extraction. 
7,"Australian National Accounts: Finance and Wealth, June 2026",2026-09-24,2000-07-01,2000-09-30,2000-09-30,5232052.xlsx,https://www.abs.gov.au/statistics/economy/national-accounts/australian-national-accounts-finance-and-wealth/jun-2026/5232052.xlsx,58693,b1567b8a190e1e63f3e8e3483a507e079b38ba62e843eb98ea6162f3eadc6555,2026-10-03,ABS website content is under Creative Commons Attribution 4.0 International (excluding logos/Coat of Arms/third-party material); attribution to ABS required,quarterly series: span of all quarters in the file; each quarter is a row in the extraction. 
7,"Australian National Accounts: Finance and Wealth, June 2026",2026-09-24,2000-10-01,2000-12-31,2000-12-31,5232052.xlsx,https://www.abs.gov.au/statistics/economy/national-accounts/australian-national-accounts-finance-and-wealth/jun-2026/5232052.xlsx,58693,b1567b8a190e1e63f3e8e3483a507e079b38ba62e843eb98ea6162f3eadc6555,2026-10-03,ABS website content is under Creative Commons Attribution 4.0 International (excluding logos/Coat of Arms/third-party material); attribution to ABS required,quarterly series: span of all quarters in the file; each quarter is a row in the extraction. 
7,"Australian National Accounts: Finance and Wealth, June 2026",2026-09-24,2001-01-01,2001-03-31,2001-03-31,5232052.xlsx,https://www.abs.gov.au/statistics/economy/national-accounts/australian-national-accounts-finance-and-wealth/jun-2026/5232052.xlsx,58693,b1567b8a190e1e63f3e8e3483a507e079b38ba62e843eb98ea6162f3eadc6555,2026-10-03,ABS website content is under Creative Commons Attribution 4.0 International (excluding logos/Coat of Arms/third-party material); attribution to ABS required,quarterly series: span of all quarters in the file; each quarter is a row in the extraction. 
7,"Australian National Accounts: Finance and Wealth, June 2026",2026-09-24,2001-04-01,2001-06-30,2001-06-30,5232052.xlsx,https://www.abs.gov.au/statistics/economy/national-accounts/australian-national-accounts-finance-and-wealth/jun-2026/5232052.xlsx,58693,b1567b8a190e1e63f3e8e3483a507e079b38ba62e843eb98ea6162f3eadc6555,2026-10-03,ABS website content is under Creative Commons Attribution 4.0 International (excluding logos/Coat of Arms/third-party material); attribution to ABS required,quarterly series: span of all quarters in the file; each quarter is a row in the extraction. 
7,"Australian National Accounts: Finance and Wealth, June 2026",2026-09-24,2001-07-01,2001-09-30,2001-09-30,5232052.xlsx,https://www.abs.gov.au/statistics/economy/national-accounts/australian-national-accounts-finance-and-wealth/jun-2026/5232052.xlsx,58693,b1567b8a190e1e63f3e8e3483a507e079b38ba62e843eb98ea6162f3eadc6555,2026-10-03,ABS website content is under Creative Commons Attribution 4.0 International (excluding logos/Coat of Arms/third-party material); attribution to ABS required,quarterly series: span of all quarters in the file; each quarter is a row in the extraction. 
7,"Australian National Accounts: Finance and Wealth, June 2026",2026-09-24,2001-10-01,2001-12-31,2001-12-31,5232052.xlsx,https://www.abs.gov.au/statistics/economy/national-accounts/australian-national-accounts-finance-and-wealth/jun-2026/5232052.xlsx,58693,b1567b8a190e1e63f3e8e3483a507e079b38ba62e843eb98ea6162f3eadc6555,2026-10-03,ABS website content is under Creative Commons Attribution 4.0 International (excluding logos/Coat of Arms/third-party material); attribution to ABS required,quarterly series: span of all quarters in the file; each quarter is a row in the extraction. 
7,"Australian National Accounts: Finance and Wealth, June 2026",2026-09-24,2002-01-01,2002-03-31,2002-03-31,5232052.xlsx,https://www.abs.gov.au/statistics/economy/national-accounts/australian-national-accounts-finance-and-wealth/jun-2026/5232052.xlsx,58693,b1567b8a190e1e63f3e8e3483a507e079b38ba62e843eb98ea6162f3eadc6555,2026-10-03,ABS website content is under Creative Commons Attribution 4.0 International (excluding logos/Coat of Arms/third-party material); attribution to ABS required,quarterly series: span of all quarters in the file; each quarter is a row in the extraction. 
7,"Australian National Accounts: Finance and Wealth, June 2026",2026-09-24,2002-04-01,2002-06-30,2002-06-30,5232052.xlsx,https://www.abs.gov.au/statistics/economy/national-accounts/australian-national-accounts-finance-and-wealth/jun-2026/5232052.xlsx,58693,b1567b8a190e1e63f3e8e3483a507e079b38ba62e843eb98ea6162f3eadc6555,2026-10-03,ABS website content is under Creative Commons Attribution 4.0 International (excluding logos/Coat of Arms/third-party material); attribution to ABS required,quarterly series: span of all quarters in the file; each quarter is a row in the extraction. 
7,"Australian National Accounts: Finance and Wealth, June 2026",2026-09-24,2002-07-01,2002-09-30,2002-09-30,5232052.xlsx,https://www.abs.gov.au/statistics/economy/national-accounts/australian-national-accounts-finance-and-wealth/jun-2026/5232052.xlsx,58693,b1567b8a190e1e63f3e8e3483a507e079b38ba62e843eb98ea6162f3eadc6555,2026-10-03,ABS website content is under Creative Commons Attribution 4.0 International (excluding logos/Coat of Arms/third-party material); attribution to ABS required,quarterly series: span of all quarters in the file; each quarter is a row in the extraction. 
7,"Australian National Accounts: Finance and Wealth, June 2026",2026-09-24,2002-10-01,2002-12-31,2002-12-31,5232052.xlsx,https://www.abs.gov.au/statistics/economy/national-accounts/australian-national-accounts-finance-and-wealth/jun-2026/5232052.xlsx,58693,b1567b8a190e1e63f3e8e3483a507e079b38ba62e843eb98ea6162f3eadc6555,2026-10-03,ABS website content is under Creative Commons Attribution 4.0 International (excluding logos/Coat of Arms/third-party material); attribution to ABS required,quarterly series: span of all quarters in the file; each quarter is a row in the extraction. 
7,"Australian National Accounts: Finance and Wealth, June 2026",2026-09-24,2003-01-01,2003-03-31,2003-03-31,5232052.xlsx,https://www.abs.gov.au/statistics/economy/national-accounts/australian-national-accounts-finance-and-wealth/jun-2026/5232052.xlsx,58693,b1567b8a190e1e63f3e8e3483a507e079b38ba62e843eb98ea6162f3eadc6555,2026-10-03,ABS website content is under Creative Commons Attribution 4.0 International (excluding logos/Coat of Arms/third-party material); attribution to ABS required,quarterly series: span of all quarters in the file; each quarter is a row in the extraction. 
7,"Australian National Accounts: Finance and Wealth, June 2026",2026-09-24,2003-04-01,2003-06-30,2003-06-30,5232052.xlsx,https://www.abs.gov.au/statistics/economy/national-accounts/australian-national-accounts-finance-and-wealth/jun-2026/5232052.xlsx,58693,b1567b8a190e1e63f3e8e3483a507e079b38ba62e843eb98ea6162f3eadc6555,2026-10-03,ABS website content is under Creative Commons Attribution 4.0 International (excluding logos/Coat of Arms/third-party material); attribution to ABS required,quarterly series: span of all quarters in the file; each quarter is a row in the extraction. 
7,"Australian National Accounts: Finance and Wealth, June 2026",2026-09-24,2003-07-01,2003-09-30,2003-09-30,5232052.xlsx,https://www.abs.gov.au/statistics/economy/national-accounts/australian-national-accounts-finance-and-wealth/jun-2026/5232052.xlsx,58693,b1567b8a190e1e63f3e8e3483a507e079b38ba62e843eb98ea6162f3eadc6555,2026-10-03,ABS website content is under Creative Commons Attribution 4.0 International (excluding logos/Coat of Arms/third-party material); attribution to ABS required,quarterly series: span of all quarters in the file; each quarter is a row in the extraction. 
7,"Australian National Accounts: Finance and Wealth, June 2026",2026-09-24,2003-10-01,2003-12-31,2003-12-31,5232052.xlsx,https://www.abs.gov.au/statistics/economy/national-accounts/australian-national-accounts-finance-and-wealth/jun-2026/5232052.xlsx,58693,b1567b8a190e1e63f3e8e3483a507e079b38ba62e843eb98ea6162f3eadc6555,2026-10-03,ABS website content is under Creative Commons Attribution 4.0 International (excluding logos/Coat of Arms/third-party material); attribution to ABS required,quarterly series: span of all quarters in the file; each quarter is a row in the extraction. 
7,"Australian National Accounts: Finance and Wealth, June 2026",2026-09-24,2004-01-01,2004-03-31,2004-03-31,5232052.xlsx,https://www.abs.gov.au/statistics/economy/national-accounts/australian-national-accounts-finance-and-wealth/jun-2026/5232052.xlsx,58693,b1567b8a190e1e63f3e8e3483a507e079b38ba62e843eb98ea6162f3eadc6555,2026-10-03,ABS website content is under Creative Commons Attribution 4.0 International (excluding logos/Coat of Arms/third-party material); attribution to ABS required,quarterly series: span of all quarters in the file; each quarter is a row in the extraction. 
7,"Australian National Accounts: Finance and Wealth, June 2026",2026-09-24,2004-04-01,2004-06-30,2004-06-30,5232052.xlsx,https://www.abs.gov.au/statistics/economy/national-accounts/australian-national-accounts-finance-and-wealth/jun-2026/5232052.xlsx,58693,b1567b8a190e1e63f3e8e3483a507e079b38ba62e843eb98ea6162f3eadc6555,2026-10-03,ABS website content is under Creative Commons Attribution 4.0 International (excluding logos/Coat of Arms/third-party material); attribution to ABS required,quarterly series: span of all quarters in the file; each quarter is a row in the extraction. 
7,"Australian National Accounts: Finance and Wealth, June 2026",2026-09-24,2004-07-01,2004-09-30,2004-09-30,5232052.xlsx,https://www.abs.gov.au/statistics/economy/national-accounts/australian-national-accounts-finance-and-wealth/jun-2026/5232052.xlsx,58693,b1567b8a190e1e63f3e8e3483a507e079b38ba62e843eb98ea6162f3eadc6555,2026-10-03,ABS website content is under Creative Commons Attribution 4.0 International (excluding logos/Coat of Arms/third-party material); attribution to ABS required,quarterly series: span of all quarters in the file; each quarter is a row in the extraction. 
7,"Australian National Accounts: Finance and Wealth, June 2026",2026-09-24,2004-10-01,2004-12-31,2004-12-31,5232052.xlsx,https://www.abs.gov.au/statistics/economy/national-accounts/australian-national-accounts-finance-and-wealth/jun-2026/5232052.xlsx,58693,b1567b8a190e1e63f3e8e3483a507e079b38ba62e843eb98ea6162f3eadc6555,2026-10-03,ABS website content is under Creative Commons Attribution 4.0 International (excluding logos/Coat of Arms/third-party material); attribution to ABS required,quarterly series: span of all quarters in the file; each quarter is a row in the extraction. 
7,"Australian National Accounts: Finance and Wealth, June 2026",2026-09-24,2005-01-01,2005-03-31,2005-03-31,5232052.xlsx,https://www.abs.gov.au/statistics/economy/national-accounts/australian-national-accounts-finance-and-wealth/jun-2026/5232052.xlsx,58693,b1567b8a190e1e63f3e8e3483a507e079b38ba62e843eb98ea6162f3eadc6555,2026-10-03,ABS website content is under Creative Commons Attribution 4.0 International (excluding logos/Coat of Arms/third-party material); attribution to ABS required,quarterly series: span of all quarters in the file; each quarter is a row in the extraction. 
7,"Australian National Accounts: Finance and Wealth, June 2026",2026-09-24,2005-04-01,2005-06-30,2005-06-30,5232052.xlsx,https://www.abs.gov.au/statistics/economy/national-accounts/australian-national-accounts-finance-and-wealth/jun-2026/5232052.xlsx,58693,b1567b8a190e1e63f3e8e3483a507e079b38ba62e843eb98ea6162f3eadc6555,2026-10-03,ABS website content is under Creative Commons Attribution 4.0 International (excluding logos/Coat of Arms/third-party material); attribution to ABS required,quarterly series: span of all quarters in the file; each quarter is a row in the extraction. 
7,"Australian National Accounts: Finance and Wealth, June 2026",2026-09-24,2005-07-01,2005-09-30,2005-09-30,5232052.xlsx,https://www.abs.gov.au/statistics/economy/national-accounts/australian-national-accounts-finance-and-wealth/jun-2026/5232052.xlsx,58693,b1567b8a190e1e63f3e8e3483a507e079b38ba62e843eb98ea6162f3eadc6555,2026-10-03,ABS website content is under Creative Commons Attribution 4.0 International (excluding logos/Coat of Arms/third-party material); attribution to ABS required,quarterly series: span of all quarters in the file; each quarter is a row in the extraction. 
7,"Australian National Accounts: Finance and Wealth, June 2026",2026-09-24,2005-10-01,2005-12-31,2005-12-31,5232052.xlsx,https://www.abs.gov.au/statistics/economy/national-accounts/australian-national-accounts-finance-and-wealth/jun-2026/5232052.xlsx,58693,b1567b8a190e1e63f3e8e3483a507e079b38ba62e843eb98ea6162f3eadc6555,2026-10-03,ABS website content is under Creative Commons Attribution 4.0 International (excluding logos/Coat of Arms/third-party material); attribution to ABS required,quarterly series: span of all quarters in the file; each quarter is a row in the extraction. 
7,"Australian National Accounts: Finance and Wealth, June 2026",2026-09-24,2006-01-01,2006-03-31,2006-03-31,5232052.xlsx,https://www.abs.gov.au/statistics/economy/national-accounts/australian-national-accounts-finance-and-wealth/jun-2026/5232052.xlsx,58693,b1567b8a190e1e63f3e8e3483a507e079b38ba62e843eb98ea6162f3eadc6555,2026-10-03,ABS website content is under Creative Commons Attribution 4.0 International (excluding logos/Coat of Arms/third-party material); attribution to ABS required,quarterly series: span of all quarters in the file; each quarter is a row in the extraction. 
7,"Australian National Accounts: Finance and Wealth, June 2026",2026-09-24,2006-04-01,2006-06-30,2006-06-30,5232052.xlsx,https://www.abs.gov.au/statistics/economy/national-accounts/australian-national-accounts-finance-and-wealth/jun-2026/5232052.xlsx,58693,b1567b8a190e1e63f3e8e3483a507e079b38ba62e843eb98ea6162f3eadc6555,2026-10-03,ABS website content is under Creative Commons Attribution 4.0 International (excluding logos/Coat of Arms/third-party material); attribution to ABS required,quarterly series: span of all quarters in the file; each quarter is a row in the extraction. 
7,"Australian National Accounts: Finance and Wealth, June 2026",2026-09-24,2006-07-01,2006-09-30,2006-09-30,5232052.xlsx,https://www.abs.gov.au/statistics/economy/national-accounts/australian-national-accounts-finance-and-wealth/jun-2026/5232052.xlsx,58693,b1567b8a190e1e63f3e8e3483a507e079b38ba62e843eb98ea6162f3eadc6555,2026-10-03,ABS website content is under Creative Commons Attribution 4.0 International (excluding logos/Coat of Arms/third-party material); attribution to ABS required,quarterly series: span of all quarters in the file; each quarter is a row in the extraction. 
7,"Australian National Accounts: Finance and Wealth, June 2026",2026-09-24,2006-10-01,2006-12-31,2006-12-31,5232052.xlsx,https://www.abs.gov.au/statistics/economy/national-accounts/australian-national-accounts-finance-and-wealth/jun-2026/5232052.xlsx,58693,b1567b8a190e1e63f3e8e3483a507e079b38ba62e843eb98ea6162f3eadc6555,2026-10-03,ABS website content is under Creative Commons Attribution 4.0 International (excluding logos/Coat of Arms/third-party material); attribution to ABS required,quarterly series: span of all quarters in the file; each quarter is a row in the extraction. 
7,"Australian National Accounts: Finance and Wealth, June 2026",2026-09-24,2007-01-01,2007-03-31,2007-03-31,5232052.xlsx,https://www.abs.gov.au/statistics/economy/national-accounts/australian-national-accounts-finance-and-wealth/jun-2026/5232052.xlsx,58693,b1567b8a190e1e63f3e8e3483a507e079b38ba62e843eb98ea6162f3eadc6555,2026-10-03,ABS website content is under Creative Commons Attribution 4.0 International (excluding logos/Coat of Arms/third-party material); attribution to ABS required,quarterly series: span of all quarters in the file; each quarter is a row in the extraction. 
7,"Australian National Accounts: Finance and Wealth, June 2026",2026-09-24,2007-04-01,2007-06-30,2007-06-30,5232052.xlsx,https://www.abs.gov.au/statistics/economy/national-accounts/australian-national-accounts-finance-and-wealth/jun-2026/5232052.xlsx,58693,b1567b8a190e1e63f3e8e3483a507e079b38ba62e843eb98ea6162f3eadc6555,2026-10-03,ABS website content is under Creative Commons Attribution 4.0 International (excluding logos/Coat of Arms/third-party material); attribution to ABS required,quarterly series: span of all quarters in the file; each quarter is a row in the extraction. 
7,"Australian National Accounts: Finance and Wealth, June 2026",2026-09-24,2007-07-01,2007-09-30,2007-09-30,5232052.xlsx,https://www.abs.gov.au/statistics/economy/national-accounts/australian-national-accounts-finance-and-wealth/jun-2026/5232052.xlsx,58693,b1567b8a190e1e63f3e8e3483a507e079b38ba62e843eb98ea6162f3eadc6555,2026-10-03,ABS website content is under Creative Commons Attribution 4.0 International (excluding logos/Coat of Arms/third-party material); attribution to ABS required,quarterly series: span of all quarters in the file; each quarter is a row in the extraction. 
7,"Australian National Accounts: Finance and Wealth, June 2026",2026-09-24,2007-10-01,2007-12-31,2007-12-31,5232052.xlsx,https://www.abs.gov.au/statistics/economy/national-accounts/australian-national-accounts-finance-and-wealth/jun-2026/5232052.xlsx,58693,b1567b8a190e1e63f3e8e3483a507e079b38ba62e843eb98ea6162f3eadc6555,2026-10-03,ABS website content is under Creative Commons Attribution 4.0 International (excluding logos/Coat of Arms/third-party material); attribution to ABS required,quarterly series: span of all quarters in the file; each quarter is a row in the extraction. 
7,"Australian National Accounts: Finance and Wealth, June 2026",2026-09-24,2008-01-01,2008-03-31,2008-03-31,5232052.xlsx,https://www.abs.gov.au/statistics/economy/national-accounts/australian-national-accounts-finance-and-wealth/jun-2026/5232052.xlsx,58693,b1567b8a190e1e63f3e8e3483a507e079b38ba62e843eb98ea6162f3eadc6555,2026-10-03,ABS website content is under Creative Commons Attribution 4.0 International (excluding logos/Coat of Arms/third-party material); attribution to ABS required,quarterly series: span of all quarters in the file; each quarter is a row in the extraction. 
7,"Australian National Accounts: Finance and Wealth, June 2026",2026-09-24,2008-04-01,2008-06-30,2008-06-30,5232052.xlsx,https://www.abs.gov.au/statistics/economy/national-accounts/australian-national-accounts-finance-and-wealth/jun-2026/5232052.xlsx,58693,b1567b8a190e1e63f3e8e3483a507e079b38ba62e843eb98ea6162f3eadc6555,2026-10-03,ABS website content is under Creative Commons Attribution 4.0 International (excluding logos/Coat of Arms/third-party material); attribution to ABS required,quarterly series: span of all quarters in the file; each quarter is a row in the extraction. 
7,"Australian National Accounts: Finance and Wealth, June 2026",2026-09-24,2008-07-01,2008-09-30,2008-09-30,5232052.xlsx,https://www.abs.gov.au/statistics/economy/national-accounts/australian-national-accounts-finance-and-wealth/jun-2026/5232052.xlsx,58693,b1567b8a190e1e63f3e8e3483a507e079b38ba62e843eb98ea6162f3eadc6555,2026-10-03,ABS website content is under Creative Commons Attribution 4.0 International (excluding logos/Coat of Arms/third-party material); attribution to ABS required,quarterly series: span of all quarters in the file; each quarter is a row in the extraction. 
7,"Australian National Accounts: Finance and Wealth, June 2026",2026-09-24,2008-10-01,2008-12-31,2008-12-31,5232052.xlsx,https://www.abs.gov.au/statistics/economy/national-accounts/australian-national-accounts-finance-and-wealth/jun-2026/5232052.xlsx,58693,b1567b8a190e1e63f3e8e3483a507e079b38ba62e843eb98ea6162f3eadc6555,2026-10-03,ABS website content is under Creative Commons Attribution 4.0 International (excluding logos/Coat of Arms/third-party material); attribution to ABS required,quarterly series: span of all quarters in the file; each quarter is a row in the extraction. 
7,"Australian National Accounts: Finance and Wealth, June 2026",2026-09-24,2009-01-01,2009-03-31,2009-03-31,5232052.xlsx,https://www.abs.gov.au/statistics/economy/national-accounts/australian-national-accounts-finance-and-wealth/jun-2026/5232052.xlsx,58693,b1567b8a190e1e63f3e8e3483a507e079b38ba62e843eb98ea6162f3eadc6555,2026-10-03,ABS website content is under Creative Commons Attribution 4.0 International (excluding logos/Coat of Arms/third-party material); attribution to ABS required,quarterly series: span of all quarters in the file; each quarter is a row in the extraction. 
7,"Australian National Accounts: Finance and Wealth, June 2026",2026-09-24,2009-04-01,2009-06-30,2009-06-30,5232052.xlsx,https://www.abs.gov.au/statistics/economy/national-accounts/australian-national-accounts-finance-and-wealth/jun-2026/5232052.xlsx,58693,b1567b8a190e1e63f3e8e3483a507e079b38ba62e843eb98ea6162f3eadc6555,2026-10-03,ABS website content is under Creative Commons Attribution 4.0 International (excluding logos/Coat of Arms/third-party material); attribution to ABS required,quarterly series: span of all quarters in the file; each quarter is a row in the extraction. 
7,"Australian National Accounts: Finance and Wealth, June 2026",2026-09-24,2009-07-01,2009-09-30,2009-09-30,5232052.xlsx,https://www.abs.gov.au/statistics/economy/national-accounts/australian-national-accounts-finance-and-wealth/jun-2026/5232052.xlsx,58693,b1567b8a190e1e63f3e8e3483a507e079b38ba62e843eb98ea6162f3eadc6555,2026-10-03,ABS website content is under Creative Commons Attribution 4.0 International (excluding logos/Coat of Arms/third-party material); attribution to ABS required,quarterly series: span of all quarters in the file; each quarter is a row in the extraction. 
7,"Australian National Accounts: Finance and Wealth, June 2026",2026-09-24,2009-10-01,2009-12-31,2009-12-31,5232052.xlsx,https://www.abs.gov.au/statistics/economy/national-accounts/australian-national-accounts-finance-and-wealth/jun-2026/5232052.xlsx,58693,b1567b8a190e1e63f3e8e3483a507e079b38ba62e843eb98ea6162f3eadc6555,2026-10-03,ABS website content is under Creative Commons Attribution 4.0 International (excluding logos/Coat of Arms/third-party material); attribution to ABS required,quarterly series: span of all quarters in the file; each quarter is a row in the extraction. 
7,"Australian National Accounts: Finance and Wealth, June 2026",2026-09-24,2010-01-01,2010-03-31,2010-03-31,5232052.xlsx,https://www.abs.gov.au/statistics/economy/national-accounts/australian-national-accounts-finance-and-wealth/jun-2026/5232052.xlsx,58693,b1567b8a190e1e63f3e8e3483a507e079b38ba62e843eb98ea6162f3eadc6555,2026-10-03,ABS website content is under Creative Commons Attribution 4.0 International (excluding logos/Coat of Arms/third-party material); attribution to ABS required,quarterly series: span of all quarters in the file; each quarter is a row in the extraction. 
7,"Australian National Accounts: Finance and Wealth, June 2026",2026-09-24,2010-04-01,2010-06-30,2010-06-30,5232052.xlsx,https://www.abs.gov.au/statistics/economy/national-accounts/australian-national-accounts-finance-and-wealth/jun-2026/5232052.xlsx,58693,b1567b8a190e1e63f3e8e3483a507e079b38ba62e843eb98ea6162f3eadc6555,2026-10-03,ABS website content is under Creative Commons Attribution 4.0 International (excluding logos/Coat of Arms/third-party material); attribution to ABS required,quarterly series: span of all quarters in the file; each quarter is a row in the extraction. 
7,"Australian National Accounts: Finance and Wealth, June 2026",2026-09-24,2010-07-01,2010-09-30,2010-09-30,5232052.xlsx,https://www.abs.gov.au/statistics/economy/national-accounts/australian-national-accounts-finance-and-wealth/jun-2026/5232052.xlsx,58693,b1567b8a190e1e63f3e8e3483a507e079b38ba62e843eb98ea6162f3eadc6555,2026-10-03,ABS website content is under Creative Commons Attribution 4.0 International (excluding logos/Coat of Arms/third-party material); attribution to ABS required,quarterly series: span of all quarters in the file; each quarter is a row in the extraction. 
7,"Australian National Accounts: Finance and Wealth, June 2026",2026-09-24,2010-10-01,2010-12-31,2010-12-31,5232052.xlsx,https://www.abs.gov.au/statistics/economy/national-accounts/australian-national-accounts-finance-and-wealth/jun-2026/5232052.xlsx,58693,b1567b8a190e1e63f3e8e3483a507e079b38ba62e843eb98ea6162f3eadc6555,2026-10-03,ABS website content is under Creative Commons Attribution 4.0 International (excluding logos/Coat of Arms/third-party material); attribution to ABS required,quarterly series: span of all quarters in the file; each quarter is a row in the extraction. 
7,"Australian National Accounts: Finance and Wealth, June 2026",2026-09-24,2011-01-01,2011-03-31,2011-03-31,5232052.xlsx,https://www.abs.gov.au/statistics/economy/national-accounts/australian-national-accounts-finance-and-wealth/jun-2026/5232052.xlsx,58693,b1567b8a190e1e63f3e8e3483a507e079b38ba62e843eb98ea6162f3eadc6555,2026-10-03,ABS website content is under Creative Commons Attribution 4.0 International (excluding logos/Coat of Arms/third-party material); attribution to ABS required,quarterly series: span of all quarters in the file; each quarter is a row in the extraction. 
7,"Australian National Accounts: Finance and Wealth, June 2026",2026-09-24,2011-04-01,2011-06-30,2011-06-30,5232052.xlsx,https://www.abs.gov.au/statistics/economy/national-accounts/australian-national-accounts-finance-and-wealth/jun-2026/5232052.xlsx,58693,b1567b8a190e1e63f3e8e3483a507e079b38ba62e843eb98ea6162f3eadc6555,2026-10-03,ABS website content is under Creative Commons Attribution 4.0 International (excluding logos/Coat of Arms/third-party material); attribution to ABS required,quarterly series: span of all quarters in the file; each quarter is a row in the extraction. 
7,"Australian National Accounts: Finance and Wealth, June 2026",2026-09-24,2011-07-01,2011-09-30,2011-09-30,5232052.xlsx,https://www.abs.gov.au/statistics/economy/national-accounts/australian-national-accounts-finance-and-wealth/jun-2026/5232052.xlsx,58693,b1567b8a190e1e63f3e8e3483a507e079b38ba62e843eb98ea6162f3eadc6555,2026-10-03,ABS website content is under Creative Commons Attribution 4.0 International (excluding logos/Coat of Arms/third-party material); attribution to ABS required,quarterly series: span of all quarters in the file; each quarter is a row in the extraction. 
7,"Australian National Accounts: Finance and Wealth, June 2026",2026-09-24,2011-10-01,2011-12-31,2011-12-31,5232052.xlsx,https://www.abs.gov.au/statistics/economy/national-accounts/australian-national-accounts-finance-and-wealth/jun-2026/5232052.xlsx,58693,b1567b8a190e1e63f3e8e3483a507e079b38ba62e843eb98ea6162f3eadc6555,2026-10-03,ABS website content is under Creative Commons Attribution 4.0 International (excluding logos/Coat of Arms/third-party material); attribution to ABS required,quarterly series: span of all quarters in the file; each quarter is a row in the extraction. 
7,"Australian National Accounts: Finance and Wealth, June 2026",2026-09-24,2012-01-01,2012-03-31,2012-03-31,5232052.xlsx,https://www.abs.gov.au/statistics/economy/national-accounts/australian-national-accounts-finance-and-wealth/jun-2026/5232052.xlsx,58693,b1567b8a190e1e63f3e8e3483a507e079b38ba62e843eb98ea6162f3eadc6555,2026-10-03,ABS website content is under Creative Commons Attribution 4.0 International (excluding logos/Coat of Arms/third-party material); attribution to ABS required,quarterly series: span of all quarters in the file; each quarter is a row in the extraction. 
7,"Australian National Accounts: Finance and Wealth, June 2026",2026-09-24,2012-04-01,2012-06-30,2012-06-30,5232052.xlsx,https://www.abs.gov.au/statistics/economy/national-accounts/australian-national-accounts-finance-and-wealth/jun-2026/5232052.xlsx,58693,b1567b8a190e1e63f3e8e3483a507e079b38ba62e843eb98ea6162f3eadc6555,2026-10-03,ABS website content is under Creative Commons Attribution 4.0 International (excluding logos/Coat of Arms/third-party material); attribution to ABS required,quarterly series: span of all quarters in the file; each quarter is a row in the extraction. 
7,"Australian National Accounts: Finance and Wealth, June 2026",2026-09-24,2012-07-01,2012-09-30,2012-09-30,5232052.xlsx,https://www.abs.gov.au/statistics/economy/national-accounts/australian-national-accounts-finance-and-wealth/jun-2026/5232052.xlsx,58693,b1567b8a190e1e63f3e8e3483a507e079b38ba62e843eb98ea6162f3eadc6555,2026-10-03,ABS website content is under Creative Commons Attribution 4.0 International (excluding logos/Coat of Arms/third-party material); attribution to ABS required,quarterly series: span of all quarters in the file; each quarter is a row in the extraction. 
7,"Australian National Accounts: Finance and Wealth, June 2026",2026-09-24,2012-10-01,2012-12-31,2012-12-31,5232052.xlsx,https://www.abs.gov.au/statistics/economy/national-accounts/australian-national-accounts-finance-and-wealth/jun-2026/5232052.xlsx,58693,b1567b8a190e1e63f3e8e3483a507e079b38ba62e843eb98ea6162f3eadc6555,2026-10-03,ABS website content is under Creative Commons Attribution 4.0 International (excluding logos/Coat of Arms/third-party material); attribution to ABS required,quarterly series: span of all quarters in the file; each quarter is a row in the extraction. 
7,"Australian National Accounts: Finance and Wealth, June 2026",2026-09-24,2013-01-01,2013-03-31,2013-03-31,5232052.xlsx,https://www.abs.gov.au/statistics/economy/national-accounts/australian-national-accounts-finance-and-wealth/jun-2026/5232052.xlsx,58693,b1567b8a190e1e63f3e8e3483a507e079b38ba62e843eb98ea6162f3eadc6555,2026-10-03,ABS website content is under Creative Commons Attribution 4.0 International (excluding logos/Coat of Arms/third-party material); attribution to ABS required,quarterly series: span of all quarters in the file; each quarter is a row in the extraction. 
7,"Australian National Accounts: Finance and Wealth, June 2026",2026-09-24,2013-04-01,2013-06-30,2013-06-30,5232052.xlsx,https://www.abs.gov.au/statistics/economy/national-accounts/australian-national-accounts-finance-and-wealth/jun-2026/5232052.xlsx,58693,b1567b8a190e1e63f3e8e3483a507e079b38ba62e843eb98ea6162f3eadc6555,2026-10-03,ABS website content is under Creative Commons Attribution 4.0 International (excluding logos/Coat of Arms/third-party material); attribution to ABS required,quarterly series: span of all quarters in the file; each quarter is a row in the extraction. 
7,"Australian National Accounts: Finance and Wealth, June 2026",2026-09-24,2013-07-01,2013-09-30,2013-09-30,5232052.xlsx,https://www.abs.gov.au/statistics/economy/national-accounts/australian-national-accounts-finance-and-wealth/jun-2026/5232052.xlsx,58693,b1567b8a190e1e63f3e8e3483a507e079b38ba62e843eb98ea6162f3eadc6555,2026-10-03,ABS website content is under Creative Commons Attribution 4.0 International (excluding logos/Coat of Arms/third-party material); attribution to ABS required,quarterly series: span of all quarters in the file; each quarter is a row in the extraction. 
7,"Australian National Accounts: Finance and Wealth, June 2026",2026-09-24,2013-10-01,2013-12-31,2013-12-31,5232052.xlsx,https://www.abs.gov.au/statistics/economy/national-accounts/australian-national-accounts-finance-and-wealth/jun-2026/5232052.xlsx,58693,b1567b8a190e1e63f3e8e3483a507e079b38ba62e843eb98ea6162f3eadc6555,2026-10-03,ABS website content is under Creative Commons Attribution 4.0 International (excluding logos/Coat of Arms/third-party material); attribution to ABS required,quarterly series: span of all quarters in the file; each quarter is a row in the extraction. 
7,"Australian National Accounts: Finance and Wealth, June 2026",2026-09-24,2014-01-01,2014-03-31,2014-03-31,5232052.xlsx,https://www.abs.gov.au/statistics/economy/national-accounts/australian-national-accounts-finance-and-wealth/jun-2026/5232052.xlsx,58693,b1567b8a190e1e63f3e8e3483a507e079b38ba62e843eb98ea6162f3eadc6555,2026-10-03,ABS website content is under Creative Commons Attribution 4.0 International (excluding logos/Coat of Arms/third-party material); attribution to ABS required,quarterly series: span of all quarters in the file; each quarter is a row in the extraction. 
7,"Australian National Accounts: Finance and Wealth, June 2026",2026-09-24,2014-04-01,2014-06-30,2014-06-30,5232052.xlsx,https://www.abs.gov.au/statistics/economy/national-accounts/australian-national-accounts-finance-and-wealth/jun-2026/5232052.xlsx,58693,b1567b8a190e1e63f3e8e3483a507e079b38ba62e843eb98ea6162f3eadc6555,2026-10-03,ABS website content is under Creative Commons Attribution 4.0 International (excluding logos/Coat of Arms/third-party material); attribution to ABS required,quarterly series: span of all quarters in the file; each quarter is a row in the extraction. 
7,"Australian National Accounts: Finance and Wealth, June 2026",2026-09-24,2014-07-01,2014-09-30,2014-09-30,5232052.xlsx,https://www.abs.gov.au/statistics/economy/national-accounts/australian-national-accounts-finance-and-wealth/jun-2026/5232052.xlsx,58693,b1567b8a190e1e63f3e8e3483a507e079b38ba62e843eb98ea6162f3eadc6555,2026-10-03,ABS website content is under Creative Commons Attribution 4.0 International (excluding logos/Coat of Arms/third-party material); attribution to ABS required,quarterly series: span of all quarters in the file; each quarter is a row in the extraction. 
7,"Australian National Accounts: Finance and Wealth, June 2026",2026-09-24,2014-10-01,2014-12-31,2014-12-31,5232052.xlsx,https://www.abs.gov.au/statistics/economy/national-accounts/australian-national-accounts-finance-and-wealth/jun-2026/5232052.xlsx,58693,b1567b8a190e1e63f3e8e3483a507e079b38ba62e843eb98ea6162f3eadc6555,2026-10-03,ABS website content is under Creative Commons Attribution 4.0 International (excluding logos/Coat of Arms/third-party material); attribution to ABS required,quarterly series: span of all quarters in the file; each quarter is a row in the extraction. 
7,"Australian National Accounts: Finance and Wealth, June 2026",2026-09-24,2015-01-01,2015-03-31,2015-03-31,5232052.xlsx,https://www.abs.gov.au/statistics/economy/national-accounts/australian-national-accounts-finance-and-wealth/jun-2026/5232052.xlsx,58693,b1567b8a190e1e63f3e8e3483a507e079b38ba62e843eb98ea6162f3eadc6555,2026-10-03,ABS website content is under Creative Commons Attribution 4.0 International (excluding logos/Coat of Arms/third-party material); attribution to ABS required,quarterly series: span of all quarters in the file; each quarter is a row in the extraction. 
7,"Australian National Accounts: Finance and Wealth, June 2026",2026-09-24,2015-04-01,2015-06-30,2015-06-30,5232052.xlsx,https://www.abs.gov.au/statistics/economy/national-accounts/australian-national-accounts-finance-and-wealth/jun-2026/5232052.xlsx,58693,b1567b8a190e1e63f3e8e3483a507e079b38ba62e843eb98ea6162f3eadc6555,2026-10-03,ABS website content is under Creative Commons Attribution 4.0 International (excluding logos/Coat of Arms/third-party material); attribution to ABS required,quarterly series: span of all quarters in the file; each quarter is a row in the extraction. 
7,"Australian National Accounts: Finance and Wealth, June 2026",2026-09-24,2015-07-01,2015-09-30,2015-09-30,5232052.xlsx,https://www.abs.gov.au/statistics/economy/national-accounts/australian-national-accounts-finance-and-wealth/jun-2026/5232052.xlsx,58693,b1567b8a190e1e63f3e8e3483a507e079b38ba62e843eb98ea6162f3eadc6555,2026-10-03,ABS website content is under Creative Commons Attribution 4.0 International (excluding logos/Coat of Arms/third-party material); attribution to ABS required,quarterly series: span of all quarters in the file; each quarter is a row in the extraction. 
7,"Australian National Accounts: Finance and Wealth, June 2026",2026-09-24,2015-10-01,2015-12-31,2015-12-31,5232052.xlsx,https://www.abs.gov.au/statistics/economy/national-accounts/australian-national-accounts-finance-and-wealth/jun-2026/5232052.xlsx,58693,b1567b8a190e1e63f3e8e3483a507e079b38ba62e843eb98ea6162f3eadc6555,2026-10-03,ABS website content is under Creative Commons Attribution 4.0 International (excluding logos/Coat of Arms/third-party material); attribution to ABS required,quarterly series: span of all quarters in the file; each quarter is a row in the extraction. 
7,"Australian National Accounts: Finance and Wealth, June 2026",2026-09-24,2016-01-01,2016-03-31,2016-03-31,5232052.xlsx,https://www.abs.gov.au/statistics/economy/national-accounts/australian-national-accounts-finance-and-wealth/jun-2026/5232052.xlsx,58693,b1567b8a190e1e63f3e8e3483a507e079b38ba62e843eb98ea6162f3eadc6555,2026-10-03,ABS website content is under Creative Commons Attribution 4.0 International (excluding logos/Coat of Arms/third-party material); attribution to ABS required,quarterly series: span of all quarters in the file; each quarter is a row in the extraction. 
7,"Australian National Accounts: Finance and Wealth, June 2026",2026-09-24,2016-04-01,2016-06-30,2016-06-30,5232052.xlsx,https://www.abs.gov.au/statistics/economy/national-accounts/australian-national-accounts-finance-and-wealth/jun-2026/5232052.xlsx,58693,b1567b8a190e1e63f3e8e3483a507e079b38ba62e843eb98ea6162f3eadc6555,2026-10-03,ABS website content is under Creative Commons Attribution 4.0 International (excluding logos/Coat of Arms/third-party material); attribution to ABS required,quarterly series: span of all quarters in the file; each quarter is a row in the extraction. 
7,"Australian National Accounts: Finance and Wealth, June 2026",2026-09-24,2016-07-01,2016-09-30,2016-09-30,5232052.xlsx,https://www.abs.gov.au/statistics/economy/national-accounts/australian-national-accounts-finance-and-wealth/jun-2026/5232052.xlsx,58693,b1567b8a190e1e63f3e8e3483a507e079b38ba62e843eb98ea6162f3eadc6555,2026-10-03,ABS website content is under Creative Commons Attribution 4.0 International (excluding logos/Coat of Arms/third-party material); attribution to ABS required,quarterly series: span of all quarters in the file; each quarter is a row in the extraction. 
7,"Australian National Accounts: Finance and Wealth, June 2026",2026-09-24,2016-10-01,2016-12-31,2016-12-31,5232052.xlsx,https://www.abs.gov.au/statistics/economy/national-accounts/australian-national-accounts-finance-and-wealth/jun-2026/5232052.xlsx,58693,b1567b8a190e1e63f3e8e3483a507e079b38ba62e843eb98ea6162f3eadc6555,2026-10-03,ABS website content is under Creative Commons Attribution 4.0 International (excluding logos/Coat of Arms/third-party material); attribution to ABS required,quarterly series: span of all quarters in the file; each quarter is a row in the extraction. 
7,"Australian National Accounts: Finance and Wealth, June 2026",2026-09-24,2017-01-01,2017-03-31,2017-03-31,5232052.xlsx,https://www.abs.gov.au/statistics/economy/national-accounts/australian-national-accounts-finance-and-wealth/jun-2026/5232052.xlsx,58693,b1567b8a190e1e63f3e8e3483a507e079b38ba62e843eb98ea6162f3eadc6555,2026-10-03,ABS website content is under Creative Commons Attribution 4.0 International (excluding logos/Coat of Arms/third-party material); attribution to ABS required,quarterly series: span of all quarters in the file; each quarter is a row in the extraction. 
7,"Australian National Accounts: Finance and Wealth, June 2026",2026-09-24,2017-04-01,2017-06-30,2017-06-30,5232052.xlsx,https://www.abs.gov.au/statistics/economy/national-accounts/australian-national-accounts-finance-and-wealth/jun-2026/5232052.xlsx,58693,b1567b8a190e1e63f3e8e3483a507e079b38ba62e843eb98ea6162f3eadc6555,2026-10-03,ABS website content is under Creative Commons Attribution 4.0 International (excluding logos/Coat of Arms/third-party material); attribution to ABS required,quarterly series: span of all quarters in the file; each quarter is a row in the extraction. 
7,"Australian National Accounts: Finance and Wealth, June 2026",2026-09-24,2017-07-01,2017-09-30,2017-09-30,5232052.xlsx,https://www.abs.gov.au/statistics/economy/national-accounts/australian-national-accounts-finance-and-wealth/jun-2026/5232052.xlsx,58693,b1567b8a190e1e63f3e8e3483a507e079b38ba62e843eb98ea6162f3eadc6555,2026-10-03,ABS website content is under Creative Commons Attribution 4.0 International (excluding logos/Coat of Arms/third-party material); attribution to ABS required,quarterly series: span of all quarters in the file; each quarter is a row in the extraction. 
7,"Australian National Accounts: Finance and Wealth, June 2026",2026-09-24,2017-10-01,2017-12-31,2017-12-31,5232052.xlsx,https://www.abs.gov.au/statistics/economy/national-accounts/australian-national-accounts-finance-and-wealth/jun-2026/5232052.xlsx,58693,b1567b8a190e1e63f3e8e3483a507e079b38ba62e843eb98ea6162f3eadc6555,2026-10-03,ABS website content is under Creative Commons Attribution 4.0 International (excluding logos/Coat of Arms/third-party material); attribution to ABS required,quarterly series: span of all quarters in the file; each quarter is a row in the extraction. 
7,"Australian National Accounts: Finance and Wealth, June 2026",2026-09-24,2018-01-01,2018-03-31,2018-03-31,5232052.xlsx,https://www.abs.gov.au/statistics/economy/national-accounts/australian-national-accounts-finance-and-wealth/jun-2026/5232052.xlsx,58693,b1567b8a190e1e63f3e8e3483a507e079b38ba62e843eb98ea6162f3eadc6555,2026-10-03,ABS website content is under Creative Commons Attribution 4.0 International (excluding logos/Coat of Arms/third-party material); attribution to ABS required,quarterly series: span of all quarters in the file; each quarter is a row in the extraction. 
7,"Australian National Accounts: Finance and Wealth, June 2026",2026-09-24,2018-04-01,2018-06-30,2018-06-30,5232052.xlsx,https://www.abs.gov.au/statistics/economy/national-accounts/australian-national-accounts-finance-and-wealth/jun-2026/5232052.xlsx,58693,b1567b8a190e1e63f3e8e3483a507e079b38ba62e843eb98ea6162f3eadc6555,2026-10-03,ABS website content is under Creative Commons Attribution 4.0 International (excluding logos/Coat of Arms/third-party material); attribution to ABS required,quarterly series: span of all quarters in the file; each quarter is a row in the extraction. 
7,"Australian National Accounts: Finance and Wealth, June 2026",2026-09-24,2018-07-01,2018-09-30,2018-09-30,5232052.xlsx,https://www.abs.gov.au/statistics/economy/national-accounts/australian-national-accounts-finance-and-wealth/jun-2026/5232052.xlsx,58693,b1567b8a190e1e63f3e8e3483a507e079b38ba62e843eb98ea6162f3eadc6555,2026-10-03,ABS website content is under Creative Commons Attribution 4.0 International (excluding logos/Coat of Arms/third-party material); attribution to ABS required,quarterly series: span of all quarters in the file; each quarter is a row in the extraction. 
7,"Australian National Accounts: Finance and Wealth, June 2026",2026-09-24,2018-10-01,2018-12-31,2018-12-31,5232052.xlsx,https://www.abs.gov.au/statistics/economy/national-accounts/australian-national-accounts-finance-and-wealth/jun-2026/5232052.xlsx,58693,b1567b8a190e1e63f3e8e3483a507e079b38ba62e843eb98ea6162f3eadc6555,2026-10-03,ABS website content is under Creative Commons Attribution 4.0 International (excluding logos/Coat of Arms/third-party material); attribution to ABS required,quarterly series: span of all quarters in the file; each quarter is a row in the extraction. 
7,"Australian National Accounts: Finance and Wealth, June 2026",2026-09-24,2019-01-01,2019-03-31,2019-03-31,5232052.xlsx,https://www.abs.gov.au/statistics/economy/national-accounts/australian-national-accounts-finance-and-wealth/jun-2026/5232052.xlsx,58693,b1567b8a190e1e63f3e8e3483a507e079b38ba62e843eb98ea6162f3eadc6555,2026-10-03,ABS website content is under Creative Commons Attribution 4.0 International (excluding logos/Coat of Arms/third-party material); attribution to ABS required,quarterly series: span of all quarters in the file; each quarter is a row in the extraction. 
7,"Australian National Accounts: Finance and Wealth, June 2026",2026-09-24,2019-04-01,2019-06-30,2019-06-30,5232052.xlsx,https://www.abs.gov.au/statistics/economy/national-accounts/australian-national-accounts-finance-and-wealth/jun-2026/5232052.xlsx,58693,b1567b8a190e1e63f3e8e3483a507e079b38ba62e843eb98ea6162f3eadc6555,2026-10-03,ABS website content is under Creative Commons Attribution 4.0 International (excluding logos/Coat of Arms/third-party material); attribution to ABS required,quarterly series: span of all quarters in the file; each quarter is a row in the extraction. 
7,"Australian National Accounts: Finance and Wealth, June 2026",2026-09-24,2019-07-01,2019-09-30,2019-09-30,5232052.xlsx,https://www.abs.gov.au/statistics/economy/national-accounts/australian-national-accounts-finance-and-wealth/jun-2026/5232052.xlsx,58693,b1567b8a190e1e63f3e8e3483a507e079b38ba62e843eb98ea6162f3eadc6555,2026-10-03,ABS website content is under Creative Commons Attribution 4.0 International (excluding logos/Coat of Arms/third-party material); attribution to ABS required,quarterly series: span of all quarters in the file; each quarter is a row in the extraction. 
7,"Australian National Accounts: Finance and Wealth, June 2026",2026-09-24,2019-10-01,2019-12-31,2019-12-31,5232052.xlsx,https://www.abs.gov.au/statistics/economy/national-accounts/australian-national-accounts-finance-and-wealth/jun-2026/5232052.xlsx,58693,b1567b8a190e1e63f3e8e3483a507e079b38ba62e843eb98ea6162f3eadc6555,2026-10-03,ABS website content is under Creative Commons Attribution 4.0 International (excluding logos/Coat of Arms/third-party material); attribution to ABS required,quarterly series: span of all quarters in the file; each quarter is a row in the extraction. 
7,"Australian National Accounts: Finance and Wealth, June 2026",2026-09-24,2020-01-01,2020-03-31,2020-03-31,5232052.xlsx,https://www.abs.gov.au/statistics/economy/national-accounts/australian-national-accounts-finance-and-wealth/jun-2026/5232052.xlsx,58693,b1567b8a190e1e63f3e8e3483a507e079b38ba62e843eb98ea6162f3eadc6555,2026-10-03,ABS website content is under Creative Commons Attribution 4.0 International (excluding logos/Coat of Arms/third-party material); attribution to ABS required,quarterly series: span of all quarters in the file; each quarter is a row in the extraction. 
7,"Australian National Accounts: Finance and Wealth, June 2026",2026-09-24,2020-04-01,2020-06-30,2020-06-30,5232052.xlsx,https://www.abs.gov.au/statistics/economy/national-accounts/australian-national-accounts-finance-and-wealth/jun-2026/5232052.xlsx,58693,b1567b8a190e1e63f3e8e3483a507e079b38ba62e843eb98ea6162f3eadc6555,2026-10-03,ABS website content is under Creative Commons Attribution 4.0 International (excluding logos/Coat of Arms/third-party material); attribution to ABS required,quarterly series: span of all quarters in the file; each quarter is a row in the extraction. 
7,"Australian National Accounts: Finance and Wealth, June 2026",2026-09-24,2020-07-01,2020-09-30,2020-09-30,5232052.xlsx,https://www.abs.gov.au/statistics/economy/national-accounts/australian-national-accounts-finance-and-wealth/jun-2026/5232052.xlsx,58693,b1567b8a190e1e63f3e8e3483a507e079b38ba62e843eb98ea6162f3eadc6555,2026-10-03,ABS website content is under Creative Commons Attribution 4.0 International (excluding logos/Coat of Arms/third-party material); attribution to ABS required,quarterly series: span of all quarters in the file; each quarter is a row in the extraction. 
7,"Australian National Accounts: Finance and Wealth, June 2026",2026-09-24,2020-10-01,2020-12-31,2020-12-31,5232052.xlsx,https://www.abs.gov.au/statistics/economy/national-accounts/australian-national-accounts-finance-and-wealth/jun-2026/5232052.xlsx,58693,b1567b8a190e1e63f3e8e3483a507e079b38ba62e843eb98ea6162f3eadc6555,2026-10-03,ABS website content is under Creative Commons Attribution 4.0 International (excluding logos/Coat of Arms/third-party material); attribution to ABS required,quarterly series: span of all quarters in the file; each quarter is a row in the extraction. 
7,"Australian National Accounts: Finance and Wealth, June 2026",2026-09-24,2021-01-01,2021-03-31,2021-03-31,5232052.xlsx,https://www.abs.gov.au/statistics/economy/national-accounts/australian-national-accounts-finance-and-wealth/jun-2026/5232052.xlsx,58693,b1567b8a190e1e63f3e8e3483a507e079b38ba62e843eb98ea6162f3eadc6555,2026-10-03,ABS website content is under Creative Commons Attribution 4.0 International (excluding logos/Coat of Arms/third-party material); attribution to ABS required,quarterly series: span of all quarters in the file; each quarter is a row in the extraction. 
7,"Australian National Accounts: Finance and Wealth, June 2026",2026-09-24,2021-04-01,2021-06-30,2021-06-30,5232052.xlsx,https://www.abs.gov.au/statistics/economy/national-accounts/australian-national-accounts-finance-and-wealth/jun-2026/5232052.xlsx,58693,b1567b8a190e1e63f3e8e3483a507e079b38ba62e843eb98ea6162f3eadc6555,2026-10-03,ABS website content is under Creative Commons Attribution 4.0 International (excluding logos/Coat of Arms/third-party material); attribution to ABS required,quarterly series: span of all quarters in the file; each quarter is a row in the extraction. 
7,"Australian National Accounts: Finance and Wealth, June 2026",2026-09-24,2021-07-01,2021-09-30,2021-09-30,5232052.xlsx,https://www.abs.gov.au/statistics/economy/national-accounts/australian-national-accounts-finance-and-wealth/jun-2026/5232052.xlsx,58693,b1567b8a190e1e63f3e8e3483a507e079b38ba62e843eb98ea6162f3eadc6555,2026-10-03,ABS website content is under Creative Commons Attribution 4.0 International (excluding logos/Coat of Arms/third-party material); attribution to ABS required,quarterly series: span of all quarters in the file; each quarter is a row in the extraction. 
7,"Australian National Accounts: Finance and Wealth, June 2026",2026-09-24,2021-10-01,2021-12-31,2021-12-31,5232052.xlsx,https://www.abs.gov.au/statistics/economy/national-accounts/australian-national-accounts-finance-and-wealth/jun-2026/5232052.xlsx,58693,b1567b8a190e1e63f3e8e3483a507e079b38ba62e843eb98ea6162f3eadc6555,2026-10-03,ABS website content is under Creative Commons Attribution 4.0 International (excluding logos/Coat of Arms/third-party material); attribution to ABS required,quarterly series: span of all quarters in the file; each quarter is a row in the extraction. 
7,"Australian National Accounts: Finance and Wealth, June 2026",2026-09-24,2022-01-01,2022-03-31,2022-03-31,5232052.xlsx,https://www.abs.gov.au/statistics/economy/national-accounts/australian-national-accounts-finance-and-wealth/jun-2026/5232052.xlsx,58693,b1567b8a190e1e63f3e8e3483a507e079b38ba62e843eb98ea6162f3eadc6555,2026-10-03,ABS website content is under Creative Commons Attribution 4.0 International (excluding logos/Coat of Arms/third-party material); attribution to ABS required,quarterly series: span of all quarters in the file; each quarter is a row in the extraction. 
7,"Australian National Accounts: Finance and Wealth, June 2026",2026-09-24,2022-04-01,2022-06-30,2022-06-30,5232052.xlsx,https://www.abs.gov.au/statistics/economy/national-accounts/australian-national-accounts-finance-and-wealth/jun-2026/5232052.xlsx,58693,b1567b8a190e1e63f3e8e3483a507e079b38ba62e843eb98ea6162f3eadc6555,2026-10-03,ABS website content is under Creative Commons Attribution 4.0 International (excluding logos/Coat of Arms/third-party material); attribution to ABS required,quarterly series: span of all quarters in the file; each quarter is a row in the extraction. 
7,"Australian National Accounts: Finance and Wealth, June 2026",2026-09-24,2022-07-01,2022-09-30,2022-09-30,5232052.xlsx,https://www.abs.gov.au/statistics/economy/national-accounts/australian-national-accounts-finance-and-wealth/jun-2026/5232052.xlsx,58693,b1567b8a190e1e63f3e8e3483a507e079b38ba62e843eb98ea6162f3eadc6555,2026-10-03,ABS website content is under Creative Commons Attribution 4.0 International (excluding logos/Coat of Arms/third-party material); attribution to ABS required,quarterly series: span of all quarters in the file; each quarter is a row in the extraction. 
7,"Australian National Accounts: Finance and Wealth, June 2026",2026-09-24,2022-10-01,2022-12-31,2022-12-31,5232052.xlsx,https://www.abs.gov.au/statistics/economy/national-accounts/australian-national-accounts-finance-and-wealth/jun-2026/5232052.xlsx,58693,b1567b8a190e1e63f3e8e3483a507e079b38ba62e843eb98ea6162f3eadc6555,2026-10-03,ABS website content is under Creative Commons Attribution 4.0 International (excluding logos/Coat of Arms/third-party material); attribution to ABS required,quarterly series: span of all quarters in the file; each quarter is a row in the extraction. 
7,"Australian National Accounts: Finance and Wealth, June 2026",2026-09-24,2023-01-01,2023-03-31,2023-03-31,5232052.xlsx,https://www.abs.gov.au/statistics/economy/national-accounts/australian-national-accounts-finance-and-wealth/jun-2026/5232052.xlsx,58693,b1567b8a190e1e63f3e8e3483a507e079b38ba62e843eb98ea6162f3eadc6555,2026-10-03,ABS website content is under Creative Commons Attribution 4.0 International (excluding logos/Coat of Arms/third-party material); attribution to ABS required,quarterly series: span of all quarters in the file; each quarter is a row in the extraction. 
7,"Australian National Accounts: Finance and Wealth, June 2026",2026-09-24,2023-04-01,2023-06-30,2023-06-30,5232052.xlsx,https://www.abs.gov.au/statistics/economy/national-accounts/australian-national-accounts-finance-and-wealth/jun-2026/5232052.xlsx,58693,b1567b8a190e1e63f3e8e3483a507e079b38ba62e843eb98ea6162f3eadc6555,2026-10-03,ABS website content is under Creative Commons Attribution 4.0 International (excluding logos/Coat of Arms/third-party material); attribution to ABS required,quarterly series: span of all quarters in the file; each quarter is a row in the extraction. 
7,"Australian National Accounts: Finance and Wealth, June 2026",2026-09-24,2023-07-01,2023-09-30,2023-09-30,5232052.xlsx,https://www.abs.gov.au/statistics/economy/national-accounts/australian-national-accounts-finance-and-wealth/jun-2026/5232052.xlsx,58693,b1567b8a190e1e63f3e8e3483a507e079b38ba62e843eb98ea6162f3eadc6555,2026-10-03,ABS website content is under Creative Commons Attribution 4.0 International (excluding logos/Coat of Arms/third-party material); attribution to ABS required,quarterly series: span of all quarters in the file; each quarter is a row in the extraction. 
7,"Australian National Accounts: Finance and Wealth, June 2026",2026-09-24,2023-10-01,2023-12-31,2023-12-31,5232052.xlsx,https://www.abs.gov.au/statistics/economy/national-accounts/australian-national-accounts-finance-and-wealth/jun-2026/5232052.xlsx,58693,b1567b8a190e1e63f3e8e3483a507e079b38ba62e843eb98ea6162f3eadc6555,2026-10-03,ABS website content is under Creative Commons Attribution 4.0 International (excluding logos/Coat of Arms/third-party material); attribution to ABS required,quarterly series: span of all quarters in the file; each quarter is a row in the extraction. 
7,"Australian National Accounts: Finance and Wealth, June 2026",2026-09-24,2024-01-01,2024-03-31,2024-03-31,5232052.xlsx,https://www.abs.gov.au/statistics/economy/national-accounts/australian-national-accounts-finance-and-wealth/jun-2026/5232052.xlsx,58693,b1567b8a190e1e63f3e8e3483a507e079b38ba62e843eb98ea6162f3eadc6555,2026-10-03,ABS website content is under Creative Commons Attribution 4.0 International (excluding logos/Coat of Arms/third-party material); attribution to ABS required,quarterly series: span of all quarters in the file; each quarter is a row in the extraction. 
7,"Australian National Accounts: Finance and Wealth, June 2026",2026-09-24,2024-04-01,2024-06-30,2024-06-30,5232052.xlsx,https://www.abs.gov.au/statistics/economy/national-accounts/australian-national-accounts-finance-and-wealth/jun-2026/5232052.xlsx,58693,b1567b8a190e1e63f3e8e3483a507e079b38ba62e843eb98ea6162f3eadc6555,2026-10-03,ABS website content is under Creative Commons Attribution 4.0 International (excluding logos/Coat of Arms/third-party material); attribution to ABS required,quarterly series: span of all quarters in the file; each quarter is a row in the extraction. 
7,"Australian National Accounts: Finance and Wealth, June 2026",2026-09-24,2024-07-01,2024-09-30,2024-09-30,5232052.xlsx,https://www.abs.gov.au/statistics/economy/national-accounts/australian-national-accounts-finance-and-wealth/jun-2026/5232052.xlsx,58693,b1567b8a190e1e63f3e8e3483a507e079b38ba62e843eb98ea6162f3eadc6555,2026-10-03,ABS website content is under Creative Commons Attribution 4.0 International (excluding logos/Coat of Arms/third-party material); attribution to ABS required,quarterly series: span of all quarters in the file; each quarter is a row in the extraction. 
7,"Australian National Accounts: Finance and Wealth, June 2026",2026-09-24,2024-10-01,2024-12-31,2024-12-31,5232052.xlsx,https://www.abs.gov.au/statistics/economy/national-accounts/australian-national-accounts-finance-and-wealth/jun-2026/5232052.xlsx,58693,b1567b8a190e1e63f3e8e3483a507e079b38ba62e843eb98ea6162f3eadc6555,2026-10-03,ABS website content is under Creative Commons Attribution 4.0 International (excluding logos/Coat of Arms/third-party material); attribution to ABS required,quarterly series: span of all quarters in the file; each quarter is a row in the extraction. 
7,"Australian National Accounts: Finance and Wealth, June 2026",2026-09-24,2025-01-01,2025-03-31,2025-03-31,5232052.xlsx,https://www.abs.gov.au/statistics/economy/national-accounts/australian-national-accounts-finance-and-wealth/jun-2026/5232052.xlsx,58693,b1567b8a190e1e63f3e8e3483a507e079b38ba62e843eb98ea6162f3eadc6555,2026-10-03,ABS website content is under Creative Commons Attribution 4.0 International (excluding logos/Coat of Arms/third-party material); attribution to ABS required,quarterly series: span of all quarters in the file; each quarter is a row in the extraction. 
7,"Australian National Accounts: Finance and Wealth, June 2026",2026-09-24,2025-04-01,2025-06-30,2025-06-30,5232052.xlsx,https://www.abs.gov.au/statistics/economy/national-accounts/australian-national-accounts-finance-and-wealth/jun-2026/5232052.xlsx,58693,b1567b8a190e1e63f3e8e3483a507e079b38ba62e843eb98ea6162f3eadc6555,2026-10-03,ABS website content is under Creative Commons Attribution 4.0 International (excluding logos/Coat of Arms/third-party material); attribution to ABS required,quarterly series: span of all quarters in the file; each quarter is a row in the extraction. 
7,"Australian National Accounts: Finance and Wealth, June 2026",2026-09-24,2025-07-01,2025-09-30,2025-09-30,5232052.xlsx,https://www.abs.gov.au/statistics/economy/national-accounts/australian-national-accounts-finance-and-wealth/jun-2026/5232052.xlsx,58693,b1567b8a190e1e63f3e8e3483a507e079b38ba62e843eb98ea6162f3eadc6555,2026-10-03,ABS website content is under Creative Commons Attribution 4.0 International (excluding logos/Coat of Arms/third-party material); attribution to ABS required,quarterly series: span of all quarters in the file; each quarter is a row in the extraction. 
7,"Australian National Accounts: Finance and Wealth, June 2026",2026-09-24,2025-10-01,2025-12-31,2025-12-31,5232052.xlsx,https://www.abs.gov.au/statistics/economy/national-accounts/australian-national-accounts-finance-and-wealth/jun-2026/5232052.xlsx,58693,b1567b8a190e1e63f3e8e3483a507e079b38ba62e843eb98ea6162f3eadc6555,2026-10-03,ABS website content is under Creative Commons Attribution 4.0 International (excluding logos/Coat of Arms/third-party material); attribution to ABS required,quarterly series: span of all quarters in the file; each quarter is a row in the extraction. 
7,"Australian National Accounts: Finance and Wealth, June 2026",2026-09-24,2026-01-01,2026-03-31,2026-03-31,5232052.xlsx,https://www.abs.gov.au/statistics/economy/national-accounts/australian-national-accounts-finance-and-wealth/jun-2026/5232052.xlsx,58693,b1567b8a190e1e63f3e8e3483a507e079b38ba62e843eb98ea6162f3eadc6555,2026-10-03,ABS website content is under Creative Commons Attribution 4.0 International (excluding logos/Coat of Arms/third-party material); attribution to ABS required,quarterly series: span of all quarters in the file; each quarter is a row in the extraction. 
7,"Australian National Accounts: Finance and Wealth, June 2026",2026-09-24,2026-04-01,2026-06-30,2026-06-30,5232052.xlsx,https://www.abs.gov.au/statistics/economy/national-accounts/australian-national-accounts-finance-and-wealth/jun-2026/5232052.xlsx,58693,b1567b8a190e1e63f3e8e3483a507e079b38ba62e843eb98ea6162f3eadc6555,2026-10-03,ABS website content is under Creative Commons Attribution 4.0 International (excluding logos/Coat of Arms/third-party material); attribution to ABS required,quarterly series: span of all quarters in the file; each quarter is a row in the extraction. 
7,"Household Income and Wealth, Australia, 2019-20 financial year",2022-04-28,2009-07-01,2010-06-30,,hiw_2.xlsx,https://www.abs.gov.au/statistics/economy/finance/household-income-and-wealth-australia/2019-20/2.%20Household%20wealth%20and%20wealth%20distribution.xlsx,121181,2937c8ebb5ce75cff6321f28ee38c68607d7a855cc940670055aeac85b3a8015,2026-10-03,ABS website content is under Creative Commons Attribution 4.0 International (excluding logos/Coat of Arms/third-party material); attribution to ABS required,
7,"Household Income and Wealth, Australia, 2019-20 financial year",2022-04-28,2009-07-01,2010-06-30,,hiw_3.xlsx,https://www.abs.gov.au/statistics/economy/finance/household-income-and-wealth-australia/2019-20/3.%20Income%2C%20wealth%20and%20debt.xlsx,938547,2d9d508fe8b19955b0633b63d3ba7f3ada2a6ba82ddeebbd8ebbe794de986c44,2026-10-03,ABS website content is under Creative Commons Attribution 4.0 International (excluding logos/Coat of Arms/third-party material); attribution to ABS required,
7,"Household Income and Wealth, Australia, 2019-20 financial year",2022-04-28,2011-07-01,2012-06-30,,hiw_2.xlsx,https://www.abs.gov.au/statistics/economy/finance/household-income-and-wealth-australia/2019-20/2.%20Household%20wealth%20and%20wealth%20distribution.xlsx,121181,2937c8ebb5ce75cff6321f28ee38c68607d7a855cc940670055aeac85b3a8015,2026-10-03,ABS website content is under Creative Commons Attribution 4.0 International (excluding logos/Coat of Arms/third-party material); attribution to ABS required,
7,"Household Income and Wealth, Australia, 2019-20 financial year",2022-04-28,2011-07-01,2012-06-30,,hiw_3.xlsx,https://www.abs.gov.au/statistics/economy/finance/household-income-and-wealth-australia/2019-20/3.%20Income%2C%20wealth%20and%20debt.xlsx,938547,2d9d508fe8b19955b0633b63d3ba7f3ada2a6ba82ddeebbd8ebbe794de986c44,2026-10-03,ABS website content is under Creative Commons Attribution 4.0 International (excluding logos/Coat of Arms/third-party material); attribution to ABS required,
7,"Household Income and Wealth, Australia, 2019-20 financial year",2022-04-28,2013-07-01,2014-06-30,,hiw_2.xlsx,https://www.abs.gov.au/statistics/economy/finance/household-income-and-wealth-australia/2019-20/2.%20Household%20wealth%20and%20wealth%20distribution.xlsx,121181,2937c8ebb5ce75cff6321f28ee38c68607d7a855cc940670055aeac85b3a8015,2026-10-03,ABS website content is under Creative Commons Attribution 4.0 International (excluding logos/Coat of Arms/third-party material); attribution to ABS required,
7,"Household Income and Wealth, Australia, 2019-20 financial year",2022-04-28,2013-07-01,2014-06-30,,hiw_3.xlsx,https://www.abs.gov.au/statistics/economy/finance/household-income-and-wealth-australia/2019-20/3.%20Income%2C%20wealth%20and%20debt.xlsx,938547,2d9d508fe8b19955b0633b63d3ba7f3ada2a6ba82ddeebbd8ebbe794de986c44,2026-10-03,ABS website content is under Creative Commons Attribution 4.0 International (excluding logos/Coat of Arms/third-party material); attribution to ABS required,
7,"Household Income and Wealth, Australia, 2019-20 financial year",2022-04-28,2015-07-01,2016-06-30,,hiw_2.xlsx,https://www.abs.gov.au/statistics/economy/finance/household-income-and-wealth-australia/2019-20/2.%20Household%20wealth%20and%20wealth%20distribution.xlsx,121181,2937c8ebb5ce75cff6321f28ee38c68607d7a855cc940670055aeac85b3a8015,2026-10-03,ABS website content is under Creative Commons Attribution 4.0 International (excluding logos/Coat of Arms/third-party material); attribution to ABS required,
7,"Household Income and Wealth, Australia, 2019-20 financial year",2022-04-28,2015-07-01,2016-06-30,,hiw_3.xlsx,https://www.abs.gov.au/statistics/economy/finance/household-income-and-wealth-australia/2019-20/3.%20Income%2C%20wealth%20and%20debt.xlsx,938547,2d9d508fe8b19955b0633b63d3ba7f3ada2a6ba82ddeebbd8ebbe794de986c44,2026-10-03,ABS website content is under Creative Commons Attribution 4.0 International (excluding logos/Coat of Arms/third-party material); attribution to ABS required,
7,"Household Income and Wealth, Australia, 2019-20 financial year",2022-04-28,2017-07-01,2018-06-30,,hiw_2.xlsx,https://www.abs.gov.au/statistics/economy/finance/household-income-and-wealth-australia/2019-20/2.%20Household%20wealth%20and%20wealth%20distribution.xlsx,121181,2937c8ebb5ce75cff6321f28ee38c68607d7a855cc940670055aeac85b3a8015,2026-10-03,ABS website content is under Creative Commons Attribution 4.0 International (excluding logos/Coat of Arms/third-party material); attribution to ABS required,
7,"Household Income and Wealth, Australia, 2019-20 financial year",2022-04-28,2017-07-01,2018-06-30,,hiw_3.xlsx,https://www.abs.gov.au/statistics/economy/finance/household-income-and-wealth-australia/2019-20/3.%20Income%2C%20wealth%20and%20debt.xlsx,938547,2d9d508fe8b19955b0633b63d3ba7f3ada2a6ba82ddeebbd8ebbe794de986c44,2026-10-03,ABS website content is under Creative Commons Attribution 4.0 International (excluding logos/Coat of Arms/third-party material); attribution to ABS required,
7,"Household Income and Wealth, Australia, 2019-20 financial year",2022-04-28,2019-07-01,2020-06-30,,hiw_2.xlsx,https://www.abs.gov.au/statistics/economy/finance/household-income-and-wealth-australia/2019-20/2.%20Household%20wealth%20and%20wealth%20distribution.xlsx,121181,2937c8ebb5ce75cff6321f28ee38c68607d7a855cc940670055aeac85b3a8015,2026-10-03,ABS website content is under Creative Commons Attribution 4.0 International (excluding logos/Coat of Arms/third-party material); attribution to ABS required,
7,"Household Income and Wealth, Australia, 2019-20 financial year",2022-04-28,2019-07-01,2020-06-30,,hiw_3.xlsx,https://www.abs.gov.au/statistics/economy/finance/household-income-and-wealth-australia/2019-20/3.%20Income%2C%20wealth%20and%20debt.xlsx,938547,2d9d508fe8b19955b0633b63d3ba7f3ada2a6ba82ddeebbd8ebbe794de986c44,2026-10-03,ABS website content is under Creative Commons Attribution 4.0 International (excluding logos/Coat of Arms/third-party material); attribution to ABS required,
8,"HCES 2022-23 Factsheet (MoSPI/NSO), published February 2024 (exact day not stated in the file)",,2011-07-01,2012-06-30,,Factsheet_HCES_2022-23.pdf,https://www.mospi.gov.in/sites/default/files/publication_reports/Factsheet_HCES_2022-23.pdf?download=1,5911399,2993c572f87f8b58c9c4ddc075431b2d2f2593aef00914f136d11ac434e3e9fc,2026-10-03,"Per MoSPI Copyright Policy page (read 03/10/2026): website material may be reproduced accurately; NSO/MoSPI-owned datasets classed Category A under the Statistical Data Dissemination Guidelines 2026 may be used/reproduced/redistributed/adapted with due credit, subject to law; third-party material excluded. Category status of this specific document not verified.",
8,"HCES 2022-23 Factsheet (MoSPI/NSO), published February 2024 (exact day not stated in the file)",,2022-08-01,2023-07-31,,Factsheet_HCES_2022-23.pdf,https://www.mospi.gov.in/sites/default/files/publication_reports/Factsheet_HCES_2022-23.pdf?download=1,5911399,2993c572f87f8b58c9c4ddc075431b2d2f2593aef00914f136d11ac434e3e9fc,2026-10-03,"Per MoSPI Copyright Policy page (read 03/10/2026): website material may be reproduced accurately; NSO/MoSPI-owned datasets classed Category A under the Statistical Data Dissemination Guidelines 2026 may be used/reproduced/redistributed/adapted with due credit, subject to law; third-party material excluded. Category status of this specific document not verified.",
8,HCES 2023-24 Factsheet (MoSPI/NSO),2024-12-27,2011-07-01,2012-06-30,,HCES_FactSheet_2023-24.pdf,https://www.mospi.gov.in/sites/default/files/publication_reports/HCES%20FactSheet%202023-24.pdf,2615083,31d4ce93ce9396b4042d226408b6d12e4be2006e0b716a0d63995d913b13f76e,2026-10-03,"Per MoSPI Copyright Policy page (read 03/10/2026): website material may be reproduced accurately; NSO/MoSPI-owned datasets classed Category A under the Statistical Data Dissemination Guidelines 2026 may be used/reproduced/redistributed/adapted with due credit, subject to law; third-party material excluded. Category status of this specific document not verified.",
8,HCES 2023-24 Factsheet (MoSPI/NSO),2024-12-27,2022-08-01,2023-07-31,,HCES_FactSheet_2023-24.pdf,https://www.mospi.gov.in/sites/default/files/publication_reports/HCES%20FactSheet%202023-24.pdf,2615083,31d4ce93ce9396b4042d226408b6d12e4be2006e0b716a0d63995d913b13f76e,2026-10-03,"Per MoSPI Copyright Policy page (read 03/10/2026): website material may be reproduced accurately; NSO/MoSPI-owned datasets classed Category A under the Statistical Data Dissemination Guidelines 2026 may be used/reproduced/redistributed/adapted with due credit, subject to law; third-party material excluded. Category status of this specific document not verified.",
8,HCES 2023-24 Factsheet (MoSPI/NSO),2024-12-27,2023-08-01,2024-07-31,,HCES_FactSheet_2023-24.pdf,https://www.mospi.gov.in/sites/default/files/publication_reports/HCES%20FactSheet%202023-24.pdf,2615083,31d4ce93ce9396b4042d226408b6d12e4be2006e0b716a0d63995d913b13f76e,2026-10-03,"Per MoSPI Copyright Policy page (read 03/10/2026): website material may be reproduced accurately; NSO/MoSPI-owned datasets classed Category A under the Statistical Data Dissemination Guidelines 2026 may be used/reproduced/redistributed/adapted with due credit, subject to law; third-party material excluded. Category status of this specific document not verified.",
8,HCES 2023-24 detailed report press note (MoSPI/NSO),2025-01-30,2022-08-01,2023-07-31,,HCES_Report202324_Press_Note_30012025.pdf,https://mospi.gov.in/sites/default/files/press_release/HCES_Report202324_Press_Note_30012025.pdf,274658,34e7e8bf64c8e78094dc338064f3c68e848021209f4bee8bc9849b329d3d74ca,2026-10-03,"Per MoSPI Copyright Policy page (read 03/10/2026): website material may be reproduced accurately; NSO/MoSPI-owned datasets classed Category A under the Statistical Data Dissemination Guidelines 2026 may be used/reproduced/redistributed/adapted with due credit, subject to law; third-party material excluded. Category status of this specific document not verified.",
8,HCES 2023-24 detailed report press note (MoSPI/NSO),2025-01-30,2023-08-01,2024-07-31,,HCES_Report202324_Press_Note_30012025.pdf,https://mospi.gov.in/sites/default/files/press_release/HCES_Report202324_Press_Note_30012025.pdf,274658,34e7e8bf64c8e78094dc338064f3c68e848021209f4bee8bc9849b329d3d74ca,2026-10-03,"Per MoSPI Copyright Policy page (read 03/10/2026): website material may be reproduced accurately; NSO/MoSPI-owned datasets classed Category A under the Statistical Data Dissemination Guidelines 2026 may be used/reproduced/redistributed/adapted with due credit, subject to law; third-party material excluded. Category status of this specific document not verified.",
8,"NSS 68th round Key Indicators of Household Consumer Expenditure in India, NSS KI (68/1.0), June 2013 (exact day not stated on cover)",,2011-07-01,2012-06-30,,KI-68th-HCE.pdf,https://www.mospi.gov.in/sites/default/files/publication_reports/KI-68th-HCE.pdf,15800263,a81a579b04d7563203befc61f6df76903393937173f8211cf9266ac727078079,2026-10-03,"Per MoSPI Copyright Policy page (read 03/10/2026): website material may be reproduced accurately; NSO/MoSPI-owned datasets classed Category A under the Statistical Data Dissemination Guidelines 2026 may be used/reproduced/redistributed/adapted with due credit, subject to law; third-party material excluded. Category status of this specific document not verified.",
9,MoSPI AIDIS theme page dashboard (read 03/10/2026; reproduces NSS Report No. 588 indicators),2026-10-03,2019-01-01,2019-12-31,2018-06-30,mospi_aidis_theme_dashboard_capture_2026-10-03.txt,https://www.mospi.gov.in/themes/product/70--,1695,12f16e8a5469e0708e1358dc4915c751296a9e7b1c80df5412105b2cb6c47a97,2026-10-03,"Per MoSPI Copyright Policy page (read 03/10/2026): website material may be reproduced accurately; NSO/MoSPI-owned datasets classed Category A under the Statistical Data Dissemination Guidelines 2026 may be used/reproduced/redistributed/adapted with due credit, subject to law; third-party material excluded. Category status of this specific document not verified.",
9,"NSS 70th round Key Indicators of Debt and Investment in India, NSS KI (70/18.2), December 2014 (exact day not stated on cover)",,2013-01-01,2013-12-31,2012-06-30,KI_70_18.2_19dec14.pdf,https://www.mospi.gov.in/sites/default/files/publication_reports/KI_70_18.2_19dec14.pdf,3199398,5d44603b34275a3e244f98badbff7ea99ae5b70b38b90ebd089c2ecc12443b30,2026-10-03,"Per MoSPI Copyright Policy page (read 03/10/2026): website material may be reproduced accurately; NSO/MoSPI-owned datasets classed Category A under the Statistical Data Dissemination Guidelines 2026 may be used/reproduced/redistributed/adapted with due credit, subject to law; third-party material excluded. Category status of this specific document not verified.",
9,"NSS Report No. 500 (59/18.2/1) Household Assets and Liabilities in India (as on 30.06.2002), NSS 59th round, November 2005 (exact day not stated)",,2003-01-01,2003-12-31,2002-06-30,500_final.pdf,https://mospi.gov.in/sites/default/files/publication_reports/500_final.pdf,4596092,8da7ee10eee28a2feaab1fd81943662f40c3b09b0fa2f35ab775a8c5cc43801a,2026-10-03,"Per MoSPI Copyright Policy page (read 03/10/2026): website material may be reproduced accurately; NSO/MoSPI-owned datasets classed Category A under the Statistical Data Dissemination Guidelines 2026 may be used/reproduced/redistributed/adapted with due credit, subject to law; third-party material excluded. Category status of this specific document not verified.",
9,"Press Note: All India Debt & Investment Survey, NSS 77th round (Jan-Dec 2019), NSS Report No. 588 (MoSPI/NSO)",2021-09-10,2019-01-01,2019-12-31,2018-06-30,press_note-AIDIS-240821.pdf,https://www.mospi.gov.in/sites/default/files/press_release/press_note-AIDIS-240821.pdf,370962,5771a809388ee1d23ce1da43b08e65db5fc252e2a86ea72cd82386d4f5d034be,2026-10-03,"Per MoSPI Copyright Policy page (read 03/10/2026): website material may be reproduced accurately; NSO/MoSPI-owned datasets classed Category A under the Statistical Data Dissemination Guidelines 2026 may be used/reproduced/redistributed/adapted with due credit, subject to law; third-party material excluded. Category status of this specific document not verified.",
9,"Press Note: All India Debt & Investment Survey, NSS 77th round (Jan-Dec 2019), NSS Report No. 588 (MoSPI/NSO)",2021-09-10,2019-01-01,2019-12-31,,press_note-AIDIS-240821.pdf,https://www.mospi.gov.in/sites/default/files/press_release/press_note-AIDIS-240821.pdf,370962,5771a809388ee1d23ce1da43b08e65db5fc252e2a86ea72cd82386d4f5d034be,2026-10-03,"Per MoSPI Copyright Policy page (read 03/10/2026): website material may be reproduced accurately; NSO/MoSPI-owned datasets classed Category A under the Statistical Data Dissemination Guidelines 2026 may be used/reproduced/redistributed/adapted with due credit, subject to law; third-party material excluded. Category status of this specific document not verified.",
10,"PIB (Cabinet) 29/04/2015 - Minimum pension Rs 1,000 in perpetuity",2015-04-29,2014-09-01,,2014-09-01,pib_119902_min_pension_1000_perpetuity.html,https://www.pib.gov.in/newsite/PrintRelease.aspx?relid=119902&reg=3&lang=2,67937,80b604b17303683a23e0491f6861340efa1b5e0bcc1c2f44e8422d0c9655302e,2026-10-03,Government of India (PIB / Ministry of Labour) public press material; see NOTES.md for the site's published copyright/reuse policy (reuse with acknowledgement; verify before redistribution).,
10,PIB 10/08/2015 - Employees Pension Scheme (amendments summary),2015-08-10,2014-09-01,,2014-09-01,pib_124740_employees_pension_scheme.html,https://www.pib.gov.in/newsite/PrintRelease.aspx?relid=124740&reg=48&lang=2,156888,ab913ce84265c7bba09efc4c5aa765a36498ad846fc480dd458a367660e2626e,2026-10-03,Government of India (PIB / Ministry of Labour) public press material; see NOTES.md for the site's published copyright/reuse policy (reuse with acknowledgement; verify before redistribution).,
10,PIB 10/08/2015 - Employees Pension Scheme (amendments summary),2015-08-10,2015-08-10,2015-08-10,,pib_124740_employees_pension_scheme.html,https://www.pib.gov.in/newsite/PrintRelease.aspx?relid=124740&reg=48&lang=2,156888,ab913ce84265c7bba09efc4c5aa765a36498ad846fc480dd458a367660e2626e,2026-10-03,Government of India (PIB / Ministry of Labour) public press material; see NOTES.md for the site's published copyright/reuse policy (reuse with acknowledgement; verify before redistribution).,
10,PIB 12/12/2011 - Pension Under Provident Fund Schemes,2011-12-12,2011-12-12,2011-12-12,,pib_78512_pension_under_pf_schemes.html,https://www.pib.gov.in/newsite/PrintRelease.aspx?relid=78512&reg=48&lang=2,11696,636bb5a27f8db1e16c542d2e92d2884e2afccf5e4c6a4a97d271ca5244650c27,2026-10-03,Government of India (PIB / Ministry of Labour / India Code) public material; see NOTES.md for the site's published copyright/reuse policy.,
10,PIB Release 1813167 - Employees Pension Scheme (Lok Sabha reply),2022-04-04,2014-09-01,2026-09-16,2014-09-01,pib_1813167_employees_pension_scheme.html,https://www.pib.gov.in/PressReleaseIframePage.aspx?PRID=1813167&reg=48&lang=2,89723,9fa7b9604e9e6cc9695b3507e64c0b11bcdc3bae8cd99687076519f229183801,2026-10-03,Government of India (PIB / Ministry of Labour) public press material; see NOTES.md for the site's published copyright/reuse policy (reuse with acknowledgement; verify before redistribution).,
10,PIB Release 1813167 - Employees Pension Scheme (Lok Sabha reply),2022-04-04,2020-02-20,,2020-02-20,pib_1813167_employees_pension_scheme.html,https://www.pib.gov.in/PressReleaseIframePage.aspx?PRID=1813167&reg=48&lang=2,89723,9fa7b9604e9e6cc9695b3507e64c0b11bcdc3bae8cd99687076519f229183801,2026-10-03,Government of India (PIB / Ministry of Labour) public press material; see NOTES.md for the site's published copyright/reuse policy (reuse with acknowledgement; verify before redistribution).,period start taken from the published reference/effective date
10,PIB Release 2002649 - Increase in Employees Pension Fund pension (Lok Sabha reply),2024-02-05,2024-02-05,2024-02-05,,pib_2002649_eps_pension_increase.html,https://www.pib.gov.in/PressReleasePage.aspx?PRID=2002649,80198,512ac17a2c0af657712db994fecdb8b1d43aca3bf47c4427290aa342a37cbdab,2026-10-03,Government of India (PIB / Ministry of Labour) public press material; see NOTES.md for the site's published copyright/reuse policy (reuse with acknowledgement; verify before redistribution).,
10,PIB Release 2029381 - EPS 1995 amended: withdrawal benefit for <6 months service,2024-06-28,2024-06-28,2024-06-28,,pib_2029381_eps_withdrawal_amendment.html,https://www.pib.gov.in/PressReleaseIframePage.aspx?PRID=2029381&reg=48&lang=2,96908,4477a3e2f8c74382da91dde86a22a9b48e2651fce0428693d2603f9ee62d4c7a,2026-10-03,Government of India (PIB / Ministry of Labour) public press material; see NOTES.md for the site's published copyright/reuse policy (reuse with acknowledgement; verify before redistribution).,
10,PIB Release 2109829 - Benefits under EPS-95 (Lok Sabha reply),2025-03-10,2025-03-10,2025-03-10,,pib_2109829_benefits_eps95.html,https://www.pib.gov.in/PressReleasePage.aspx?PRID=2109829&reg=48&lang=2,105414,1d3ce7909dfbeb0528493893bcf287d4a9e174a0b270181bfb15542bfba1b9e7,2026-10-03,Government of India (PIB / Ministry of Labour) public press material; see NOTES.md for the site's published copyright/reuse policy (reuse with acknowledgement; verify before redistribution).,
10,PIB Release 2147929 - Increasing minimum pension under EPF-95 (Rajya Sabha reply),2025-07-24,2025-07-24,2025-07-24,,pib_2147929_minimum_pension.html,https://www.pib.gov.in/PressReleasePage.aspx?PRID=2147929,77724,b0b627829e27141eb8fe99573d27f2bb3aa242cdc5ae6d9a1837d017b2b2235d,2026-10-03,Government of India (PIB / Ministry of Labour) public press material; see NOTES.md for the site's published copyright/reuse policy (reuse with acknowledgement; verify before redistribution).,
10,PIB Release 2310973 - Cabinet approves higher EPFO wage ceiling (Minister briefing),2026-09-16,2026-09-17,,2026-09-17,pib_2310973_wage_ceiling_minister_briefing.html,https://www.pib.gov.in/PressReleasePage.aspx?PRID=2310973&reg=3&lang=1,107171,ad3eedbe784b1a7ede68807d4a5e44b5f3266fb16e831bf6bb145631de5781c3,2026-10-03,Government of India (PIB / Ministry of Labour) public press material; see NOTES.md for the site's published copyright/reuse policy (reuse with acknowledgement; verify before redistribution).,
10,PIB Release 2311548 - Cabinet raises EPF wage ceiling (PIB Raipur),2026-09-17,2026-09-17,2026-09-17,,pib_2311548_cabinet_raises_epf_wage_ceiling.html,https://www.pib.gov.in/PressReleasePage.aspx?PRID=2311548&lang=2&reg=48,92164,4454b02e4914dc5675bea43152439111ea4c7b5de29d748998f373a2eeed6ad1,2026-10-03,Government of India (PIB / Ministry of Labour / India Code) public material; see NOTES.md for the site's published copyright/reuse policy.,
10,PIB Release 2313829 - EPFO raises wage ceiling (Berhampore briefing),2026-09-23,2014-09-01,2026-09-16,2014-09-01,pib_2313829_epfo_berhampore_wage_ceiling.html,https://www.pib.gov.in/PressReleasePage.aspx?PRID=2313829&reg=48&lang=2,73596,2492d77dfab65e59488c8200c26d68204173bf955f4bead908f0c4c6566f1f3e,2026-10-03,Government of India (PIB / Ministry of Labour) public press material; see NOTES.md for the site's published copyright/reuse policy (reuse with acknowledgement; verify before redistribution).,
12,ASFA Retirement Standard - December quarter 2024 budgets,,2024-10-01,2024-12-31,,asfa_ASFA_Retirement_Standard_Budgets_Dec-24_quarter.pdf,https://www.superannuation.asn.au/wp-content/uploads/2025/03/ASFA_Retirement_Standard_Budgets_Dec-24_quarter.pdf,234730,82c9bd4230956d8c21b00e35697f5b9e0d624e006b29f8a8501c9b7064d4543e,2026-10-03,"ASFA states the material is copyright (c) ASFA; apart from fair dealing under the Copyright Act, reproduction or transmission in any form needs ASFA's prior written permission. Facts/figures extracted here for internal analysis only; seek ASFA permission before redistributing or publishing the tables. | File NOT stored locally: site sits behind a Cloudflare challenge that blocks curl; read as an ordinary visitor in the browser pane and bytes/sha256 computed in-browser over the fetched file.",
12,ASFA Retirement Standard - December quarter 2025 budgets,,2025-10-01,2025-12-31,,asfa_ASFA_Retirement_Standard_Budgets_Dec-25_quarter.pdf,https://www.superannuation.asn.au/wp-content/uploads/2026/02/ASFA_Retirement_Standard_Budgets_Dec-25_quarter.pdf,194352,241bd338a1a6222dd4490c6ae91c446aa7560988ac1be6549f87518656769ac5,2026-10-03,"ASFA states the material is copyright (c) ASFA; apart from fair dealing under the Copyright Act, reproduction or transmission in any form needs ASFA's prior written permission. Facts/figures extracted here for internal analysis only; seek ASFA permission before redistributing or publishing the tables. | File NOT stored locally: site sits behind a Cloudflare challenge that blocks curl; read as an ordinary visitor in the browser pane and bytes/sha256 computed in-browser over the fetched file.",
12,ASFA Retirement Standard - June quarter 2026 budgets,,2026-04-01,2026-06-30,,asfa_June2026-RS-Tables_V3.pdf,https://www.superannuation.asn.au/wp-content/uploads/2026/09/June2026-RS-Tables_V3.pdf,226265,ba76763103de845a6fb43b7932f1453f75a81d92f8823c0d60c0c3572f2b4993,2026-10-03,"ASFA states the material is copyright (c) ASFA; apart from fair dealing under the Copyright Act, reproduction or transmission in any form needs ASFA's prior written permission. Facts/figures extracted here for internal analysis only; seek ASFA permission before redistributing or publishing the tables. | File NOT stored locally: site sits behind a Cloudflare challenge that blocks curl; read as an ordinary visitor in the browser pane and bytes/sha256 computed in-browser over the fetched file.",
12,ASFA Retirement Standard - March quarter 2026 budgets,,2026-01-01,2026-03-31,,asfa_March2026-RS-Tables.pdf,https://www.superannuation.asn.au/wp-content/uploads/2026/06/March2026-RS-Tables.pdf,224021,bdc399f9f41eef1c3999ddaac400863adfc09b5918590d0fd5e4c301aaa09ce8,2026-10-03,"ASFA states the material is copyright (c) ASFA; apart from fair dealing under the Copyright Act, reproduction or transmission in any form needs ASFA's prior written permission. Facts/figures extracted here for internal analysis only; seek ASFA permission before redistributing or publishing the tables. | File NOT stored locally: site sits behind a Cloudflare challenge that blocks curl; read as an ordinary visitor in the browser pane and bytes/sha256 computed in-browser over the fetched file.",
12,ASFA Retirement Standard - September quarter 2025 budgets,,2025-07-01,2025-09-30,,asfa_ASFA_Retirement_Standard_Budgets_Sept-25_quarter.pdf,https://www.superannuation.asn.au/wp-content/uploads/2025/12/ASFA_Retirement_Standard_Budgets_Sept-25_quarter.pdf,203797,c3b437bc8465d9151c338998653ec7fdcea5400f4be1e9e5a4471a1cb32dbb9a,2026-10-03,"ASFA states the material is copyright (c) ASFA; apart from fair dealing under the Copyright Act, reproduction or transmission in any form needs ASFA's prior written permission. Facts/figures extracted here for internal analysis only; seek ASFA permission before redistributing or publishing the tables. | File NOT stored locally: site sits behind a Cloudflare challenge that blocks curl; read as an ordinary visitor in the browser pane and bytes/sha256 computed in-browser over the fetched file.",
12,ASFA Retirement Standard Summary (Feb 2026 upload; lump sums revised Feb 2026),,2026-02-01,,,asfa_summary_uploads2026-02_260223-ASFA-Retirement_Standard-Summary.pdf,https://www.superannuation.asn.au/wp-content/uploads/2026/02/260223-ASFA-Retirement_Standard-Summary.pdf,276703,9db46975162f5f3010c2996d80ca597c66f11d26ce695d1f645037598330ee24,2026-10-03,"ASFA states the material is copyright (c) ASFA; apart from fair dealing under the Copyright Act, reproduction or transmission in any form needs ASFA's prior written permission. Facts/figures extracted here for internal analysis only; seek ASFA permission before redistributing or publishing the tables. | File NOT stored locally: site sits behind a Cloudflare challenge that blocks curl; read as an ordinary visitor in the browser pane and bytes/sha256 computed in-browser over the fetched file.",ASFA states only 'revised February 2026' (day not published); first of the month used because the database needs a date
12,"ASFA Retirement Standard Summary (linked from ASFA page, lump sums revised Feb 2026)",,2026-02-01,,,asfa_summary_uploads2026-06_260223-ASFA-Retirement_Standard-Summary.pdf,https://www.superannuation.asn.au/wp-content/uploads/2026/06/260223-ASFA-Retirement_Standard-Summary.pdf,284721,120f4d59ef3c4d32b9405e3a65effccabb343b985e091b0a2573dc1927f2df2b,2026-10-03,"ASFA states the material is copyright (c) ASFA; apart from fair dealing under the Copyright Act, reproduction or transmission in any form needs ASFA's prior written permission. Facts/figures extracted here for internal analysis only; seek ASFA permission before redistributing or publishing the tables. | File NOT stored locally: site sits behind a Cloudflare challenge that blocks curl; read as an ordinary visitor in the browser pane and bytes/sha256 computed in-browser over the fetched file.",ASFA states only 'revised February 2026' (day not published); first of the month used because the database needs a date
