obs_id,dataset_no,release_name,release_date,obs_period_label,obs_period_start,obs_period_end,reference_date,measure_code,measure_label,statistic,value,unit,price_basis,population,geography,dim_age_band,dim_sex,dim_household_type,dim_urban_rural,dim_state,dim_category,dim_other,source_file,source_url,source_table,source_locator,status,notes
HIW4-2019-20-T10.1-00001,4,"Household Income and Wealth, Australia, 2019-20 financial year (ABS)",2022-04-28,2019-20,2019-07-01,2020-06-30,,INC_PRIVATE_WEEKLY,"Weekly household private income, mean",mean,1542,AUD_per_week,2019-20 dollars (survey year; table states no CPI adjustment),households by age of reference person,Australia,15-24,,,,,,,2019-20/10. Age of reference person.xlsx,https://www.abs.gov.au/statistics/economy/finance/household-income-and-wealth-australia/2019-20/10.%20Age%20of%20reference%20person.xlsx,"Table 10.1 INCOME DISTRIBUTION, Age of reference person",Table 10.1!B10,OK,
HIW4-2019-20-T10.1-00002,4,"Household Income and Wealth, Australia, 2019-20 financial year (ABS)",2022-04-28,2019-20,2019-07-01,2020-06-30,,INC_PRIVATE_WEEKLY,"Weekly household private income, mean",mean,2330,AUD_per_week,2019-20 dollars (survey year; table states no CPI adjustment),households by age of reference person,Australia,25-34,,,,,,,2019-20/10. Age of reference person.xlsx,https://www.abs.gov.au/statistics/economy/finance/household-income-and-wealth-australia/2019-20/10.%20Age%20of%20reference%20person.xlsx,"Table 10.1 INCOME DISTRIBUTION, Age of reference person",Table 10.1!C10,OK,
HIW4-2019-20-T10.1-00003,4,"Household Income and Wealth, Australia, 2019-20 financial year (ABS)",2022-04-28,2019-20,2019-07-01,2020-06-30,,INC_PRIVATE_WEEKLY,"Weekly household private income, mean",mean,2680,AUD_per_week,2019-20 dollars (survey year; table states no CPI adjustment),households by age of reference person,Australia,35-44,,,,,,,2019-20/10. Age of reference person.xlsx,https://www.abs.gov.au/statistics/economy/finance/household-income-and-wealth-australia/2019-20/10.%20Age%20of%20reference%20person.xlsx,"Table 10.1 INCOME DISTRIBUTION, Age of reference person",Table 10.1!D10,OK,
HIW4-2019-20-T10.1-00004,4,"Household Income and Wealth, Australia, 2019-20 financial year (ABS)",2022-04-28,2019-20,2019-07-01,2020-06-30,,INC_PRIVATE_WEEKLY,"Weekly household private income, mean",mean,2891,AUD_per_week,2019-20 dollars (survey year; table states no CPI adjustment),households by age of reference person,Australia,45-54,,,,,,,2019-20/10. Age of reference person.xlsx,https://www.abs.gov.au/statistics/economy/finance/household-income-and-wealth-australia/2019-20/10.%20Age%20of%20reference%20person.xlsx,"Table 10.1 INCOME DISTRIBUTION, Age of reference person",Table 10.1!E10,OK,
HIW4-2019-20-T10.1-00005,4,"Household Income and Wealth, Australia, 2019-20 financial year (ABS)",2022-04-28,2019-20,2019-07-01,2020-06-30,,INC_PRIVATE_WEEKLY,"Weekly household private income, mean",mean,2382,AUD_per_week,2019-20 dollars (survey year; table states no CPI adjustment),households by age of reference person,Australia,55-64,,,,,,,2019-20/10. Age of reference person.xlsx,https://www.abs.gov.au/statistics/economy/finance/household-income-and-wealth-australia/2019-20/10.%20Age%20of%20reference%20person.xlsx,"Table 10.1 INCOME DISTRIBUTION, Age of reference person",Table 10.1!F10,OK,
HIW4-2019-20-T10.1-00006,4,"Household Income and Wealth, Australia, 2019-20 financial year (ABS)",2022-04-28,2019-20,2019-07-01,2020-06-30,,INC_PRIVATE_WEEKLY,"Weekly household private income, mean",mean,1078,AUD_per_week,2019-20 dollars (survey year; table states no CPI adjustment),households by age of reference person,Australia,65-74,,,,,,,2019-20/10. Age of reference person.xlsx,https://www.abs.gov.au/statistics/economy/finance/household-income-and-wealth-australia/2019-20/10.%20Age%20of%20reference%20person.xlsx,"Table 10.1 INCOME DISTRIBUTION, Age of reference person",Table 10.1!G10,OK,
HIW4-2019-20-T10.1-00007,4,"Household Income and Wealth, Australia, 2019-20 financial year (ABS)",2022-04-28,2019-20,2019-07-01,2020-06-30,,INC_PRIVATE_WEEKLY,"Weekly household private income, mean",mean,565,AUD_per_week,2019-20 dollars (survey year; table states no CPI adjustment),households by age of reference person,Australia,75 and over,,,,,,,2019-20/10. Age of reference person.xlsx,https://www.abs.gov.au/statistics/economy/finance/household-income-and-wealth-australia/2019-20/10.%20Age%20of%20reference%20person.xlsx,"Table 10.1 INCOME DISTRIBUTION, Age of reference person",Table 10.1!H10,OK,
HIW4-2019-20-T10.1-00008,4,"Household Income and Wealth, Australia, 2019-20 financial year (ABS)",2022-04-28,2019-20,2019-07-01,2020-06-30,,INC_PRIVATE_WEEKLY,"Weekly household private income, mean",mean,854,AUD_per_week,2019-20 dollars (survey year; table states no CPI adjustment),households by age of reference person,Australia,65 years and over,,,,,,,2019-20/10. Age of reference person.xlsx,https://www.abs.gov.au/statistics/economy/finance/household-income-and-wealth-australia/2019-20/10.%20Age%20of%20reference%20person.xlsx,"Table 10.1 INCOME DISTRIBUTION, Age of reference person",Table 10.1!I10,OK,
HIW4-2019-20-T10.1-00009,4,"Household Income and Wealth, Australia, 2019-20 financial year (ABS)",2022-04-28,2019-20,2019-07-01,2020-06-30,,INC_PRIVATE_WEEKLY,"Weekly household private income, mean",mean,2112,AUD_per_week,2019-20 dollars (survey year; table states no CPI adjustment),all households,Australia,All households,,,,,,,2019-20/10. Age of reference person.xlsx,https://www.abs.gov.au/statistics/economy/finance/household-income-and-wealth-australia/2019-20/10.%20Age%20of%20reference%20person.xlsx,"Table 10.1 INCOME DISTRIBUTION, Age of reference person",Table 10.1!J10,OK,
HIW4-2019-20-T10.1-00010,4,"Household Income and Wealth, Australia, 2019-20 financial year (ABS)",2022-04-28,2019-20,2019-07-01,2020-06-30,,INC_GOVT_PENSIONS_ALLOWANCES_WEEKLY,"Weekly household government pensions and allowances, mean",mean,151,AUD_per_week,2019-20 dollars (survey year; table states no CPI adjustment),households by age of reference person,Australia,15-24,,,,,,,2019-20/10. Age of reference person.xlsx,https://www.abs.gov.au/statistics/economy/finance/household-income-and-wealth-australia/2019-20/10.%20Age%20of%20reference%20person.xlsx,"Table 10.1 INCOME DISTRIBUTION, Age of reference person",Table 10.1!B11,OK,includes overseas pensions
HIW4-2019-20-T10.1-00011,4,"Household Income and Wealth, Australia, 2019-20 financial year (ABS)",2022-04-28,2019-20,2019-07-01,2020-06-30,,INC_GOVT_PENSIONS_ALLOWANCES_WEEKLY,"Weekly household government pensions and allowances, mean",mean,140,AUD_per_week,2019-20 dollars (survey year; table states no CPI adjustment),households by age of reference person,Australia,25-34,,,,,,,2019-20/10. Age of reference person.xlsx,https://www.abs.gov.au/statistics/economy/finance/household-income-and-wealth-australia/2019-20/10.%20Age%20of%20reference%20person.xlsx,"Table 10.1 INCOME DISTRIBUTION, Age of reference person",Table 10.1!C11,OK,includes overseas pensions
HIW4-2019-20-T10.1-00012,4,"Household Income and Wealth, Australia, 2019-20 financial year (ABS)",2022-04-28,2019-20,2019-07-01,2020-06-30,,INC_GOVT_PENSIONS_ALLOWANCES_WEEKLY,"Weekly household government pensions and allowances, mean",mean,158,AUD_per_week,2019-20 dollars (survey year; table states no CPI adjustment),households by age of reference person,Australia,35-44,,,,,,,2019-20/10. Age of reference person.xlsx,https://www.abs.gov.au/statistics/economy/finance/household-income-and-wealth-australia/2019-20/10.%20Age%20of%20reference%20person.xlsx,"Table 10.1 INCOME DISTRIBUTION, Age of reference person",Table 10.1!D11,OK,includes overseas pensions
HIW4-2019-20-T10.1-00013,4,"Household Income and Wealth, Australia, 2019-20 financial year (ABS)",2022-04-28,2019-20,2019-07-01,2020-06-30,,INC_GOVT_PENSIONS_ALLOWANCES_WEEKLY,"Weekly household government pensions and allowances, mean",mean,141,AUD_per_week,2019-20 dollars (survey year; table states no CPI adjustment),households by age of reference person,Australia,45-54,,,,,,,2019-20/10. Age of reference person.xlsx,https://www.abs.gov.au/statistics/economy/finance/household-income-and-wealth-australia/2019-20/10.%20Age%20of%20reference%20person.xlsx,"Table 10.1 INCOME DISTRIBUTION, Age of reference person",Table 10.1!E11,OK,includes overseas pensions
HIW4-2019-20-T10.1-00014,4,"Household Income and Wealth, Australia, 2019-20 financial year (ABS)",2022-04-28,2019-20,2019-07-01,2020-06-30,,INC_GOVT_PENSIONS_ALLOWANCES_WEEKLY,"Weekly household government pensions and allowances, mean",mean,157,AUD_per_week,2019-20 dollars (survey year; table states no CPI adjustment),households by age of reference person,Australia,55-64,,,,,,,2019-20/10. Age of reference person.xlsx,https://www.abs.gov.au/statistics/economy/finance/household-income-and-wealth-australia/2019-20/10.%20Age%20of%20reference%20person.xlsx,"Table 10.1 INCOME DISTRIBUTION, Age of reference person",Table 10.1!F11,OK,includes overseas pensions
HIW4-2019-20-T10.1-00015,4,"Household Income and Wealth, Australia, 2019-20 financial year (ABS)",2022-04-28,2019-20,2019-07-01,2020-06-30,,INC_GOVT_PENSIONS_ALLOWANCES_WEEKLY,"Weekly household government pensions and allowances, mean",mean,372,AUD_per_week,2019-20 dollars (survey year; table states no CPI adjustment),households by age of reference person,Australia,65-74,,,,,,,2019-20/10. Age of reference person.xlsx,https://www.abs.gov.au/statistics/economy/finance/household-income-and-wealth-australia/2019-20/10.%20Age%20of%20reference%20person.xlsx,"Table 10.1 INCOME DISTRIBUTION, Age of reference person",Table 10.1!G11,OK,includes overseas pensions
HIW4-2019-20-T10.1-00016,4,"Household Income and Wealth, Australia, 2019-20 financial year (ABS)",2022-04-28,2019-20,2019-07-01,2020-06-30,,INC_GOVT_PENSIONS_ALLOWANCES_WEEKLY,"Weekly household government pensions and allowances, mean",mean,479,AUD_per_week,2019-20 dollars (survey year; table states no CPI adjustment),households by age of reference person,Australia,75 and over,,,,,,,2019-20/10. Age of reference person.xlsx,https://www.abs.gov.au/statistics/economy/finance/household-income-and-wealth-australia/2019-20/10.%20Age%20of%20reference%20person.xlsx,"Table 10.1 INCOME DISTRIBUTION, Age of reference person",Table 10.1!H11,OK,includes overseas pensions
HIW4-2019-20-T10.1-00017,4,"Household Income and Wealth, Australia, 2019-20 financial year (ABS)",2022-04-28,2019-20,2019-07-01,2020-06-30,,INC_GOVT_PENSIONS_ALLOWANCES_WEEKLY,"Weekly household government pensions and allowances, mean",mean,419,AUD_per_week,2019-20 dollars (survey year; table states no CPI adjustment),households by age of reference person,Australia,65 years and over,,,,,,,2019-20/10. Age of reference person.xlsx,https://www.abs.gov.au/statistics/economy/finance/household-income-and-wealth-australia/2019-20/10.%20Age%20of%20reference%20person.xlsx,"Table 10.1 INCOME DISTRIBUTION, Age of reference person",Table 10.1!I11,OK,includes overseas pensions
HIW4-2019-20-T10.1-00018,4,"Household Income and Wealth, Australia, 2019-20 financial year (ABS)",2022-04-28,2019-20,2019-07-01,2020-06-30,,INC_GOVT_PENSIONS_ALLOWANCES_WEEKLY,"Weekly household government pensions and allowances, mean",mean,217,AUD_per_week,2019-20 dollars (survey year; table states no CPI adjustment),all households,Australia,All households,,,,,,,2019-20/10. Age of reference person.xlsx,https://www.abs.gov.au/statistics/economy/finance/household-income-and-wealth-australia/2019-20/10.%20Age%20of%20reference%20person.xlsx,"Table 10.1 INCOME DISTRIBUTION, Age of reference person",Table 10.1!J11,OK,includes overseas pensions
HIW4-2019-20-T10.1-00019,4,"Household Income and Wealth, Australia, 2019-20 financial year (ABS)",2022-04-28,2019-20,2019-07-01,2020-06-30,,INC_GROSS_WEEKLY,"Weekly household gross income, mean",mean,1700,AUD_per_week,2019-20 dollars (survey year; table states no CPI adjustment),households by age of reference person,Australia,15-24,,,,,,,2019-20/10. Age of reference person.xlsx,https://www.abs.gov.au/statistics/economy/finance/household-income-and-wealth-australia/2019-20/10.%20Age%20of%20reference%20person.xlsx,"Table 10.1 INCOME DISTRIBUTION, Age of reference person",Table 10.1!B12,OK,
HIW4-2019-20-T10.1-00020,4,"Household Income and Wealth, Australia, 2019-20 financial year (ABS)",2022-04-28,2019-20,2019-07-01,2020-06-30,,INC_GROSS_WEEKLY,"Weekly household gross income, mean",mean,2465,AUD_per_week,2019-20 dollars (survey year; table states no CPI adjustment),households by age of reference person,Australia,25-34,,,,,,,2019-20/10. Age of reference person.xlsx,https://www.abs.gov.au/statistics/economy/finance/household-income-and-wealth-australia/2019-20/10.%20Age%20of%20reference%20person.xlsx,"Table 10.1 INCOME DISTRIBUTION, Age of reference person",Table 10.1!C12,OK,
HIW4-2019-20-T10.1-00021,4,"Household Income and Wealth, Australia, 2019-20 financial year (ABS)",2022-04-28,2019-20,2019-07-01,2020-06-30,,INC_GROSS_WEEKLY,"Weekly household gross income, mean",mean,2837,AUD_per_week,2019-20 dollars (survey year; table states no CPI adjustment),households by age of reference person,Australia,35-44,,,,,,,2019-20/10. Age of reference person.xlsx,https://www.abs.gov.au/statistics/economy/finance/household-income-and-wealth-australia/2019-20/10.%20Age%20of%20reference%20person.xlsx,"Table 10.1 INCOME DISTRIBUTION, Age of reference person",Table 10.1!D12,OK,
HIW4-2019-20-T10.1-00022,4,"Household Income and Wealth, Australia, 2019-20 financial year (ABS)",2022-04-28,2019-20,2019-07-01,2020-06-30,,INC_GROSS_WEEKLY,"Weekly household gross income, mean",mean,3033,AUD_per_week,2019-20 dollars (survey year; table states no CPI adjustment),households by age of reference person,Australia,45-54,,,,,,,2019-20/10. Age of reference person.xlsx,https://www.abs.gov.au/statistics/economy/finance/household-income-and-wealth-australia/2019-20/10.%20Age%20of%20reference%20person.xlsx,"Table 10.1 INCOME DISTRIBUTION, Age of reference person",Table 10.1!E12,OK,
HIW4-2019-20-T10.1-00023,4,"Household Income and Wealth, Australia, 2019-20 financial year (ABS)",2022-04-28,2019-20,2019-07-01,2020-06-30,,INC_GROSS_WEEKLY,"Weekly household gross income, mean",mean,2538,AUD_per_week,2019-20 dollars (survey year; table states no CPI adjustment),households by age of reference person,Australia,55-64,,,,,,,2019-20/10. Age of reference person.xlsx,https://www.abs.gov.au/statistics/economy/finance/household-income-and-wealth-australia/2019-20/10.%20Age%20of%20reference%20person.xlsx,"Table 10.1 INCOME DISTRIBUTION, Age of reference person",Table 10.1!F12,OK,
HIW4-2019-20-T10.1-00024,4,"Household Income and Wealth, Australia, 2019-20 financial year (ABS)",2022-04-28,2019-20,2019-07-01,2020-06-30,,INC_GROSS_WEEKLY,"Weekly household gross income, mean",mean,1450,AUD_per_week,2019-20 dollars (survey year; table states no CPI adjustment),households by age of reference person,Australia,65-74,,,,,,,2019-20/10. Age of reference person.xlsx,https://www.abs.gov.au/statistics/economy/finance/household-income-and-wealth-australia/2019-20/10.%20Age%20of%20reference%20person.xlsx,"Table 10.1 INCOME DISTRIBUTION, Age of reference person",Table 10.1!G12,OK,
HIW4-2019-20-T10.1-00025,4,"Household Income and Wealth, Australia, 2019-20 financial year (ABS)",2022-04-28,2019-20,2019-07-01,2020-06-30,,INC_GROSS_WEEKLY,"Weekly household gross income, mean",mean,1045,AUD_per_week,2019-20 dollars (survey year; table states no CPI adjustment),households by age of reference person,Australia,75 and over,,,,,,,2019-20/10. Age of reference person.xlsx,https://www.abs.gov.au/statistics/economy/finance/household-income-and-wealth-australia/2019-20/10.%20Age%20of%20reference%20person.xlsx,"Table 10.1 INCOME DISTRIBUTION, Age of reference person",Table 10.1!H12,OK,
HIW4-2019-20-T10.1-00026,4,"Household Income and Wealth, Australia, 2019-20 financial year (ABS)",2022-04-28,2019-20,2019-07-01,2020-06-30,,INC_GROSS_WEEKLY,"Weekly household gross income, mean",mean,1273,AUD_per_week,2019-20 dollars (survey year; table states no CPI adjustment),households by age of reference person,Australia,65 years and over,,,,,,,2019-20/10. Age of reference person.xlsx,https://www.abs.gov.au/statistics/economy/finance/household-income-and-wealth-australia/2019-20/10.%20Age%20of%20reference%20person.xlsx,"Table 10.1 INCOME DISTRIBUTION, Age of reference person",Table 10.1!I12,OK,
HIW4-2019-20-T10.1-00027,4,"Household Income and Wealth, Australia, 2019-20 financial year (ABS)",2022-04-28,2019-20,2019-07-01,2020-06-30,,INC_GROSS_WEEKLY,"Weekly household gross income, mean",mean,2329,AUD_per_week,2019-20 dollars (survey year; table states no CPI adjustment),all households,Australia,All households,,,,,,,2019-20/10. Age of reference person.xlsx,https://www.abs.gov.au/statistics/economy/finance/household-income-and-wealth-australia/2019-20/10.%20Age%20of%20reference%20person.xlsx,"Table 10.1 INCOME DISTRIBUTION, Age of reference person",Table 10.1!J12,OK,
HIW4-2019-20-T10.1-00028,4,"Household Income and Wealth, Australia, 2019-20 financial year (ABS)",2022-04-28,2019-20,2019-07-01,2020-06-30,,INC_DISPOSABLE_WEEKLY,"Weekly household disposable income, mean",mean,1494,AUD_per_week,2019-20 dollars (survey year; table states no CPI adjustment),households by age of reference person,Australia,15-24,,,,,,,2019-20/10. Age of reference person.xlsx,https://www.abs.gov.au/statistics/economy/finance/household-income-and-wealth-australia/2019-20/10.%20Age%20of%20reference%20person.xlsx,"Table 10.1 INCOME DISTRIBUTION, Age of reference person",Table 10.1!B13,OK,
HIW4-2019-20-T10.1-00029,4,"Household Income and Wealth, Australia, 2019-20 financial year (ABS)",2022-04-28,2019-20,2019-07-01,2020-06-30,,INC_DISPOSABLE_WEEKLY,"Weekly household disposable income, mean",mean,1985,AUD_per_week,2019-20 dollars (survey year; table states no CPI adjustment),households by age of reference person,Australia,25-34,,,,,,,2019-20/10. Age of reference person.xlsx,https://www.abs.gov.au/statistics/economy/finance/household-income-and-wealth-australia/2019-20/10.%20Age%20of%20reference%20person.xlsx,"Table 10.1 INCOME DISTRIBUTION, Age of reference person",Table 10.1!C13,OK,
HIW4-2019-20-T10.1-00030,4,"Household Income and Wealth, Australia, 2019-20 financial year (ABS)",2022-04-28,2019-20,2019-07-01,2020-06-30,,INC_DISPOSABLE_WEEKLY,"Weekly household disposable income, mean",mean,2218,AUD_per_week,2019-20 dollars (survey year; table states no CPI adjustment),households by age of reference person,Australia,35-44,,,,,,,2019-20/10. Age of reference person.xlsx,https://www.abs.gov.au/statistics/economy/finance/household-income-and-wealth-australia/2019-20/10.%20Age%20of%20reference%20person.xlsx,"Table 10.1 INCOME DISTRIBUTION, Age of reference person",Table 10.1!D13,OK,
HIW4-2019-20-T10.1-00031,4,"Household Income and Wealth, Australia, 2019-20 financial year (ABS)",2022-04-28,2019-20,2019-07-01,2020-06-30,,INC_DISPOSABLE_WEEKLY,"Weekly household disposable income, mean",mean,2373,AUD_per_week,2019-20 dollars (survey year; table states no CPI adjustment),households by age of reference person,Australia,45-54,,,,,,,2019-20/10. Age of reference person.xlsx,https://www.abs.gov.au/statistics/economy/finance/household-income-and-wealth-australia/2019-20/10.%20Age%20of%20reference%20person.xlsx,"Table 10.1 INCOME DISTRIBUTION, Age of reference person",Table 10.1!E13,OK,
HIW4-2019-20-T10.1-00032,4,"Household Income and Wealth, Australia, 2019-20 financial year (ABS)",2022-04-28,2019-20,2019-07-01,2020-06-30,,INC_DISPOSABLE_WEEKLY,"Weekly household disposable income, mean",mean,2039,AUD_per_week,2019-20 dollars (survey year; table states no CPI adjustment),households by age of reference person,Australia,55-64,,,,,,,2019-20/10. Age of reference person.xlsx,https://www.abs.gov.au/statistics/economy/finance/household-income-and-wealth-australia/2019-20/10.%20Age%20of%20reference%20person.xlsx,"Table 10.1 INCOME DISTRIBUTION, Age of reference person",Table 10.1!F13,OK,
HIW4-2019-20-T10.1-00033,4,"Household Income and Wealth, Australia, 2019-20 financial year (ABS)",2022-04-28,2019-20,2019-07-01,2020-06-30,,INC_DISPOSABLE_WEEKLY,"Weekly household disposable income, mean",mean,1310,AUD_per_week,2019-20 dollars (survey year; table states no CPI adjustment),households by age of reference person,Australia,65-74,,,,,,,2019-20/10. Age of reference person.xlsx,https://www.abs.gov.au/statistics/economy/finance/household-income-and-wealth-australia/2019-20/10.%20Age%20of%20reference%20person.xlsx,"Table 10.1 INCOME DISTRIBUTION, Age of reference person",Table 10.1!G13,OK,
HIW4-2019-20-T10.1-00034,4,"Household Income and Wealth, Australia, 2019-20 financial year (ABS)",2022-04-28,2019-20,2019-07-01,2020-06-30,,INC_DISPOSABLE_WEEKLY,"Weekly household disposable income, mean",mean,985,AUD_per_week,2019-20 dollars (survey year; table states no CPI adjustment),households by age of reference person,Australia,75 and over,,,,,,,2019-20/10. Age of reference person.xlsx,https://www.abs.gov.au/statistics/economy/finance/household-income-and-wealth-australia/2019-20/10.%20Age%20of%20reference%20person.xlsx,"Table 10.1 INCOME DISTRIBUTION, Age of reference person",Table 10.1!H13,OK,
HIW4-2019-20-T10.1-00035,4,"Household Income and Wealth, Australia, 2019-20 financial year (ABS)",2022-04-28,2019-20,2019-07-01,2020-06-30,,INC_DISPOSABLE_WEEKLY,"Weekly household disposable income, mean",mean,1168,AUD_per_week,2019-20 dollars (survey year; table states no CPI adjustment),households by age of reference person,Australia,65 years and over,,,,,,,2019-20/10. Age of reference person.xlsx,https://www.abs.gov.au/statistics/economy/finance/household-income-and-wealth-australia/2019-20/10.%20Age%20of%20reference%20person.xlsx,"Table 10.1 INCOME DISTRIBUTION, Age of reference person",Table 10.1!I13,OK,
HIW4-2019-20-T10.1-00036,4,"Household Income and Wealth, Australia, 2019-20 financial year (ABS)",2022-04-28,2019-20,2019-07-01,2020-06-30,,INC_DISPOSABLE_WEEKLY,"Weekly household disposable income, mean",mean,1889,AUD_per_week,2019-20 dollars (survey year; table states no CPI adjustment),all households,Australia,All households,,,,,,,2019-20/10. Age of reference person.xlsx,https://www.abs.gov.au/statistics/economy/finance/household-income-and-wealth-australia/2019-20/10.%20Age%20of%20reference%20person.xlsx,"Table 10.1 INCOME DISTRIBUTION, Age of reference person",Table 10.1!J13,OK,
HIW4-2019-20-T10.1-00037,4,"Household Income and Wealth, Australia, 2019-20 financial year (ABS)",2022-04-28,2019-20,2019-07-01,2020-06-30,,INC_EQUIVALISED_DISPOSABLE_WEEKLY,"Weekly household equivalised disposable income, mean",mean,944,AUD_per_week,2019-20 dollars (survey year; table states no CPI adjustment),households by age of reference person,Australia,15-24,,,,,,,2019-20/10. Age of reference person.xlsx,https://www.abs.gov.au/statistics/economy/finance/household-income-and-wealth-australia/2019-20/10.%20Age%20of%20reference%20person.xlsx,"Table 10.1 INCOME DISTRIBUTION, Age of reference person",Table 10.1!B14,OK,
HIW4-2019-20-T10.1-00038,4,"Household Income and Wealth, Australia, 2019-20 financial year (ABS)",2022-04-28,2019-20,2019-07-01,2020-06-30,,INC_EQUIVALISED_DISPOSABLE_WEEKLY,"Weekly household equivalised disposable income, mean",mean,1165,AUD_per_week,2019-20 dollars (survey year; table states no CPI adjustment),households by age of reference person,Australia,25-34,,,,,,,2019-20/10. Age of reference person.xlsx,https://www.abs.gov.au/statistics/economy/finance/household-income-and-wealth-australia/2019-20/10.%20Age%20of%20reference%20person.xlsx,"Table 10.1 INCOME DISTRIBUTION, Age of reference person",Table 10.1!C14,OK,
HIW4-2019-20-T10.1-00039,4,"Household Income and Wealth, Australia, 2019-20 financial year (ABS)",2022-04-28,2019-20,2019-07-01,2020-06-30,,INC_EQUIVALISED_DISPOSABLE_WEEKLY,"Weekly household equivalised disposable income, mean",mean,1133,AUD_per_week,2019-20 dollars (survey year; table states no CPI adjustment),households by age of reference person,Australia,35-44,,,,,,,2019-20/10. Age of reference person.xlsx,https://www.abs.gov.au/statistics/economy/finance/household-income-and-wealth-australia/2019-20/10.%20Age%20of%20reference%20person.xlsx,"Table 10.1 INCOME DISTRIBUTION, Age of reference person",Table 10.1!D14,OK,
HIW4-2019-20-T10.1-00040,4,"Household Income and Wealth, Australia, 2019-20 financial year (ABS)",2022-04-28,2019-20,2019-07-01,2020-06-30,,INC_EQUIVALISED_DISPOSABLE_WEEKLY,"Weekly household equivalised disposable income, mean",mean,1212,AUD_per_week,2019-20 dollars (survey year; table states no CPI adjustment),households by age of reference person,Australia,45-54,,,,,,,2019-20/10. Age of reference person.xlsx,https://www.abs.gov.au/statistics/economy/finance/household-income-and-wealth-australia/2019-20/10.%20Age%20of%20reference%20person.xlsx,"Table 10.1 INCOME DISTRIBUTION, Age of reference person",Table 10.1!E14,OK,
HIW4-2019-20-T10.1-00041,4,"Household Income and Wealth, Australia, 2019-20 financial year (ABS)",2022-04-28,2019-20,2019-07-01,2020-06-30,,INC_EQUIVALISED_DISPOSABLE_WEEKLY,"Weekly household equivalised disposable income, mean",mean,1243,AUD_per_week,2019-20 dollars (survey year; table states no CPI adjustment),households by age of reference person,Australia,55-64,,,,,,,2019-20/10. Age of reference person.xlsx,https://www.abs.gov.au/statistics/economy/finance/household-income-and-wealth-australia/2019-20/10.%20Age%20of%20reference%20person.xlsx,"Table 10.1 INCOME DISTRIBUTION, Age of reference person",Table 10.1!F14,OK,
HIW4-2019-20-T10.1-00042,4,"Household Income and Wealth, Australia, 2019-20 financial year (ABS)",2022-04-28,2019-20,2019-07-01,2020-06-30,,INC_EQUIVALISED_DISPOSABLE_WEEKLY,"Weekly household equivalised disposable income, mean",mean,932,AUD_per_week,2019-20 dollars (survey year; table states no CPI adjustment),households by age of reference person,Australia,65-74,,,,,,,2019-20/10. Age of reference person.xlsx,https://www.abs.gov.au/statistics/economy/finance/household-income-and-wealth-australia/2019-20/10.%20Age%20of%20reference%20person.xlsx,"Table 10.1 INCOME DISTRIBUTION, Age of reference person",Table 10.1!G14,OK,
HIW4-2019-20-T10.1-00043,4,"Household Income and Wealth, Australia, 2019-20 financial year (ABS)",2022-04-28,2019-20,2019-07-01,2020-06-30,,INC_EQUIVALISED_DISPOSABLE_WEEKLY,"Weekly household equivalised disposable income, mean",mean,775,AUD_per_week,2019-20 dollars (survey year; table states no CPI adjustment),households by age of reference person,Australia,75 and over,,,,,,,2019-20/10. Age of reference person.xlsx,https://www.abs.gov.au/statistics/economy/finance/household-income-and-wealth-australia/2019-20/10.%20Age%20of%20reference%20person.xlsx,"Table 10.1 INCOME DISTRIBUTION, Age of reference person",Table 10.1!H14,OK,
HIW4-2019-20-T10.1-00044,4,"Household Income and Wealth, Australia, 2019-20 financial year (ABS)",2022-04-28,2019-20,2019-07-01,2020-06-30,,INC_EQUIVALISED_DISPOSABLE_WEEKLY,"Weekly household equivalised disposable income, mean",mean,870,AUD_per_week,2019-20 dollars (survey year; table states no CPI adjustment),households by age of reference person,Australia,65 years and over,,,,,,,2019-20/10. Age of reference person.xlsx,https://www.abs.gov.au/statistics/economy/finance/household-income-and-wealth-australia/2019-20/10.%20Age%20of%20reference%20person.xlsx,"Table 10.1 INCOME DISTRIBUTION, Age of reference person",Table 10.1!I14,OK,
HIW4-2019-20-T10.1-00045,4,"Household Income and Wealth, Australia, 2019-20 financial year (ABS)",2022-04-28,2019-20,2019-07-01,2020-06-30,,INC_EQUIVALISED_DISPOSABLE_WEEKLY,"Weekly household equivalised disposable income, mean",mean,1124,AUD_per_week,2019-20 dollars (survey year; table states no CPI adjustment),all households,Australia,All households,,,,,,,2019-20/10. Age of reference person.xlsx,https://www.abs.gov.au/statistics/economy/finance/household-income-and-wealth-australia/2019-20/10.%20Age%20of%20reference%20person.xlsx,"Table 10.1 INCOME DISTRIBUTION, Age of reference person",Table 10.1!J14,OK,
HIW4-2019-20-T10.1-00046,4,"Household Income and Wealth, Australia, 2019-20 financial year (ABS)",2022-04-28,2019-20,2019-07-01,2020-06-30,,INC_PRIVATE_WEEKLY,"Weekly household private income, median",median,1387,AUD_per_week,2019-20 dollars (survey year; table states no CPI adjustment),households by age of reference person,Australia,15-24,,,,,,,2019-20/10. Age of reference person.xlsx,https://www.abs.gov.au/statistics/economy/finance/household-income-and-wealth-australia/2019-20/10.%20Age%20of%20reference%20person.xlsx,"Table 10.1 INCOME DISTRIBUTION, Age of reference person",Table 10.1!B17,OK,
HIW4-2019-20-T10.1-00047,4,"Household Income and Wealth, Australia, 2019-20 financial year (ABS)",2022-04-28,2019-20,2019-07-01,2020-06-30,,INC_PRIVATE_WEEKLY,"Weekly household private income, median",median,2035,AUD_per_week,2019-20 dollars (survey year; table states no CPI adjustment),households by age of reference person,Australia,25-34,,,,,,,2019-20/10. Age of reference person.xlsx,https://www.abs.gov.au/statistics/economy/finance/household-income-and-wealth-australia/2019-20/10.%20Age%20of%20reference%20person.xlsx,"Table 10.1 INCOME DISTRIBUTION, Age of reference person",Table 10.1!C17,OK,
HIW4-2019-20-T10.1-00048,4,"Household Income and Wealth, Australia, 2019-20 financial year (ABS)",2022-04-28,2019-20,2019-07-01,2020-06-30,,INC_PRIVATE_WEEKLY,"Weekly household private income, median",median,2232,AUD_per_week,2019-20 dollars (survey year; table states no CPI adjustment),households by age of reference person,Australia,35-44,,,,,,,2019-20/10. Age of reference person.xlsx,https://www.abs.gov.au/statistics/economy/finance/household-income-and-wealth-australia/2019-20/10.%20Age%20of%20reference%20person.xlsx,"Table 10.1 INCOME DISTRIBUTION, Age of reference person",Table 10.1!D17,OK,
HIW4-2019-20-T10.1-00049,4,"Household Income and Wealth, Australia, 2019-20 financial year (ABS)",2022-04-28,2019-20,2019-07-01,2020-06-30,,INC_PRIVATE_WEEKLY,"Weekly household private income, median",median,2355,AUD_per_week,2019-20 dollars (survey year; table states no CPI adjustment),households by age of reference person,Australia,45-54,,,,,,,2019-20/10. Age of reference person.xlsx,https://www.abs.gov.au/statistics/economy/finance/household-income-and-wealth-australia/2019-20/10.%20Age%20of%20reference%20person.xlsx,"Table 10.1 INCOME DISTRIBUTION, Age of reference person",Table 10.1!E17,OK,
HIW4-2019-20-T10.1-00050,4,"Household Income and Wealth, Australia, 2019-20 financial year (ABS)",2022-04-28,2019-20,2019-07-01,2020-06-30,,INC_PRIVATE_WEEKLY,"Weekly household private income, median",median,1748,AUD_per_week,2019-20 dollars (survey year; table states no CPI adjustment),households by age of reference person,Australia,55-64,,,,,,,2019-20/10. Age of reference person.xlsx,https://www.abs.gov.au/statistics/economy/finance/household-income-and-wealth-australia/2019-20/10.%20Age%20of%20reference%20person.xlsx,"Table 10.1 INCOME DISTRIBUTION, Age of reference person",Table 10.1!F17,OK,
HIW4-2019-20-T10.1-00051,4,"Household Income and Wealth, Australia, 2019-20 financial year (ABS)",2022-04-28,2019-20,2019-07-01,2020-06-30,,INC_PRIVATE_WEEKLY,"Weekly household private income, median",median,518,AUD_per_week,2019-20 dollars (survey year; table states no CPI adjustment),households by age of reference person,Australia,65-74,,,,,,,2019-20/10. Age of reference person.xlsx,https://www.abs.gov.au/statistics/economy/finance/household-income-and-wealth-australia/2019-20/10.%20Age%20of%20reference%20person.xlsx,"Table 10.1 INCOME DISTRIBUTION, Age of reference person",Table 10.1!G17,OK,
HIW4-2019-20-T10.1-00052,4,"Household Income and Wealth, Australia, 2019-20 financial year (ABS)",2022-04-28,2019-20,2019-07-01,2020-06-30,,INC_PRIVATE_WEEKLY,"Weekly household private income, median",median,74,AUD_per_week,2019-20 dollars (survey year; table states no CPI adjustment),households by age of reference person,Australia,75 and over,,,,,,,2019-20/10. Age of reference person.xlsx,https://www.abs.gov.au/statistics/economy/finance/household-income-and-wealth-australia/2019-20/10.%20Age%20of%20reference%20person.xlsx,"Table 10.1 INCOME DISTRIBUTION, Age of reference person",Table 10.1!H17,OK,
HIW4-2019-20-T10.1-00053,4,"Household Income and Wealth, Australia, 2019-20 financial year (ABS)",2022-04-28,2019-20,2019-07-01,2020-06-30,,INC_PRIVATE_WEEKLY,"Weekly household private income, median",median,275,AUD_per_week,2019-20 dollars (survey year; table states no CPI adjustment),households by age of reference person,Australia,65 years and over,,,,,,,2019-20/10. Age of reference person.xlsx,https://www.abs.gov.au/statistics/economy/finance/household-income-and-wealth-australia/2019-20/10.%20Age%20of%20reference%20person.xlsx,"Table 10.1 INCOME DISTRIBUTION, Age of reference person",Table 10.1!I17,OK,
HIW4-2019-20-T10.1-00054,4,"Household Income and Wealth, Australia, 2019-20 financial year (ABS)",2022-04-28,2019-20,2019-07-01,2020-06-30,,INC_PRIVATE_WEEKLY,"Weekly household private income, median",median,1643,AUD_per_week,2019-20 dollars (survey year; table states no CPI adjustment),all households,Australia,All households,,,,,,,2019-20/10. Age of reference person.xlsx,https://www.abs.gov.au/statistics/economy/finance/household-income-and-wealth-australia/2019-20/10.%20Age%20of%20reference%20person.xlsx,"Table 10.1 INCOME DISTRIBUTION, Age of reference person",Table 10.1!J17,OK,
HIW4-2019-20-T10.1-00055,4,"Household Income and Wealth, Australia, 2019-20 financial year (ABS)",2022-04-28,2019-20,2019-07-01,2020-06-30,,INC_GOVT_PENSIONS_ALLOWANCES_WEEKLY,"Weekly household government pensions and allowances, median",median,0,AUD_per_week,2019-20 dollars (survey year; table states no CPI adjustment),households by age of reference person,Australia,15-24,,,,,,,2019-20/10. Age of reference person.xlsx,https://www.abs.gov.au/statistics/economy/finance/household-income-and-wealth-australia/2019-20/10.%20Age%20of%20reference%20person.xlsx,"Table 10.1 INCOME DISTRIBUTION, Age of reference person",Table 10.1!B18,OK,ABS flag ** (RSE greater than 50%); includes overseas pensions
HIW4-2019-20-T10.1-00056,4,"Household Income and Wealth, Australia, 2019-20 financial year (ABS)",2022-04-28,2019-20,2019-07-01,2020-06-30,,INC_GOVT_PENSIONS_ALLOWANCES_WEEKLY,"Weekly household government pensions and allowances, median",median,0,AUD_per_week,2019-20 dollars (survey year; table states no CPI adjustment),households by age of reference person,Australia,25-34,,,,,,,2019-20/10. Age of reference person.xlsx,https://www.abs.gov.au/statistics/economy/finance/household-income-and-wealth-australia/2019-20/10.%20Age%20of%20reference%20person.xlsx,"Table 10.1 INCOME DISTRIBUTION, Age of reference person",Table 10.1!C18,OK,ABS flag ** (RSE greater than 50%); includes overseas pensions
HIW4-2019-20-T10.1-00057,4,"Household Income and Wealth, Australia, 2019-20 financial year (ABS)",2022-04-28,2019-20,2019-07-01,2020-06-30,,INC_GOVT_PENSIONS_ALLOWANCES_WEEKLY,"Weekly household government pensions and allowances, median",median,0,AUD_per_week,2019-20 dollars (survey year; table states no CPI adjustment),households by age of reference person,Australia,35-44,,,,,,,2019-20/10. Age of reference person.xlsx,https://www.abs.gov.au/statistics/economy/finance/household-income-and-wealth-australia/2019-20/10.%20Age%20of%20reference%20person.xlsx,"Table 10.1 INCOME DISTRIBUTION, Age of reference person",Table 10.1!D18,OK,ABS flag ** (RSE greater than 50%); includes overseas pensions
HIW4-2019-20-T10.1-00058,4,"Household Income and Wealth, Australia, 2019-20 financial year (ABS)",2022-04-28,2019-20,2019-07-01,2020-06-30,,INC_GOVT_PENSIONS_ALLOWANCES_WEEKLY,"Weekly household government pensions and allowances, median",median,0,AUD_per_week,2019-20 dollars (survey year; table states no CPI adjustment),households by age of reference person,Australia,45-54,,,,,,,2019-20/10. Age of reference person.xlsx,https://www.abs.gov.au/statistics/economy/finance/household-income-and-wealth-australia/2019-20/10.%20Age%20of%20reference%20person.xlsx,"Table 10.1 INCOME DISTRIBUTION, Age of reference person",Table 10.1!E18,OK,ABS flag ** (RSE greater than 50%); includes overseas pensions
HIW4-2019-20-T10.1-00059,4,"Household Income and Wealth, Australia, 2019-20 financial year (ABS)",2022-04-28,2019-20,2019-07-01,2020-06-30,,INC_GOVT_PENSIONS_ALLOWANCES_WEEKLY,"Weekly household government pensions and allowances, median",median,0,AUD_per_week,2019-20 dollars (survey year; table states no CPI adjustment),households by age of reference person,Australia,55-64,,,,,,,2019-20/10. Age of reference person.xlsx,https://www.abs.gov.au/statistics/economy/finance/household-income-and-wealth-australia/2019-20/10.%20Age%20of%20reference%20person.xlsx,"Table 10.1 INCOME DISTRIBUTION, Age of reference person",Table 10.1!F18,OK,ABS flag ** (RSE greater than 50%); includes overseas pensions
HIW4-2019-20-T10.1-00060,4,"Household Income and Wealth, Australia, 2019-20 financial year (ABS)",2022-04-28,2019-20,2019-07-01,2020-06-30,,INC_GOVT_PENSIONS_ALLOWANCES_WEEKLY,"Weekly household government pensions and allowances, median",median,393,AUD_per_week,2019-20 dollars (survey year; table states no CPI adjustment),households by age of reference person,Australia,65-74,,,,,,,2019-20/10. Age of reference person.xlsx,https://www.abs.gov.au/statistics/economy/finance/household-income-and-wealth-australia/2019-20/10.%20Age%20of%20reference%20person.xlsx,"Table 10.1 INCOME DISTRIBUTION, Age of reference person",Table 10.1!G18,OK,includes overseas pensions
HIW4-2019-20-T10.1-00061,4,"Household Income and Wealth, Australia, 2019-20 financial year (ABS)",2022-04-28,2019-20,2019-07-01,2020-06-30,,INC_GOVT_PENSIONS_ALLOWANCES_WEEKLY,"Weekly household government pensions and allowances, median",median,479,AUD_per_week,2019-20 dollars (survey year; table states no CPI adjustment),households by age of reference person,Australia,75 and over,,,,,,,2019-20/10. Age of reference person.xlsx,https://www.abs.gov.au/statistics/economy/finance/household-income-and-wealth-australia/2019-20/10.%20Age%20of%20reference%20person.xlsx,"Table 10.1 INCOME DISTRIBUTION, Age of reference person",Table 10.1!H18,OK,includes overseas pensions
HIW4-2019-20-T10.1-00062,4,"Household Income and Wealth, Australia, 2019-20 financial year (ABS)",2022-04-28,2019-20,2019-07-01,2020-06-30,,INC_GOVT_PENSIONS_ALLOWANCES_WEEKLY,"Weekly household government pensions and allowances, median",median,479,AUD_per_week,2019-20 dollars (survey year; table states no CPI adjustment),households by age of reference person,Australia,65 years and over,,,,,,,2019-20/10. Age of reference person.xlsx,https://www.abs.gov.au/statistics/economy/finance/household-income-and-wealth-australia/2019-20/10.%20Age%20of%20reference%20person.xlsx,"Table 10.1 INCOME DISTRIBUTION, Age of reference person",Table 10.1!I18,OK,includes overseas pensions
HIW4-2019-20-T10.1-00063,4,"Household Income and Wealth, Australia, 2019-20 financial year (ABS)",2022-04-28,2019-20,2019-07-01,2020-06-30,,INC_GOVT_PENSIONS_ALLOWANCES_WEEKLY,"Weekly household government pensions and allowances, median",median,0,AUD_per_week,2019-20 dollars (survey year; table states no CPI adjustment),all households,Australia,All households,,,,,,,2019-20/10. Age of reference person.xlsx,https://www.abs.gov.au/statistics/economy/finance/household-income-and-wealth-australia/2019-20/10.%20Age%20of%20reference%20person.xlsx,"Table 10.1 INCOME DISTRIBUTION, Age of reference person",Table 10.1!J18,OK,ABS flag ** (RSE greater than 50%); includes overseas pensions
HIW4-2019-20-T10.1-00064,4,"Household Income and Wealth, Australia, 2019-20 financial year (ABS)",2022-04-28,2019-20,2019-07-01,2020-06-30,,INC_GROSS_WEEKLY,"Weekly household gross income, median",median,1536,AUD_per_week,2019-20 dollars (survey year; table states no CPI adjustment),households by age of reference person,Australia,15-24,,,,,,,2019-20/10. Age of reference person.xlsx,https://www.abs.gov.au/statistics/economy/finance/household-income-and-wealth-australia/2019-20/10.%20Age%20of%20reference%20person.xlsx,"Table 10.1 INCOME DISTRIBUTION, Age of reference person",Table 10.1!B19,OK,
HIW4-2019-20-T10.1-00065,4,"Household Income and Wealth, Australia, 2019-20 financial year (ABS)",2022-04-28,2019-20,2019-07-01,2020-06-30,,INC_GROSS_WEEKLY,"Weekly household gross income, median",median,2172,AUD_per_week,2019-20 dollars (survey year; table states no CPI adjustment),households by age of reference person,Australia,25-34,,,,,,,2019-20/10. Age of reference person.xlsx,https://www.abs.gov.au/statistics/economy/finance/household-income-and-wealth-australia/2019-20/10.%20Age%20of%20reference%20person.xlsx,"Table 10.1 INCOME DISTRIBUTION, Age of reference person",Table 10.1!C19,OK,
HIW4-2019-20-T10.1-00066,4,"Household Income and Wealth, Australia, 2019-20 financial year (ABS)",2022-04-28,2019-20,2019-07-01,2020-06-30,,INC_GROSS_WEEKLY,"Weekly household gross income, median",median,2347,AUD_per_week,2019-20 dollars (survey year; table states no CPI adjustment),households by age of reference person,Australia,35-44,,,,,,,2019-20/10. Age of reference person.xlsx,https://www.abs.gov.au/statistics/economy/finance/household-income-and-wealth-australia/2019-20/10.%20Age%20of%20reference%20person.xlsx,"Table 10.1 INCOME DISTRIBUTION, Age of reference person",Table 10.1!D19,OK,
HIW4-2019-20-T10.1-00067,4,"Household Income and Wealth, Australia, 2019-20 financial year (ABS)",2022-04-28,2019-20,2019-07-01,2020-06-30,,INC_GROSS_WEEKLY,"Weekly household gross income, median",median,2450,AUD_per_week,2019-20 dollars (survey year; table states no CPI adjustment),households by age of reference person,Australia,45-54,,,,,,,2019-20/10. Age of reference person.xlsx,https://www.abs.gov.au/statistics/economy/finance/household-income-and-wealth-australia/2019-20/10.%20Age%20of%20reference%20person.xlsx,"Table 10.1 INCOME DISTRIBUTION, Age of reference person",Table 10.1!E19,OK,
HIW4-2019-20-T10.1-00068,4,"Household Income and Wealth, Australia, 2019-20 financial year (ABS)",2022-04-28,2019-20,2019-07-01,2020-06-30,,INC_GROSS_WEEKLY,"Weekly household gross income, median",median,1848,AUD_per_week,2019-20 dollars (survey year; table states no CPI adjustment),households by age of reference person,Australia,55-64,,,,,,,2019-20/10. Age of reference person.xlsx,https://www.abs.gov.au/statistics/economy/finance/household-income-and-wealth-australia/2019-20/10.%20Age%20of%20reference%20person.xlsx,"Table 10.1 INCOME DISTRIBUTION, Age of reference person",Table 10.1!F19,OK,
HIW4-2019-20-T10.1-00069,4,"Household Income and Wealth, Australia, 2019-20 financial year (ABS)",2022-04-28,2019-20,2019-07-01,2020-06-30,,INC_GROSS_WEEKLY,"Weekly household gross income, median",median,975,AUD_per_week,2019-20 dollars (survey year; table states no CPI adjustment),households by age of reference person,Australia,65-74,,,,,,,2019-20/10. Age of reference person.xlsx,https://www.abs.gov.au/statistics/economy/finance/household-income-and-wealth-australia/2019-20/10.%20Age%20of%20reference%20person.xlsx,"Table 10.1 INCOME DISTRIBUTION, Age of reference person",Table 10.1!G19,OK,
HIW4-2019-20-T10.1-00070,4,"Household Income and Wealth, Australia, 2019-20 financial year (ABS)",2022-04-28,2019-20,2019-07-01,2020-06-30,,INC_GROSS_WEEKLY,"Weekly household gross income, median",median,783,AUD_per_week,2019-20 dollars (survey year; table states no CPI adjustment),households by age of reference person,Australia,75 and over,,,,,,,2019-20/10. Age of reference person.xlsx,https://www.abs.gov.au/statistics/economy/finance/household-income-and-wealth-australia/2019-20/10.%20Age%20of%20reference%20person.xlsx,"Table 10.1 INCOME DISTRIBUTION, Age of reference person",Table 10.1!H19,OK,
HIW4-2019-20-T10.1-00071,4,"Household Income and Wealth, Australia, 2019-20 financial year (ABS)",2022-04-28,2019-20,2019-07-01,2020-06-30,,INC_GROSS_WEEKLY,"Weekly household gross income, median",median,863,AUD_per_week,2019-20 dollars (survey year; table states no CPI adjustment),households by age of reference person,Australia,65 years and over,,,,,,,2019-20/10. Age of reference person.xlsx,https://www.abs.gov.au/statistics/economy/finance/household-income-and-wealth-australia/2019-20/10.%20Age%20of%20reference%20person.xlsx,"Table 10.1 INCOME DISTRIBUTION, Age of reference person",Table 10.1!I19,OK,
HIW4-2019-20-T10.1-00072,4,"Household Income and Wealth, Australia, 2019-20 financial year (ABS)",2022-04-28,2019-20,2019-07-01,2020-06-30,,INC_GROSS_WEEKLY,"Weekly household gross income, median",median,1786,AUD_per_week,2019-20 dollars (survey year; table states no CPI adjustment),all households,Australia,All households,,,,,,,2019-20/10. Age of reference person.xlsx,https://www.abs.gov.au/statistics/economy/finance/household-income-and-wealth-australia/2019-20/10.%20Age%20of%20reference%20person.xlsx,"Table 10.1 INCOME DISTRIBUTION, Age of reference person",Table 10.1!J19,OK,
HIW4-2019-20-T10.1-00073,4,"Household Income and Wealth, Australia, 2019-20 financial year (ABS)",2022-04-28,2019-20,2019-07-01,2020-06-30,,INC_DISPOSABLE_WEEKLY,"Weekly household disposable income, median",median,1380,AUD_per_week,2019-20 dollars (survey year; table states no CPI adjustment),households by age of reference person,Australia,15-24,,,,,,,2019-20/10. Age of reference person.xlsx,https://www.abs.gov.au/statistics/economy/finance/household-income-and-wealth-australia/2019-20/10.%20Age%20of%20reference%20person.xlsx,"Table 10.1 INCOME DISTRIBUTION, Age of reference person",Table 10.1!B20,OK,
HIW4-2019-20-T10.1-00074,4,"Household Income and Wealth, Australia, 2019-20 financial year (ABS)",2022-04-28,2019-20,2019-07-01,2020-06-30,,INC_DISPOSABLE_WEEKLY,"Weekly household disposable income, median",median,1825,AUD_per_week,2019-20 dollars (survey year; table states no CPI adjustment),households by age of reference person,Australia,25-34,,,,,,,2019-20/10. Age of reference person.xlsx,https://www.abs.gov.au/statistics/economy/finance/household-income-and-wealth-australia/2019-20/10.%20Age%20of%20reference%20person.xlsx,"Table 10.1 INCOME DISTRIBUTION, Age of reference person",Table 10.1!C20,OK,
HIW4-2019-20-T10.1-00075,4,"Household Income and Wealth, Australia, 2019-20 financial year (ABS)",2022-04-28,2019-20,2019-07-01,2020-06-30,,INC_DISPOSABLE_WEEKLY,"Weekly household disposable income, median",median,1951,AUD_per_week,2019-20 dollars (survey year; table states no CPI adjustment),households by age of reference person,Australia,35-44,,,,,,,2019-20/10. Age of reference person.xlsx,https://www.abs.gov.au/statistics/economy/finance/household-income-and-wealth-australia/2019-20/10.%20Age%20of%20reference%20person.xlsx,"Table 10.1 INCOME DISTRIBUTION, Age of reference person",Table 10.1!D20,OK,
HIW4-2019-20-T10.1-00076,4,"Household Income and Wealth, Australia, 2019-20 financial year (ABS)",2022-04-28,2019-20,2019-07-01,2020-06-30,,INC_DISPOSABLE_WEEKLY,"Weekly household disposable income, median",median,2028,AUD_per_week,2019-20 dollars (survey year; table states no CPI adjustment),households by age of reference person,Australia,45-54,,,,,,,2019-20/10. Age of reference person.xlsx,https://www.abs.gov.au/statistics/economy/finance/household-income-and-wealth-australia/2019-20/10.%20Age%20of%20reference%20person.xlsx,"Table 10.1 INCOME DISTRIBUTION, Age of reference person",Table 10.1!E20,OK,
HIW4-2019-20-T10.1-00077,4,"Household Income and Wealth, Australia, 2019-20 financial year (ABS)",2022-04-28,2019-20,2019-07-01,2020-06-30,,INC_DISPOSABLE_WEEKLY,"Weekly household disposable income, median",median,1593,AUD_per_week,2019-20 dollars (survey year; table states no CPI adjustment),households by age of reference person,Australia,55-64,,,,,,,2019-20/10. Age of reference person.xlsx,https://www.abs.gov.au/statistics/economy/finance/household-income-and-wealth-australia/2019-20/10.%20Age%20of%20reference%20person.xlsx,"Table 10.1 INCOME DISTRIBUTION, Age of reference person",Table 10.1!F20,OK,
HIW4-2019-20-T10.1-00078,4,"Household Income and Wealth, Australia, 2019-20 financial year (ABS)",2022-04-28,2019-20,2019-07-01,2020-06-30,,INC_DISPOSABLE_WEEKLY,"Weekly household disposable income, median",median,965,AUD_per_week,2019-20 dollars (survey year; table states no CPI adjustment),households by age of reference person,Australia,65-74,,,,,,,2019-20/10. Age of reference person.xlsx,https://www.abs.gov.au/statistics/economy/finance/household-income-and-wealth-australia/2019-20/10.%20Age%20of%20reference%20person.xlsx,"Table 10.1 INCOME DISTRIBUTION, Age of reference person",Table 10.1!G20,OK,
HIW4-2019-20-T10.1-00079,4,"Household Income and Wealth, Australia, 2019-20 financial year (ABS)",2022-04-28,2019-20,2019-07-01,2020-06-30,,INC_DISPOSABLE_WEEKLY,"Weekly household disposable income, median",median,782,AUD_per_week,2019-20 dollars (survey year; table states no CPI adjustment),households by age of reference person,Australia,75 and over,,,,,,,2019-20/10. Age of reference person.xlsx,https://www.abs.gov.au/statistics/economy/finance/household-income-and-wealth-australia/2019-20/10.%20Age%20of%20reference%20person.xlsx,"Table 10.1 INCOME DISTRIBUTION, Age of reference person",Table 10.1!H20,OK,
HIW4-2019-20-T10.1-00080,4,"Household Income and Wealth, Australia, 2019-20 financial year (ABS)",2022-04-28,2019-20,2019-07-01,2020-06-30,,INC_DISPOSABLE_WEEKLY,"Weekly household disposable income, median",median,854,AUD_per_week,2019-20 dollars (survey year; table states no CPI adjustment),households by age of reference person,Australia,65 years and over,,,,,,,2019-20/10. Age of reference person.xlsx,https://www.abs.gov.au/statistics/economy/finance/household-income-and-wealth-australia/2019-20/10.%20Age%20of%20reference%20person.xlsx,"Table 10.1 INCOME DISTRIBUTION, Age of reference person",Table 10.1!I20,OK,
HIW4-2019-20-T10.1-00081,4,"Household Income and Wealth, Australia, 2019-20 financial year (ABS)",2022-04-28,2019-20,2019-07-01,2020-06-30,,INC_DISPOSABLE_WEEKLY,"Weekly household disposable income, median",median,1542,AUD_per_week,2019-20 dollars (survey year; table states no CPI adjustment),all households,Australia,All households,,,,,,,2019-20/10. Age of reference person.xlsx,https://www.abs.gov.au/statistics/economy/finance/household-income-and-wealth-australia/2019-20/10.%20Age%20of%20reference%20person.xlsx,"Table 10.1 INCOME DISTRIBUTION, Age of reference person",Table 10.1!J20,OK,
HIW4-2019-20-T10.1-00082,4,"Household Income and Wealth, Australia, 2019-20 financial year (ABS)",2022-04-28,2019-20,2019-07-01,2020-06-30,,INC_EQUIVALISED_DISPOSABLE_WEEKLY,"Weekly household equivalised disposable income, median",median,924,AUD_per_week,2019-20 dollars (survey year; table states no CPI adjustment),households by age of reference person,Australia,15-24,,,,,,,2019-20/10. Age of reference person.xlsx,https://www.abs.gov.au/statistics/economy/finance/household-income-and-wealth-australia/2019-20/10.%20Age%20of%20reference%20person.xlsx,"Table 10.1 INCOME DISTRIBUTION, Age of reference person",Table 10.1!B21,OK,
HIW4-2019-20-T10.1-00083,4,"Household Income and Wealth, Australia, 2019-20 financial year (ABS)",2022-04-28,2019-20,2019-07-01,2020-06-30,,INC_EQUIVALISED_DISPOSABLE_WEEKLY,"Weekly household equivalised disposable income, median",median,1028,AUD_per_week,2019-20 dollars (survey year; table states no CPI adjustment),households by age of reference person,Australia,25-34,,,,,,,2019-20/10. Age of reference person.xlsx,https://www.abs.gov.au/statistics/economy/finance/household-income-and-wealth-australia/2019-20/10.%20Age%20of%20reference%20person.xlsx,"Table 10.1 INCOME DISTRIBUTION, Age of reference person",Table 10.1!C21,OK,
HIW4-2019-20-T10.1-00084,4,"Household Income and Wealth, Australia, 2019-20 financial year (ABS)",2022-04-28,2019-20,2019-07-01,2020-06-30,,INC_EQUIVALISED_DISPOSABLE_WEEKLY,"Weekly household equivalised disposable income, median",median,985,AUD_per_week,2019-20 dollars (survey year; table states no CPI adjustment),households by age of reference person,Australia,35-44,,,,,,,2019-20/10. Age of reference person.xlsx,https://www.abs.gov.au/statistics/economy/finance/household-income-and-wealth-australia/2019-20/10.%20Age%20of%20reference%20person.xlsx,"Table 10.1 INCOME DISTRIBUTION, Age of reference person",Table 10.1!D21,OK,
HIW4-2019-20-T10.1-00085,4,"Household Income and Wealth, Australia, 2019-20 financial year (ABS)",2022-04-28,2019-20,2019-07-01,2020-06-30,,INC_EQUIVALISED_DISPOSABLE_WEEKLY,"Weekly household equivalised disposable income, median",median,1076,AUD_per_week,2019-20 dollars (survey year; table states no CPI adjustment),households by age of reference person,Australia,45-54,,,,,,,2019-20/10. Age of reference person.xlsx,https://www.abs.gov.au/statistics/economy/finance/household-income-and-wealth-australia/2019-20/10.%20Age%20of%20reference%20person.xlsx,"Table 10.1 INCOME DISTRIBUTION, Age of reference person",Table 10.1!E21,OK,
HIW4-2019-20-T10.1-00086,4,"Household Income and Wealth, Australia, 2019-20 financial year (ABS)",2022-04-28,2019-20,2019-07-01,2020-06-30,,INC_EQUIVALISED_DISPOSABLE_WEEKLY,"Weekly household equivalised disposable income, median",median,1064,AUD_per_week,2019-20 dollars (survey year; table states no CPI adjustment),households by age of reference person,Australia,55-64,,,,,,,2019-20/10. Age of reference person.xlsx,https://www.abs.gov.au/statistics/economy/finance/household-income-and-wealth-australia/2019-20/10.%20Age%20of%20reference%20person.xlsx,"Table 10.1 INCOME DISTRIBUTION, Age of reference person",Table 10.1!F21,OK,
HIW4-2019-20-T10.1-00087,4,"Household Income and Wealth, Australia, 2019-20 financial year (ABS)",2022-04-28,2019-20,2019-07-01,2020-06-30,,INC_EQUIVALISED_DISPOSABLE_WEEKLY,"Weekly household equivalised disposable income, median",median,740,AUD_per_week,2019-20 dollars (survey year; table states no CPI adjustment),households by age of reference person,Australia,65-74,,,,,,,2019-20/10. Age of reference person.xlsx,https://www.abs.gov.au/statistics/economy/finance/household-income-and-wealth-australia/2019-20/10.%20Age%20of%20reference%20person.xlsx,"Table 10.1 INCOME DISTRIBUTION, Age of reference person",Table 10.1!G21,OK,
HIW4-2019-20-T10.1-00088,4,"Household Income and Wealth, Australia, 2019-20 financial year (ABS)",2022-04-28,2019-20,2019-07-01,2020-06-30,,INC_EQUIVALISED_DISPOSABLE_WEEKLY,"Weekly household equivalised disposable income, median",median,592,AUD_per_week,2019-20 dollars (survey year; table states no CPI adjustment),households by age of reference person,Australia,75 and over,,,,,,,2019-20/10. Age of reference person.xlsx,https://www.abs.gov.au/statistics/economy/finance/household-income-and-wealth-australia/2019-20/10.%20Age%20of%20reference%20person.xlsx,"Table 10.1 INCOME DISTRIBUTION, Age of reference person",Table 10.1!H21,OK,
HIW4-2019-20-T10.1-00089,4,"Household Income and Wealth, Australia, 2019-20 financial year (ABS)",2022-04-28,2019-20,2019-07-01,2020-06-30,,INC_EQUIVALISED_DISPOSABLE_WEEKLY,"Weekly household equivalised disposable income, median",median,679,AUD_per_week,2019-20 dollars (survey year; table states no CPI adjustment),households by age of reference person,Australia,65 years and over,,,,,,,2019-20/10. Age of reference person.xlsx,https://www.abs.gov.au/statistics/economy/finance/household-income-and-wealth-australia/2019-20/10.%20Age%20of%20reference%20person.xlsx,"Table 10.1 INCOME DISTRIBUTION, Age of reference person",Table 10.1!I21,OK,
HIW4-2019-20-T10.1-00090,4,"Household Income and Wealth, Australia, 2019-20 financial year (ABS)",2022-04-28,2019-20,2019-07-01,2020-06-30,,INC_EQUIVALISED_DISPOSABLE_WEEKLY,"Weekly household equivalised disposable income, median",median,958,AUD_per_week,2019-20 dollars (survey year; table states no CPI adjustment),all households,Australia,All households,,,,,,,2019-20/10. Age of reference person.xlsx,https://www.abs.gov.au/statistics/economy/finance/household-income-and-wealth-australia/2019-20/10.%20Age%20of%20reference%20person.xlsx,"Table 10.1 INCOME DISTRIBUTION, Age of reference person",Table 10.1!J21,OK,
HIW4-2019-20-T10.1-00091,4,"Household Income and Wealth, Australia, 2019-20 financial year (ABS)",2022-04-28,2019-20,2019-07-01,2020-06-30,,INC_EQUIVALISED_DISPOSABLE_WEEKLY_PCTL,Weekly equivalised disposable household income at top of selected percentile (10th (P10)),p10,461,AUD_per_week,2019-20 dollars (survey year; table states no CPI adjustment),households by age of reference person,Australia,15-24,,,,,,P10,2019-20/10. Age of reference person.xlsx,https://www.abs.gov.au/statistics/economy/finance/household-income-and-wealth-australia/2019-20/10.%20Age%20of%20reference%20person.xlsx,"Table 10.1 INCOME DISTRIBUTION, Age of reference person",Table 10.1!B29,OK,percentile boundary within this age group
HIW4-2019-20-T10.1-00092,4,"Household Income and Wealth, Australia, 2019-20 financial year (ABS)",2022-04-28,2019-20,2019-07-01,2020-06-30,,INC_EQUIVALISED_DISPOSABLE_WEEKLY_PCTL,Weekly equivalised disposable household income at top of selected percentile (10th (P10)),p10,485,AUD_per_week,2019-20 dollars (survey year; table states no CPI adjustment),households by age of reference person,Australia,25-34,,,,,,P10,2019-20/10. Age of reference person.xlsx,https://www.abs.gov.au/statistics/economy/finance/household-income-and-wealth-australia/2019-20/10.%20Age%20of%20reference%20person.xlsx,"Table 10.1 INCOME DISTRIBUTION, Age of reference person",Table 10.1!C29,OK,percentile boundary within this age group
HIW4-2019-20-T10.1-00093,4,"Household Income and Wealth, Australia, 2019-20 financial year (ABS)",2022-04-28,2019-20,2019-07-01,2020-06-30,,INC_EQUIVALISED_DISPOSABLE_WEEKLY_PCTL,Weekly equivalised disposable household income at top of selected percentile (10th (P10)),p10,490,AUD_per_week,2019-20 dollars (survey year; table states no CPI adjustment),households by age of reference person,Australia,35-44,,,,,,P10,2019-20/10. Age of reference person.xlsx,https://www.abs.gov.au/statistics/economy/finance/household-income-and-wealth-australia/2019-20/10.%20Age%20of%20reference%20person.xlsx,"Table 10.1 INCOME DISTRIBUTION, Age of reference person",Table 10.1!D29,OK,percentile boundary within this age group
HIW4-2019-20-T10.1-00094,4,"Household Income and Wealth, Australia, 2019-20 financial year (ABS)",2022-04-28,2019-20,2019-07-01,2020-06-30,,INC_EQUIVALISED_DISPOSABLE_WEEKLY_PCTL,Weekly equivalised disposable household income at top of selected percentile (10th (P10)),p10,482,AUD_per_week,2019-20 dollars (survey year; table states no CPI adjustment),households by age of reference person,Australia,45-54,,,,,,P10,2019-20/10. Age of reference person.xlsx,https://www.abs.gov.au/statistics/economy/finance/household-income-and-wealth-australia/2019-20/10.%20Age%20of%20reference%20person.xlsx,"Table 10.1 INCOME DISTRIBUTION, Age of reference person",Table 10.1!E29,OK,percentile boundary within this age group
HIW4-2019-20-T10.1-00095,4,"Household Income and Wealth, Australia, 2019-20 financial year (ABS)",2022-04-28,2019-20,2019-07-01,2020-06-30,,INC_EQUIVALISED_DISPOSABLE_WEEKLY_PCTL,Weekly equivalised disposable household income at top of selected percentile (10th (P10)),p10,464,AUD_per_week,2019-20 dollars (survey year; table states no CPI adjustment),households by age of reference person,Australia,55-64,,,,,,P10,2019-20/10. Age of reference person.xlsx,https://www.abs.gov.au/statistics/economy/finance/household-income-and-wealth-australia/2019-20/10.%20Age%20of%20reference%20person.xlsx,"Table 10.1 INCOME DISTRIBUTION, Age of reference person",Table 10.1!F29,OK,percentile boundary within this age group
HIW4-2019-20-T10.1-00096,4,"Household Income and Wealth, Australia, 2019-20 financial year (ABS)",2022-04-28,2019-20,2019-07-01,2020-06-30,,INC_EQUIVALISED_DISPOSABLE_WEEKLY_PCTL,Weekly equivalised disposable household income at top of selected percentile (10th (P10)),p10,431,AUD_per_week,2019-20 dollars (survey year; table states no CPI adjustment),households by age of reference person,Australia,65-74,,,,,,P10,2019-20/10. Age of reference person.xlsx,https://www.abs.gov.au/statistics/economy/finance/household-income-and-wealth-australia/2019-20/10.%20Age%20of%20reference%20person.xlsx,"Table 10.1 INCOME DISTRIBUTION, Age of reference person",Table 10.1!G29,OK,percentile boundary within this age group
HIW4-2019-20-T10.1-00097,4,"Household Income and Wealth, Australia, 2019-20 financial year (ABS)",2022-04-28,2019-20,2019-07-01,2020-06-30,,INC_EQUIVALISED_DISPOSABLE_WEEKLY_PCTL,Weekly equivalised disposable household income at top of selected percentile (10th (P10)),p10,466,AUD_per_week,2019-20 dollars (survey year; table states no CPI adjustment),households by age of reference person,Australia,75 and over,,,,,,P10,2019-20/10. Age of reference person.xlsx,https://www.abs.gov.au/statistics/economy/finance/household-income-and-wealth-australia/2019-20/10.%20Age%20of%20reference%20person.xlsx,"Table 10.1 INCOME DISTRIBUTION, Age of reference person",Table 10.1!H29,OK,percentile boundary within this age group
HIW4-2019-20-T10.1-00098,4,"Household Income and Wealth, Australia, 2019-20 financial year (ABS)",2022-04-28,2019-20,2019-07-01,2020-06-30,,INC_EQUIVALISED_DISPOSABLE_WEEKLY_PCTL,Weekly equivalised disposable household income at top of selected percentile (10th (P10)),p10,447,AUD_per_week,2019-20 dollars (survey year; table states no CPI adjustment),households by age of reference person,Australia,65 years and over,,,,,,P10,2019-20/10. Age of reference person.xlsx,https://www.abs.gov.au/statistics/economy/finance/household-income-and-wealth-australia/2019-20/10.%20Age%20of%20reference%20person.xlsx,"Table 10.1 INCOME DISTRIBUTION, Age of reference person",Table 10.1!I29,OK,percentile boundary within this age group
HIW4-2019-20-T10.1-00099,4,"Household Income and Wealth, Australia, 2019-20 financial year (ABS)",2022-04-28,2019-20,2019-07-01,2020-06-30,,INC_EQUIVALISED_DISPOSABLE_WEEKLY_PCTL,Weekly equivalised disposable household income at top of selected percentile (10th (P10)),p10,475,AUD_per_week,2019-20 dollars (survey year; table states no CPI adjustment),all households,Australia,All households,,,,,,P10,2019-20/10. Age of reference person.xlsx,https://www.abs.gov.au/statistics/economy/finance/household-income-and-wealth-australia/2019-20/10.%20Age%20of%20reference%20person.xlsx,"Table 10.1 INCOME DISTRIBUTION, Age of reference person",Table 10.1!J29,OK,percentile boundary within this age group
HIW4-2019-20-T10.1-00100,4,"Household Income and Wealth, Australia, 2019-20 financial year (ABS)",2022-04-28,2019-20,2019-07-01,2020-06-30,,INC_EQUIVALISED_DISPOSABLE_WEEKLY_PCTL,Weekly equivalised disposable household income at top of selected percentile (20th (P20)),p20,575,AUD_per_week,2019-20 dollars (survey year; table states no CPI adjustment),households by age of reference person,Australia,15-24,,,,,,P20,2019-20/10. Age of reference person.xlsx,https://www.abs.gov.au/statistics/economy/finance/household-income-and-wealth-australia/2019-20/10.%20Age%20of%20reference%20person.xlsx,"Table 10.1 INCOME DISTRIBUTION, Age of reference person",Table 10.1!B30,OK,percentile boundary within this age group
HIW4-2019-20-T10.1-00101,4,"Household Income and Wealth, Australia, 2019-20 financial year (ABS)",2022-04-28,2019-20,2019-07-01,2020-06-30,,INC_EQUIVALISED_DISPOSABLE_WEEKLY_PCTL,Weekly equivalised disposable household income at top of selected percentile (20th (P20)),p20,660,AUD_per_week,2019-20 dollars (survey year; table states no CPI adjustment),households by age of reference person,Australia,25-34,,,,,,P20,2019-20/10. Age of reference person.xlsx,https://www.abs.gov.au/statistics/economy/finance/household-income-and-wealth-australia/2019-20/10.%20Age%20of%20reference%20person.xlsx,"Table 10.1 INCOME DISTRIBUTION, Age of reference person",Table 10.1!C30,OK,percentile boundary within this age group
HIW4-2019-20-T10.1-00102,4,"Household Income and Wealth, Australia, 2019-20 financial year (ABS)",2022-04-28,2019-20,2019-07-01,2020-06-30,,INC_EQUIVALISED_DISPOSABLE_WEEKLY_PCTL,Weekly equivalised disposable household income at top of selected percentile (20th (P20)),p20,635,AUD_per_week,2019-20 dollars (survey year; table states no CPI adjustment),households by age of reference person,Australia,35-44,,,,,,P20,2019-20/10. Age of reference person.xlsx,https://www.abs.gov.au/statistics/economy/finance/household-income-and-wealth-australia/2019-20/10.%20Age%20of%20reference%20person.xlsx,"Table 10.1 INCOME DISTRIBUTION, Age of reference person",Table 10.1!D30,OK,percentile boundary within this age group
HIW4-2019-20-T10.1-00103,4,"Household Income and Wealth, Australia, 2019-20 financial year (ABS)",2022-04-28,2019-20,2019-07-01,2020-06-30,,INC_EQUIVALISED_DISPOSABLE_WEEKLY_PCTL,Weekly equivalised disposable household income at top of selected percentile (20th (P20)),p20,672,AUD_per_week,2019-20 dollars (survey year; table states no CPI adjustment),households by age of reference person,Australia,45-54,,,,,,P20,2019-20/10. Age of reference person.xlsx,https://www.abs.gov.au/statistics/economy/finance/household-income-and-wealth-australia/2019-20/10.%20Age%20of%20reference%20person.xlsx,"Table 10.1 INCOME DISTRIBUTION, Age of reference person",Table 10.1!E30,OK,percentile boundary within this age group
HIW4-2019-20-T10.1-00104,4,"Household Income and Wealth, Australia, 2019-20 financial year (ABS)",2022-04-28,2019-20,2019-07-01,2020-06-30,,INC_EQUIVALISED_DISPOSABLE_WEEKLY_PCTL,Weekly equivalised disposable household income at top of selected percentile (20th (P20)),p20,618,AUD_per_week,2019-20 dollars (survey year; table states no CPI adjustment),households by age of reference person,Australia,55-64,,,,,,P20,2019-20/10. Age of reference person.xlsx,https://www.abs.gov.au/statistics/economy/finance/household-income-and-wealth-australia/2019-20/10.%20Age%20of%20reference%20person.xlsx,"Table 10.1 INCOME DISTRIBUTION, Age of reference person",Table 10.1!F30,OK,percentile boundary within this age group
HIW4-2019-20-T10.1-00105,4,"Household Income and Wealth, Australia, 2019-20 financial year (ABS)",2022-04-28,2019-20,2019-07-01,2020-06-30,,INC_EQUIVALISED_DISPOSABLE_WEEKLY_PCTL,Weekly equivalised disposable household income at top of selected percentile (20th (P20)),p20,516,AUD_per_week,2019-20 dollars (survey year; table states no CPI adjustment),households by age of reference person,Australia,65-74,,,,,,P20,2019-20/10. Age of reference person.xlsx,https://www.abs.gov.au/statistics/economy/finance/household-income-and-wealth-australia/2019-20/10.%20Age%20of%20reference%20person.xlsx,"Table 10.1 INCOME DISTRIBUTION, Age of reference person",Table 10.1!G30,OK,percentile boundary within this age group
HIW4-2019-20-T10.1-00106,4,"Household Income and Wealth, Australia, 2019-20 financial year (ABS)",2022-04-28,2019-20,2019-07-01,2020-06-30,,INC_EQUIVALISED_DISPOSABLE_WEEKLY_PCTL,Weekly equivalised disposable household income at top of selected percentile (20th (P20)),p20,488,AUD_per_week,2019-20 dollars (survey year; table states no CPI adjustment),households by age of reference person,Australia,75 and over,,,,,,P20,2019-20/10. Age of reference person.xlsx,https://www.abs.gov.au/statistics/economy/finance/household-income-and-wealth-australia/2019-20/10.%20Age%20of%20reference%20person.xlsx,"Table 10.1 INCOME DISTRIBUTION, Age of reference person",Table 10.1!H30,OK,percentile boundary within this age group
HIW4-2019-20-T10.1-00107,4,"Household Income and Wealth, Australia, 2019-20 financial year (ABS)",2022-04-28,2019-20,2019-07-01,2020-06-30,,INC_EQUIVALISED_DISPOSABLE_WEEKLY_PCTL,Weekly equivalised disposable household income at top of selected percentile (20th (P20)),p20,498,AUD_per_week,2019-20 dollars (survey year; table states no CPI adjustment),households by age of reference person,Australia,65 years and over,,,,,,P20,2019-20/10. Age of reference person.xlsx,https://www.abs.gov.au/statistics/economy/finance/household-income-and-wealth-australia/2019-20/10.%20Age%20of%20reference%20person.xlsx,"Table 10.1 INCOME DISTRIBUTION, Age of reference person",Table 10.1!I30,OK,percentile boundary within this age group
HIW4-2019-20-T10.1-00108,4,"Household Income and Wealth, Australia, 2019-20 financial year (ABS)",2022-04-28,2019-20,2019-07-01,2020-06-30,,INC_EQUIVALISED_DISPOSABLE_WEEKLY_PCTL,Weekly equivalised disposable household income at top of selected percentile (20th (P20)),p20,583,AUD_per_week,2019-20 dollars (survey year; table states no CPI adjustment),all households,Australia,All households,,,,,,P20,2019-20/10. Age of reference person.xlsx,https://www.abs.gov.au/statistics/economy/finance/household-income-and-wealth-australia/2019-20/10.%20Age%20of%20reference%20person.xlsx,"Table 10.1 INCOME DISTRIBUTION, Age of reference person",Table 10.1!J30,OK,percentile boundary within this age group
HIW4-2019-20-T10.1-00109,4,"Household Income and Wealth, Australia, 2019-20 financial year (ABS)",2022-04-28,2019-20,2019-07-01,2020-06-30,,INC_EQUIVALISED_DISPOSABLE_WEEKLY_PCTL,Weekly equivalised disposable household income at top of selected percentile (30th (P30)),threshold,711,AUD_per_week,2019-20 dollars (survey year; table states no CPI adjustment),households by age of reference person,Australia,15-24,,,,,,P30,2019-20/10. Age of reference person.xlsx,https://www.abs.gov.au/statistics/economy/finance/household-income-and-wealth-australia/2019-20/10.%20Age%20of%20reference%20person.xlsx,"Table 10.1 INCOME DISTRIBUTION, Age of reference person",Table 10.1!B31,OK,percentile boundary within this age group
HIW4-2019-20-T10.1-00110,4,"Household Income and Wealth, Australia, 2019-20 financial year (ABS)",2022-04-28,2019-20,2019-07-01,2020-06-30,,INC_EQUIVALISED_DISPOSABLE_WEEKLY_PCTL,Weekly equivalised disposable household income at top of selected percentile (30th (P30)),threshold,778,AUD_per_week,2019-20 dollars (survey year; table states no CPI adjustment),households by age of reference person,Australia,25-34,,,,,,P30,2019-20/10. Age of reference person.xlsx,https://www.abs.gov.au/statistics/economy/finance/household-income-and-wealth-australia/2019-20/10.%20Age%20of%20reference%20person.xlsx,"Table 10.1 INCOME DISTRIBUTION, Age of reference person",Table 10.1!C31,OK,percentile boundary within this age group
HIW4-2019-20-T10.1-00111,4,"Household Income and Wealth, Australia, 2019-20 financial year (ABS)",2022-04-28,2019-20,2019-07-01,2020-06-30,,INC_EQUIVALISED_DISPOSABLE_WEEKLY_PCTL,Weekly equivalised disposable household income at top of selected percentile (30th (P30)),threshold,746,AUD_per_week,2019-20 dollars (survey year; table states no CPI adjustment),households by age of reference person,Australia,35-44,,,,,,P30,2019-20/10. Age of reference person.xlsx,https://www.abs.gov.au/statistics/economy/finance/household-income-and-wealth-australia/2019-20/10.%20Age%20of%20reference%20person.xlsx,"Table 10.1 INCOME DISTRIBUTION, Age of reference person",Table 10.1!D31,OK,percentile boundary within this age group
HIW4-2019-20-T10.1-00112,4,"Household Income and Wealth, Australia, 2019-20 financial year (ABS)",2022-04-28,2019-20,2019-07-01,2020-06-30,,INC_EQUIVALISED_DISPOSABLE_WEEKLY_PCTL,Weekly equivalised disposable household income at top of selected percentile (30th (P30)),threshold,812,AUD_per_week,2019-20 dollars (survey year; table states no CPI adjustment),households by age of reference person,Australia,45-54,,,,,,P30,2019-20/10. Age of reference person.xlsx,https://www.abs.gov.au/statistics/economy/finance/household-income-and-wealth-australia/2019-20/10.%20Age%20of%20reference%20person.xlsx,"Table 10.1 INCOME DISTRIBUTION, Age of reference person",Table 10.1!E31,OK,percentile boundary within this age group
HIW4-2019-20-T10.1-00113,4,"Household Income and Wealth, Australia, 2019-20 financial year (ABS)",2022-04-28,2019-20,2019-07-01,2020-06-30,,INC_EQUIVALISED_DISPOSABLE_WEEKLY_PCTL,Weekly equivalised disposable household income at top of selected percentile (30th (P30)),threshold,782,AUD_per_week,2019-20 dollars (survey year; table states no CPI adjustment),households by age of reference person,Australia,55-64,,,,,,P30,2019-20/10. Age of reference person.xlsx,https://www.abs.gov.au/statistics/economy/finance/household-income-and-wealth-australia/2019-20/10.%20Age%20of%20reference%20person.xlsx,"Table 10.1 INCOME DISTRIBUTION, Age of reference person",Table 10.1!F31,OK,percentile boundary within this age group
HIW4-2019-20-T10.1-00114,4,"Household Income and Wealth, Australia, 2019-20 financial year (ABS)",2022-04-28,2019-20,2019-07-01,2020-06-30,,INC_EQUIVALISED_DISPOSABLE_WEEKLY_PCTL,Weekly equivalised disposable household income at top of selected percentile (30th (P30)),threshold,567,AUD_per_week,2019-20 dollars (survey year; table states no CPI adjustment),households by age of reference person,Australia,65-74,,,,,,P30,2019-20/10. Age of reference person.xlsx,https://www.abs.gov.au/statistics/economy/finance/household-income-and-wealth-australia/2019-20/10.%20Age%20of%20reference%20person.xlsx,"Table 10.1 INCOME DISTRIBUTION, Age of reference person",Table 10.1!G31,OK,percentile boundary within this age group
HIW4-2019-20-T10.1-00115,4,"Household Income and Wealth, Australia, 2019-20 financial year (ABS)",2022-04-28,2019-20,2019-07-01,2020-06-30,,INC_EQUIVALISED_DISPOSABLE_WEEKLY_PCTL,Weekly equivalised disposable household income at top of selected percentile (30th (P30)),threshold,523,AUD_per_week,2019-20 dollars (survey year; table states no CPI adjustment),households by age of reference person,Australia,75 and over,,,,,,P30,2019-20/10. Age of reference person.xlsx,https://www.abs.gov.au/statistics/economy/finance/household-income-and-wealth-australia/2019-20/10.%20Age%20of%20reference%20person.xlsx,"Table 10.1 INCOME DISTRIBUTION, Age of reference person",Table 10.1!H31,OK,percentile boundary within this age group
HIW4-2019-20-T10.1-00116,4,"Household Income and Wealth, Australia, 2019-20 financial year (ABS)",2022-04-28,2019-20,2019-07-01,2020-06-30,,INC_EQUIVALISED_DISPOSABLE_WEEKLY_PCTL,Weekly equivalised disposable household income at top of selected percentile (30th (P30)),threshold,541,AUD_per_week,2019-20 dollars (survey year; table states no CPI adjustment),households by age of reference person,Australia,65 years and over,,,,,,P30,2019-20/10. Age of reference person.xlsx,https://www.abs.gov.au/statistics/economy/finance/household-income-and-wealth-australia/2019-20/10.%20Age%20of%20reference%20person.xlsx,"Table 10.1 INCOME DISTRIBUTION, Age of reference person",Table 10.1!I31,OK,percentile boundary within this age group
HIW4-2019-20-T10.1-00117,4,"Household Income and Wealth, Australia, 2019-20 financial year (ABS)",2022-04-28,2019-20,2019-07-01,2020-06-30,,INC_EQUIVALISED_DISPOSABLE_WEEKLY_PCTL,Weekly equivalised disposable household income at top of selected percentile (30th (P30)),threshold,712,AUD_per_week,2019-20 dollars (survey year; table states no CPI adjustment),all households,Australia,All households,,,,,,P30,2019-20/10. Age of reference person.xlsx,https://www.abs.gov.au/statistics/economy/finance/household-income-and-wealth-australia/2019-20/10.%20Age%20of%20reference%20person.xlsx,"Table 10.1 INCOME DISTRIBUTION, Age of reference person",Table 10.1!J31,OK,percentile boundary within this age group
HIW4-2019-20-T10.1-00118,4,"Household Income and Wealth, Australia, 2019-20 financial year (ABS)",2022-04-28,2019-20,2019-07-01,2020-06-30,,INC_EQUIVALISED_DISPOSABLE_WEEKLY_PCTL,Weekly equivalised disposable household income at top of selected percentile (40th (P40)),threshold,793,AUD_per_week,2019-20 dollars (survey year; table states no CPI adjustment),households by age of reference person,Australia,15-24,,,,,,P40,2019-20/10. Age of reference person.xlsx,https://www.abs.gov.au/statistics/economy/finance/household-income-and-wealth-australia/2019-20/10.%20Age%20of%20reference%20person.xlsx,"Table 10.1 INCOME DISTRIBUTION, Age of reference person",Table 10.1!B32,OK,percentile boundary within this age group
HIW4-2019-20-T10.1-00119,4,"Household Income and Wealth, Australia, 2019-20 financial year (ABS)",2022-04-28,2019-20,2019-07-01,2020-06-30,,INC_EQUIVALISED_DISPOSABLE_WEEKLY_PCTL,Weekly equivalised disposable household income at top of selected percentile (40th (P40)),threshold,904,AUD_per_week,2019-20 dollars (survey year; table states no CPI adjustment),households by age of reference person,Australia,25-34,,,,,,P40,2019-20/10. Age of reference person.xlsx,https://www.abs.gov.au/statistics/economy/finance/household-income-and-wealth-australia/2019-20/10.%20Age%20of%20reference%20person.xlsx,"Table 10.1 INCOME DISTRIBUTION, Age of reference person",Table 10.1!C32,OK,percentile boundary within this age group
HIW4-2019-20-T10.1-00120,4,"Household Income and Wealth, Australia, 2019-20 financial year (ABS)",2022-04-28,2019-20,2019-07-01,2020-06-30,,INC_EQUIVALISED_DISPOSABLE_WEEKLY_PCTL,Weekly equivalised disposable household income at top of selected percentile (40th (P40)),threshold,855,AUD_per_week,2019-20 dollars (survey year; table states no CPI adjustment),households by age of reference person,Australia,35-44,,,,,,P40,2019-20/10. Age of reference person.xlsx,https://www.abs.gov.au/statistics/economy/finance/household-income-and-wealth-australia/2019-20/10.%20Age%20of%20reference%20person.xlsx,"Table 10.1 INCOME DISTRIBUTION, Age of reference person",Table 10.1!D32,OK,percentile boundary within this age group
HIW4-2019-20-T10.1-00121,4,"Household Income and Wealth, Australia, 2019-20 financial year (ABS)",2022-04-28,2019-20,2019-07-01,2020-06-30,,INC_EQUIVALISED_DISPOSABLE_WEEKLY_PCTL,Weekly equivalised disposable household income at top of selected percentile (40th (P40)),threshold,937,AUD_per_week,2019-20 dollars (survey year; table states no CPI adjustment),households by age of reference person,Australia,45-54,,,,,,P40,2019-20/10. Age of reference person.xlsx,https://www.abs.gov.au/statistics/economy/finance/household-income-and-wealth-australia/2019-20/10.%20Age%20of%20reference%20person.xlsx,"Table 10.1 INCOME DISTRIBUTION, Age of reference person",Table 10.1!E32,OK,percentile boundary within this age group
HIW4-2019-20-T10.1-00122,4,"Household Income and Wealth, Australia, 2019-20 financial year (ABS)",2022-04-28,2019-20,2019-07-01,2020-06-30,,INC_EQUIVALISED_DISPOSABLE_WEEKLY_PCTL,Weekly equivalised disposable household income at top of selected percentile (40th (P40)),threshold,925,AUD_per_week,2019-20 dollars (survey year; table states no CPI adjustment),households by age of reference person,Australia,55-64,,,,,,P40,2019-20/10. Age of reference person.xlsx,https://www.abs.gov.au/statistics/economy/finance/household-income-and-wealth-australia/2019-20/10.%20Age%20of%20reference%20person.xlsx,"Table 10.1 INCOME DISTRIBUTION, Age of reference person",Table 10.1!F32,OK,percentile boundary within this age group
HIW4-2019-20-T10.1-00123,4,"Household Income and Wealth, Australia, 2019-20 financial year (ABS)",2022-04-28,2019-20,2019-07-01,2020-06-30,,INC_EQUIVALISED_DISPOSABLE_WEEKLY_PCTL,Weekly equivalised disposable household income at top of selected percentile (40th (P40)),threshold,649,AUD_per_week,2019-20 dollars (survey year; table states no CPI adjustment),households by age of reference person,Australia,65-74,,,,,,P40,2019-20/10. Age of reference person.xlsx,https://www.abs.gov.au/statistics/economy/finance/household-income-and-wealth-australia/2019-20/10.%20Age%20of%20reference%20person.xlsx,"Table 10.1 INCOME DISTRIBUTION, Age of reference person",Table 10.1!G32,OK,percentile boundary within this age group
HIW4-2019-20-T10.1-00124,4,"Household Income and Wealth, Australia, 2019-20 financial year (ABS)",2022-04-28,2019-20,2019-07-01,2020-06-30,,INC_EQUIVALISED_DISPOSABLE_WEEKLY_PCTL,Weekly equivalised disposable household income at top of selected percentile (40th (P40)),threshold,553,AUD_per_week,2019-20 dollars (survey year; table states no CPI adjustment),households by age of reference person,Australia,75 and over,,,,,,P40,2019-20/10. Age of reference person.xlsx,https://www.abs.gov.au/statistics/economy/finance/household-income-and-wealth-australia/2019-20/10.%20Age%20of%20reference%20person.xlsx,"Table 10.1 INCOME DISTRIBUTION, Age of reference person",Table 10.1!H32,OK,percentile boundary within this age group
HIW4-2019-20-T10.1-00125,4,"Household Income and Wealth, Australia, 2019-20 financial year (ABS)",2022-04-28,2019-20,2019-07-01,2020-06-30,,INC_EQUIVALISED_DISPOSABLE_WEEKLY_PCTL,Weekly equivalised disposable household income at top of selected percentile (40th (P40)),threshold,595,AUD_per_week,2019-20 dollars (survey year; table states no CPI adjustment),households by age of reference person,Australia,65 years and over,,,,,,P40,2019-20/10. Age of reference person.xlsx,https://www.abs.gov.au/statistics/economy/finance/household-income-and-wealth-australia/2019-20/10.%20Age%20of%20reference%20person.xlsx,"Table 10.1 INCOME DISTRIBUTION, Age of reference person",Table 10.1!I32,OK,percentile boundary within this age group
HIW4-2019-20-T10.1-00126,4,"Household Income and Wealth, Australia, 2019-20 financial year (ABS)",2022-04-28,2019-20,2019-07-01,2020-06-30,,INC_EQUIVALISED_DISPOSABLE_WEEKLY_PCTL,Weekly equivalised disposable household income at top of selected percentile (40th (P40)),threshold,830,AUD_per_week,2019-20 dollars (survey year; table states no CPI adjustment),all households,Australia,All households,,,,,,P40,2019-20/10. Age of reference person.xlsx,https://www.abs.gov.au/statistics/economy/finance/household-income-and-wealth-australia/2019-20/10.%20Age%20of%20reference%20person.xlsx,"Table 10.1 INCOME DISTRIBUTION, Age of reference person",Table 10.1!J32,OK,percentile boundary within this age group
HIW4-2019-20-T10.1-00127,4,"Household Income and Wealth, Australia, 2019-20 financial year (ABS)",2022-04-28,2019-20,2019-07-01,2020-06-30,,INC_EQUIVALISED_DISPOSABLE_WEEKLY_PCTL,Weekly equivalised disposable household income at top of selected percentile (50th (P50)),p50,924,AUD_per_week,2019-20 dollars (survey year; table states no CPI adjustment),households by age of reference person,Australia,15-24,,,,,,P50,2019-20/10. Age of reference person.xlsx,https://www.abs.gov.au/statistics/economy/finance/household-income-and-wealth-australia/2019-20/10.%20Age%20of%20reference%20person.xlsx,"Table 10.1 INCOME DISTRIBUTION, Age of reference person",Table 10.1!B33,OK,percentile boundary within this age group
HIW4-2019-20-T10.1-00128,4,"Household Income and Wealth, Australia, 2019-20 financial year (ABS)",2022-04-28,2019-20,2019-07-01,2020-06-30,,INC_EQUIVALISED_DISPOSABLE_WEEKLY_PCTL,Weekly equivalised disposable household income at top of selected percentile (50th (P50)),p50,1028,AUD_per_week,2019-20 dollars (survey year; table states no CPI adjustment),households by age of reference person,Australia,25-34,,,,,,P50,2019-20/10. Age of reference person.xlsx,https://www.abs.gov.au/statistics/economy/finance/household-income-and-wealth-australia/2019-20/10.%20Age%20of%20reference%20person.xlsx,"Table 10.1 INCOME DISTRIBUTION, Age of reference person",Table 10.1!C33,OK,percentile boundary within this age group
HIW4-2019-20-T10.1-00129,4,"Household Income and Wealth, Australia, 2019-20 financial year (ABS)",2022-04-28,2019-20,2019-07-01,2020-06-30,,INC_EQUIVALISED_DISPOSABLE_WEEKLY_PCTL,Weekly equivalised disposable household income at top of selected percentile (50th (P50)),p50,985,AUD_per_week,2019-20 dollars (survey year; table states no CPI adjustment),households by age of reference person,Australia,35-44,,,,,,P50,2019-20/10. Age of reference person.xlsx,https://www.abs.gov.au/statistics/economy/finance/household-income-and-wealth-australia/2019-20/10.%20Age%20of%20reference%20person.xlsx,"Table 10.1 INCOME DISTRIBUTION, Age of reference person",Table 10.1!D33,OK,percentile boundary within this age group
HIW4-2019-20-T10.1-00130,4,"Household Income and Wealth, Australia, 2019-20 financial year (ABS)",2022-04-28,2019-20,2019-07-01,2020-06-30,,INC_EQUIVALISED_DISPOSABLE_WEEKLY_PCTL,Weekly equivalised disposable household income at top of selected percentile (50th (P50)),p50,1076,AUD_per_week,2019-20 dollars (survey year; table states no CPI adjustment),households by age of reference person,Australia,45-54,,,,,,P50,2019-20/10. Age of reference person.xlsx,https://www.abs.gov.au/statistics/economy/finance/household-income-and-wealth-australia/2019-20/10.%20Age%20of%20reference%20person.xlsx,"Table 10.1 INCOME DISTRIBUTION, Age of reference person",Table 10.1!E33,OK,percentile boundary within this age group
HIW4-2019-20-T10.1-00131,4,"Household Income and Wealth, Australia, 2019-20 financial year (ABS)",2022-04-28,2019-20,2019-07-01,2020-06-30,,INC_EQUIVALISED_DISPOSABLE_WEEKLY_PCTL,Weekly equivalised disposable household income at top of selected percentile (50th (P50)),p50,1064,AUD_per_week,2019-20 dollars (survey year; table states no CPI adjustment),households by age of reference person,Australia,55-64,,,,,,P50,2019-20/10. Age of reference person.xlsx,https://www.abs.gov.au/statistics/economy/finance/household-income-and-wealth-australia/2019-20/10.%20Age%20of%20reference%20person.xlsx,"Table 10.1 INCOME DISTRIBUTION, Age of reference person",Table 10.1!F33,OK,percentile boundary within this age group
HIW4-2019-20-T10.1-00132,4,"Household Income and Wealth, Australia, 2019-20 financial year (ABS)",2022-04-28,2019-20,2019-07-01,2020-06-30,,INC_EQUIVALISED_DISPOSABLE_WEEKLY_PCTL,Weekly equivalised disposable household income at top of selected percentile (50th (P50)),p50,740,AUD_per_week,2019-20 dollars (survey year; table states no CPI adjustment),households by age of reference person,Australia,65-74,,,,,,P50,2019-20/10. Age of reference person.xlsx,https://www.abs.gov.au/statistics/economy/finance/household-income-and-wealth-australia/2019-20/10.%20Age%20of%20reference%20person.xlsx,"Table 10.1 INCOME DISTRIBUTION, Age of reference person",Table 10.1!G33,OK,percentile boundary within this age group
HIW4-2019-20-T10.1-00133,4,"Household Income and Wealth, Australia, 2019-20 financial year (ABS)",2022-04-28,2019-20,2019-07-01,2020-06-30,,INC_EQUIVALISED_DISPOSABLE_WEEKLY_PCTL,Weekly equivalised disposable household income at top of selected percentile (50th (P50)),p50,592,AUD_per_week,2019-20 dollars (survey year; table states no CPI adjustment),households by age of reference person,Australia,75 and over,,,,,,P50,2019-20/10. Age of reference person.xlsx,https://www.abs.gov.au/statistics/economy/finance/household-income-and-wealth-australia/2019-20/10.%20Age%20of%20reference%20person.xlsx,"Table 10.1 INCOME DISTRIBUTION, Age of reference person",Table 10.1!H33,OK,percentile boundary within this age group
HIW4-2019-20-T10.1-00134,4,"Household Income and Wealth, Australia, 2019-20 financial year (ABS)",2022-04-28,2019-20,2019-07-01,2020-06-30,,INC_EQUIVALISED_DISPOSABLE_WEEKLY_PCTL,Weekly equivalised disposable household income at top of selected percentile (50th (P50)),p50,679,AUD_per_week,2019-20 dollars (survey year; table states no CPI adjustment),households by age of reference person,Australia,65 years and over,,,,,,P50,2019-20/10. Age of reference person.xlsx,https://www.abs.gov.au/statistics/economy/finance/household-income-and-wealth-australia/2019-20/10.%20Age%20of%20reference%20person.xlsx,"Table 10.1 INCOME DISTRIBUTION, Age of reference person",Table 10.1!I33,OK,percentile boundary within this age group
HIW4-2019-20-T10.1-00135,4,"Household Income and Wealth, Australia, 2019-20 financial year (ABS)",2022-04-28,2019-20,2019-07-01,2020-06-30,,INC_EQUIVALISED_DISPOSABLE_WEEKLY_PCTL,Weekly equivalised disposable household income at top of selected percentile (50th (P50)),p50,958,AUD_per_week,2019-20 dollars (survey year; table states no CPI adjustment),all households,Australia,All households,,,,,,P50,2019-20/10. Age of reference person.xlsx,https://www.abs.gov.au/statistics/economy/finance/household-income-and-wealth-australia/2019-20/10.%20Age%20of%20reference%20person.xlsx,"Table 10.1 INCOME DISTRIBUTION, Age of reference person",Table 10.1!J33,OK,percentile boundary within this age group
HIW4-2019-20-T10.1-00136,4,"Household Income and Wealth, Australia, 2019-20 financial year (ABS)",2022-04-28,2019-20,2019-07-01,2020-06-30,,INC_EQUIVALISED_DISPOSABLE_WEEKLY_PCTL,Weekly equivalised disposable household income at top of selected percentile (60th (P60)),threshold,1037,AUD_per_week,2019-20 dollars (survey year; table states no CPI adjustment),households by age of reference person,Australia,15-24,,,,,,P60,2019-20/10. Age of reference person.xlsx,https://www.abs.gov.au/statistics/economy/finance/household-income-and-wealth-australia/2019-20/10.%20Age%20of%20reference%20person.xlsx,"Table 10.1 INCOME DISTRIBUTION, Age of reference person",Table 10.1!B34,OK,percentile boundary within this age group
HIW4-2019-20-T10.1-00137,4,"Household Income and Wealth, Australia, 2019-20 financial year (ABS)",2022-04-28,2019-20,2019-07-01,2020-06-30,,INC_EQUIVALISED_DISPOSABLE_WEEKLY_PCTL,Weekly equivalised disposable household income at top of selected percentile (60th (P60)),threshold,1202,AUD_per_week,2019-20 dollars (survey year; table states no CPI adjustment),households by age of reference person,Australia,25-34,,,,,,P60,2019-20/10. Age of reference person.xlsx,https://www.abs.gov.au/statistics/economy/finance/household-income-and-wealth-australia/2019-20/10.%20Age%20of%20reference%20person.xlsx,"Table 10.1 INCOME DISTRIBUTION, Age of reference person",Table 10.1!C34,OK,percentile boundary within this age group
HIW4-2019-20-T10.1-00138,4,"Household Income and Wealth, Australia, 2019-20 financial year (ABS)",2022-04-28,2019-20,2019-07-01,2020-06-30,,INC_EQUIVALISED_DISPOSABLE_WEEKLY_PCTL,Weekly equivalised disposable household income at top of selected percentile (60th (P60)),threshold,1126,AUD_per_week,2019-20 dollars (survey year; table states no CPI adjustment),households by age of reference person,Australia,35-44,,,,,,P60,2019-20/10. Age of reference person.xlsx,https://www.abs.gov.au/statistics/economy/finance/household-income-and-wealth-australia/2019-20/10.%20Age%20of%20reference%20person.xlsx,"Table 10.1 INCOME DISTRIBUTION, Age of reference person",Table 10.1!D34,OK,percentile boundary within this age group
HIW4-2019-20-T10.1-00139,4,"Household Income and Wealth, Australia, 2019-20 financial year (ABS)",2022-04-28,2019-20,2019-07-01,2020-06-30,,INC_EQUIVALISED_DISPOSABLE_WEEKLY_PCTL,Weekly equivalised disposable household income at top of selected percentile (60th (P60)),threshold,1216,AUD_per_week,2019-20 dollars (survey year; table states no CPI adjustment),households by age of reference person,Australia,45-54,,,,,,P60,2019-20/10. Age of reference person.xlsx,https://www.abs.gov.au/statistics/economy/finance/household-income-and-wealth-australia/2019-20/10.%20Age%20of%20reference%20person.xlsx,"Table 10.1 INCOME DISTRIBUTION, Age of reference person",Table 10.1!E34,OK,percentile boundary within this age group
HIW4-2019-20-T10.1-00140,4,"Household Income and Wealth, Australia, 2019-20 financial year (ABS)",2022-04-28,2019-20,2019-07-01,2020-06-30,,INC_EQUIVALISED_DISPOSABLE_WEEKLY_PCTL,Weekly equivalised disposable household income at top of selected percentile (60th (P60)),threshold,1196,AUD_per_week,2019-20 dollars (survey year; table states no CPI adjustment),households by age of reference person,Australia,55-64,,,,,,P60,2019-20/10. Age of reference person.xlsx,https://www.abs.gov.au/statistics/economy/finance/household-income-and-wealth-australia/2019-20/10.%20Age%20of%20reference%20person.xlsx,"Table 10.1 INCOME DISTRIBUTION, Age of reference person",Table 10.1!F34,OK,percentile boundary within this age group
HIW4-2019-20-T10.1-00141,4,"Household Income and Wealth, Australia, 2019-20 financial year (ABS)",2022-04-28,2019-20,2019-07-01,2020-06-30,,INC_EQUIVALISED_DISPOSABLE_WEEKLY_PCTL,Weekly equivalised disposable household income at top of selected percentile (60th (P60)),threshold,829,AUD_per_week,2019-20 dollars (survey year; table states no CPI adjustment),households by age of reference person,Australia,65-74,,,,,,P60,2019-20/10. Age of reference person.xlsx,https://www.abs.gov.au/statistics/economy/finance/household-income-and-wealth-australia/2019-20/10.%20Age%20of%20reference%20person.xlsx,"Table 10.1 INCOME DISTRIBUTION, Age of reference person",Table 10.1!G34,OK,percentile boundary within this age group
HIW4-2019-20-T10.1-00142,4,"Household Income and Wealth, Australia, 2019-20 financial year (ABS)",2022-04-28,2019-20,2019-07-01,2020-06-30,,INC_EQUIVALISED_DISPOSABLE_WEEKLY_PCTL,Weekly equivalised disposable household income at top of selected percentile (60th (P60)),threshold,675,AUD_per_week,2019-20 dollars (survey year; table states no CPI adjustment),households by age of reference person,Australia,75 and over,,,,,,P60,2019-20/10. Age of reference person.xlsx,https://www.abs.gov.au/statistics/economy/finance/household-income-and-wealth-australia/2019-20/10.%20Age%20of%20reference%20person.xlsx,"Table 10.1 INCOME DISTRIBUTION, Age of reference person",Table 10.1!H34,OK,percentile boundary within this age group
HIW4-2019-20-T10.1-00143,4,"Household Income and Wealth, Australia, 2019-20 financial year (ABS)",2022-04-28,2019-20,2019-07-01,2020-06-30,,INC_EQUIVALISED_DISPOSABLE_WEEKLY_PCTL,Weekly equivalised disposable household income at top of selected percentile (60th (P60)),threshold,779,AUD_per_week,2019-20 dollars (survey year; table states no CPI adjustment),households by age of reference person,Australia,65 years and over,,,,,,P60,2019-20/10. Age of reference person.xlsx,https://www.abs.gov.au/statistics/economy/finance/household-income-and-wealth-australia/2019-20/10.%20Age%20of%20reference%20person.xlsx,"Table 10.1 INCOME DISTRIBUTION, Age of reference person",Table 10.1!I34,OK,percentile boundary within this age group
HIW4-2019-20-T10.1-00144,4,"Household Income and Wealth, Australia, 2019-20 financial year (ABS)",2022-04-28,2019-20,2019-07-01,2020-06-30,,INC_EQUIVALISED_DISPOSABLE_WEEKLY_PCTL,Weekly equivalised disposable household income at top of selected percentile (60th (P60)),threshold,1118,AUD_per_week,2019-20 dollars (survey year; table states no CPI adjustment),all households,Australia,All households,,,,,,P60,2019-20/10. Age of reference person.xlsx,https://www.abs.gov.au/statistics/economy/finance/household-income-and-wealth-australia/2019-20/10.%20Age%20of%20reference%20person.xlsx,"Table 10.1 INCOME DISTRIBUTION, Age of reference person",Table 10.1!J34,OK,percentile boundary within this age group
HIW4-2019-20-T10.1-00145,4,"Household Income and Wealth, Australia, 2019-20 financial year (ABS)",2022-04-28,2019-20,2019-07-01,2020-06-30,,INC_EQUIVALISED_DISPOSABLE_WEEKLY_PCTL,Weekly equivalised disposable household income at top of selected percentile (70th (P70)),threshold,1149,AUD_per_week,2019-20 dollars (survey year; table states no CPI adjustment),households by age of reference person,Australia,15-24,,,,,,P70,2019-20/10. Age of reference person.xlsx,https://www.abs.gov.au/statistics/economy/finance/household-income-and-wealth-australia/2019-20/10.%20Age%20of%20reference%20person.xlsx,"Table 10.1 INCOME DISTRIBUTION, Age of reference person",Table 10.1!B35,OK,percentile boundary within this age group
HIW4-2019-20-T10.1-00146,4,"Household Income and Wealth, Australia, 2019-20 financial year (ABS)",2022-04-28,2019-20,2019-07-01,2020-06-30,,INC_EQUIVALISED_DISPOSABLE_WEEKLY_PCTL,Weekly equivalised disposable household income at top of selected percentile (70th (P70)),threshold,1381,AUD_per_week,2019-20 dollars (survey year; table states no CPI adjustment),households by age of reference person,Australia,25-34,,,,,,P70,2019-20/10. Age of reference person.xlsx,https://www.abs.gov.au/statistics/economy/finance/household-income-and-wealth-australia/2019-20/10.%20Age%20of%20reference%20person.xlsx,"Table 10.1 INCOME DISTRIBUTION, Age of reference person",Table 10.1!C35,OK,percentile boundary within this age group
HIW4-2019-20-T10.1-00147,4,"Household Income and Wealth, Australia, 2019-20 financial year (ABS)",2022-04-28,2019-20,2019-07-01,2020-06-30,,INC_EQUIVALISED_DISPOSABLE_WEEKLY_PCTL,Weekly equivalised disposable household income at top of selected percentile (70th (P70)),threshold,1286,AUD_per_week,2019-20 dollars (survey year; table states no CPI adjustment),households by age of reference person,Australia,35-44,,,,,,P70,2019-20/10. Age of reference person.xlsx,https://www.abs.gov.au/statistics/economy/finance/household-income-and-wealth-australia/2019-20/10.%20Age%20of%20reference%20person.xlsx,"Table 10.1 INCOME DISTRIBUTION, Age of reference person",Table 10.1!D35,OK,percentile boundary within this age group
HIW4-2019-20-T10.1-00148,4,"Household Income and Wealth, Australia, 2019-20 financial year (ABS)",2022-04-28,2019-20,2019-07-01,2020-06-30,,INC_EQUIVALISED_DISPOSABLE_WEEKLY_PCTL,Weekly equivalised disposable household income at top of selected percentile (70th (P70)),threshold,1372,AUD_per_week,2019-20 dollars (survey year; table states no CPI adjustment),households by age of reference person,Australia,45-54,,,,,,P70,2019-20/10. Age of reference person.xlsx,https://www.abs.gov.au/statistics/economy/finance/household-income-and-wealth-australia/2019-20/10.%20Age%20of%20reference%20person.xlsx,"Table 10.1 INCOME DISTRIBUTION, Age of reference person",Table 10.1!E35,OK,percentile boundary within this age group
HIW4-2019-20-T10.1-00149,4,"Household Income and Wealth, Australia, 2019-20 financial year (ABS)",2022-04-28,2019-20,2019-07-01,2020-06-30,,INC_EQUIVALISED_DISPOSABLE_WEEKLY_PCTL,Weekly equivalised disposable household income at top of selected percentile (70th (P70)),threshold,1408,AUD_per_week,2019-20 dollars (survey year; table states no CPI adjustment),households by age of reference person,Australia,55-64,,,,,,P70,2019-20/10. Age of reference person.xlsx,https://www.abs.gov.au/statistics/economy/finance/household-income-and-wealth-australia/2019-20/10.%20Age%20of%20reference%20person.xlsx,"Table 10.1 INCOME DISTRIBUTION, Age of reference person",Table 10.1!F35,OK,percentile boundary within this age group
HIW4-2019-20-T10.1-00150,4,"Household Income and Wealth, Australia, 2019-20 financial year (ABS)",2022-04-28,2019-20,2019-07-01,2020-06-30,,INC_EQUIVALISED_DISPOSABLE_WEEKLY_PCTL,Weekly equivalised disposable household income at top of selected percentile (70th (P70)),threshold,979,AUD_per_week,2019-20 dollars (survey year; table states no CPI adjustment),households by age of reference person,Australia,65-74,,,,,,P70,2019-20/10. Age of reference person.xlsx,https://www.abs.gov.au/statistics/economy/finance/household-income-and-wealth-australia/2019-20/10.%20Age%20of%20reference%20person.xlsx,"Table 10.1 INCOME DISTRIBUTION, Age of reference person",Table 10.1!G35,OK,percentile boundary within this age group
HIW4-2019-20-T10.1-00151,4,"Household Income and Wealth, Australia, 2019-20 financial year (ABS)",2022-04-28,2019-20,2019-07-01,2020-06-30,,INC_EQUIVALISED_DISPOSABLE_WEEKLY_PCTL,Weekly equivalised disposable household income at top of selected percentile (70th (P70)),threshold,805,AUD_per_week,2019-20 dollars (survey year; table states no CPI adjustment),households by age of reference person,Australia,75 and over,,,,,,P70,2019-20/10. Age of reference person.xlsx,https://www.abs.gov.au/statistics/economy/finance/household-income-and-wealth-australia/2019-20/10.%20Age%20of%20reference%20person.xlsx,"Table 10.1 INCOME DISTRIBUTION, Age of reference person",Table 10.1!H35,OK,percentile boundary within this age group
HIW4-2019-20-T10.1-00152,4,"Household Income and Wealth, Australia, 2019-20 financial year (ABS)",2022-04-28,2019-20,2019-07-01,2020-06-30,,INC_EQUIVALISED_DISPOSABLE_WEEKLY_PCTL,Weekly equivalised disposable household income at top of selected percentile (70th (P70)),threshold,902,AUD_per_week,2019-20 dollars (survey year; table states no CPI adjustment),households by age of reference person,Australia,65 years and over,,,,,,P70,2019-20/10. Age of reference person.xlsx,https://www.abs.gov.au/statistics/economy/finance/household-income-and-wealth-australia/2019-20/10.%20Age%20of%20reference%20person.xlsx,"Table 10.1 INCOME DISTRIBUTION, Age of reference person",Table 10.1!I35,OK,percentile boundary within this age group
HIW4-2019-20-T10.1-00153,4,"Household Income and Wealth, Australia, 2019-20 financial year (ABS)",2022-04-28,2019-20,2019-07-01,2020-06-30,,INC_EQUIVALISED_DISPOSABLE_WEEKLY_PCTL,Weekly equivalised disposable household income at top of selected percentile (70th (P70)),threshold,1284,AUD_per_week,2019-20 dollars (survey year; table states no CPI adjustment),all households,Australia,All households,,,,,,P70,2019-20/10. Age of reference person.xlsx,https://www.abs.gov.au/statistics/economy/finance/household-income-and-wealth-australia/2019-20/10.%20Age%20of%20reference%20person.xlsx,"Table 10.1 INCOME DISTRIBUTION, Age of reference person",Table 10.1!J35,OK,percentile boundary within this age group
HIW4-2019-20-T10.1-00154,4,"Household Income and Wealth, Australia, 2019-20 financial year (ABS)",2022-04-28,2019-20,2019-07-01,2020-06-30,,INC_EQUIVALISED_DISPOSABLE_WEEKLY_PCTL,Weekly equivalised disposable household income at top of selected percentile (80th (P80)),p80,1255,AUD_per_week,2019-20 dollars (survey year; table states no CPI adjustment),households by age of reference person,Australia,15-24,,,,,,P80,2019-20/10. Age of reference person.xlsx,https://www.abs.gov.au/statistics/economy/finance/household-income-and-wealth-australia/2019-20/10.%20Age%20of%20reference%20person.xlsx,"Table 10.1 INCOME DISTRIBUTION, Age of reference person",Table 10.1!B36,OK,percentile boundary within this age group
HIW4-2019-20-T10.1-00155,4,"Household Income and Wealth, Australia, 2019-20 financial year (ABS)",2022-04-28,2019-20,2019-07-01,2020-06-30,,INC_EQUIVALISED_DISPOSABLE_WEEKLY_PCTL,Weekly equivalised disposable household income at top of selected percentile (80th (P80)),p80,1593,AUD_per_week,2019-20 dollars (survey year; table states no CPI adjustment),households by age of reference person,Australia,25-34,,,,,,P80,2019-20/10. Age of reference person.xlsx,https://www.abs.gov.au/statistics/economy/finance/household-income-and-wealth-australia/2019-20/10.%20Age%20of%20reference%20person.xlsx,"Table 10.1 INCOME DISTRIBUTION, Age of reference person",Table 10.1!C36,OK,percentile boundary within this age group
HIW4-2019-20-T10.1-00156,4,"Household Income and Wealth, Australia, 2019-20 financial year (ABS)",2022-04-28,2019-20,2019-07-01,2020-06-30,,INC_EQUIVALISED_DISPOSABLE_WEEKLY_PCTL,Weekly equivalised disposable household income at top of selected percentile (80th (P80)),p80,1500,AUD_per_week,2019-20 dollars (survey year; table states no CPI adjustment),households by age of reference person,Australia,35-44,,,,,,P80,2019-20/10. Age of reference person.xlsx,https://www.abs.gov.au/statistics/economy/finance/household-income-and-wealth-australia/2019-20/10.%20Age%20of%20reference%20person.xlsx,"Table 10.1 INCOME DISTRIBUTION, Age of reference person",Table 10.1!D36,OK,percentile boundary within this age group
HIW4-2019-20-T10.1-00157,4,"Household Income and Wealth, Australia, 2019-20 financial year (ABS)",2022-04-28,2019-20,2019-07-01,2020-06-30,,INC_EQUIVALISED_DISPOSABLE_WEEKLY_PCTL,Weekly equivalised disposable household income at top of selected percentile (80th (P80)),p80,1596,AUD_per_week,2019-20 dollars (survey year; table states no CPI adjustment),households by age of reference person,Australia,45-54,,,,,,P80,2019-20/10. Age of reference person.xlsx,https://www.abs.gov.au/statistics/economy/finance/household-income-and-wealth-australia/2019-20/10.%20Age%20of%20reference%20person.xlsx,"Table 10.1 INCOME DISTRIBUTION, Age of reference person",Table 10.1!E36,OK,percentile boundary within this age group
HIW4-2019-20-T10.1-00158,4,"Household Income and Wealth, Australia, 2019-20 financial year (ABS)",2022-04-28,2019-20,2019-07-01,2020-06-30,,INC_EQUIVALISED_DISPOSABLE_WEEKLY_PCTL,Weekly equivalised disposable household income at top of selected percentile (80th (P80)),p80,1670,AUD_per_week,2019-20 dollars (survey year; table states no CPI adjustment),households by age of reference person,Australia,55-64,,,,,,P80,2019-20/10. Age of reference person.xlsx,https://www.abs.gov.au/statistics/economy/finance/household-income-and-wealth-australia/2019-20/10.%20Age%20of%20reference%20person.xlsx,"Table 10.1 INCOME DISTRIBUTION, Age of reference person",Table 10.1!F36,OK,percentile boundary within this age group
HIW4-2019-20-T10.1-00159,4,"Household Income and Wealth, Australia, 2019-20 financial year (ABS)",2022-04-28,2019-20,2019-07-01,2020-06-30,,INC_EQUIVALISED_DISPOSABLE_WEEKLY_PCTL,Weekly equivalised disposable household income at top of selected percentile (80th (P80)),p80,1186,AUD_per_week,2019-20 dollars (survey year; table states no CPI adjustment),households by age of reference person,Australia,65-74,,,,,,P80,2019-20/10. Age of reference person.xlsx,https://www.abs.gov.au/statistics/economy/finance/household-income-and-wealth-australia/2019-20/10.%20Age%20of%20reference%20person.xlsx,"Table 10.1 INCOME DISTRIBUTION, Age of reference person",Table 10.1!G36,OK,percentile boundary within this age group
HIW4-2019-20-T10.1-00160,4,"Household Income and Wealth, Australia, 2019-20 financial year (ABS)",2022-04-28,2019-20,2019-07-01,2020-06-30,,INC_EQUIVALISED_DISPOSABLE_WEEKLY_PCTL,Weekly equivalised disposable household income at top of selected percentile (80th (P80)),p80,956,AUD_per_week,2019-20 dollars (survey year; table states no CPI adjustment),households by age of reference person,Australia,75 and over,,,,,,P80,2019-20/10. Age of reference person.xlsx,https://www.abs.gov.au/statistics/economy/finance/household-income-and-wealth-australia/2019-20/10.%20Age%20of%20reference%20person.xlsx,"Table 10.1 INCOME DISTRIBUTION, Age of reference person",Table 10.1!H36,OK,percentile boundary within this age group
HIW4-2019-20-T10.1-00161,4,"Household Income and Wealth, Australia, 2019-20 financial year (ABS)",2022-04-28,2019-20,2019-07-01,2020-06-30,,INC_EQUIVALISED_DISPOSABLE_WEEKLY_PCTL,Weekly equivalised disposable household income at top of selected percentile (80th (P80)),p80,1109,AUD_per_week,2019-20 dollars (survey year; table states no CPI adjustment),households by age of reference person,Australia,65 years and over,,,,,,P80,2019-20/10. Age of reference person.xlsx,https://www.abs.gov.au/statistics/economy/finance/household-income-and-wealth-australia/2019-20/10.%20Age%20of%20reference%20person.xlsx,"Table 10.1 INCOME DISTRIBUTION, Age of reference person",Table 10.1!I36,OK,percentile boundary within this age group
HIW4-2019-20-T10.1-00162,4,"Household Income and Wealth, Australia, 2019-20 financial year (ABS)",2022-04-28,2019-20,2019-07-01,2020-06-30,,INC_EQUIVALISED_DISPOSABLE_WEEKLY_PCTL,Weekly equivalised disposable household income at top of selected percentile (80th (P80)),p80,1516,AUD_per_week,2019-20 dollars (survey year; table states no CPI adjustment),all households,Australia,All households,,,,,,P80,2019-20/10. Age of reference person.xlsx,https://www.abs.gov.au/statistics/economy/finance/household-income-and-wealth-australia/2019-20/10.%20Age%20of%20reference%20person.xlsx,"Table 10.1 INCOME DISTRIBUTION, Age of reference person",Table 10.1!J36,OK,percentile boundary within this age group
HIW4-2019-20-T10.1-00163,4,"Household Income and Wealth, Australia, 2019-20 financial year (ABS)",2022-04-28,2019-20,2019-07-01,2020-06-30,,INC_EQUIVALISED_DISPOSABLE_WEEKLY_PCTL,Weekly equivalised disposable household income at top of selected percentile (90th (P90)),p90,1535,AUD_per_week,2019-20 dollars (survey year; table states no CPI adjustment),households by age of reference person,Australia,15-24,,,,,,P90,2019-20/10. Age of reference person.xlsx,https://www.abs.gov.au/statistics/economy/finance/household-income-and-wealth-australia/2019-20/10.%20Age%20of%20reference%20person.xlsx,"Table 10.1 INCOME DISTRIBUTION, Age of reference person",Table 10.1!B37,OK,percentile boundary within this age group
HIW4-2019-20-T10.1-00164,4,"Household Income and Wealth, Australia, 2019-20 financial year (ABS)",2022-04-28,2019-20,2019-07-01,2020-06-30,,INC_EQUIVALISED_DISPOSABLE_WEEKLY_PCTL,Weekly equivalised disposable household income at top of selected percentile (90th (P90)),p90,1918,AUD_per_week,2019-20 dollars (survey year; table states no CPI adjustment),households by age of reference person,Australia,25-34,,,,,,P90,2019-20/10. Age of reference person.xlsx,https://www.abs.gov.au/statistics/economy/finance/household-income-and-wealth-australia/2019-20/10.%20Age%20of%20reference%20person.xlsx,"Table 10.1 INCOME DISTRIBUTION, Age of reference person",Table 10.1!C37,OK,percentile boundary within this age group
HIW4-2019-20-T10.1-00165,4,"Household Income and Wealth, Australia, 2019-20 financial year (ABS)",2022-04-28,2019-20,2019-07-01,2020-06-30,,INC_EQUIVALISED_DISPOSABLE_WEEKLY_PCTL,Weekly equivalised disposable household income at top of selected percentile (90th (P90)),p90,1843,AUD_per_week,2019-20 dollars (survey year; table states no CPI adjustment),households by age of reference person,Australia,35-44,,,,,,P90,2019-20/10. Age of reference person.xlsx,https://www.abs.gov.au/statistics/economy/finance/household-income-and-wealth-australia/2019-20/10.%20Age%20of%20reference%20person.xlsx,"Table 10.1 INCOME DISTRIBUTION, Age of reference person",Table 10.1!D37,OK,percentile boundary within this age group
HIW4-2019-20-T10.1-00166,4,"Household Income and Wealth, Australia, 2019-20 financial year (ABS)",2022-04-28,2019-20,2019-07-01,2020-06-30,,INC_EQUIVALISED_DISPOSABLE_WEEKLY_PCTL,Weekly equivalised disposable household income at top of selected percentile (90th (P90)),p90,2010,AUD_per_week,2019-20 dollars (survey year; table states no CPI adjustment),households by age of reference person,Australia,45-54,,,,,,P90,2019-20/10. Age of reference person.xlsx,https://www.abs.gov.au/statistics/economy/finance/household-income-and-wealth-australia/2019-20/10.%20Age%20of%20reference%20person.xlsx,"Table 10.1 INCOME DISTRIBUTION, Age of reference person",Table 10.1!E37,OK,percentile boundary within this age group
HIW4-2019-20-T10.1-00167,4,"Household Income and Wealth, Australia, 2019-20 financial year (ABS)",2022-04-28,2019-20,2019-07-01,2020-06-30,,INC_EQUIVALISED_DISPOSABLE_WEEKLY_PCTL,Weekly equivalised disposable household income at top of selected percentile (90th (P90)),p90,2175,AUD_per_week,2019-20 dollars (survey year; table states no CPI adjustment),households by age of reference person,Australia,55-64,,,,,,P90,2019-20/10. Age of reference person.xlsx,https://www.abs.gov.au/statistics/economy/finance/household-income-and-wealth-australia/2019-20/10.%20Age%20of%20reference%20person.xlsx,"Table 10.1 INCOME DISTRIBUTION, Age of reference person",Table 10.1!F37,OK,percentile boundary within this age group
HIW4-2019-20-T10.1-00168,4,"Household Income and Wealth, Australia, 2019-20 financial year (ABS)",2022-04-28,2019-20,2019-07-01,2020-06-30,,INC_EQUIVALISED_DISPOSABLE_WEEKLY_PCTL,Weekly equivalised disposable household income at top of selected percentile (90th (P90)),p90,1642,AUD_per_week,2019-20 dollars (survey year; table states no CPI adjustment),households by age of reference person,Australia,65-74,,,,,,P90,2019-20/10. Age of reference person.xlsx,https://www.abs.gov.au/statistics/economy/finance/household-income-and-wealth-australia/2019-20/10.%20Age%20of%20reference%20person.xlsx,"Table 10.1 INCOME DISTRIBUTION, Age of reference person",Table 10.1!G37,OK,percentile boundary within this age group
HIW4-2019-20-T10.1-00169,4,"Household Income and Wealth, Australia, 2019-20 financial year (ABS)",2022-04-28,2019-20,2019-07-01,2020-06-30,,INC_EQUIVALISED_DISPOSABLE_WEEKLY_PCTL,Weekly equivalised disposable household income at top of selected percentile (90th (P90)),p90,1253,AUD_per_week,2019-20 dollars (survey year; table states no CPI adjustment),households by age of reference person,Australia,75 and over,,,,,,P90,2019-20/10. Age of reference person.xlsx,https://www.abs.gov.au/statistics/economy/finance/household-income-and-wealth-australia/2019-20/10.%20Age%20of%20reference%20person.xlsx,"Table 10.1 INCOME DISTRIBUTION, Age of reference person",Table 10.1!H37,OK,percentile boundary within this age group
HIW4-2019-20-T10.1-00170,4,"Household Income and Wealth, Australia, 2019-20 financial year (ABS)",2022-04-28,2019-20,2019-07-01,2020-06-30,,INC_EQUIVALISED_DISPOSABLE_WEEKLY_PCTL,Weekly equivalised disposable household income at top of selected percentile (90th (P90)),p90,1511,AUD_per_week,2019-20 dollars (survey year; table states no CPI adjustment),households by age of reference person,Australia,65 years and over,,,,,,P90,2019-20/10. Age of reference person.xlsx,https://www.abs.gov.au/statistics/economy/finance/household-income-and-wealth-australia/2019-20/10.%20Age%20of%20reference%20person.xlsx,"Table 10.1 INCOME DISTRIBUTION, Age of reference person",Table 10.1!I37,OK,percentile boundary within this age group
HIW4-2019-20-T10.1-00171,4,"Household Income and Wealth, Australia, 2019-20 financial year (ABS)",2022-04-28,2019-20,2019-07-01,2020-06-30,,INC_EQUIVALISED_DISPOSABLE_WEEKLY_PCTL,Weekly equivalised disposable household income at top of selected percentile (90th (P90)),p90,1903,AUD_per_week,2019-20 dollars (survey year; table states no CPI adjustment),all households,Australia,All households,,,,,,P90,2019-20/10. Age of reference person.xlsx,https://www.abs.gov.au/statistics/economy/finance/household-income-and-wealth-australia/2019-20/10.%20Age%20of%20reference%20person.xlsx,"Table 10.1 INCOME DISTRIBUTION, Age of reference person",Table 10.1!J37,OK,percentile boundary within this age group
HIW4-2019-20-T10.2-00001,4,"Household Income and Wealth, Australia, 2019-20 financial year (ABS)",2022-04-28,2019-20,2019-07-01,2020-06-30,,NETWORTH_MEAN,"Household net worth, mean",mean,83.8,AUD_thousand,2019-20 dollars (survey year; table states no CPI adjustment),households by age of reference person,Australia,15-24,,,,,,,2019-20/10. Age of reference person.xlsx,https://www.abs.gov.au/statistics/economy/finance/household-income-and-wealth-australia/2019-20/10.%20Age%20of%20reference%20person.xlsx,"Table 10.2 HOUSEHOLD ASSETS AND LIABILITIES, Age of reference person",Table 10.2!B9,OK,published in $'000; not converted (multiply by 1000 for AUD)
HIW4-2019-20-T10.2-00002,4,"Household Income and Wealth, Australia, 2019-20 financial year (ABS)",2022-04-28,2019-20,2019-07-01,2020-06-30,,NETWORTH_MEAN,"Household net worth, mean",mean,353.8,AUD_thousand,2019-20 dollars (survey year; table states no CPI adjustment),households by age of reference person,Australia,25-34,,,,,,,2019-20/10. Age of reference person.xlsx,https://www.abs.gov.au/statistics/economy/finance/household-income-and-wealth-australia/2019-20/10.%20Age%20of%20reference%20person.xlsx,"Table 10.2 HOUSEHOLD ASSETS AND LIABILITIES, Age of reference person",Table 10.2!C9,OK,published in $'000; not converted (multiply by 1000 for AUD)
HIW4-2019-20-T10.2-00003,4,"Household Income and Wealth, Australia, 2019-20 financial year (ABS)",2022-04-28,2019-20,2019-07-01,2020-06-30,,NETWORTH_MEAN,"Household net worth, mean",mean,692.6,AUD_thousand,2019-20 dollars (survey year; table states no CPI adjustment),households by age of reference person,Australia,35-44,,,,,,,2019-20/10. Age of reference person.xlsx,https://www.abs.gov.au/statistics/economy/finance/household-income-and-wealth-australia/2019-20/10.%20Age%20of%20reference%20person.xlsx,"Table 10.2 HOUSEHOLD ASSETS AND LIABILITIES, Age of reference person",Table 10.2!D9,OK,published in $'000; not converted (multiply by 1000 for AUD)
HIW4-2019-20-T10.2-00004,4,"Household Income and Wealth, Australia, 2019-20 financial year (ABS)",2022-04-28,2019-20,2019-07-01,2020-06-30,,NETWORTH_MEAN,"Household net worth, mean",mean,1124.6,AUD_thousand,2019-20 dollars (survey year; table states no CPI adjustment),households by age of reference person,Australia,45-54,,,,,,,2019-20/10. Age of reference person.xlsx,https://www.abs.gov.au/statistics/economy/finance/household-income-and-wealth-australia/2019-20/10.%20Age%20of%20reference%20person.xlsx,"Table 10.2 HOUSEHOLD ASSETS AND LIABILITIES, Age of reference person",Table 10.2!E9,OK,published in $'000; not converted (multiply by 1000 for AUD)
HIW4-2019-20-T10.2-00005,4,"Household Income and Wealth, Australia, 2019-20 financial year (ABS)",2022-04-28,2019-20,2019-07-01,2020-06-30,,NETWORTH_MEAN,"Household net worth, mean",mean,1519,AUD_thousand,2019-20 dollars (survey year; table states no CPI adjustment),households by age of reference person,Australia,55-64,,,,,,,2019-20/10. Age of reference person.xlsx,https://www.abs.gov.au/statistics/economy/finance/household-income-and-wealth-australia/2019-20/10.%20Age%20of%20reference%20person.xlsx,"Table 10.2 HOUSEHOLD ASSETS AND LIABILITIES, Age of reference person",Table 10.2!F9,OK,published in $'000; not converted (multiply by 1000 for AUD)
HIW4-2019-20-T10.2-00006,4,"Household Income and Wealth, Australia, 2019-20 financial year (ABS)",2022-04-28,2019-20,2019-07-01,2020-06-30,,NETWORTH_MEAN,"Household net worth, mean",mean,1673.8,AUD_thousand,2019-20 dollars (survey year; table states no CPI adjustment),households by age of reference person,Australia,65-74,,,,,,,2019-20/10. Age of reference person.xlsx,https://www.abs.gov.au/statistics/economy/finance/household-income-and-wealth-australia/2019-20/10.%20Age%20of%20reference%20person.xlsx,"Table 10.2 HOUSEHOLD ASSETS AND LIABILITIES, Age of reference person",Table 10.2!G9,OK,published in $'000; not converted (multiply by 1000 for AUD)
HIW4-2019-20-T10.2-00007,4,"Household Income and Wealth, Australia, 2019-20 financial year (ABS)",2022-04-28,2019-20,2019-07-01,2020-06-30,,NETWORTH_MEAN,"Household net worth, mean",mean,1167,AUD_thousand,2019-20 dollars (survey year; table states no CPI adjustment),households by age of reference person,Australia,75 and over,,,,,,,2019-20/10. Age of reference person.xlsx,https://www.abs.gov.au/statistics/economy/finance/household-income-and-wealth-australia/2019-20/10.%20Age%20of%20reference%20person.xlsx,"Table 10.2 HOUSEHOLD ASSETS AND LIABILITIES, Age of reference person",Table 10.2!H9,OK,published in $'000; not converted (multiply by 1000 for AUD)
HIW4-2019-20-T10.2-00008,4,"Household Income and Wealth, Australia, 2019-20 financial year (ABS)",2022-04-28,2019-20,2019-07-01,2020-06-30,,NETWORTH_MEAN,"Household net worth, mean",mean,1457.3,AUD_thousand,2019-20 dollars (survey year; table states no CPI adjustment),households by age of reference person,Australia,65 years and over,,,,,,,2019-20/10. Age of reference person.xlsx,https://www.abs.gov.au/statistics/economy/finance/household-income-and-wealth-australia/2019-20/10.%20Age%20of%20reference%20person.xlsx,"Table 10.2 HOUSEHOLD ASSETS AND LIABILITIES, Age of reference person",Table 10.2!I9,OK,published in $'000; not converted (multiply by 1000 for AUD)
HIW4-2019-20-T10.2-00009,4,"Household Income and Wealth, Australia, 2019-20 financial year (ABS)",2022-04-28,2019-20,2019-07-01,2020-06-30,,NETWORTH_MEAN,"Household net worth, mean",mean,1042,AUD_thousand,2019-20 dollars (survey year; table states no CPI adjustment),all households,Australia,All households,,,,,,all ages,2019-20/10. Age of reference person.xlsx,https://www.abs.gov.au/statistics/economy/finance/household-income-and-wealth-australia/2019-20/10.%20Age%20of%20reference%20person.xlsx,"Table 10.2 HOUSEHOLD ASSETS AND LIABILITIES, Age of reference person",Table 10.2!J9,OK,published in $'000; not converted (multiply by 1000 for AUD)
HIW4-2019-20-T10.2-00010,4,"Household Income and Wealth, Australia, 2019-20 financial year (ABS)",2022-04-28,2019-20,2019-07-01,2020-06-30,,NETWORTH_MEDIAN,"Household net worth, median",median,34.6,AUD_thousand,2019-20 dollars (survey year; table states no CPI adjustment),households by age of reference person,Australia,15-24,,,,,,,2019-20/10. Age of reference person.xlsx,https://www.abs.gov.au/statistics/economy/finance/household-income-and-wealth-australia/2019-20/10.%20Age%20of%20reference%20person.xlsx,"Table 10.2 HOUSEHOLD ASSETS AND LIABILITIES, Age of reference person",Table 10.2!B10,OK,published in $'000; not converted (multiply by 1000 for AUD)
HIW4-2019-20-T10.2-00011,4,"Household Income and Wealth, Australia, 2019-20 financial year (ABS)",2022-04-28,2019-20,2019-07-01,2020-06-30,,NETWORTH_MEDIAN,"Household net worth, median",median,175.7,AUD_thousand,2019-20 dollars (survey year; table states no CPI adjustment),households by age of reference person,Australia,25-34,,,,,,,2019-20/10. Age of reference person.xlsx,https://www.abs.gov.au/statistics/economy/finance/household-income-and-wealth-australia/2019-20/10.%20Age%20of%20reference%20person.xlsx,"Table 10.2 HOUSEHOLD ASSETS AND LIABILITIES, Age of reference person",Table 10.2!C10,OK,published in $'000; not converted (multiply by 1000 for AUD)
HIW4-2019-20-T10.2-00012,4,"Household Income and Wealth, Australia, 2019-20 financial year (ABS)",2022-04-28,2019-20,2019-07-01,2020-06-30,,NETWORTH_MEDIAN,"Household net worth, median",median,401,AUD_thousand,2019-20 dollars (survey year; table states no CPI adjustment),households by age of reference person,Australia,35-44,,,,,,,2019-20/10. Age of reference person.xlsx,https://www.abs.gov.au/statistics/economy/finance/household-income-and-wealth-australia/2019-20/10.%20Age%20of%20reference%20person.xlsx,"Table 10.2 HOUSEHOLD ASSETS AND LIABILITIES, Age of reference person",Table 10.2!D10,OK,published in $'000; not converted (multiply by 1000 for AUD)
HIW4-2019-20-T10.2-00013,4,"Household Income and Wealth, Australia, 2019-20 financial year (ABS)",2022-04-28,2019-20,2019-07-01,2020-06-30,,NETWORTH_MEDIAN,"Household net worth, median",median,799.6,AUD_thousand,2019-20 dollars (survey year; table states no CPI adjustment),households by age of reference person,Australia,45-54,,,,,,,2019-20/10. Age of reference person.xlsx,https://www.abs.gov.au/statistics/economy/finance/household-income-and-wealth-australia/2019-20/10.%20Age%20of%20reference%20person.xlsx,"Table 10.2 HOUSEHOLD ASSETS AND LIABILITIES, Age of reference person",Table 10.2!E10,OK,published in $'000; not converted (multiply by 1000 for AUD)
HIW4-2019-20-T10.2-00014,4,"Household Income and Wealth, Australia, 2019-20 financial year (ABS)",2022-04-28,2019-20,2019-07-01,2020-06-30,,NETWORTH_MEDIAN,"Household net worth, median",median,999.9,AUD_thousand,2019-20 dollars (survey year; table states no CPI adjustment),households by age of reference person,Australia,55-64,,,,,,,2019-20/10. Age of reference person.xlsx,https://www.abs.gov.au/statistics/economy/finance/household-income-and-wealth-australia/2019-20/10.%20Age%20of%20reference%20person.xlsx,"Table 10.2 HOUSEHOLD ASSETS AND LIABILITIES, Age of reference person",Table 10.2!F10,OK,published in $'000; not converted (multiply by 1000 for AUD)
HIW4-2019-20-T10.2-00015,4,"Household Income and Wealth, Australia, 2019-20 financial year (ABS)",2022-04-28,2019-20,2019-07-01,2020-06-30,,NETWORTH_MEDIAN,"Household net worth, median",median,926.7,AUD_thousand,2019-20 dollars (survey year; table states no CPI adjustment),households by age of reference person,Australia,65-74,,,,,,,2019-20/10. Age of reference person.xlsx,https://www.abs.gov.au/statistics/economy/finance/household-income-and-wealth-australia/2019-20/10.%20Age%20of%20reference%20person.xlsx,"Table 10.2 HOUSEHOLD ASSETS AND LIABILITIES, Age of reference person",Table 10.2!G10,OK,published in $'000; not converted (multiply by 1000 for AUD)
HIW4-2019-20-T10.2-00016,4,"Household Income and Wealth, Australia, 2019-20 financial year (ABS)",2022-04-28,2019-20,2019-07-01,2020-06-30,,NETWORTH_MEDIAN,"Household net worth, median",median,725.1,AUD_thousand,2019-20 dollars (survey year; table states no CPI adjustment),households by age of reference person,Australia,75 and over,,,,,,,2019-20/10. Age of reference person.xlsx,https://www.abs.gov.au/statistics/economy/finance/household-income-and-wealth-australia/2019-20/10.%20Age%20of%20reference%20person.xlsx,"Table 10.2 HOUSEHOLD ASSETS AND LIABILITIES, Age of reference person",Table 10.2!H10,OK,published in $'000; not converted (multiply by 1000 for AUD)
HIW4-2019-20-T10.2-00017,4,"Household Income and Wealth, Australia, 2019-20 financial year (ABS)",2022-04-28,2019-20,2019-07-01,2020-06-30,,NETWORTH_MEDIAN,"Household net worth, median",median,824.5,AUD_thousand,2019-20 dollars (survey year; table states no CPI adjustment),households by age of reference person,Australia,65 years and over,,,,,,,2019-20/10. Age of reference person.xlsx,https://www.abs.gov.au/statistics/economy/finance/household-income-and-wealth-australia/2019-20/10.%20Age%20of%20reference%20person.xlsx,"Table 10.2 HOUSEHOLD ASSETS AND LIABILITIES, Age of reference person",Table 10.2!I10,OK,published in $'000; not converted (multiply by 1000 for AUD)
HIW4-2019-20-T10.2-00018,4,"Household Income and Wealth, Australia, 2019-20 financial year (ABS)",2022-04-28,2019-20,2019-07-01,2020-06-30,,NETWORTH_MEDIAN,"Household net worth, median",median,579.2,AUD_thousand,2019-20 dollars (survey year; table states no CPI adjustment),all households,Australia,All households,,,,,,all ages,2019-20/10. Age of reference person.xlsx,https://www.abs.gov.au/statistics/economy/finance/household-income-and-wealth-australia/2019-20/10.%20Age%20of%20reference%20person.xlsx,"Table 10.2 HOUSEHOLD ASSETS AND LIABILITIES, Age of reference person",Table 10.2!J10,OK,published in $'000; not converted (multiply by 1000 for AUD)
HIW4-2017-18-T10.1-00001,4,"Household Income and Wealth, Australia, 2017-18 financial year (ABS cat. 6523.0)",2019-07-12,2017-18,2017-07-01,2018-06-30,,INC_PRIVATE_WEEKLY,"Weekly household private income, mean",mean,1569,AUD_per_week,2017-18 dollars (survey year; table states no CPI adjustment),households by age of reference person,Australia,15-24,,,,,,,2017-18/Age of reference person.xlsx,https://www.abs.gov.au/statistics/economy/finance/household-income-and-wealth-australia/2017-18/Age%20of%20reference%20person.xlsx,"Table 10.1 INCOME DISTRIBUTION, Age of reference person",Table 10.1!B10,OK,
HIW4-2017-18-T10.1-00002,4,"Household Income and Wealth, Australia, 2017-18 financial year (ABS cat. 6523.0)",2019-07-12,2017-18,2017-07-01,2018-06-30,,INC_PRIVATE_WEEKLY,"Weekly household private income, mean",mean,2184,AUD_per_week,2017-18 dollars (survey year; table states no CPI adjustment),households by age of reference person,Australia,25-34,,,,,,,2017-18/Age of reference person.xlsx,https://www.abs.gov.au/statistics/economy/finance/household-income-and-wealth-australia/2017-18/Age%20of%20reference%20person.xlsx,"Table 10.1 INCOME DISTRIBUTION, Age of reference person",Table 10.1!C10,OK,
HIW4-2017-18-T10.1-00003,4,"Household Income and Wealth, Australia, 2017-18 financial year (ABS cat. 6523.0)",2019-07-12,2017-18,2017-07-01,2018-06-30,,INC_PRIVATE_WEEKLY,"Weekly household private income, mean",mean,2496,AUD_per_week,2017-18 dollars (survey year; table states no CPI adjustment),households by age of reference person,Australia,35-44,,,,,,,2017-18/Age of reference person.xlsx,https://www.abs.gov.au/statistics/economy/finance/household-income-and-wealth-australia/2017-18/Age%20of%20reference%20person.xlsx,"Table 10.1 INCOME DISTRIBUTION, Age of reference person",Table 10.1!D10,OK,
HIW4-2017-18-T10.1-00004,4,"Household Income and Wealth, Australia, 2017-18 financial year (ABS cat. 6523.0)",2019-07-12,2017-18,2017-07-01,2018-06-30,,INC_PRIVATE_WEEKLY,"Weekly household private income, mean",mean,2702,AUD_per_week,2017-18 dollars (survey year; table states no CPI adjustment),households by age of reference person,Australia,45-54,,,,,,,2017-18/Age of reference person.xlsx,https://www.abs.gov.au/statistics/economy/finance/household-income-and-wealth-australia/2017-18/Age%20of%20reference%20person.xlsx,"Table 10.1 INCOME DISTRIBUTION, Age of reference person",Table 10.1!E10,OK,
HIW4-2017-18-T10.1-00005,4,"Household Income and Wealth, Australia, 2017-18 financial year (ABS cat. 6523.0)",2019-07-12,2017-18,2017-07-01,2018-06-30,,INC_PRIVATE_WEEKLY,"Weekly household private income, mean",mean,2418,AUD_per_week,2017-18 dollars (survey year; table states no CPI adjustment),households by age of reference person,Australia,55-64,,,,,,,2017-18/Age of reference person.xlsx,https://www.abs.gov.au/statistics/economy/finance/household-income-and-wealth-australia/2017-18/Age%20of%20reference%20person.xlsx,"Table 10.1 INCOME DISTRIBUTION, Age of reference person",Table 10.1!F10,OK,
HIW4-2017-18-T10.1-00006,4,"Household Income and Wealth, Australia, 2017-18 financial year (ABS cat. 6523.0)",2019-07-12,2017-18,2017-07-01,2018-06-30,,INC_PRIVATE_WEEKLY,"Weekly household private income, mean",mean,1117,AUD_per_week,2017-18 dollars (survey year; table states no CPI adjustment),households by age of reference person,Australia,65-74,,,,,,,2017-18/Age of reference person.xlsx,https://www.abs.gov.au/statistics/economy/finance/household-income-and-wealth-australia/2017-18/Age%20of%20reference%20person.xlsx,"Table 10.1 INCOME DISTRIBUTION, Age of reference person",Table 10.1!G10,OK,
HIW4-2017-18-T10.1-00007,4,"Household Income and Wealth, Australia, 2017-18 financial year (ABS cat. 6523.0)",2019-07-12,2017-18,2017-07-01,2018-06-30,,INC_PRIVATE_WEEKLY,"Weekly household private income, mean",mean,491,AUD_per_week,2017-18 dollars (survey year; table states no CPI adjustment),households by age of reference person,Australia,75 and over,,,,,,,2017-18/Age of reference person.xlsx,https://www.abs.gov.au/statistics/economy/finance/household-income-and-wealth-australia/2017-18/Age%20of%20reference%20person.xlsx,"Table 10.1 INCOME DISTRIBUTION, Age of reference person",Table 10.1!H10,OK,
HIW4-2017-18-T10.1-00008,4,"Household Income and Wealth, Australia, 2017-18 financial year (ABS cat. 6523.0)",2019-07-12,2017-18,2017-07-01,2018-06-30,,INC_PRIVATE_WEEKLY,"Weekly household private income, mean",mean,848,AUD_per_week,2017-18 dollars (survey year; table states no CPI adjustment),households by age of reference person,Australia,65 years and over,,,,,,,2017-18/Age of reference person.xlsx,https://www.abs.gov.au/statistics/economy/finance/household-income-and-wealth-australia/2017-18/Age%20of%20reference%20person.xlsx,"Table 10.1 INCOME DISTRIBUTION, Age of reference person",Table 10.1!I10,OK,
HIW4-2017-18-T10.1-00009,4,"Household Income and Wealth, Australia, 2017-18 financial year (ABS cat. 6523.0)",2019-07-12,2017-18,2017-07-01,2018-06-30,,INC_PRIVATE_WEEKLY,"Weekly household private income, mean",mean,2032,AUD_per_week,2017-18 dollars (survey year; table states no CPI adjustment),all households,Australia,All households,,,,,,,2017-18/Age of reference person.xlsx,https://www.abs.gov.au/statistics/economy/finance/household-income-and-wealth-australia/2017-18/Age%20of%20reference%20person.xlsx,"Table 10.1 INCOME DISTRIBUTION, Age of reference person",Table 10.1!J10,OK,
HIW4-2017-18-T10.1-00010,4,"Household Income and Wealth, Australia, 2017-18 financial year (ABS cat. 6523.0)",2019-07-12,2017-18,2017-07-01,2018-06-30,,INC_GOVT_PENSIONS_ALLOWANCES_WEEKLY,"Weekly household government pensions and allowances, mean",mean,145,AUD_per_week,2017-18 dollars (survey year; table states no CPI adjustment),households by age of reference person,Australia,15-24,,,,,,,2017-18/Age of reference person.xlsx,https://www.abs.gov.au/statistics/economy/finance/household-income-and-wealth-australia/2017-18/Age%20of%20reference%20person.xlsx,"Table 10.1 INCOME DISTRIBUTION, Age of reference person",Table 10.1!B11,OK,includes overseas pensions
HIW4-2017-18-T10.1-00011,4,"Household Income and Wealth, Australia, 2017-18 financial year (ABS cat. 6523.0)",2019-07-12,2017-18,2017-07-01,2018-06-30,,INC_GOVT_PENSIONS_ALLOWANCES_WEEKLY,"Weekly household government pensions and allowances, mean",mean,129,AUD_per_week,2017-18 dollars (survey year; table states no CPI adjustment),households by age of reference person,Australia,25-34,,,,,,,2017-18/Age of reference person.xlsx,https://www.abs.gov.au/statistics/economy/finance/household-income-and-wealth-australia/2017-18/Age%20of%20reference%20person.xlsx,"Table 10.1 INCOME DISTRIBUTION, Age of reference person",Table 10.1!C11,OK,includes overseas pensions
HIW4-2017-18-T10.1-00012,4,"Household Income and Wealth, Australia, 2017-18 financial year (ABS cat. 6523.0)",2019-07-12,2017-18,2017-07-01,2018-06-30,,INC_GOVT_PENSIONS_ALLOWANCES_WEEKLY,"Weekly household government pensions and allowances, mean",mean,148,AUD_per_week,2017-18 dollars (survey year; table states no CPI adjustment),households by age of reference person,Australia,35-44,,,,,,,2017-18/Age of reference person.xlsx,https://www.abs.gov.au/statistics/economy/finance/household-income-and-wealth-australia/2017-18/Age%20of%20reference%20person.xlsx,"Table 10.1 INCOME DISTRIBUTION, Age of reference person",Table 10.1!D11,OK,includes overseas pensions
HIW4-2017-18-T10.1-00013,4,"Household Income and Wealth, Australia, 2017-18 financial year (ABS cat. 6523.0)",2019-07-12,2017-18,2017-07-01,2018-06-30,,INC_GOVT_PENSIONS_ALLOWANCES_WEEKLY,"Weekly household government pensions and allowances, mean",mean,143,AUD_per_week,2017-18 dollars (survey year; table states no CPI adjustment),households by age of reference person,Australia,45-54,,,,,,,2017-18/Age of reference person.xlsx,https://www.abs.gov.au/statistics/economy/finance/household-income-and-wealth-australia/2017-18/Age%20of%20reference%20person.xlsx,"Table 10.1 INCOME DISTRIBUTION, Age of reference person",Table 10.1!E11,OK,includes overseas pensions
HIW4-2017-18-T10.1-00014,4,"Household Income and Wealth, Australia, 2017-18 financial year (ABS cat. 6523.0)",2019-07-12,2017-18,2017-07-01,2018-06-30,,INC_GOVT_PENSIONS_ALLOWANCES_WEEKLY,"Weekly household government pensions and allowances, mean",mean,150,AUD_per_week,2017-18 dollars (survey year; table states no CPI adjustment),households by age of reference person,Australia,55-64,,,,,,,2017-18/Age of reference person.xlsx,https://www.abs.gov.au/statistics/economy/finance/household-income-and-wealth-australia/2017-18/Age%20of%20reference%20person.xlsx,"Table 10.1 INCOME DISTRIBUTION, Age of reference person",Table 10.1!F11,OK,includes overseas pensions
HIW4-2017-18-T10.1-00015,4,"Household Income and Wealth, Australia, 2017-18 financial year (ABS cat. 6523.0)",2019-07-12,2017-18,2017-07-01,2018-06-30,,INC_GOVT_PENSIONS_ALLOWANCES_WEEKLY,"Weekly household government pensions and allowances, mean",mean,372,AUD_per_week,2017-18 dollars (survey year; table states no CPI adjustment),households by age of reference person,Australia,65-74,,,,,,,2017-18/Age of reference person.xlsx,https://www.abs.gov.au/statistics/economy/finance/household-income-and-wealth-australia/2017-18/Age%20of%20reference%20person.xlsx,"Table 10.1 INCOME DISTRIBUTION, Age of reference person",Table 10.1!G11,OK,includes overseas pensions
HIW4-2017-18-T10.1-00016,4,"Household Income and Wealth, Australia, 2017-18 financial year (ABS cat. 6523.0)",2019-07-12,2017-18,2017-07-01,2018-06-30,,INC_GOVT_PENSIONS_ALLOWANCES_WEEKLY,"Weekly household government pensions and allowances, mean",mean,466,AUD_per_week,2017-18 dollars (survey year; table states no CPI adjustment),households by age of reference person,Australia,75 and over,,,,,,,2017-18/Age of reference person.xlsx,https://www.abs.gov.au/statistics/economy/finance/household-income-and-wealth-australia/2017-18/Age%20of%20reference%20person.xlsx,"Table 10.1 INCOME DISTRIBUTION, Age of reference person",Table 10.1!H11,OK,includes overseas pensions
HIW4-2017-18-T10.1-00017,4,"Household Income and Wealth, Australia, 2017-18 financial year (ABS cat. 6523.0)",2019-07-12,2017-18,2017-07-01,2018-06-30,,INC_GOVT_PENSIONS_ALLOWANCES_WEEKLY,"Weekly household government pensions and allowances, mean",mean,412,AUD_per_week,2017-18 dollars (survey year; table states no CPI adjustment),households by age of reference person,Australia,65 years and over,,,,,,,2017-18/Age of reference person.xlsx,https://www.abs.gov.au/statistics/economy/finance/household-income-and-wealth-australia/2017-18/Age%20of%20reference%20person.xlsx,"Table 10.1 INCOME DISTRIBUTION, Age of reference person",Table 10.1!I11,OK,includes overseas pensions
HIW4-2017-18-T10.1-00018,4,"Household Income and Wealth, Australia, 2017-18 financial year (ABS cat. 6523.0)",2019-07-12,2017-18,2017-07-01,2018-06-30,,INC_GOVT_PENSIONS_ALLOWANCES_WEEKLY,"Weekly household government pensions and allowances, mean",mean,210,AUD_per_week,2017-18 dollars (survey year; table states no CPI adjustment),all households,Australia,All households,,,,,,,2017-18/Age of reference person.xlsx,https://www.abs.gov.au/statistics/economy/finance/household-income-and-wealth-australia/2017-18/Age%20of%20reference%20person.xlsx,"Table 10.1 INCOME DISTRIBUTION, Age of reference person",Table 10.1!J11,OK,includes overseas pensions
HIW4-2017-18-T10.1-00019,4,"Household Income and Wealth, Australia, 2017-18 financial year (ABS cat. 6523.0)",2019-07-12,2017-18,2017-07-01,2018-06-30,,INC_GROSS_WEEKLY,"Weekly household gross income, mean",mean,1712,AUD_per_week,2017-18 dollars (survey year; table states no CPI adjustment),households by age of reference person,Australia,15-24,,,,,,,2017-18/Age of reference person.xlsx,https://www.abs.gov.au/statistics/economy/finance/household-income-and-wealth-australia/2017-18/Age%20of%20reference%20person.xlsx,"Table 10.1 INCOME DISTRIBUTION, Age of reference person",Table 10.1!B12,OK,
HIW4-2017-18-T10.1-00020,4,"Household Income and Wealth, Australia, 2017-18 financial year (ABS cat. 6523.0)",2019-07-12,2017-18,2017-07-01,2018-06-30,,INC_GROSS_WEEKLY,"Weekly household gross income, mean",mean,2315,AUD_per_week,2017-18 dollars (survey year; table states no CPI adjustment),households by age of reference person,Australia,25-34,,,,,,,2017-18/Age of reference person.xlsx,https://www.abs.gov.au/statistics/economy/finance/household-income-and-wealth-australia/2017-18/Age%20of%20reference%20person.xlsx,"Table 10.1 INCOME DISTRIBUTION, Age of reference person",Table 10.1!C12,OK,
HIW4-2017-18-T10.1-00021,4,"Household Income and Wealth, Australia, 2017-18 financial year (ABS cat. 6523.0)",2019-07-12,2017-18,2017-07-01,2018-06-30,,INC_GROSS_WEEKLY,"Weekly household gross income, mean",mean,2645,AUD_per_week,2017-18 dollars (survey year; table states no CPI adjustment),households by age of reference person,Australia,35-44,,,,,,,2017-18/Age of reference person.xlsx,https://www.abs.gov.au/statistics/economy/finance/household-income-and-wealth-australia/2017-18/Age%20of%20reference%20person.xlsx,"Table 10.1 INCOME DISTRIBUTION, Age of reference person",Table 10.1!D12,OK,
HIW4-2017-18-T10.1-00022,4,"Household Income and Wealth, Australia, 2017-18 financial year (ABS cat. 6523.0)",2019-07-12,2017-18,2017-07-01,2018-06-30,,INC_GROSS_WEEKLY,"Weekly household gross income, mean",mean,2846,AUD_per_week,2017-18 dollars (survey year; table states no CPI adjustment),households by age of reference person,Australia,45-54,,,,,,,2017-18/Age of reference person.xlsx,https://www.abs.gov.au/statistics/economy/finance/household-income-and-wealth-australia/2017-18/Age%20of%20reference%20person.xlsx,"Table 10.1 INCOME DISTRIBUTION, Age of reference person",Table 10.1!E12,OK,
HIW4-2017-18-T10.1-00023,4,"Household Income and Wealth, Australia, 2017-18 financial year (ABS cat. 6523.0)",2019-07-12,2017-18,2017-07-01,2018-06-30,,INC_GROSS_WEEKLY,"Weekly household gross income, mean",mean,2570,AUD_per_week,2017-18 dollars (survey year; table states no CPI adjustment),households by age of reference person,Australia,55-64,,,,,,,2017-18/Age of reference person.xlsx,https://www.abs.gov.au/statistics/economy/finance/household-income-and-wealth-australia/2017-18/Age%20of%20reference%20person.xlsx,"Table 10.1 INCOME DISTRIBUTION, Age of reference person",Table 10.1!F12,OK,
HIW4-2017-18-T10.1-00024,4,"Household Income and Wealth, Australia, 2017-18 financial year (ABS cat. 6523.0)",2019-07-12,2017-18,2017-07-01,2018-06-30,,INC_GROSS_WEEKLY,"Weekly household gross income, mean",mean,1488,AUD_per_week,2017-18 dollars (survey year; table states no CPI adjustment),households by age of reference person,Australia,65-74,,,,,,,2017-18/Age of reference person.xlsx,https://www.abs.gov.au/statistics/economy/finance/household-income-and-wealth-australia/2017-18/Age%20of%20reference%20person.xlsx,"Table 10.1 INCOME DISTRIBUTION, Age of reference person",Table 10.1!G12,OK,
HIW4-2017-18-T10.1-00025,4,"Household Income and Wealth, Australia, 2017-18 financial year (ABS cat. 6523.0)",2019-07-12,2017-18,2017-07-01,2018-06-30,,INC_GROSS_WEEKLY,"Weekly household gross income, mean",mean,956,AUD_per_week,2017-18 dollars (survey year; table states no CPI adjustment),households by age of reference person,Australia,75 and over,,,,,,,2017-18/Age of reference person.xlsx,https://www.abs.gov.au/statistics/economy/finance/household-income-and-wealth-australia/2017-18/Age%20of%20reference%20person.xlsx,"Table 10.1 INCOME DISTRIBUTION, Age of reference person",Table 10.1!H12,OK,
HIW4-2017-18-T10.1-00026,4,"Household Income and Wealth, Australia, 2017-18 financial year (ABS cat. 6523.0)",2019-07-12,2017-18,2017-07-01,2018-06-30,,INC_GROSS_WEEKLY,"Weekly household gross income, mean",mean,1259,AUD_per_week,2017-18 dollars (survey year; table states no CPI adjustment),households by age of reference person,Australia,65 years and over,,,,,,,2017-18/Age of reference person.xlsx,https://www.abs.gov.au/statistics/economy/finance/household-income-and-wealth-australia/2017-18/Age%20of%20reference%20person.xlsx,"Table 10.1 INCOME DISTRIBUTION, Age of reference person",Table 10.1!I12,OK,
HIW4-2017-18-T10.1-00027,4,"Household Income and Wealth, Australia, 2017-18 financial year (ABS cat. 6523.0)",2019-07-12,2017-18,2017-07-01,2018-06-30,,INC_GROSS_WEEKLY,"Weekly household gross income, mean",mean,2242,AUD_per_week,2017-18 dollars (survey year; table states no CPI adjustment),all households,Australia,All households,,,,,,,2017-18/Age of reference person.xlsx,https://www.abs.gov.au/statistics/economy/finance/household-income-and-wealth-australia/2017-18/Age%20of%20reference%20person.xlsx,"Table 10.1 INCOME DISTRIBUTION, Age of reference person",Table 10.1!J12,OK,
HIW4-2017-18-T10.1-00028,4,"Household Income and Wealth, Australia, 2017-18 financial year (ABS cat. 6523.0)",2019-07-12,2017-18,2017-07-01,2018-06-30,,INC_DISPOSABLE_WEEKLY,"Weekly household disposable income, mean",mean,1489,AUD_per_week,2017-18 dollars (survey year; table states no CPI adjustment),households by age of reference person,Australia,15-24,,,,,,,2017-18/Age of reference person.xlsx,https://www.abs.gov.au/statistics/economy/finance/household-income-and-wealth-australia/2017-18/Age%20of%20reference%20person.xlsx,"Table 10.1 INCOME DISTRIBUTION, Age of reference person",Table 10.1!B13,OK,
HIW4-2017-18-T10.1-00029,4,"Household Income and Wealth, Australia, 2017-18 financial year (ABS cat. 6523.0)",2019-07-12,2017-18,2017-07-01,2018-06-30,,INC_DISPOSABLE_WEEKLY,"Weekly household disposable income, mean",mean,1866,AUD_per_week,2017-18 dollars (survey year; table states no CPI adjustment),households by age of reference person,Australia,25-34,,,,,,,2017-18/Age of reference person.xlsx,https://www.abs.gov.au/statistics/economy/finance/household-income-and-wealth-australia/2017-18/Age%20of%20reference%20person.xlsx,"Table 10.1 INCOME DISTRIBUTION, Age of reference person",Table 10.1!C13,OK,
HIW4-2017-18-T10.1-00030,4,"Household Income and Wealth, Australia, 2017-18 financial year (ABS cat. 6523.0)",2019-07-12,2017-18,2017-07-01,2018-06-30,,INC_DISPOSABLE_WEEKLY,"Weekly household disposable income, mean",mean,2064,AUD_per_week,2017-18 dollars (survey year; table states no CPI adjustment),households by age of reference person,Australia,35-44,,,,,,,2017-18/Age of reference person.xlsx,https://www.abs.gov.au/statistics/economy/finance/household-income-and-wealth-australia/2017-18/Age%20of%20reference%20person.xlsx,"Table 10.1 INCOME DISTRIBUTION, Age of reference person",Table 10.1!D13,OK,
HIW4-2017-18-T10.1-00031,4,"Household Income and Wealth, Australia, 2017-18 financial year (ABS cat. 6523.0)",2019-07-12,2017-18,2017-07-01,2018-06-30,,INC_DISPOSABLE_WEEKLY,"Weekly household disposable income, mean",mean,2222,AUD_per_week,2017-18 dollars (survey year; table states no CPI adjustment),households by age of reference person,Australia,45-54,,,,,,,2017-18/Age of reference person.xlsx,https://www.abs.gov.au/statistics/economy/finance/household-income-and-wealth-australia/2017-18/Age%20of%20reference%20person.xlsx,"Table 10.1 INCOME DISTRIBUTION, Age of reference person",Table 10.1!E13,OK,
HIW4-2017-18-T10.1-00032,4,"Household Income and Wealth, Australia, 2017-18 financial year (ABS cat. 6523.0)",2019-07-12,2017-18,2017-07-01,2018-06-30,,INC_DISPOSABLE_WEEKLY,"Weekly household disposable income, mean",mean,2016,AUD_per_week,2017-18 dollars (survey year; table states no CPI adjustment),households by age of reference person,Australia,55-64,,,,,,,2017-18/Age of reference person.xlsx,https://www.abs.gov.au/statistics/economy/finance/household-income-and-wealth-australia/2017-18/Age%20of%20reference%20person.xlsx,"Table 10.1 INCOME DISTRIBUTION, Age of reference person",Table 10.1!F13,OK,
HIW4-2017-18-T10.1-00033,4,"Household Income and Wealth, Australia, 2017-18 financial year (ABS cat. 6523.0)",2019-07-12,2017-18,2017-07-01,2018-06-30,,INC_DISPOSABLE_WEEKLY,"Weekly household disposable income, mean",mean,1317,AUD_per_week,2017-18 dollars (survey year; table states no CPI adjustment),households by age of reference person,Australia,65-74,,,,,,,2017-18/Age of reference person.xlsx,https://www.abs.gov.au/statistics/economy/finance/household-income-and-wealth-australia/2017-18/Age%20of%20reference%20person.xlsx,"Table 10.1 INCOME DISTRIBUTION, Age of reference person",Table 10.1!G13,OK,
HIW4-2017-18-T10.1-00034,4,"Household Income and Wealth, Australia, 2017-18 financial year (ABS cat. 6523.0)",2019-07-12,2017-18,2017-07-01,2018-06-30,,INC_DISPOSABLE_WEEKLY,"Weekly household disposable income, mean",mean,898,AUD_per_week,2017-18 dollars (survey year; table states no CPI adjustment),households by age of reference person,Australia,75 and over,,,,,,,2017-18/Age of reference person.xlsx,https://www.abs.gov.au/statistics/economy/finance/household-income-and-wealth-australia/2017-18/Age%20of%20reference%20person.xlsx,"Table 10.1 INCOME DISTRIBUTION, Age of reference person",Table 10.1!H13,OK,
HIW4-2017-18-T10.1-00035,4,"Household Income and Wealth, Australia, 2017-18 financial year (ABS cat. 6523.0)",2019-07-12,2017-18,2017-07-01,2018-06-30,,INC_DISPOSABLE_WEEKLY,"Weekly household disposable income, mean",mean,1137,AUD_per_week,2017-18 dollars (survey year; table states no CPI adjustment),households by age of reference person,Australia,65 years and over,,,,,,,2017-18/Age of reference person.xlsx,https://www.abs.gov.au/statistics/economy/finance/household-income-and-wealth-australia/2017-18/Age%20of%20reference%20person.xlsx,"Table 10.1 INCOME DISTRIBUTION, Age of reference person",Table 10.1!I13,OK,
HIW4-2017-18-T10.1-00036,4,"Household Income and Wealth, Australia, 2017-18 financial year (ABS cat. 6523.0)",2019-07-12,2017-18,2017-07-01,2018-06-30,,INC_DISPOSABLE_WEEKLY,"Weekly household disposable income, mean",mean,1805,AUD_per_week,2017-18 dollars (survey year; table states no CPI adjustment),all households,Australia,All households,,,,,,,2017-18/Age of reference person.xlsx,https://www.abs.gov.au/statistics/economy/finance/household-income-and-wealth-australia/2017-18/Age%20of%20reference%20person.xlsx,"Table 10.1 INCOME DISTRIBUTION, Age of reference person",Table 10.1!J13,OK,
HIW4-2017-18-T10.1-00037,4,"Household Income and Wealth, Australia, 2017-18 financial year (ABS cat. 6523.0)",2019-07-12,2017-18,2017-07-01,2018-06-30,,INC_EQUIVALISED_DISPOSABLE_WEEKLY,"Weekly household equivalised disposable income, mean",mean,923,AUD_per_week,2017-18 dollars (survey year; table states no CPI adjustment),households by age of reference person,Australia,15-24,,,,,,,2017-18/Age of reference person.xlsx,https://www.abs.gov.au/statistics/economy/finance/household-income-and-wealth-australia/2017-18/Age%20of%20reference%20person.xlsx,"Table 10.1 INCOME DISTRIBUTION, Age of reference person",Table 10.1!B14,OK,
HIW4-2017-18-T10.1-00038,4,"Household Income and Wealth, Australia, 2017-18 financial year (ABS cat. 6523.0)",2019-07-12,2017-18,2017-07-01,2018-06-30,,INC_EQUIVALISED_DISPOSABLE_WEEKLY,"Weekly household equivalised disposable income, mean",mean,1057,AUD_per_week,2017-18 dollars (survey year; table states no CPI adjustment),households by age of reference person,Australia,25-34,,,,,,,2017-18/Age of reference person.xlsx,https://www.abs.gov.au/statistics/economy/finance/household-income-and-wealth-australia/2017-18/Age%20of%20reference%20person.xlsx,"Table 10.1 INCOME DISTRIBUTION, Age of reference person",Table 10.1!C14,OK,
HIW4-2017-18-T10.1-00039,4,"Household Income and Wealth, Australia, 2017-18 financial year (ABS cat. 6523.0)",2019-07-12,2017-18,2017-07-01,2018-06-30,,INC_EQUIVALISED_DISPOSABLE_WEEKLY,"Weekly household equivalised disposable income, mean",mean,1046,AUD_per_week,2017-18 dollars (survey year; table states no CPI adjustment),households by age of reference person,Australia,35-44,,,,,,,2017-18/Age of reference person.xlsx,https://www.abs.gov.au/statistics/economy/finance/household-income-and-wealth-australia/2017-18/Age%20of%20reference%20person.xlsx,"Table 10.1 INCOME DISTRIBUTION, Age of reference person",Table 10.1!D14,OK,
HIW4-2017-18-T10.1-00040,4,"Household Income and Wealth, Australia, 2017-18 financial year (ABS cat. 6523.0)",2019-07-12,2017-18,2017-07-01,2018-06-30,,INC_EQUIVALISED_DISPOSABLE_WEEKLY,"Weekly household equivalised disposable income, mean",mean,1130,AUD_per_week,2017-18 dollars (survey year; table states no CPI adjustment),households by age of reference person,Australia,45-54,,,,,,,2017-18/Age of reference person.xlsx,https://www.abs.gov.au/statistics/economy/finance/household-income-and-wealth-australia/2017-18/Age%20of%20reference%20person.xlsx,"Table 10.1 INCOME DISTRIBUTION, Age of reference person",Table 10.1!E14,OK,
HIW4-2017-18-T10.1-00041,4,"Household Income and Wealth, Australia, 2017-18 financial year (ABS cat. 6523.0)",2019-07-12,2017-18,2017-07-01,2018-06-30,,INC_EQUIVALISED_DISPOSABLE_WEEKLY,"Weekly household equivalised disposable income, mean",mean,1242,AUD_per_week,2017-18 dollars (survey year; table states no CPI adjustment),households by age of reference person,Australia,55-64,,,,,,,2017-18/Age of reference person.xlsx,https://www.abs.gov.au/statistics/economy/finance/household-income-and-wealth-australia/2017-18/Age%20of%20reference%20person.xlsx,"Table 10.1 INCOME DISTRIBUTION, Age of reference person",Table 10.1!F14,OK,
HIW4-2017-18-T10.1-00042,4,"Household Income and Wealth, Australia, 2017-18 financial year (ABS cat. 6523.0)",2019-07-12,2017-18,2017-07-01,2018-06-30,,INC_EQUIVALISED_DISPOSABLE_WEEKLY,"Weekly household equivalised disposable income, mean",mean,936,AUD_per_week,2017-18 dollars (survey year; table states no CPI adjustment),households by age of reference person,Australia,65-74,,,,,,,2017-18/Age of reference person.xlsx,https://www.abs.gov.au/statistics/economy/finance/household-income-and-wealth-australia/2017-18/Age%20of%20reference%20person.xlsx,"Table 10.1 INCOME DISTRIBUTION, Age of reference person",Table 10.1!G14,OK,
HIW4-2017-18-T10.1-00043,4,"Household Income and Wealth, Australia, 2017-18 financial year (ABS cat. 6523.0)",2019-07-12,2017-18,2017-07-01,2018-06-30,,INC_EQUIVALISED_DISPOSABLE_WEEKLY,"Weekly household equivalised disposable income, mean",mean,707,AUD_per_week,2017-18 dollars (survey year; table states no CPI adjustment),households by age of reference person,Australia,75 and over,,,,,,,2017-18/Age of reference person.xlsx,https://www.abs.gov.au/statistics/economy/finance/household-income-and-wealth-australia/2017-18/Age%20of%20reference%20person.xlsx,"Table 10.1 INCOME DISTRIBUTION, Age of reference person",Table 10.1!H14,OK,
HIW4-2017-18-T10.1-00044,4,"Household Income and Wealth, Australia, 2017-18 financial year (ABS cat. 6523.0)",2019-07-12,2017-18,2017-07-01,2018-06-30,,INC_EQUIVALISED_DISPOSABLE_WEEKLY,"Weekly household equivalised disposable income, mean",mean,848,AUD_per_week,2017-18 dollars (survey year; table states no CPI adjustment),households by age of reference person,Australia,65 years and over,,,,,,,2017-18/Age of reference person.xlsx,https://www.abs.gov.au/statistics/economy/finance/household-income-and-wealth-australia/2017-18/Age%20of%20reference%20person.xlsx,"Table 10.1 INCOME DISTRIBUTION, Age of reference person",Table 10.1!I14,OK,
HIW4-2017-18-T10.1-00045,4,"Household Income and Wealth, Australia, 2017-18 financial year (ABS cat. 6523.0)",2019-07-12,2017-18,2017-07-01,2018-06-30,,INC_EQUIVALISED_DISPOSABLE_WEEKLY,"Weekly household equivalised disposable income, mean",mean,1062,AUD_per_week,2017-18 dollars (survey year; table states no CPI adjustment),all households,Australia,All households,,,,,,,2017-18/Age of reference person.xlsx,https://www.abs.gov.au/statistics/economy/finance/household-income-and-wealth-australia/2017-18/Age%20of%20reference%20person.xlsx,"Table 10.1 INCOME DISTRIBUTION, Age of reference person",Table 10.1!J14,OK,
HIW4-2017-18-T10.1-00046,4,"Household Income and Wealth, Australia, 2017-18 financial year (ABS cat. 6523.0)",2019-07-12,2017-18,2017-07-01,2018-06-30,,INC_PRIVATE_WEEKLY,"Weekly household private income, median",median,1320,AUD_per_week,2017-18 dollars (survey year; table states no CPI adjustment),households by age of reference person,Australia,15-24,,,,,,,2017-18/Age of reference person.xlsx,https://www.abs.gov.au/statistics/economy/finance/household-income-and-wealth-australia/2017-18/Age%20of%20reference%20person.xlsx,"Table 10.1 INCOME DISTRIBUTION, Age of reference person",Table 10.1!B17,OK,
HIW4-2017-18-T10.1-00047,4,"Household Income and Wealth, Australia, 2017-18 financial year (ABS cat. 6523.0)",2019-07-12,2017-18,2017-07-01,2018-06-30,,INC_PRIVATE_WEEKLY,"Weekly household private income, median",median,1951,AUD_per_week,2017-18 dollars (survey year; table states no CPI adjustment),households by age of reference person,Australia,25-34,,,,,,,2017-18/Age of reference person.xlsx,https://www.abs.gov.au/statistics/economy/finance/household-income-and-wealth-australia/2017-18/Age%20of%20reference%20person.xlsx,"Table 10.1 INCOME DISTRIBUTION, Age of reference person",Table 10.1!C17,OK,
HIW4-2017-18-T10.1-00048,4,"Household Income and Wealth, Australia, 2017-18 financial year (ABS cat. 6523.0)",2019-07-12,2017-18,2017-07-01,2018-06-30,,INC_PRIVATE_WEEKLY,"Weekly household private income, median",median,2158,AUD_per_week,2017-18 dollars (survey year; table states no CPI adjustment),households by age of reference person,Australia,35-44,,,,,,,2017-18/Age of reference person.xlsx,https://www.abs.gov.au/statistics/economy/finance/household-income-and-wealth-australia/2017-18/Age%20of%20reference%20person.xlsx,"Table 10.1 INCOME DISTRIBUTION, Age of reference person",Table 10.1!D17,OK,
HIW4-2017-18-T10.1-00049,4,"Household Income and Wealth, Australia, 2017-18 financial year (ABS cat. 6523.0)",2019-07-12,2017-18,2017-07-01,2018-06-30,,INC_PRIVATE_WEEKLY,"Weekly household private income, median",median,2179,AUD_per_week,2017-18 dollars (survey year; table states no CPI adjustment),households by age of reference person,Australia,45-54,,,,,,,2017-18/Age of reference person.xlsx,https://www.abs.gov.au/statistics/economy/finance/household-income-and-wealth-australia/2017-18/Age%20of%20reference%20person.xlsx,"Table 10.1 INCOME DISTRIBUTION, Age of reference person",Table 10.1!E17,OK,
HIW4-2017-18-T10.1-00050,4,"Household Income and Wealth, Australia, 2017-18 financial year (ABS cat. 6523.0)",2019-07-12,2017-18,2017-07-01,2018-06-30,,INC_PRIVATE_WEEKLY,"Weekly household private income, median",median,1688,AUD_per_week,2017-18 dollars (survey year; table states no CPI adjustment),households by age of reference person,Australia,55-64,,,,,,,2017-18/Age of reference person.xlsx,https://www.abs.gov.au/statistics/economy/finance/household-income-and-wealth-australia/2017-18/Age%20of%20reference%20person.xlsx,"Table 10.1 INCOME DISTRIBUTION, Age of reference person",Table 10.1!F17,OK,
HIW4-2017-18-T10.1-00051,4,"Household Income and Wealth, Australia, 2017-18 financial year (ABS cat. 6523.0)",2019-07-12,2017-18,2017-07-01,2018-06-30,,INC_PRIVATE_WEEKLY,"Weekly household private income, median",median,430,AUD_per_week,2017-18 dollars (survey year; table states no CPI adjustment),households by age of reference person,Australia,65-74,,,,,,,2017-18/Age of reference person.xlsx,https://www.abs.gov.au/statistics/economy/finance/household-income-and-wealth-australia/2017-18/Age%20of%20reference%20person.xlsx,"Table 10.1 INCOME DISTRIBUTION, Age of reference person",Table 10.1!G17,OK,
HIW4-2017-18-T10.1-00052,4,"Household Income and Wealth, Australia, 2017-18 financial year (ABS cat. 6523.0)",2019-07-12,2017-18,2017-07-01,2018-06-30,,INC_PRIVATE_WEEKLY,"Weekly household private income, median",median,64,AUD_per_week,2017-18 dollars (survey year; table states no CPI adjustment),households by age of reference person,Australia,75 and over,,,,,,,2017-18/Age of reference person.xlsx,https://www.abs.gov.au/statistics/economy/finance/household-income-and-wealth-australia/2017-18/Age%20of%20reference%20person.xlsx,"Table 10.1 INCOME DISTRIBUTION, Age of reference person",Table 10.1!H17,OK,
HIW4-2017-18-T10.1-00053,4,"Household Income and Wealth, Australia, 2017-18 financial year (ABS cat. 6523.0)",2019-07-12,2017-18,2017-07-01,2018-06-30,,INC_PRIVATE_WEEKLY,"Weekly household private income, median",median,200,AUD_per_week,2017-18 dollars (survey year; table states no CPI adjustment),households by age of reference person,Australia,65 years and over,,,,,,,2017-18/Age of reference person.xlsx,https://www.abs.gov.au/statistics/economy/finance/household-income-and-wealth-australia/2017-18/Age%20of%20reference%20person.xlsx,"Table 10.1 INCOME DISTRIBUTION, Age of reference person",Table 10.1!I17,OK,
HIW4-2017-18-T10.1-00054,4,"Household Income and Wealth, Australia, 2017-18 financial year (ABS cat. 6523.0)",2019-07-12,2017-18,2017-07-01,2018-06-30,,INC_PRIVATE_WEEKLY,"Weekly household private income, median",median,1559,AUD_per_week,2017-18 dollars (survey year; table states no CPI adjustment),all households,Australia,All households,,,,,,,2017-18/Age of reference person.xlsx,https://www.abs.gov.au/statistics/economy/finance/household-income-and-wealth-australia/2017-18/Age%20of%20reference%20person.xlsx,"Table 10.1 INCOME DISTRIBUTION, Age of reference person",Table 10.1!J17,OK,
HIW4-2017-18-T10.1-00055,4,"Household Income and Wealth, Australia, 2017-18 financial year (ABS cat. 6523.0)",2019-07-12,2017-18,2017-07-01,2018-06-30,,INC_GOVT_PENSIONS_ALLOWANCES_WEEKLY,"Weekly household government pensions and allowances, median",median,0,AUD_per_week,2017-18 dollars (survey year; table states no CPI adjustment),households by age of reference person,Australia,15-24,,,,,,,2017-18/Age of reference person.xlsx,https://www.abs.gov.au/statistics/economy/finance/household-income-and-wealth-australia/2017-18/Age%20of%20reference%20person.xlsx,"Table 10.1 INCOME DISTRIBUTION, Age of reference person",Table 10.1!B18,OK,ABS flag ** (RSE greater than 50%); includes overseas pensions
HIW4-2017-18-T10.1-00056,4,"Household Income and Wealth, Australia, 2017-18 financial year (ABS cat. 6523.0)",2019-07-12,2017-18,2017-07-01,2018-06-30,,INC_GOVT_PENSIONS_ALLOWANCES_WEEKLY,"Weekly household government pensions and allowances, median",median,0,AUD_per_week,2017-18 dollars (survey year; table states no CPI adjustment),households by age of reference person,Australia,25-34,,,,,,,2017-18/Age of reference person.xlsx,https://www.abs.gov.au/statistics/economy/finance/household-income-and-wealth-australia/2017-18/Age%20of%20reference%20person.xlsx,"Table 10.1 INCOME DISTRIBUTION, Age of reference person",Table 10.1!C18,OK,ABS flag ** (RSE greater than 50%); includes overseas pensions
HIW4-2017-18-T10.1-00057,4,"Household Income and Wealth, Australia, 2017-18 financial year (ABS cat. 6523.0)",2019-07-12,2017-18,2017-07-01,2018-06-30,,INC_GOVT_PENSIONS_ALLOWANCES_WEEKLY,"Weekly household government pensions and allowances, median",median,0,AUD_per_week,2017-18 dollars (survey year; table states no CPI adjustment),households by age of reference person,Australia,35-44,,,,,,,2017-18/Age of reference person.xlsx,https://www.abs.gov.au/statistics/economy/finance/household-income-and-wealth-australia/2017-18/Age%20of%20reference%20person.xlsx,"Table 10.1 INCOME DISTRIBUTION, Age of reference person",Table 10.1!D18,OK,ABS flag ** (RSE greater than 50%); includes overseas pensions
HIW4-2017-18-T10.1-00058,4,"Household Income and Wealth, Australia, 2017-18 financial year (ABS cat. 6523.0)",2019-07-12,2017-18,2017-07-01,2018-06-30,,INC_GOVT_PENSIONS_ALLOWANCES_WEEKLY,"Weekly household government pensions and allowances, median",median,0,AUD_per_week,2017-18 dollars (survey year; table states no CPI adjustment),households by age of reference person,Australia,45-54,,,,,,,2017-18/Age of reference person.xlsx,https://www.abs.gov.au/statistics/economy/finance/household-income-and-wealth-australia/2017-18/Age%20of%20reference%20person.xlsx,"Table 10.1 INCOME DISTRIBUTION, Age of reference person",Table 10.1!E18,OK,ABS flag ** (RSE greater than 50%); includes overseas pensions
HIW4-2017-18-T10.1-00059,4,"Household Income and Wealth, Australia, 2017-18 financial year (ABS cat. 6523.0)",2019-07-12,2017-18,2017-07-01,2018-06-30,,INC_GOVT_PENSIONS_ALLOWANCES_WEEKLY,"Weekly household government pensions and allowances, median",median,0,AUD_per_week,2017-18 dollars (survey year; table states no CPI adjustment),households by age of reference person,Australia,55-64,,,,,,,2017-18/Age of reference person.xlsx,https://www.abs.gov.au/statistics/economy/finance/household-income-and-wealth-australia/2017-18/Age%20of%20reference%20person.xlsx,"Table 10.1 INCOME DISTRIBUTION, Age of reference person",Table 10.1!F18,OK,ABS flag ** (RSE greater than 50%); includes overseas pensions
HIW4-2017-18-T10.1-00060,4,"Household Income and Wealth, Australia, 2017-18 financial year (ABS cat. 6523.0)",2019-07-12,2017-18,2017-07-01,2018-06-30,,INC_GOVT_PENSIONS_ALLOWANCES_WEEKLY,"Weekly household government pensions and allowances, median",median,422,AUD_per_week,2017-18 dollars (survey year; table states no CPI adjustment),households by age of reference person,Australia,65-74,,,,,,,2017-18/Age of reference person.xlsx,https://www.abs.gov.au/statistics/economy/finance/household-income-and-wealth-australia/2017-18/Age%20of%20reference%20person.xlsx,"Table 10.1 INCOME DISTRIBUTION, Age of reference person",Table 10.1!G18,OK,includes overseas pensions
HIW4-2017-18-T10.1-00061,4,"Household Income and Wealth, Australia, 2017-18 financial year (ABS cat. 6523.0)",2019-07-12,2017-18,2017-07-01,2018-06-30,,INC_GOVT_PENSIONS_ALLOWANCES_WEEKLY,"Weekly household government pensions and allowances, median",median,447,AUD_per_week,2017-18 dollars (survey year; table states no CPI adjustment),households by age of reference person,Australia,75 and over,,,,,,,2017-18/Age of reference person.xlsx,https://www.abs.gov.au/statistics/economy/finance/household-income-and-wealth-australia/2017-18/Age%20of%20reference%20person.xlsx,"Table 10.1 INCOME DISTRIBUTION, Age of reference person",Table 10.1!H18,OK,includes overseas pensions
HIW4-2017-18-T10.1-00062,4,"Household Income and Wealth, Australia, 2017-18 financial year (ABS cat. 6523.0)",2019-07-12,2017-18,2017-07-01,2018-06-30,,INC_GOVT_PENSIONS_ALLOWANCES_WEEKLY,"Weekly household government pensions and allowances, median",median,446,AUD_per_week,2017-18 dollars (survey year; table states no CPI adjustment),households by age of reference person,Australia,65 years and over,,,,,,,2017-18/Age of reference person.xlsx,https://www.abs.gov.au/statistics/economy/finance/household-income-and-wealth-australia/2017-18/Age%20of%20reference%20person.xlsx,"Table 10.1 INCOME DISTRIBUTION, Age of reference person",Table 10.1!I18,OK,includes overseas pensions
HIW4-2017-18-T10.1-00063,4,"Household Income and Wealth, Australia, 2017-18 financial year (ABS cat. 6523.0)",2019-07-12,2017-18,2017-07-01,2018-06-30,,INC_GOVT_PENSIONS_ALLOWANCES_WEEKLY,"Weekly household government pensions and allowances, median",median,0,AUD_per_week,2017-18 dollars (survey year; table states no CPI adjustment),all households,Australia,All households,,,,,,,2017-18/Age of reference person.xlsx,https://www.abs.gov.au/statistics/economy/finance/household-income-and-wealth-australia/2017-18/Age%20of%20reference%20person.xlsx,"Table 10.1 INCOME DISTRIBUTION, Age of reference person",Table 10.1!J18,OK,ABS flag ** (RSE greater than 50%); includes overseas pensions
HIW4-2017-18-T10.1-00064,4,"Household Income and Wealth, Australia, 2017-18 financial year (ABS cat. 6523.0)",2019-07-12,2017-18,2017-07-01,2018-06-30,,INC_GROSS_WEEKLY,"Weekly household gross income, median",median,1448,AUD_per_week,2017-18 dollars (survey year; table states no CPI adjustment),households by age of reference person,Australia,15-24,,,,,,,2017-18/Age of reference person.xlsx,https://www.abs.gov.au/statistics/economy/finance/household-income-and-wealth-australia/2017-18/Age%20of%20reference%20person.xlsx,"Table 10.1 INCOME DISTRIBUTION, Age of reference person",Table 10.1!B19,OK,
HIW4-2017-18-T10.1-00065,4,"Household Income and Wealth, Australia, 2017-18 financial year (ABS cat. 6523.0)",2019-07-12,2017-18,2017-07-01,2018-06-30,,INC_GROSS_WEEKLY,"Weekly household gross income, median",median,2011,AUD_per_week,2017-18 dollars (survey year; table states no CPI adjustment),households by age of reference person,Australia,25-34,,,,,,,2017-18/Age of reference person.xlsx,https://www.abs.gov.au/statistics/economy/finance/household-income-and-wealth-australia/2017-18/Age%20of%20reference%20person.xlsx,"Table 10.1 INCOME DISTRIBUTION, Age of reference person",Table 10.1!C19,OK,
HIW4-2017-18-T10.1-00066,4,"Household Income and Wealth, Australia, 2017-18 financial year (ABS cat. 6523.0)",2019-07-12,2017-18,2017-07-01,2018-06-30,,INC_GROSS_WEEKLY,"Weekly household gross income, median",median,2241,AUD_per_week,2017-18 dollars (survey year; table states no CPI adjustment),households by age of reference person,Australia,35-44,,,,,,,2017-18/Age of reference person.xlsx,https://www.abs.gov.au/statistics/economy/finance/household-income-and-wealth-australia/2017-18/Age%20of%20reference%20person.xlsx,"Table 10.1 INCOME DISTRIBUTION, Age of reference person",Table 10.1!D19,OK,
HIW4-2017-18-T10.1-00067,4,"Household Income and Wealth, Australia, 2017-18 financial year (ABS cat. 6523.0)",2019-07-12,2017-18,2017-07-01,2018-06-30,,INC_GROSS_WEEKLY,"Weekly household gross income, median",median,2246,AUD_per_week,2017-18 dollars (survey year; table states no CPI adjustment),households by age of reference person,Australia,45-54,,,,,,,2017-18/Age of reference person.xlsx,https://www.abs.gov.au/statistics/economy/finance/household-income-and-wealth-australia/2017-18/Age%20of%20reference%20person.xlsx,"Table 10.1 INCOME DISTRIBUTION, Age of reference person",Table 10.1!E19,OK,
HIW4-2017-18-T10.1-00068,4,"Household Income and Wealth, Australia, 2017-18 financial year (ABS cat. 6523.0)",2019-07-12,2017-18,2017-07-01,2018-06-30,,INC_GROSS_WEEKLY,"Weekly household gross income, median",median,1771,AUD_per_week,2017-18 dollars (survey year; table states no CPI adjustment),households by age of reference person,Australia,55-64,,,,,,,2017-18/Age of reference person.xlsx,https://www.abs.gov.au/statistics/economy/finance/household-income-and-wealth-australia/2017-18/Age%20of%20reference%20person.xlsx,"Table 10.1 INCOME DISTRIBUTION, Age of reference person",Table 10.1!F19,OK,
HIW4-2017-18-T10.1-00069,4,"Household Income and Wealth, Australia, 2017-18 financial year (ABS cat. 6523.0)",2019-07-12,2017-18,2017-07-01,2018-06-30,,INC_GROSS_WEEKLY,"Weekly household gross income, median",median,913,AUD_per_week,2017-18 dollars (survey year; table states no CPI adjustment),households by age of reference person,Australia,65-74,,,,,,,2017-18/Age of reference person.xlsx,https://www.abs.gov.au/statistics/economy/finance/household-income-and-wealth-australia/2017-18/Age%20of%20reference%20person.xlsx,"Table 10.1 INCOME DISTRIBUTION, Age of reference person",Table 10.1!G19,OK,
HIW4-2017-18-T10.1-00070,4,"Household Income and Wealth, Australia, 2017-18 financial year (ABS cat. 6523.0)",2019-07-12,2017-18,2017-07-01,2018-06-30,,INC_GROSS_WEEKLY,"Weekly household gross income, median",median,719,AUD_per_week,2017-18 dollars (survey year; table states no CPI adjustment),households by age of reference person,Australia,75 and over,,,,,,,2017-18/Age of reference person.xlsx,https://www.abs.gov.au/statistics/economy/finance/household-income-and-wealth-australia/2017-18/Age%20of%20reference%20person.xlsx,"Table 10.1 INCOME DISTRIBUTION, Age of reference person",Table 10.1!H19,OK,
HIW4-2017-18-T10.1-00071,4,"Household Income and Wealth, Australia, 2017-18 financial year (ABS cat. 6523.0)",2019-07-12,2017-18,2017-07-01,2018-06-30,,INC_GROSS_WEEKLY,"Weekly household gross income, median",median,799,AUD_per_week,2017-18 dollars (survey year; table states no CPI adjustment),households by age of reference person,Australia,65 years and over,,,,,,,2017-18/Age of reference person.xlsx,https://www.abs.gov.au/statistics/economy/finance/household-income-and-wealth-australia/2017-18/Age%20of%20reference%20person.xlsx,"Table 10.1 INCOME DISTRIBUTION, Age of reference person",Table 10.1!I19,OK,
HIW4-2017-18-T10.1-00072,4,"Household Income and Wealth, Australia, 2017-18 financial year (ABS cat. 6523.0)",2019-07-12,2017-18,2017-07-01,2018-06-30,,INC_GROSS_WEEKLY,"Weekly household gross income, median",median,1701,AUD_per_week,2017-18 dollars (survey year; table states no CPI adjustment),all households,Australia,All households,,,,,,,2017-18/Age of reference person.xlsx,https://www.abs.gov.au/statistics/economy/finance/household-income-and-wealth-australia/2017-18/Age%20of%20reference%20person.xlsx,"Table 10.1 INCOME DISTRIBUTION, Age of reference person",Table 10.1!J19,OK,
HIW4-2017-18-T10.1-00073,4,"Household Income and Wealth, Australia, 2017-18 financial year (ABS cat. 6523.0)",2019-07-12,2017-18,2017-07-01,2018-06-30,,INC_DISPOSABLE_WEEKLY,"Weekly household disposable income, median",median,1302,AUD_per_week,2017-18 dollars (survey year; table states no CPI adjustment),households by age of reference person,Australia,15-24,,,,,,,2017-18/Age of reference person.xlsx,https://www.abs.gov.au/statistics/economy/finance/household-income-and-wealth-australia/2017-18/Age%20of%20reference%20person.xlsx,"Table 10.1 INCOME DISTRIBUTION, Age of reference person",Table 10.1!B20,OK,
HIW4-2017-18-T10.1-00074,4,"Household Income and Wealth, Australia, 2017-18 financial year (ABS cat. 6523.0)",2019-07-12,2017-18,2017-07-01,2018-06-30,,INC_DISPOSABLE_WEEKLY,"Weekly household disposable income, median",median,1669,AUD_per_week,2017-18 dollars (survey year; table states no CPI adjustment),households by age of reference person,Australia,25-34,,,,,,,2017-18/Age of reference person.xlsx,https://www.abs.gov.au/statistics/economy/finance/household-income-and-wealth-australia/2017-18/Age%20of%20reference%20person.xlsx,"Table 10.1 INCOME DISTRIBUTION, Age of reference person",Table 10.1!C20,OK,
HIW4-2017-18-T10.1-00075,4,"Household Income and Wealth, Australia, 2017-18 financial year (ABS cat. 6523.0)",2019-07-12,2017-18,2017-07-01,2018-06-30,,INC_DISPOSABLE_WEEKLY,"Weekly household disposable income, median",median,1841,AUD_per_week,2017-18 dollars (survey year; table states no CPI adjustment),households by age of reference person,Australia,35-44,,,,,,,2017-18/Age of reference person.xlsx,https://www.abs.gov.au/statistics/economy/finance/household-income-and-wealth-australia/2017-18/Age%20of%20reference%20person.xlsx,"Table 10.1 INCOME DISTRIBUTION, Age of reference person",Table 10.1!D20,OK,
HIW4-2017-18-T10.1-00076,4,"Household Income and Wealth, Australia, 2017-18 financial year (ABS cat. 6523.0)",2019-07-12,2017-18,2017-07-01,2018-06-30,,INC_DISPOSABLE_WEEKLY,"Weekly household disposable income, median",median,1892,AUD_per_week,2017-18 dollars (survey year; table states no CPI adjustment),households by age of reference person,Australia,45-54,,,,,,,2017-18/Age of reference person.xlsx,https://www.abs.gov.au/statistics/economy/finance/household-income-and-wealth-australia/2017-18/Age%20of%20reference%20person.xlsx,"Table 10.1 INCOME DISTRIBUTION, Age of reference person",Table 10.1!E20,OK,
HIW4-2017-18-T10.1-00077,4,"Household Income and Wealth, Australia, 2017-18 financial year (ABS cat. 6523.0)",2019-07-12,2017-18,2017-07-01,2018-06-30,,INC_DISPOSABLE_WEEKLY,"Weekly household disposable income, median",median,1499,AUD_per_week,2017-18 dollars (survey year; table states no CPI adjustment),households by age of reference person,Australia,55-64,,,,,,,2017-18/Age of reference person.xlsx,https://www.abs.gov.au/statistics/economy/finance/household-income-and-wealth-australia/2017-18/Age%20of%20reference%20person.xlsx,"Table 10.1 INCOME DISTRIBUTION, Age of reference person",Table 10.1!F20,OK,
HIW4-2017-18-T10.1-00078,4,"Household Income and Wealth, Australia, 2017-18 financial year (ABS cat. 6523.0)",2019-07-12,2017-18,2017-07-01,2018-06-30,,INC_DISPOSABLE_WEEKLY,"Weekly household disposable income, median",median,900,AUD_per_week,2017-18 dollars (survey year; table states no CPI adjustment),households by age of reference person,Australia,65-74,,,,,,,2017-18/Age of reference person.xlsx,https://www.abs.gov.au/statistics/economy/finance/household-income-and-wealth-australia/2017-18/Age%20of%20reference%20person.xlsx,"Table 10.1 INCOME DISTRIBUTION, Age of reference person",Table 10.1!G20,OK,
HIW4-2017-18-T10.1-00079,4,"Household Income and Wealth, Australia, 2017-18 financial year (ABS cat. 6523.0)",2019-07-12,2017-18,2017-07-01,2018-06-30,,INC_DISPOSABLE_WEEKLY,"Weekly household disposable income, median",median,718,AUD_per_week,2017-18 dollars (survey year; table states no CPI adjustment),households by age of reference person,Australia,75 and over,,,,,,,2017-18/Age of reference person.xlsx,https://www.abs.gov.au/statistics/economy/finance/household-income-and-wealth-australia/2017-18/Age%20of%20reference%20person.xlsx,"Table 10.1 INCOME DISTRIBUTION, Age of reference person",Table 10.1!H20,OK,
HIW4-2017-18-T10.1-00080,4,"Household Income and Wealth, Australia, 2017-18 financial year (ABS cat. 6523.0)",2019-07-12,2017-18,2017-07-01,2018-06-30,,INC_DISPOSABLE_WEEKLY,"Weekly household disposable income, median",median,796,AUD_per_week,2017-18 dollars (survey year; table states no CPI adjustment),households by age of reference person,Australia,65 years and over,,,,,,,2017-18/Age of reference person.xlsx,https://www.abs.gov.au/statistics/economy/finance/household-income-and-wealth-australia/2017-18/Age%20of%20reference%20person.xlsx,"Table 10.1 INCOME DISTRIBUTION, Age of reference person",Table 10.1!I20,OK,
HIW4-2017-18-T10.1-00081,4,"Household Income and Wealth, Australia, 2017-18 financial year (ABS cat. 6523.0)",2019-07-12,2017-18,2017-07-01,2018-06-30,,INC_DISPOSABLE_WEEKLY,"Weekly household disposable income, median",median,1463,AUD_per_week,2017-18 dollars (survey year; table states no CPI adjustment),all households,Australia,All households,,,,,,,2017-18/Age of reference person.xlsx,https://www.abs.gov.au/statistics/economy/finance/household-income-and-wealth-australia/2017-18/Age%20of%20reference%20person.xlsx,"Table 10.1 INCOME DISTRIBUTION, Age of reference person",Table 10.1!J20,OK,
HIW4-2017-18-T10.1-00082,4,"Household Income and Wealth, Australia, 2017-18 financial year (ABS cat. 6523.0)",2019-07-12,2017-18,2017-07-01,2018-06-30,,INC_EQUIVALISED_DISPOSABLE_WEEKLY,"Weekly household equivalised disposable income, median",median,872,AUD_per_week,2017-18 dollars (survey year; table states no CPI adjustment),households by age of reference person,Australia,15-24,,,,,,,2017-18/Age of reference person.xlsx,https://www.abs.gov.au/statistics/economy/finance/household-income-and-wealth-australia/2017-18/Age%20of%20reference%20person.xlsx,"Table 10.1 INCOME DISTRIBUTION, Age of reference person",Table 10.1!B21,OK,
HIW4-2017-18-T10.1-00083,4,"Household Income and Wealth, Australia, 2017-18 financial year (ABS cat. 6523.0)",2019-07-12,2017-18,2017-07-01,2018-06-30,,INC_EQUIVALISED_DISPOSABLE_WEEKLY,"Weekly household equivalised disposable income, median",median,942,AUD_per_week,2017-18 dollars (survey year; table states no CPI adjustment),households by age of reference person,Australia,25-34,,,,,,,2017-18/Age of reference person.xlsx,https://www.abs.gov.au/statistics/economy/finance/household-income-and-wealth-australia/2017-18/Age%20of%20reference%20person.xlsx,"Table 10.1 INCOME DISTRIBUTION, Age of reference person",Table 10.1!C21,OK,
HIW4-2017-18-T10.1-00084,4,"Household Income and Wealth, Australia, 2017-18 financial year (ABS cat. 6523.0)",2019-07-12,2017-18,2017-07-01,2018-06-30,,INC_EQUIVALISED_DISPOSABLE_WEEKLY,"Weekly household equivalised disposable income, median",median,925,AUD_per_week,2017-18 dollars (survey year; table states no CPI adjustment),households by age of reference person,Australia,35-44,,,,,,,2017-18/Age of reference person.xlsx,https://www.abs.gov.au/statistics/economy/finance/household-income-and-wealth-australia/2017-18/Age%20of%20reference%20person.xlsx,"Table 10.1 INCOME DISTRIBUTION, Age of reference person",Table 10.1!D21,OK,
HIW4-2017-18-T10.1-00085,4,"Household Income and Wealth, Australia, 2017-18 financial year (ABS cat. 6523.0)",2019-07-12,2017-18,2017-07-01,2018-06-30,,INC_EQUIVALISED_DISPOSABLE_WEEKLY,"Weekly household equivalised disposable income, median",median,986,AUD_per_week,2017-18 dollars (survey year; table states no CPI adjustment),households by age of reference person,Australia,45-54,,,,,,,2017-18/Age of reference person.xlsx,https://www.abs.gov.au/statistics/economy/finance/household-income-and-wealth-australia/2017-18/Age%20of%20reference%20person.xlsx,"Table 10.1 INCOME DISTRIBUTION, Age of reference person",Table 10.1!E21,OK,
HIW4-2017-18-T10.1-00086,4,"Household Income and Wealth, Australia, 2017-18 financial year (ABS cat. 6523.0)",2019-07-12,2017-18,2017-07-01,2018-06-30,,INC_EQUIVALISED_DISPOSABLE_WEEKLY,"Weekly household equivalised disposable income, median",median,1015,AUD_per_week,2017-18 dollars (survey year; table states no CPI adjustment),households by age of reference person,Australia,55-64,,,,,,,2017-18/Age of reference person.xlsx,https://www.abs.gov.au/statistics/economy/finance/household-income-and-wealth-australia/2017-18/Age%20of%20reference%20person.xlsx,"Table 10.1 INCOME DISTRIBUTION, Age of reference person",Table 10.1!F21,OK,
HIW4-2017-18-T10.1-00087,4,"Household Income and Wealth, Australia, 2017-18 financial year (ABS cat. 6523.0)",2019-07-12,2017-18,2017-07-01,2018-06-30,,INC_EQUIVALISED_DISPOSABLE_WEEKLY,"Weekly household equivalised disposable income, median",median,704,AUD_per_week,2017-18 dollars (survey year; table states no CPI adjustment),households by age of reference person,Australia,65-74,,,,,,,2017-18/Age of reference person.xlsx,https://www.abs.gov.au/statistics/economy/finance/household-income-and-wealth-australia/2017-18/Age%20of%20reference%20person.xlsx,"Table 10.1 INCOME DISTRIBUTION, Age of reference person",Table 10.1!G21,OK,
HIW4-2017-18-T10.1-00088,4,"Household Income and Wealth, Australia, 2017-18 financial year (ABS cat. 6523.0)",2019-07-12,2017-18,2017-07-01,2018-06-30,,INC_EQUIVALISED_DISPOSABLE_WEEKLY,"Weekly household equivalised disposable income, median",median,560,AUD_per_week,2017-18 dollars (survey year; table states no CPI adjustment),households by age of reference person,Australia,75 and over,,,,,,,2017-18/Age of reference person.xlsx,https://www.abs.gov.au/statistics/economy/finance/household-income-and-wealth-australia/2017-18/Age%20of%20reference%20person.xlsx,"Table 10.1 INCOME DISTRIBUTION, Age of reference person",Table 10.1!H21,OK,
HIW4-2017-18-T10.1-00089,4,"Household Income and Wealth, Australia, 2017-18 financial year (ABS cat. 6523.0)",2019-07-12,2017-18,2017-07-01,2018-06-30,,INC_EQUIVALISED_DISPOSABLE_WEEKLY,"Weekly household equivalised disposable income, median",median,632,AUD_per_week,2017-18 dollars (survey year; table states no CPI adjustment),households by age of reference person,Australia,65 years and over,,,,,,,2017-18/Age of reference person.xlsx,https://www.abs.gov.au/statistics/economy/finance/household-income-and-wealth-australia/2017-18/Age%20of%20reference%20person.xlsx,"Table 10.1 INCOME DISTRIBUTION, Age of reference person",Table 10.1!I21,OK,
HIW4-2017-18-T10.1-00090,4,"Household Income and Wealth, Australia, 2017-18 financial year (ABS cat. 6523.0)",2019-07-12,2017-18,2017-07-01,2018-06-30,,INC_EQUIVALISED_DISPOSABLE_WEEKLY,"Weekly household equivalised disposable income, median",median,899,AUD_per_week,2017-18 dollars (survey year; table states no CPI adjustment),all households,Australia,All households,,,,,,,2017-18/Age of reference person.xlsx,https://www.abs.gov.au/statistics/economy/finance/household-income-and-wealth-australia/2017-18/Age%20of%20reference%20person.xlsx,"Table 10.1 INCOME DISTRIBUTION, Age of reference person",Table 10.1!J21,OK,
HIW4-2017-18-T10.1-00091,4,"Household Income and Wealth, Australia, 2017-18 financial year (ABS cat. 6523.0)",2019-07-12,2017-18,2017-07-01,2018-06-30,,INC_EQUIVALISED_DISPOSABLE_WEEKLY_PCTL,Weekly equivalised disposable household income at top of selected percentile (10th (P10)),p10,392,AUD_per_week,2017-18 dollars (survey year; table states no CPI adjustment),households by age of reference person,Australia,15-24,,,,,,P10,2017-18/Age of reference person.xlsx,https://www.abs.gov.au/statistics/economy/finance/household-income-and-wealth-australia/2017-18/Age%20of%20reference%20person.xlsx,"Table 10.1 INCOME DISTRIBUTION, Age of reference person",Table 10.1!B29,OK,percentile boundary within this age group
HIW4-2017-18-T10.1-00092,4,"Household Income and Wealth, Australia, 2017-18 financial year (ABS cat. 6523.0)",2019-07-12,2017-18,2017-07-01,2018-06-30,,INC_EQUIVALISED_DISPOSABLE_WEEKLY_PCTL,Weekly equivalised disposable household income at top of selected percentile (10th (P10)),p10,463,AUD_per_week,2017-18 dollars (survey year; table states no CPI adjustment),households by age of reference person,Australia,25-34,,,,,,P10,2017-18/Age of reference person.xlsx,https://www.abs.gov.au/statistics/economy/finance/household-income-and-wealth-australia/2017-18/Age%20of%20reference%20person.xlsx,"Table 10.1 INCOME DISTRIBUTION, Age of reference person",Table 10.1!C29,OK,percentile boundary within this age group
HIW4-2017-18-T10.1-00093,4,"Household Income and Wealth, Australia, 2017-18 financial year (ABS cat. 6523.0)",2019-07-12,2017-18,2017-07-01,2018-06-30,,INC_EQUIVALISED_DISPOSABLE_WEEKLY_PCTL,Weekly equivalised disposable household income at top of selected percentile (10th (P10)),p10,451,AUD_per_week,2017-18 dollars (survey year; table states no CPI adjustment),households by age of reference person,Australia,35-44,,,,,,P10,2017-18/Age of reference person.xlsx,https://www.abs.gov.au/statistics/economy/finance/household-income-and-wealth-australia/2017-18/Age%20of%20reference%20person.xlsx,"Table 10.1 INCOME DISTRIBUTION, Age of reference person",Table 10.1!D29,OK,percentile boundary within this age group
HIW4-2017-18-T10.1-00094,4,"Household Income and Wealth, Australia, 2017-18 financial year (ABS cat. 6523.0)",2019-07-12,2017-18,2017-07-01,2018-06-30,,INC_EQUIVALISED_DISPOSABLE_WEEKLY_PCTL,Weekly equivalised disposable household income at top of selected percentile (10th (P10)),p10,483,AUD_per_week,2017-18 dollars (survey year; table states no CPI adjustment),households by age of reference person,Australia,45-54,,,,,,P10,2017-18/Age of reference person.xlsx,https://www.abs.gov.au/statistics/economy/finance/household-income-and-wealth-australia/2017-18/Age%20of%20reference%20person.xlsx,"Table 10.1 INCOME DISTRIBUTION, Age of reference person",Table 10.1!E29,OK,percentile boundary within this age group
HIW4-2017-18-T10.1-00095,4,"Household Income and Wealth, Australia, 2017-18 financial year (ABS cat. 6523.0)",2019-07-12,2017-18,2017-07-01,2018-06-30,,INC_EQUIVALISED_DISPOSABLE_WEEKLY_PCTL,Weekly equivalised disposable household income at top of selected percentile (10th (P10)),p10,452,AUD_per_week,2017-18 dollars (survey year; table states no CPI adjustment),households by age of reference person,Australia,55-64,,,,,,P10,2017-18/Age of reference person.xlsx,https://www.abs.gov.au/statistics/economy/finance/household-income-and-wealth-australia/2017-18/Age%20of%20reference%20person.xlsx,"Table 10.1 INCOME DISTRIBUTION, Age of reference person",Table 10.1!F29,OK,percentile boundary within this age group
HIW4-2017-18-T10.1-00096,4,"Household Income and Wealth, Australia, 2017-18 financial year (ABS cat. 6523.0)",2019-07-12,2017-18,2017-07-01,2018-06-30,,INC_EQUIVALISED_DISPOSABLE_WEEKLY_PCTL,Weekly equivalised disposable household income at top of selected percentile (10th (P10)),p10,408,AUD_per_week,2017-18 dollars (survey year; table states no CPI adjustment),households by age of reference person,Australia,65-74,,,,,,P10,2017-18/Age of reference person.xlsx,https://www.abs.gov.au/statistics/economy/finance/household-income-and-wealth-australia/2017-18/Age%20of%20reference%20person.xlsx,"Table 10.1 INCOME DISTRIBUTION, Age of reference person",Table 10.1!G29,OK,percentile boundary within this age group
HIW4-2017-18-T10.1-00097,4,"Household Income and Wealth, Australia, 2017-18 financial year (ABS cat. 6523.0)",2019-07-12,2017-18,2017-07-01,2018-06-30,,INC_EQUIVALISED_DISPOSABLE_WEEKLY_PCTL,Weekly equivalised disposable household income at top of selected percentile (10th (P10)),p10,393,AUD_per_week,2017-18 dollars (survey year; table states no CPI adjustment),households by age of reference person,Australia,75 and over,,,,,,P10,2017-18/Age of reference person.xlsx,https://www.abs.gov.au/statistics/economy/finance/household-income-and-wealth-australia/2017-18/Age%20of%20reference%20person.xlsx,"Table 10.1 INCOME DISTRIBUTION, Age of reference person",Table 10.1!H29,OK,percentile boundary within this age group
HIW4-2017-18-T10.1-00098,4,"Household Income and Wealth, Australia, 2017-18 financial year (ABS cat. 6523.0)",2019-07-12,2017-18,2017-07-01,2018-06-30,,INC_EQUIVALISED_DISPOSABLE_WEEKLY_PCTL,Weekly equivalised disposable household income at top of selected percentile (10th (P10)),p10,403,AUD_per_week,2017-18 dollars (survey year; table states no CPI adjustment),households by age of reference person,Australia,65 years and over,,,,,,P10,2017-18/Age of reference person.xlsx,https://www.abs.gov.au/statistics/economy/finance/household-income-and-wealth-australia/2017-18/Age%20of%20reference%20person.xlsx,"Table 10.1 INCOME DISTRIBUTION, Age of reference person",Table 10.1!I29,OK,percentile boundary within this age group
HIW4-2017-18-T10.1-00099,4,"Household Income and Wealth, Australia, 2017-18 financial year (ABS cat. 6523.0)",2019-07-12,2017-18,2017-07-01,2018-06-30,,INC_EQUIVALISED_DISPOSABLE_WEEKLY_PCTL,Weekly equivalised disposable household income at top of selected percentile (10th (P10)),p10,447,AUD_per_week,2017-18 dollars (survey year; table states no CPI adjustment),all households,Australia,All households,,,,,,P10,2017-18/Age of reference person.xlsx,https://www.abs.gov.au/statistics/economy/finance/household-income-and-wealth-australia/2017-18/Age%20of%20reference%20person.xlsx,"Table 10.1 INCOME DISTRIBUTION, Age of reference person",Table 10.1!J29,OK,percentile boundary within this age group
HIW4-2017-18-T10.1-00100,4,"Household Income and Wealth, Australia, 2017-18 financial year (ABS cat. 6523.0)",2019-07-12,2017-18,2017-07-01,2018-06-30,,INC_EQUIVALISED_DISPOSABLE_WEEKLY_PCTL,Weekly equivalised disposable household income at top of selected percentile (20th (P20)),p20,550,AUD_per_week,2017-18 dollars (survey year; table states no CPI adjustment),households by age of reference person,Australia,15-24,,,,,,P20,2017-18/Age of reference person.xlsx,https://www.abs.gov.au/statistics/economy/finance/household-income-and-wealth-australia/2017-18/Age%20of%20reference%20person.xlsx,"Table 10.1 INCOME DISTRIBUTION, Age of reference person",Table 10.1!B30,OK,percentile boundary within this age group
HIW4-2017-18-T10.1-00101,4,"Household Income and Wealth, Australia, 2017-18 financial year (ABS cat. 6523.0)",2019-07-12,2017-18,2017-07-01,2018-06-30,,INC_EQUIVALISED_DISPOSABLE_WEEKLY_PCTL,Weekly equivalised disposable household income at top of selected percentile (20th (P20)),p20,609,AUD_per_week,2017-18 dollars (survey year; table states no CPI adjustment),households by age of reference person,Australia,25-34,,,,,,P20,2017-18/Age of reference person.xlsx,https://www.abs.gov.au/statistics/economy/finance/household-income-and-wealth-australia/2017-18/Age%20of%20reference%20person.xlsx,"Table 10.1 INCOME DISTRIBUTION, Age of reference person",Table 10.1!C30,OK,percentile boundary within this age group
HIW4-2017-18-T10.1-00102,4,"Household Income and Wealth, Australia, 2017-18 financial year (ABS cat. 6523.0)",2019-07-12,2017-18,2017-07-01,2018-06-30,,INC_EQUIVALISED_DISPOSABLE_WEEKLY_PCTL,Weekly equivalised disposable household income at top of selected percentile (20th (P20)),p20,583,AUD_per_week,2017-18 dollars (survey year; table states no CPI adjustment),households by age of reference person,Australia,35-44,,,,,,P20,2017-18/Age of reference person.xlsx,https://www.abs.gov.au/statistics/economy/finance/household-income-and-wealth-australia/2017-18/Age%20of%20reference%20person.xlsx,"Table 10.1 INCOME DISTRIBUTION, Age of reference person",Table 10.1!D30,OK,percentile boundary within this age group
HIW4-2017-18-T10.1-00103,4,"Household Income and Wealth, Australia, 2017-18 financial year (ABS cat. 6523.0)",2019-07-12,2017-18,2017-07-01,2018-06-30,,INC_EQUIVALISED_DISPOSABLE_WEEKLY_PCTL,Weekly equivalised disposable household income at top of selected percentile (20th (P20)),p20,616,AUD_per_week,2017-18 dollars (survey year; table states no CPI adjustment),households by age of reference person,Australia,45-54,,,,,,P20,2017-18/Age of reference person.xlsx,https://www.abs.gov.au/statistics/economy/finance/household-income-and-wealth-australia/2017-18/Age%20of%20reference%20person.xlsx,"Table 10.1 INCOME DISTRIBUTION, Age of reference person",Table 10.1!E30,OK,percentile boundary within this age group
HIW4-2017-18-T10.1-00104,4,"Household Income and Wealth, Australia, 2017-18 financial year (ABS cat. 6523.0)",2019-07-12,2017-18,2017-07-01,2018-06-30,,INC_EQUIVALISED_DISPOSABLE_WEEKLY_PCTL,Weekly equivalised disposable household income at top of selected percentile (20th (P20)),p20,597,AUD_per_week,2017-18 dollars (survey year; table states no CPI adjustment),households by age of reference person,Australia,55-64,,,,,,P20,2017-18/Age of reference person.xlsx,https://www.abs.gov.au/statistics/economy/finance/household-income-and-wealth-australia/2017-18/Age%20of%20reference%20person.xlsx,"Table 10.1 INCOME DISTRIBUTION, Age of reference person",Table 10.1!F30,OK,percentile boundary within this age group
HIW4-2017-18-T10.1-00105,4,"Household Income and Wealth, Australia, 2017-18 financial year (ABS cat. 6523.0)",2019-07-12,2017-18,2017-07-01,2018-06-30,,INC_EQUIVALISED_DISPOSABLE_WEEKLY_PCTL,Weekly equivalised disposable household income at top of selected percentile (20th (P20)),p20,472,AUD_per_week,2017-18 dollars (survey year; table states no CPI adjustment),households by age of reference person,Australia,65-74,,,,,,P20,2017-18/Age of reference person.xlsx,https://www.abs.gov.au/statistics/economy/finance/household-income-and-wealth-australia/2017-18/Age%20of%20reference%20person.xlsx,"Table 10.1 INCOME DISTRIBUTION, Age of reference person",Table 10.1!G30,OK,percentile boundary within this age group
HIW4-2017-18-T10.1-00106,4,"Household Income and Wealth, Australia, 2017-18 financial year (ABS cat. 6523.0)",2019-07-12,2017-18,2017-07-01,2018-06-30,,INC_EQUIVALISED_DISPOSABLE_WEEKLY_PCTL,Weekly equivalised disposable household income at top of selected percentile (20th (P20)),p20,450,AUD_per_week,2017-18 dollars (survey year; table states no CPI adjustment),households by age of reference person,Australia,75 and over,,,,,,P20,2017-18/Age of reference person.xlsx,https://www.abs.gov.au/statistics/economy/finance/household-income-and-wealth-australia/2017-18/Age%20of%20reference%20person.xlsx,"Table 10.1 INCOME DISTRIBUTION, Age of reference person",Table 10.1!H30,OK,percentile boundary within this age group
HIW4-2017-18-T10.1-00107,4,"Household Income and Wealth, Australia, 2017-18 financial year (ABS cat. 6523.0)",2019-07-12,2017-18,2017-07-01,2018-06-30,,INC_EQUIVALISED_DISPOSABLE_WEEKLY_PCTL,Weekly equivalised disposable household income at top of selected percentile (20th (P20)),p20,460,AUD_per_week,2017-18 dollars (survey year; table states no CPI adjustment),households by age of reference person,Australia,65 years and over,,,,,,P20,2017-18/Age of reference person.xlsx,https://www.abs.gov.au/statistics/economy/finance/household-income-and-wealth-australia/2017-18/Age%20of%20reference%20person.xlsx,"Table 10.1 INCOME DISTRIBUTION, Age of reference person",Table 10.1!I30,OK,percentile boundary within this age group
HIW4-2017-18-T10.1-00108,4,"Household Income and Wealth, Australia, 2017-18 financial year (ABS cat. 6523.0)",2019-07-12,2017-18,2017-07-01,2018-06-30,,INC_EQUIVALISED_DISPOSABLE_WEEKLY_PCTL,Weekly equivalised disposable household income at top of selected percentile (20th (P20)),p20,549,AUD_per_week,2017-18 dollars (survey year; table states no CPI adjustment),all households,Australia,All households,,,,,,P20,2017-18/Age of reference person.xlsx,https://www.abs.gov.au/statistics/economy/finance/household-income-and-wealth-australia/2017-18/Age%20of%20reference%20person.xlsx,"Table 10.1 INCOME DISTRIBUTION, Age of reference person",Table 10.1!J30,OK,percentile boundary within this age group
HIW4-2017-18-T10.1-00109,4,"Household Income and Wealth, Australia, 2017-18 financial year (ABS cat. 6523.0)",2019-07-12,2017-18,2017-07-01,2018-06-30,,INC_EQUIVALISED_DISPOSABLE_WEEKLY_PCTL,Weekly equivalised disposable household income at top of selected percentile (30th (P30)),threshold,644,AUD_per_week,2017-18 dollars (survey year; table states no CPI adjustment),households by age of reference person,Australia,15-24,,,,,,P30,2017-18/Age of reference person.xlsx,https://www.abs.gov.au/statistics/economy/finance/household-income-and-wealth-australia/2017-18/Age%20of%20reference%20person.xlsx,"Table 10.1 INCOME DISTRIBUTION, Age of reference person",Table 10.1!B31,OK,percentile boundary within this age group
HIW4-2017-18-T10.1-00110,4,"Household Income and Wealth, Australia, 2017-18 financial year (ABS cat. 6523.0)",2019-07-12,2017-18,2017-07-01,2018-06-30,,INC_EQUIVALISED_DISPOSABLE_WEEKLY_PCTL,Weekly equivalised disposable household income at top of selected percentile (30th (P30)),threshold,721,AUD_per_week,2017-18 dollars (survey year; table states no CPI adjustment),households by age of reference person,Australia,25-34,,,,,,P30,2017-18/Age of reference person.xlsx,https://www.abs.gov.au/statistics/economy/finance/household-income-and-wealth-australia/2017-18/Age%20of%20reference%20person.xlsx,"Table 10.1 INCOME DISTRIBUTION, Age of reference person",Table 10.1!C31,OK,percentile boundary within this age group
HIW4-2017-18-T10.1-00111,4,"Household Income and Wealth, Australia, 2017-18 financial year (ABS cat. 6523.0)",2019-07-12,2017-18,2017-07-01,2018-06-30,,INC_EQUIVALISED_DISPOSABLE_WEEKLY_PCTL,Weekly equivalised disposable household income at top of selected percentile (30th (P30)),threshold,702,AUD_per_week,2017-18 dollars (survey year; table states no CPI adjustment),households by age of reference person,Australia,35-44,,,,,,P30,2017-18/Age of reference person.xlsx,https://www.abs.gov.au/statistics/economy/finance/household-income-and-wealth-australia/2017-18/Age%20of%20reference%20person.xlsx,"Table 10.1 INCOME DISTRIBUTION, Age of reference person",Table 10.1!D31,OK,percentile boundary within this age group
HIW4-2017-18-T10.1-00112,4,"Household Income and Wealth, Australia, 2017-18 financial year (ABS cat. 6523.0)",2019-07-12,2017-18,2017-07-01,2018-06-30,,INC_EQUIVALISED_DISPOSABLE_WEEKLY_PCTL,Weekly equivalised disposable household income at top of selected percentile (30th (P30)),threshold,748,AUD_per_week,2017-18 dollars (survey year; table states no CPI adjustment),households by age of reference person,Australia,45-54,,,,,,P30,2017-18/Age of reference person.xlsx,https://www.abs.gov.au/statistics/economy/finance/household-income-and-wealth-australia/2017-18/Age%20of%20reference%20person.xlsx,"Table 10.1 INCOME DISTRIBUTION, Age of reference person",Table 10.1!E31,OK,percentile boundary within this age group
HIW4-2017-18-T10.1-00113,4,"Household Income and Wealth, Australia, 2017-18 financial year (ABS cat. 6523.0)",2019-07-12,2017-18,2017-07-01,2018-06-30,,INC_EQUIVALISED_DISPOSABLE_WEEKLY_PCTL,Weekly equivalised disposable household income at top of selected percentile (30th (P30)),threshold,712,AUD_per_week,2017-18 dollars (survey year; table states no CPI adjustment),households by age of reference person,Australia,55-64,,,,,,P30,2017-18/Age of reference person.xlsx,https://www.abs.gov.au/statistics/economy/finance/household-income-and-wealth-australia/2017-18/Age%20of%20reference%20person.xlsx,"Table 10.1 INCOME DISTRIBUTION, Age of reference person",Table 10.1!F31,OK,percentile boundary within this age group
HIW4-2017-18-T10.1-00114,4,"Household Income and Wealth, Australia, 2017-18 financial year (ABS cat. 6523.0)",2019-07-12,2017-18,2017-07-01,2018-06-30,,INC_EQUIVALISED_DISPOSABLE_WEEKLY_PCTL,Weekly equivalised disposable household income at top of selected percentile (30th (P30)),threshold,532,AUD_per_week,2017-18 dollars (survey year; table states no CPI adjustment),households by age of reference person,Australia,65-74,,,,,,P30,2017-18/Age of reference person.xlsx,https://www.abs.gov.au/statistics/economy/finance/household-income-and-wealth-australia/2017-18/Age%20of%20reference%20person.xlsx,"Table 10.1 INCOME DISTRIBUTION, Age of reference person",Table 10.1!G31,OK,percentile boundary within this age group
HIW4-2017-18-T10.1-00115,4,"Household Income and Wealth, Australia, 2017-18 financial year (ABS cat. 6523.0)",2019-07-12,2017-18,2017-07-01,2018-06-30,,INC_EQUIVALISED_DISPOSABLE_WEEKLY_PCTL,Weekly equivalised disposable household income at top of selected percentile (30th (P30)),threshold,480,AUD_per_week,2017-18 dollars (survey year; table states no CPI adjustment),households by age of reference person,Australia,75 and over,,,,,,P30,2017-18/Age of reference person.xlsx,https://www.abs.gov.au/statistics/economy/finance/household-income-and-wealth-australia/2017-18/Age%20of%20reference%20person.xlsx,"Table 10.1 INCOME DISTRIBUTION, Age of reference person",Table 10.1!H31,OK,percentile boundary within this age group
HIW4-2017-18-T10.1-00116,4,"Household Income and Wealth, Australia, 2017-18 financial year (ABS cat. 6523.0)",2019-07-12,2017-18,2017-07-01,2018-06-30,,INC_EQUIVALISED_DISPOSABLE_WEEKLY_PCTL,Weekly equivalised disposable household income at top of selected percentile (30th (P30)),threshold,501,AUD_per_week,2017-18 dollars (survey year; table states no CPI adjustment),households by age of reference person,Australia,65 years and over,,,,,,P30,2017-18/Age of reference person.xlsx,https://www.abs.gov.au/statistics/economy/finance/household-income-and-wealth-australia/2017-18/Age%20of%20reference%20person.xlsx,"Table 10.1 INCOME DISTRIBUTION, Age of reference person",Table 10.1!I31,OK,percentile boundary within this age group
HIW4-2017-18-T10.1-00117,4,"Household Income and Wealth, Australia, 2017-18 financial year (ABS cat. 6523.0)",2019-07-12,2017-18,2017-07-01,2018-06-30,,INC_EQUIVALISED_DISPOSABLE_WEEKLY_PCTL,Weekly equivalised disposable household income at top of selected percentile (30th (P30)),threshold,665,AUD_per_week,2017-18 dollars (survey year; table states no CPI adjustment),all households,Australia,All households,,,,,,P30,2017-18/Age of reference person.xlsx,https://www.abs.gov.au/statistics/economy/finance/household-income-and-wealth-australia/2017-18/Age%20of%20reference%20person.xlsx,"Table 10.1 INCOME DISTRIBUTION, Age of reference person",Table 10.1!J31,OK,percentile boundary within this age group
HIW4-2017-18-T10.1-00118,4,"Household Income and Wealth, Australia, 2017-18 financial year (ABS cat. 6523.0)",2019-07-12,2017-18,2017-07-01,2018-06-30,,INC_EQUIVALISED_DISPOSABLE_WEEKLY_PCTL,Weekly equivalised disposable household income at top of selected percentile (40th (P40)),threshold,739,AUD_per_week,2017-18 dollars (survey year; table states no CPI adjustment),households by age of reference person,Australia,15-24,,,,,,P40,2017-18/Age of reference person.xlsx,https://www.abs.gov.au/statistics/economy/finance/household-income-and-wealth-australia/2017-18/Age%20of%20reference%20person.xlsx,"Table 10.1 INCOME DISTRIBUTION, Age of reference person",Table 10.1!B32,OK,percentile boundary within this age group
HIW4-2017-18-T10.1-00119,4,"Household Income and Wealth, Australia, 2017-18 financial year (ABS cat. 6523.0)",2019-07-12,2017-18,2017-07-01,2018-06-30,,INC_EQUIVALISED_DISPOSABLE_WEEKLY_PCTL,Weekly equivalised disposable household income at top of selected percentile (40th (P40)),threshold,826,AUD_per_week,2017-18 dollars (survey year; table states no CPI adjustment),households by age of reference person,Australia,25-34,,,,,,P40,2017-18/Age of reference person.xlsx,https://www.abs.gov.au/statistics/economy/finance/household-income-and-wealth-australia/2017-18/Age%20of%20reference%20person.xlsx,"Table 10.1 INCOME DISTRIBUTION, Age of reference person",Table 10.1!C32,OK,percentile boundary within this age group
HIW4-2017-18-T10.1-00120,4,"Household Income and Wealth, Australia, 2017-18 financial year (ABS cat. 6523.0)",2019-07-12,2017-18,2017-07-01,2018-06-30,,INC_EQUIVALISED_DISPOSABLE_WEEKLY_PCTL,Weekly equivalised disposable household income at top of selected percentile (40th (P40)),threshold,802,AUD_per_week,2017-18 dollars (survey year; table states no CPI adjustment),households by age of reference person,Australia,35-44,,,,,,P40,2017-18/Age of reference person.xlsx,https://www.abs.gov.au/statistics/economy/finance/household-income-and-wealth-australia/2017-18/Age%20of%20reference%20person.xlsx,"Table 10.1 INCOME DISTRIBUTION, Age of reference person",Table 10.1!D32,OK,percentile boundary within this age group
HIW4-2017-18-T10.1-00121,4,"Household Income and Wealth, Australia, 2017-18 financial year (ABS cat. 6523.0)",2019-07-12,2017-18,2017-07-01,2018-06-30,,INC_EQUIVALISED_DISPOSABLE_WEEKLY_PCTL,Weekly equivalised disposable household income at top of selected percentile (40th (P40)),threshold,871,AUD_per_week,2017-18 dollars (survey year; table states no CPI adjustment),households by age of reference person,Australia,45-54,,,,,,P40,2017-18/Age of reference person.xlsx,https://www.abs.gov.au/statistics/economy/finance/household-income-and-wealth-australia/2017-18/Age%20of%20reference%20person.xlsx,"Table 10.1 INCOME DISTRIBUTION, Age of reference person",Table 10.1!E32,OK,percentile boundary within this age group
HIW4-2017-18-T10.1-00122,4,"Household Income and Wealth, Australia, 2017-18 financial year (ABS cat. 6523.0)",2019-07-12,2017-18,2017-07-01,2018-06-30,,INC_EQUIVALISED_DISPOSABLE_WEEKLY_PCTL,Weekly equivalised disposable household income at top of selected percentile (40th (P40)),threshold,871,AUD_per_week,2017-18 dollars (survey year; table states no CPI adjustment),households by age of reference person,Australia,55-64,,,,,,P40,2017-18/Age of reference person.xlsx,https://www.abs.gov.au/statistics/economy/finance/household-income-and-wealth-australia/2017-18/Age%20of%20reference%20person.xlsx,"Table 10.1 INCOME DISTRIBUTION, Age of reference person",Table 10.1!F32,OK,percentile boundary within this age group
HIW4-2017-18-T10.1-00123,4,"Household Income and Wealth, Australia, 2017-18 financial year (ABS cat. 6523.0)",2019-07-12,2017-18,2017-07-01,2018-06-30,,INC_EQUIVALISED_DISPOSABLE_WEEKLY_PCTL,Weekly equivalised disposable household income at top of selected percentile (40th (P40)),threshold,600,AUD_per_week,2017-18 dollars (survey year; table states no CPI adjustment),households by age of reference person,Australia,65-74,,,,,,P40,2017-18/Age of reference person.xlsx,https://www.abs.gov.au/statistics/economy/finance/household-income-and-wealth-australia/2017-18/Age%20of%20reference%20person.xlsx,"Table 10.1 INCOME DISTRIBUTION, Age of reference person",Table 10.1!G32,OK,percentile boundary within this age group
HIW4-2017-18-T10.1-00124,4,"Household Income and Wealth, Australia, 2017-18 financial year (ABS cat. 6523.0)",2019-07-12,2017-18,2017-07-01,2018-06-30,,INC_EQUIVALISED_DISPOSABLE_WEEKLY_PCTL,Weekly equivalised disposable household income at top of selected percentile (40th (P40)),threshold,508,AUD_per_week,2017-18 dollars (survey year; table states no CPI adjustment),households by age of reference person,Australia,75 and over,,,,,,P40,2017-18/Age of reference person.xlsx,https://www.abs.gov.au/statistics/economy/finance/household-income-and-wealth-australia/2017-18/Age%20of%20reference%20person.xlsx,"Table 10.1 INCOME DISTRIBUTION, Age of reference person",Table 10.1!H32,OK,percentile boundary within this age group
HIW4-2017-18-T10.1-00125,4,"Household Income and Wealth, Australia, 2017-18 financial year (ABS cat. 6523.0)",2019-07-12,2017-18,2017-07-01,2018-06-30,,INC_EQUIVALISED_DISPOSABLE_WEEKLY_PCTL,Weekly equivalised disposable household income at top of selected percentile (40th (P40)),threshold,555,AUD_per_week,2017-18 dollars (survey year; table states no CPI adjustment),households by age of reference person,Australia,65 years and over,,,,,,P40,2017-18/Age of reference person.xlsx,https://www.abs.gov.au/statistics/economy/finance/household-income-and-wealth-australia/2017-18/Age%20of%20reference%20person.xlsx,"Table 10.1 INCOME DISTRIBUTION, Age of reference person",Table 10.1!I32,OK,percentile boundary within this age group
HIW4-2017-18-T10.1-00126,4,"Household Income and Wealth, Australia, 2017-18 financial year (ABS cat. 6523.0)",2019-07-12,2017-18,2017-07-01,2018-06-30,,INC_EQUIVALISED_DISPOSABLE_WEEKLY_PCTL,Weekly equivalised disposable household income at top of selected percentile (40th (P40)),threshold,775,AUD_per_week,2017-18 dollars (survey year; table states no CPI adjustment),all households,Australia,All households,,,,,,P40,2017-18/Age of reference person.xlsx,https://www.abs.gov.au/statistics/economy/finance/household-income-and-wealth-australia/2017-18/Age%20of%20reference%20person.xlsx,"Table 10.1 INCOME DISTRIBUTION, Age of reference person",Table 10.1!J32,OK,percentile boundary within this age group
HIW4-2017-18-T10.1-00127,4,"Household Income and Wealth, Australia, 2017-18 financial year (ABS cat. 6523.0)",2019-07-12,2017-18,2017-07-01,2018-06-30,,INC_EQUIVALISED_DISPOSABLE_WEEKLY_PCTL,Weekly equivalised disposable household income at top of selected percentile (50th (P50)),p50,872,AUD_per_week,2017-18 dollars (survey year; table states no CPI adjustment),households by age of reference person,Australia,15-24,,,,,,P50,2017-18/Age of reference person.xlsx,https://www.abs.gov.au/statistics/economy/finance/household-income-and-wealth-australia/2017-18/Age%20of%20reference%20person.xlsx,"Table 10.1 INCOME DISTRIBUTION, Age of reference person",Table 10.1!B33,OK,percentile boundary within this age group
HIW4-2017-18-T10.1-00128,4,"Household Income and Wealth, Australia, 2017-18 financial year (ABS cat. 6523.0)",2019-07-12,2017-18,2017-07-01,2018-06-30,,INC_EQUIVALISED_DISPOSABLE_WEEKLY_PCTL,Weekly equivalised disposable household income at top of selected percentile (50th (P50)),p50,942,AUD_per_week,2017-18 dollars (survey year; table states no CPI adjustment),households by age of reference person,Australia,25-34,,,,,,P50,2017-18/Age of reference person.xlsx,https://www.abs.gov.au/statistics/economy/finance/household-income-and-wealth-australia/2017-18/Age%20of%20reference%20person.xlsx,"Table 10.1 INCOME DISTRIBUTION, Age of reference person",Table 10.1!C33,OK,percentile boundary within this age group
HIW4-2017-18-T10.1-00129,4,"Household Income and Wealth, Australia, 2017-18 financial year (ABS cat. 6523.0)",2019-07-12,2017-18,2017-07-01,2018-06-30,,INC_EQUIVALISED_DISPOSABLE_WEEKLY_PCTL,Weekly equivalised disposable household income at top of selected percentile (50th (P50)),p50,925,AUD_per_week,2017-18 dollars (survey year; table states no CPI adjustment),households by age of reference person,Australia,35-44,,,,,,P50,2017-18/Age of reference person.xlsx,https://www.abs.gov.au/statistics/economy/finance/household-income-and-wealth-australia/2017-18/Age%20of%20reference%20person.xlsx,"Table 10.1 INCOME DISTRIBUTION, Age of reference person",Table 10.1!D33,OK,percentile boundary within this age group
HIW4-2017-18-T10.1-00130,4,"Household Income and Wealth, Australia, 2017-18 financial year (ABS cat. 6523.0)",2019-07-12,2017-18,2017-07-01,2018-06-30,,INC_EQUIVALISED_DISPOSABLE_WEEKLY_PCTL,Weekly equivalised disposable household income at top of selected percentile (50th (P50)),p50,986,AUD_per_week,2017-18 dollars (survey year; table states no CPI adjustment),households by age of reference person,Australia,45-54,,,,,,P50,2017-18/Age of reference person.xlsx,https://www.abs.gov.au/statistics/economy/finance/household-income-and-wealth-australia/2017-18/Age%20of%20reference%20person.xlsx,"Table 10.1 INCOME DISTRIBUTION, Age of reference person",Table 10.1!E33,OK,percentile boundary within this age group
HIW4-2017-18-T10.1-00131,4,"Household Income and Wealth, Australia, 2017-18 financial year (ABS cat. 6523.0)",2019-07-12,2017-18,2017-07-01,2018-06-30,,INC_EQUIVALISED_DISPOSABLE_WEEKLY_PCTL,Weekly equivalised disposable household income at top of selected percentile (50th (P50)),p50,1015,AUD_per_week,2017-18 dollars (survey year; table states no CPI adjustment),households by age of reference person,Australia,55-64,,,,,,P50,2017-18/Age of reference person.xlsx,https://www.abs.gov.au/statistics/economy/finance/household-income-and-wealth-australia/2017-18/Age%20of%20reference%20person.xlsx,"Table 10.1 INCOME DISTRIBUTION, Age of reference person",Table 10.1!F33,OK,percentile boundary within this age group
HIW4-2017-18-T10.1-00132,4,"Household Income and Wealth, Australia, 2017-18 financial year (ABS cat. 6523.0)",2019-07-12,2017-18,2017-07-01,2018-06-30,,INC_EQUIVALISED_DISPOSABLE_WEEKLY_PCTL,Weekly equivalised disposable household income at top of selected percentile (50th (P50)),p50,704,AUD_per_week,2017-18 dollars (survey year; table states no CPI adjustment),households by age of reference person,Australia,65-74,,,,,,P50,2017-18/Age of reference person.xlsx,https://www.abs.gov.au/statistics/economy/finance/household-income-and-wealth-australia/2017-18/Age%20of%20reference%20person.xlsx,"Table 10.1 INCOME DISTRIBUTION, Age of reference person",Table 10.1!G33,OK,percentile boundary within this age group
HIW4-2017-18-T10.1-00133,4,"Household Income and Wealth, Australia, 2017-18 financial year (ABS cat. 6523.0)",2019-07-12,2017-18,2017-07-01,2018-06-30,,INC_EQUIVALISED_DISPOSABLE_WEEKLY_PCTL,Weekly equivalised disposable household income at top of selected percentile (50th (P50)),p50,560,AUD_per_week,2017-18 dollars (survey year; table states no CPI adjustment),households by age of reference person,Australia,75 and over,,,,,,P50,2017-18/Age of reference person.xlsx,https://www.abs.gov.au/statistics/economy/finance/household-income-and-wealth-australia/2017-18/Age%20of%20reference%20person.xlsx,"Table 10.1 INCOME DISTRIBUTION, Age of reference person",Table 10.1!H33,OK,percentile boundary within this age group
HIW4-2017-18-T10.1-00134,4,"Household Income and Wealth, Australia, 2017-18 financial year (ABS cat. 6523.0)",2019-07-12,2017-18,2017-07-01,2018-06-30,,INC_EQUIVALISED_DISPOSABLE_WEEKLY_PCTL,Weekly equivalised disposable household income at top of selected percentile (50th (P50)),p50,632,AUD_per_week,2017-18 dollars (survey year; table states no CPI adjustment),households by age of reference person,Australia,65 years and over,,,,,,P50,2017-18/Age of reference person.xlsx,https://www.abs.gov.au/statistics/economy/finance/household-income-and-wealth-australia/2017-18/Age%20of%20reference%20person.xlsx,"Table 10.1 INCOME DISTRIBUTION, Age of reference person",Table 10.1!I33,OK,percentile boundary within this age group
HIW4-2017-18-T10.1-00135,4,"Household Income and Wealth, Australia, 2017-18 financial year (ABS cat. 6523.0)",2019-07-12,2017-18,2017-07-01,2018-06-30,,INC_EQUIVALISED_DISPOSABLE_WEEKLY_PCTL,Weekly equivalised disposable household income at top of selected percentile (50th (P50)),p50,899,AUD_per_week,2017-18 dollars (survey year; table states no CPI adjustment),all households,Australia,All households,,,,,,P50,2017-18/Age of reference person.xlsx,https://www.abs.gov.au/statistics/economy/finance/household-income-and-wealth-australia/2017-18/Age%20of%20reference%20person.xlsx,"Table 10.1 INCOME DISTRIBUTION, Age of reference person",Table 10.1!J33,OK,percentile boundary within this age group
HIW4-2017-18-T10.1-00136,4,"Household Income and Wealth, Australia, 2017-18 financial year (ABS cat. 6523.0)",2019-07-12,2017-18,2017-07-01,2018-06-30,,INC_EQUIVALISED_DISPOSABLE_WEEKLY_PCTL,Weekly equivalised disposable household income at top of selected percentile (60th (P60)),threshold,991,AUD_per_week,2017-18 dollars (survey year; table states no CPI adjustment),households by age of reference person,Australia,15-24,,,,,,P60,2017-18/Age of reference person.xlsx,https://www.abs.gov.au/statistics/economy/finance/household-income-and-wealth-australia/2017-18/Age%20of%20reference%20person.xlsx,"Table 10.1 INCOME DISTRIBUTION, Age of reference person",Table 10.1!B34,OK,percentile boundary within this age group
HIW4-2017-18-T10.1-00137,4,"Household Income and Wealth, Australia, 2017-18 financial year (ABS cat. 6523.0)",2019-07-12,2017-18,2017-07-01,2018-06-30,,INC_EQUIVALISED_DISPOSABLE_WEEKLY_PCTL,Weekly equivalised disposable household income at top of selected percentile (60th (P60)),threshold,1082,AUD_per_week,2017-18 dollars (survey year; table states no CPI adjustment),households by age of reference person,Australia,25-34,,,,,,P60,2017-18/Age of reference person.xlsx,https://www.abs.gov.au/statistics/economy/finance/household-income-and-wealth-australia/2017-18/Age%20of%20reference%20person.xlsx,"Table 10.1 INCOME DISTRIBUTION, Age of reference person",Table 10.1!C34,OK,percentile boundary within this age group
HIW4-2017-18-T10.1-00138,4,"Household Income and Wealth, Australia, 2017-18 financial year (ABS cat. 6523.0)",2019-07-12,2017-18,2017-07-01,2018-06-30,,INC_EQUIVALISED_DISPOSABLE_WEEKLY_PCTL,Weekly equivalised disposable household income at top of selected percentile (60th (P60)),threshold,1044,AUD_per_week,2017-18 dollars (survey year; table states no CPI adjustment),households by age of reference person,Australia,35-44,,,,,,P60,2017-18/Age of reference person.xlsx,https://www.abs.gov.au/statistics/economy/finance/household-income-and-wealth-australia/2017-18/Age%20of%20reference%20person.xlsx,"Table 10.1 INCOME DISTRIBUTION, Age of reference person",Table 10.1!D34,OK,percentile boundary within this age group
HIW4-2017-18-T10.1-00139,4,"Household Income and Wealth, Australia, 2017-18 financial year (ABS cat. 6523.0)",2019-07-12,2017-18,2017-07-01,2018-06-30,,INC_EQUIVALISED_DISPOSABLE_WEEKLY_PCTL,Weekly equivalised disposable household income at top of selected percentile (60th (P60)),threshold,1115,AUD_per_week,2017-18 dollars (survey year; table states no CPI adjustment),households by age of reference person,Australia,45-54,,,,,,P60,2017-18/Age of reference person.xlsx,https://www.abs.gov.au/statistics/economy/finance/household-income-and-wealth-australia/2017-18/Age%20of%20reference%20person.xlsx,"Table 10.1 INCOME DISTRIBUTION, Age of reference person",Table 10.1!E34,OK,percentile boundary within this age group
HIW4-2017-18-T10.1-00140,4,"Household Income and Wealth, Australia, 2017-18 financial year (ABS cat. 6523.0)",2019-07-12,2017-18,2017-07-01,2018-06-30,,INC_EQUIVALISED_DISPOSABLE_WEEKLY_PCTL,Weekly equivalised disposable household income at top of selected percentile (60th (P60)),threshold,1150,AUD_per_week,2017-18 dollars (survey year; table states no CPI adjustment),households by age of reference person,Australia,55-64,,,,,,P60,2017-18/Age of reference person.xlsx,https://www.abs.gov.au/statistics/economy/finance/household-income-and-wealth-australia/2017-18/Age%20of%20reference%20person.xlsx,"Table 10.1 INCOME DISTRIBUTION, Age of reference person",Table 10.1!F34,OK,percentile boundary within this age group
HIW4-2017-18-T10.1-00141,4,"Household Income and Wealth, Australia, 2017-18 financial year (ABS cat. 6523.0)",2019-07-12,2017-18,2017-07-01,2018-06-30,,INC_EQUIVALISED_DISPOSABLE_WEEKLY_PCTL,Weekly equivalised disposable household income at top of selected percentile (60th (P60)),threshold,809,AUD_per_week,2017-18 dollars (survey year; table states no CPI adjustment),households by age of reference person,Australia,65-74,,,,,,P60,2017-18/Age of reference person.xlsx,https://www.abs.gov.au/statistics/economy/finance/household-income-and-wealth-australia/2017-18/Age%20of%20reference%20person.xlsx,"Table 10.1 INCOME DISTRIBUTION, Age of reference person",Table 10.1!G34,OK,percentile boundary within this age group
HIW4-2017-18-T10.1-00142,4,"Household Income and Wealth, Australia, 2017-18 financial year (ABS cat. 6523.0)",2019-07-12,2017-18,2017-07-01,2018-06-30,,INC_EQUIVALISED_DISPOSABLE_WEEKLY_PCTL,Weekly equivalised disposable household income at top of selected percentile (60th (P60)),threshold,622,AUD_per_week,2017-18 dollars (survey year; table states no CPI adjustment),households by age of reference person,Australia,75 and over,,,,,,P60,2017-18/Age of reference person.xlsx,https://www.abs.gov.au/statistics/economy/finance/household-income-and-wealth-australia/2017-18/Age%20of%20reference%20person.xlsx,"Table 10.1 INCOME DISTRIBUTION, Age of reference person",Table 10.1!H34,OK,percentile boundary within this age group
HIW4-2017-18-T10.1-00143,4,"Household Income and Wealth, Australia, 2017-18 financial year (ABS cat. 6523.0)",2019-07-12,2017-18,2017-07-01,2018-06-30,,INC_EQUIVALISED_DISPOSABLE_WEEKLY_PCTL,Weekly equivalised disposable household income at top of selected percentile (60th (P60)),threshold,727,AUD_per_week,2017-18 dollars (survey year; table states no CPI adjustment),households by age of reference person,Australia,65 years and over,,,,,,P60,2017-18/Age of reference person.xlsx,https://www.abs.gov.au/statistics/economy/finance/household-income-and-wealth-australia/2017-18/Age%20of%20reference%20person.xlsx,"Table 10.1 INCOME DISTRIBUTION, Age of reference person",Table 10.1!I34,OK,percentile boundary within this age group
HIW4-2017-18-T10.1-00144,4,"Household Income and Wealth, Australia, 2017-18 financial year (ABS cat. 6523.0)",2019-07-12,2017-18,2017-07-01,2018-06-30,,INC_EQUIVALISED_DISPOSABLE_WEEKLY_PCTL,Weekly equivalised disposable household income at top of selected percentile (60th (P60)),threshold,1039,AUD_per_week,2017-18 dollars (survey year; table states no CPI adjustment),all households,Australia,All households,,,,,,P60,2017-18/Age of reference person.xlsx,https://www.abs.gov.au/statistics/economy/finance/household-income-and-wealth-australia/2017-18/Age%20of%20reference%20person.xlsx,"Table 10.1 INCOME DISTRIBUTION, Age of reference person",Table 10.1!J34,OK,percentile boundary within this age group
HIW4-2017-18-T10.1-00145,4,"Household Income and Wealth, Australia, 2017-18 financial year (ABS cat. 6523.0)",2019-07-12,2017-18,2017-07-01,2018-06-30,,INC_EQUIVALISED_DISPOSABLE_WEEKLY_PCTL,Weekly equivalised disposable household income at top of selected percentile (70th (P70)),threshold,1091,AUD_per_week,2017-18 dollars (survey year; table states no CPI adjustment),households by age of reference person,Australia,15-24,,,,,,P70,2017-18/Age of reference person.xlsx,https://www.abs.gov.au/statistics/economy/finance/household-income-and-wealth-australia/2017-18/Age%20of%20reference%20person.xlsx,"Table 10.1 INCOME DISTRIBUTION, Age of reference person",Table 10.1!B35,OK,percentile boundary within this age group
HIW4-2017-18-T10.1-00146,4,"Household Income and Wealth, Australia, 2017-18 financial year (ABS cat. 6523.0)",2019-07-12,2017-18,2017-07-01,2018-06-30,,INC_EQUIVALISED_DISPOSABLE_WEEKLY_PCTL,Weekly equivalised disposable household income at top of selected percentile (70th (P70)),threshold,1257,AUD_per_week,2017-18 dollars (survey year; table states no CPI adjustment),households by age of reference person,Australia,25-34,,,,,,P70,2017-18/Age of reference person.xlsx,https://www.abs.gov.au/statistics/economy/finance/household-income-and-wealth-australia/2017-18/Age%20of%20reference%20person.xlsx,"Table 10.1 INCOME DISTRIBUTION, Age of reference person",Table 10.1!C35,OK,percentile boundary within this age group
HIW4-2017-18-T10.1-00147,4,"Household Income and Wealth, Australia, 2017-18 financial year (ABS cat. 6523.0)",2019-07-12,2017-18,2017-07-01,2018-06-30,,INC_EQUIVALISED_DISPOSABLE_WEEKLY_PCTL,Weekly equivalised disposable household income at top of selected percentile (70th (P70)),threshold,1180,AUD_per_week,2017-18 dollars (survey year; table states no CPI adjustment),households by age of reference person,Australia,35-44,,,,,,P70,2017-18/Age of reference person.xlsx,https://www.abs.gov.au/statistics/economy/finance/household-income-and-wealth-australia/2017-18/Age%20of%20reference%20person.xlsx,"Table 10.1 INCOME DISTRIBUTION, Age of reference person",Table 10.1!D35,OK,percentile boundary within this age group
HIW4-2017-18-T10.1-00148,4,"Household Income and Wealth, Australia, 2017-18 financial year (ABS cat. 6523.0)",2019-07-12,2017-18,2017-07-01,2018-06-30,,INC_EQUIVALISED_DISPOSABLE_WEEKLY_PCTL,Weekly equivalised disposable household income at top of selected percentile (70th (P70)),threshold,1260,AUD_per_week,2017-18 dollars (survey year; table states no CPI adjustment),households by age of reference person,Australia,45-54,,,,,,P70,2017-18/Age of reference person.xlsx,https://www.abs.gov.au/statistics/economy/finance/household-income-and-wealth-australia/2017-18/Age%20of%20reference%20person.xlsx,"Table 10.1 INCOME DISTRIBUTION, Age of reference person",Table 10.1!E35,OK,percentile boundary within this age group
HIW4-2017-18-T10.1-00149,4,"Household Income and Wealth, Australia, 2017-18 financial year (ABS cat. 6523.0)",2019-07-12,2017-18,2017-07-01,2018-06-30,,INC_EQUIVALISED_DISPOSABLE_WEEKLY_PCTL,Weekly equivalised disposable household income at top of selected percentile (70th (P70)),threshold,1294,AUD_per_week,2017-18 dollars (survey year; table states no CPI adjustment),households by age of reference person,Australia,55-64,,,,,,P70,2017-18/Age of reference person.xlsx,https://www.abs.gov.au/statistics/economy/finance/household-income-and-wealth-australia/2017-18/Age%20of%20reference%20person.xlsx,"Table 10.1 INCOME DISTRIBUTION, Age of reference person",Table 10.1!F35,OK,percentile boundary within this age group
HIW4-2017-18-T10.1-00150,4,"Household Income and Wealth, Australia, 2017-18 financial year (ABS cat. 6523.0)",2019-07-12,2017-18,2017-07-01,2018-06-30,,INC_EQUIVALISED_DISPOSABLE_WEEKLY_PCTL,Weekly equivalised disposable household income at top of selected percentile (70th (P70)),threshold,945,AUD_per_week,2017-18 dollars (survey year; table states no CPI adjustment),households by age of reference person,Australia,65-74,,,,,,P70,2017-18/Age of reference person.xlsx,https://www.abs.gov.au/statistics/economy/finance/household-income-and-wealth-australia/2017-18/Age%20of%20reference%20person.xlsx,"Table 10.1 INCOME DISTRIBUTION, Age of reference person",Table 10.1!G35,OK,percentile boundary within this age group
HIW4-2017-18-T10.1-00151,4,"Household Income and Wealth, Australia, 2017-18 financial year (ABS cat. 6523.0)",2019-07-12,2017-18,2017-07-01,2018-06-30,,INC_EQUIVALISED_DISPOSABLE_WEEKLY_PCTL,Weekly equivalised disposable household income at top of selected percentile (70th (P70)),threshold,707,AUD_per_week,2017-18 dollars (survey year; table states no CPI adjustment),households by age of reference person,Australia,75 and over,,,,,,P70,2017-18/Age of reference person.xlsx,https://www.abs.gov.au/statistics/economy/finance/household-income-and-wealth-australia/2017-18/Age%20of%20reference%20person.xlsx,"Table 10.1 INCOME DISTRIBUTION, Age of reference person",Table 10.1!H35,OK,percentile boundary within this age group
HIW4-2017-18-T10.1-00152,4,"Household Income and Wealth, Australia, 2017-18 financial year (ABS cat. 6523.0)",2019-07-12,2017-18,2017-07-01,2018-06-30,,INC_EQUIVALISED_DISPOSABLE_WEEKLY_PCTL,Weekly equivalised disposable household income at top of selected percentile (70th (P70)),threshold,856,AUD_per_week,2017-18 dollars (survey year; table states no CPI adjustment),households by age of reference person,Australia,65 years and over,,,,,,P70,2017-18/Age of reference person.xlsx,https://www.abs.gov.au/statistics/economy/finance/household-income-and-wealth-australia/2017-18/Age%20of%20reference%20person.xlsx,"Table 10.1 INCOME DISTRIBUTION, Age of reference person",Table 10.1!I35,OK,percentile boundary within this age group
HIW4-2017-18-T10.1-00153,4,"Household Income and Wealth, Australia, 2017-18 financial year (ABS cat. 6523.0)",2019-07-12,2017-18,2017-07-01,2018-06-30,,INC_EQUIVALISED_DISPOSABLE_WEEKLY_PCTL,Weekly equivalised disposable household income at top of selected percentile (70th (P70)),threshold,1194,AUD_per_week,2017-18 dollars (survey year; table states no CPI adjustment),all households,Australia,All households,,,,,,P70,2017-18/Age of reference person.xlsx,https://www.abs.gov.au/statistics/economy/finance/household-income-and-wealth-australia/2017-18/Age%20of%20reference%20person.xlsx,"Table 10.1 INCOME DISTRIBUTION, Age of reference person",Table 10.1!J35,OK,percentile boundary within this age group
HIW4-2017-18-T10.1-00154,4,"Household Income and Wealth, Australia, 2017-18 financial year (ABS cat. 6523.0)",2019-07-12,2017-18,2017-07-01,2018-06-30,,INC_EQUIVALISED_DISPOSABLE_WEEKLY_PCTL,Weekly equivalised disposable household income at top of selected percentile (80th (P80)),p80,1218,AUD_per_week,2017-18 dollars (survey year; table states no CPI adjustment),households by age of reference person,Australia,15-24,,,,,,P80,2017-18/Age of reference person.xlsx,https://www.abs.gov.au/statistics/economy/finance/household-income-and-wealth-australia/2017-18/Age%20of%20reference%20person.xlsx,"Table 10.1 INCOME DISTRIBUTION, Age of reference person",Table 10.1!B36,OK,percentile boundary within this age group
HIW4-2017-18-T10.1-00155,4,"Household Income and Wealth, Australia, 2017-18 financial year (ABS cat. 6523.0)",2019-07-12,2017-18,2017-07-01,2018-06-30,,INC_EQUIVALISED_DISPOSABLE_WEEKLY_PCTL,Weekly equivalised disposable household income at top of selected percentile (80th (P80)),p80,1480,AUD_per_week,2017-18 dollars (survey year; table states no CPI adjustment),households by age of reference person,Australia,25-34,,,,,,P80,2017-18/Age of reference person.xlsx,https://www.abs.gov.au/statistics/economy/finance/household-income-and-wealth-australia/2017-18/Age%20of%20reference%20person.xlsx,"Table 10.1 INCOME DISTRIBUTION, Age of reference person",Table 10.1!C36,OK,percentile boundary within this age group
HIW4-2017-18-T10.1-00156,4,"Household Income and Wealth, Australia, 2017-18 financial year (ABS cat. 6523.0)",2019-07-12,2017-18,2017-07-01,2018-06-30,,INC_EQUIVALISED_DISPOSABLE_WEEKLY_PCTL,Weekly equivalised disposable household income at top of selected percentile (80th (P80)),p80,1418,AUD_per_week,2017-18 dollars (survey year; table states no CPI adjustment),households by age of reference person,Australia,35-44,,,,,,P80,2017-18/Age of reference person.xlsx,https://www.abs.gov.au/statistics/economy/finance/household-income-and-wealth-australia/2017-18/Age%20of%20reference%20person.xlsx,"Table 10.1 INCOME DISTRIBUTION, Age of reference person",Table 10.1!D36,OK,percentile boundary within this age group
HIW4-2017-18-T10.1-00157,4,"Household Income and Wealth, Australia, 2017-18 financial year (ABS cat. 6523.0)",2019-07-12,2017-18,2017-07-01,2018-06-30,,INC_EQUIVALISED_DISPOSABLE_WEEKLY_PCTL,Weekly equivalised disposable household income at top of selected percentile (80th (P80)),p80,1459,AUD_per_week,2017-18 dollars (survey year; table states no CPI adjustment),households by age of reference person,Australia,45-54,,,,,,P80,2017-18/Age of reference person.xlsx,https://www.abs.gov.au/statistics/economy/finance/household-income-and-wealth-australia/2017-18/Age%20of%20reference%20person.xlsx,"Table 10.1 INCOME DISTRIBUTION, Age of reference person",Table 10.1!E36,OK,percentile boundary within this age group
HIW4-2017-18-T10.1-00158,4,"Household Income and Wealth, Australia, 2017-18 financial year (ABS cat. 6523.0)",2019-07-12,2017-18,2017-07-01,2018-06-30,,INC_EQUIVALISED_DISPOSABLE_WEEKLY_PCTL,Weekly equivalised disposable household income at top of selected percentile (80th (P80)),p80,1564,AUD_per_week,2017-18 dollars (survey year; table states no CPI adjustment),households by age of reference person,Australia,55-64,,,,,,P80,2017-18/Age of reference person.xlsx,https://www.abs.gov.au/statistics/economy/finance/household-income-and-wealth-australia/2017-18/Age%20of%20reference%20person.xlsx,"Table 10.1 INCOME DISTRIBUTION, Age of reference person",Table 10.1!F36,OK,percentile boundary within this age group
HIW4-2017-18-T10.1-00159,4,"Household Income and Wealth, Australia, 2017-18 financial year (ABS cat. 6523.0)",2019-07-12,2017-18,2017-07-01,2018-06-30,,INC_EQUIVALISED_DISPOSABLE_WEEKLY_PCTL,Weekly equivalised disposable household income at top of selected percentile (80th (P80)),p80,1179,AUD_per_week,2017-18 dollars (survey year; table states no CPI adjustment),households by age of reference person,Australia,65-74,,,,,,P80,2017-18/Age of reference person.xlsx,https://www.abs.gov.au/statistics/economy/finance/household-income-and-wealth-australia/2017-18/Age%20of%20reference%20person.xlsx,"Table 10.1 INCOME DISTRIBUTION, Age of reference person",Table 10.1!G36,OK,percentile boundary within this age group
HIW4-2017-18-T10.1-00160,4,"Household Income and Wealth, Australia, 2017-18 financial year (ABS cat. 6523.0)",2019-07-12,2017-18,2017-07-01,2018-06-30,,INC_EQUIVALISED_DISPOSABLE_WEEKLY_PCTL,Weekly equivalised disposable household income at top of selected percentile (80th (P80)),p80,862,AUD_per_week,2017-18 dollars (survey year; table states no CPI adjustment),households by age of reference person,Australia,75 and over,,,,,,P80,2017-18/Age of reference person.xlsx,https://www.abs.gov.au/statistics/economy/finance/household-income-and-wealth-australia/2017-18/Age%20of%20reference%20person.xlsx,"Table 10.1 INCOME DISTRIBUTION, Age of reference person",Table 10.1!H36,OK,percentile boundary within this age group
HIW4-2017-18-T10.1-00161,4,"Household Income and Wealth, Australia, 2017-18 financial year (ABS cat. 6523.0)",2019-07-12,2017-18,2017-07-01,2018-06-30,,INC_EQUIVALISED_DISPOSABLE_WEEKLY_PCTL,Weekly equivalised disposable household income at top of selected percentile (80th (P80)),p80,1054,AUD_per_week,2017-18 dollars (survey year; table states no CPI adjustment),households by age of reference person,Australia,65 years and over,,,,,,P80,2017-18/Age of reference person.xlsx,https://www.abs.gov.au/statistics/economy/finance/household-income-and-wealth-australia/2017-18/Age%20of%20reference%20person.xlsx,"Table 10.1 INCOME DISTRIBUTION, Age of reference person",Table 10.1!I36,OK,percentile boundary within this age group
HIW4-2017-18-T10.1-00162,4,"Household Income and Wealth, Australia, 2017-18 financial year (ABS cat. 6523.0)",2019-07-12,2017-18,2017-07-01,2018-06-30,,INC_EQUIVALISED_DISPOSABLE_WEEKLY_PCTL,Weekly equivalised disposable household income at top of selected percentile (80th (P80)),p80,1409,AUD_per_week,2017-18 dollars (survey year; table states no CPI adjustment),all households,Australia,All households,,,,,,P80,2017-18/Age of reference person.xlsx,https://www.abs.gov.au/statistics/economy/finance/household-income-and-wealth-australia/2017-18/Age%20of%20reference%20person.xlsx,"Table 10.1 INCOME DISTRIBUTION, Age of reference person",Table 10.1!J36,OK,percentile boundary within this age group
HIW4-2017-18-T10.1-00163,4,"Household Income and Wealth, Australia, 2017-18 financial year (ABS cat. 6523.0)",2019-07-12,2017-18,2017-07-01,2018-06-30,,INC_EQUIVALISED_DISPOSABLE_WEEKLY_PCTL,Weekly equivalised disposable household income at top of selected percentile (90th (P90)),p90,1396,AUD_per_week,2017-18 dollars (survey year; table states no CPI adjustment),households by age of reference person,Australia,15-24,,,,,,P90,2017-18/Age of reference person.xlsx,https://www.abs.gov.au/statistics/economy/finance/household-income-and-wealth-australia/2017-18/Age%20of%20reference%20person.xlsx,"Table 10.1 INCOME DISTRIBUTION, Age of reference person",Table 10.1!B37,OK,percentile boundary within this age group
HIW4-2017-18-T10.1-00164,4,"Household Income and Wealth, Australia, 2017-18 financial year (ABS cat. 6523.0)",2019-07-12,2017-18,2017-07-01,2018-06-30,,INC_EQUIVALISED_DISPOSABLE_WEEKLY_PCTL,Weekly equivalised disposable household income at top of selected percentile (90th (P90)),p90,1771,AUD_per_week,2017-18 dollars (survey year; table states no CPI adjustment),households by age of reference person,Australia,25-34,,,,,,P90,2017-18/Age of reference person.xlsx,https://www.abs.gov.au/statistics/economy/finance/household-income-and-wealth-australia/2017-18/Age%20of%20reference%20person.xlsx,"Table 10.1 INCOME DISTRIBUTION, Age of reference person",Table 10.1!C37,OK,percentile boundary within this age group
HIW4-2017-18-T10.1-00165,4,"Household Income and Wealth, Australia, 2017-18 financial year (ABS cat. 6523.0)",2019-07-12,2017-18,2017-07-01,2018-06-30,,INC_EQUIVALISED_DISPOSABLE_WEEKLY_PCTL,Weekly equivalised disposable household income at top of selected percentile (90th (P90)),p90,1769,AUD_per_week,2017-18 dollars (survey year; table states no CPI adjustment),households by age of reference person,Australia,35-44,,,,,,P90,2017-18/Age of reference person.xlsx,https://www.abs.gov.au/statistics/economy/finance/household-income-and-wealth-australia/2017-18/Age%20of%20reference%20person.xlsx,"Table 10.1 INCOME DISTRIBUTION, Age of reference person",Table 10.1!D37,OK,percentile boundary within this age group
HIW4-2017-18-T10.1-00166,4,"Household Income and Wealth, Australia, 2017-18 financial year (ABS cat. 6523.0)",2019-07-12,2017-18,2017-07-01,2018-06-30,,INC_EQUIVALISED_DISPOSABLE_WEEKLY_PCTL,Weekly equivalised disposable household income at top of selected percentile (90th (P90)),p90,1816,AUD_per_week,2017-18 dollars (survey year; table states no CPI adjustment),households by age of reference person,Australia,45-54,,,,,,P90,2017-18/Age of reference person.xlsx,https://www.abs.gov.au/statistics/economy/finance/household-income-and-wealth-australia/2017-18/Age%20of%20reference%20person.xlsx,"Table 10.1 INCOME DISTRIBUTION, Age of reference person",Table 10.1!E37,OK,percentile boundary within this age group
HIW4-2017-18-T10.1-00167,4,"Household Income and Wealth, Australia, 2017-18 financial year (ABS cat. 6523.0)",2019-07-12,2017-18,2017-07-01,2018-06-30,,INC_EQUIVALISED_DISPOSABLE_WEEKLY_PCTL,Weekly equivalised disposable household income at top of selected percentile (90th (P90)),p90,2005,AUD_per_week,2017-18 dollars (survey year; table states no CPI adjustment),households by age of reference person,Australia,55-64,,,,,,P90,2017-18/Age of reference person.xlsx,https://www.abs.gov.au/statistics/economy/finance/household-income-and-wealth-australia/2017-18/Age%20of%20reference%20person.xlsx,"Table 10.1 INCOME DISTRIBUTION, Age of reference person",Table 10.1!F37,OK,percentile boundary within this age group
HIW4-2017-18-T10.1-00168,4,"Household Income and Wealth, Australia, 2017-18 financial year (ABS cat. 6523.0)",2019-07-12,2017-18,2017-07-01,2018-06-30,,INC_EQUIVALISED_DISPOSABLE_WEEKLY_PCTL,Weekly equivalised disposable household income at top of selected percentile (90th (P90)),p90,1621,AUD_per_week,2017-18 dollars (survey year; table states no CPI adjustment),households by age of reference person,Australia,65-74,,,,,,P90,2017-18/Age of reference person.xlsx,https://www.abs.gov.au/statistics/economy/finance/household-income-and-wealth-australia/2017-18/Age%20of%20reference%20person.xlsx,"Table 10.1 INCOME DISTRIBUTION, Age of reference person",Table 10.1!G37,OK,percentile boundary within this age group
HIW4-2017-18-T10.1-00169,4,"Household Income and Wealth, Australia, 2017-18 financial year (ABS cat. 6523.0)",2019-07-12,2017-18,2017-07-01,2018-06-30,,INC_EQUIVALISED_DISPOSABLE_WEEKLY_PCTL,Weekly equivalised disposable household income at top of selected percentile (90th (P90)),p90,1184,AUD_per_week,2017-18 dollars (survey year; table states no CPI adjustment),households by age of reference person,Australia,75 and over,,,,,,P90,2017-18/Age of reference person.xlsx,https://www.abs.gov.au/statistics/economy/finance/household-income-and-wealth-australia/2017-18/Age%20of%20reference%20person.xlsx,"Table 10.1 INCOME DISTRIBUTION, Age of reference person",Table 10.1!H37,OK,percentile boundary within this age group
HIW4-2017-18-T10.1-00170,4,"Household Income and Wealth, Australia, 2017-18 financial year (ABS cat. 6523.0)",2019-07-12,2017-18,2017-07-01,2018-06-30,,INC_EQUIVALISED_DISPOSABLE_WEEKLY_PCTL,Weekly equivalised disposable household income at top of selected percentile (90th (P90)),p90,1452,AUD_per_week,2017-18 dollars (survey year; table states no CPI adjustment),households by age of reference person,Australia,65 years and over,,,,,,P90,2017-18/Age of reference person.xlsx,https://www.abs.gov.au/statistics/economy/finance/household-income-and-wealth-australia/2017-18/Age%20of%20reference%20person.xlsx,"Table 10.1 INCOME DISTRIBUTION, Age of reference person",Table 10.1!I37,OK,percentile boundary within this age group
HIW4-2017-18-T10.1-00171,4,"Household Income and Wealth, Australia, 2017-18 financial year (ABS cat. 6523.0)",2019-07-12,2017-18,2017-07-01,2018-06-30,,INC_EQUIVALISED_DISPOSABLE_WEEKLY_PCTL,Weekly equivalised disposable household income at top of selected percentile (90th (P90)),p90,1777,AUD_per_week,2017-18 dollars (survey year; table states no CPI adjustment),all households,Australia,All households,,,,,,P90,2017-18/Age of reference person.xlsx,https://www.abs.gov.au/statistics/economy/finance/household-income-and-wealth-australia/2017-18/Age%20of%20reference%20person.xlsx,"Table 10.1 INCOME DISTRIBUTION, Age of reference person",Table 10.1!J37,OK,percentile boundary within this age group
HIW4-2017-18-T10.2-00001,4,"Household Income and Wealth, Australia, 2017-18 financial year (ABS cat. 6523.0)",2019-07-12,2017-18,2017-07-01,2018-06-30,,NETWORTH_MEAN,"Household net worth, mean",mean,240.1,AUD_thousand,2017-18 dollars (survey year; table states no CPI adjustment),households by age of reference person,Australia,15-24,,,,,,,2017-18/Age of reference person.xlsx,https://www.abs.gov.au/statistics/economy/finance/household-income-and-wealth-australia/2017-18/Age%20of%20reference%20person.xlsx,"Table 10.2 HOUSEHOLD ASSETS AND LIABILITIES, Age of reference person",Table 10.2!B9,OK,"published in $'000; not converted (multiply by 1000 for AUD); ABS flag * (RSE 25%-50%, use with caution)"
HIW4-2017-18-T10.2-00002,4,"Household Income and Wealth, Australia, 2017-18 financial year (ABS cat. 6523.0)",2019-07-12,2017-18,2017-07-01,2018-06-30,,NETWORTH_MEAN,"Household net worth, mean",mean,345.9,AUD_thousand,2017-18 dollars (survey year; table states no CPI adjustment),households by age of reference person,Australia,25-34,,,,,,,2017-18/Age of reference person.xlsx,https://www.abs.gov.au/statistics/economy/finance/household-income-and-wealth-australia/2017-18/Age%20of%20reference%20person.xlsx,"Table 10.2 HOUSEHOLD ASSETS AND LIABILITIES, Age of reference person",Table 10.2!C9,OK,published in $'000; not converted (multiply by 1000 for AUD)
HIW4-2017-18-T10.2-00003,4,"Household Income and Wealth, Australia, 2017-18 financial year (ABS cat. 6523.0)",2019-07-12,2017-18,2017-07-01,2018-06-30,,NETWORTH_MEAN,"Household net worth, mean",mean,663.8,AUD_thousand,2017-18 dollars (survey year; table states no CPI adjustment),households by age of reference person,Australia,35-44,,,,,,,2017-18/Age of reference person.xlsx,https://www.abs.gov.au/statistics/economy/finance/household-income-and-wealth-australia/2017-18/Age%20of%20reference%20person.xlsx,"Table 10.2 HOUSEHOLD ASSETS AND LIABILITIES, Age of reference person",Table 10.2!D9,OK,published in $'000; not converted (multiply by 1000 for AUD)
HIW4-2017-18-T10.2-00004,4,"Household Income and Wealth, Australia, 2017-18 financial year (ABS cat. 6523.0)",2019-07-12,2017-18,2017-07-01,2018-06-30,,NETWORTH_MEAN,"Household net worth, mean",mean,1233.1,AUD_thousand,2017-18 dollars (survey year; table states no CPI adjustment),households by age of reference person,Australia,45-54,,,,,,,2017-18/Age of reference person.xlsx,https://www.abs.gov.au/statistics/economy/finance/household-income-and-wealth-australia/2017-18/Age%20of%20reference%20person.xlsx,"Table 10.2 HOUSEHOLD ASSETS AND LIABILITIES, Age of reference person",Table 10.2!E9,OK,published in $'000; not converted (multiply by 1000 for AUD)
HIW4-2017-18-T10.2-00005,4,"Household Income and Wealth, Australia, 2017-18 financial year (ABS cat. 6523.0)",2019-07-12,2017-18,2017-07-01,2018-06-30,,NETWORTH_MEAN,"Household net worth, mean",mean,1461.1,AUD_thousand,2017-18 dollars (survey year; table states no CPI adjustment),households by age of reference person,Australia,55-64,,,,,,,2017-18/Age of reference person.xlsx,https://www.abs.gov.au/statistics/economy/finance/household-income-and-wealth-australia/2017-18/Age%20of%20reference%20person.xlsx,"Table 10.2 HOUSEHOLD ASSETS AND LIABILITIES, Age of reference person",Table 10.2!F9,OK,published in $'000; not converted (multiply by 1000 for AUD)
HIW4-2017-18-T10.2-00006,4,"Household Income and Wealth, Australia, 2017-18 financial year (ABS cat. 6523.0)",2019-07-12,2017-18,2017-07-01,2018-06-30,,NETWORTH_MEAN,"Household net worth, mean",mean,1521.3,AUD_thousand,2017-18 dollars (survey year; table states no CPI adjustment),households by age of reference person,Australia,65-74,,,,,,,2017-18/Age of reference person.xlsx,https://www.abs.gov.au/statistics/economy/finance/household-income-and-wealth-australia/2017-18/Age%20of%20reference%20person.xlsx,"Table 10.2 HOUSEHOLD ASSETS AND LIABILITIES, Age of reference person",Table 10.2!G9,OK,published in $'000; not converted (multiply by 1000 for AUD)
HIW4-2017-18-T10.2-00007,4,"Household Income and Wealth, Australia, 2017-18 financial year (ABS cat. 6523.0)",2019-07-12,2017-18,2017-07-01,2018-06-30,,NETWORTH_MEAN,"Household net worth, mean",mean,1135.9,AUD_thousand,2017-18 dollars (survey year; table states no CPI adjustment),households by age of reference person,Australia,75 and over,,,,,,,2017-18/Age of reference person.xlsx,https://www.abs.gov.au/statistics/economy/finance/household-income-and-wealth-australia/2017-18/Age%20of%20reference%20person.xlsx,"Table 10.2 HOUSEHOLD ASSETS AND LIABILITIES, Age of reference person",Table 10.2!H9,OK,published in $'000; not converted (multiply by 1000 for AUD)
HIW4-2017-18-T10.2-00008,4,"Household Income and Wealth, Australia, 2017-18 financial year (ABS cat. 6523.0)",2019-07-12,2017-18,2017-07-01,2018-06-30,,NETWORTH_MEAN,"Household net worth, mean",mean,1371.2,AUD_thousand,2017-18 dollars (survey year; table states no CPI adjustment),households by age of reference person,Australia,65 years and over,,,,,,,2017-18/Age of reference person.xlsx,https://www.abs.gov.au/statistics/economy/finance/household-income-and-wealth-australia/2017-18/Age%20of%20reference%20person.xlsx,"Table 10.2 HOUSEHOLD ASSETS AND LIABILITIES, Age of reference person",Table 10.2!I9,OK,published in $'000; not converted (multiply by 1000 for AUD)
HIW4-2017-18-T10.2-00009,4,"Household Income and Wealth, Australia, 2017-18 financial year (ABS cat. 6523.0)",2019-07-12,2017-18,2017-07-01,2018-06-30,,NETWORTH_MEAN,"Household net worth, mean",mean,1022.2,AUD_thousand,2017-18 dollars (survey year; table states no CPI adjustment),all households,Australia,All households,,,,,,all ages,2017-18/Age of reference person.xlsx,https://www.abs.gov.au/statistics/economy/finance/household-income-and-wealth-australia/2017-18/Age%20of%20reference%20person.xlsx,"Table 10.2 HOUSEHOLD ASSETS AND LIABILITIES, Age of reference person",Table 10.2!J9,OK,published in $'000; not converted (multiply by 1000 for AUD)
HIW4-2017-18-T10.2-00010,4,"Household Income and Wealth, Australia, 2017-18 financial year (ABS cat. 6523.0)",2019-07-12,2017-18,2017-07-01,2018-06-30,,NETWORTH_MEDIAN,"Household net worth, median",median,33.5,AUD_thousand,2017-18 dollars (survey year; table states no CPI adjustment),households by age of reference person,Australia,15-24,,,,,,,2017-18/Age of reference person.xlsx,https://www.abs.gov.au/statistics/economy/finance/household-income-and-wealth-australia/2017-18/Age%20of%20reference%20person.xlsx,"Table 10.2 HOUSEHOLD ASSETS AND LIABILITIES, Age of reference person",Table 10.2!B10,OK,published in $'000; not converted (multiply by 1000 for AUD)
HIW4-2017-18-T10.2-00011,4,"Household Income and Wealth, Australia, 2017-18 financial year (ABS cat. 6523.0)",2019-07-12,2017-18,2017-07-01,2018-06-30,,NETWORTH_MEDIAN,"Household net worth, median",median,150.6,AUD_thousand,2017-18 dollars (survey year; table states no CPI adjustment),households by age of reference person,Australia,25-34,,,,,,,2017-18/Age of reference person.xlsx,https://www.abs.gov.au/statistics/economy/finance/household-income-and-wealth-australia/2017-18/Age%20of%20reference%20person.xlsx,"Table 10.2 HOUSEHOLD ASSETS AND LIABILITIES, Age of reference person",Table 10.2!C10,OK,published in $'000; not converted (multiply by 1000 for AUD)
HIW4-2017-18-T10.2-00012,4,"Household Income and Wealth, Australia, 2017-18 financial year (ABS cat. 6523.0)",2019-07-12,2017-18,2017-07-01,2018-06-30,,NETWORTH_MEDIAN,"Household net worth, median",median,424.3,AUD_thousand,2017-18 dollars (survey year; table states no CPI adjustment),households by age of reference person,Australia,35-44,,,,,,,2017-18/Age of reference person.xlsx,https://www.abs.gov.au/statistics/economy/finance/household-income-and-wealth-australia/2017-18/Age%20of%20reference%20person.xlsx,"Table 10.2 HOUSEHOLD ASSETS AND LIABILITIES, Age of reference person",Table 10.2!D10,OK,published in $'000; not converted (multiply by 1000 for AUD)
HIW4-2017-18-T10.2-00013,4,"Household Income and Wealth, Australia, 2017-18 financial year (ABS cat. 6523.0)",2019-07-12,2017-18,2017-07-01,2018-06-30,,NETWORTH_MEDIAN,"Household net worth, median",median,739.3,AUD_thousand,2017-18 dollars (survey year; table states no CPI adjustment),households by age of reference person,Australia,45-54,,,,,,,2017-18/Age of reference person.xlsx,https://www.abs.gov.au/statistics/economy/finance/household-income-and-wealth-australia/2017-18/Age%20of%20reference%20person.xlsx,"Table 10.2 HOUSEHOLD ASSETS AND LIABILITIES, Age of reference person",Table 10.2!E10,OK,published in $'000; not converted (multiply by 1000 for AUD)
HIW4-2017-18-T10.2-00014,4,"Household Income and Wealth, Australia, 2017-18 financial year (ABS cat. 6523.0)",2019-07-12,2017-18,2017-07-01,2018-06-30,,NETWORTH_MEDIAN,"Household net worth, median",median,936.1,AUD_thousand,2017-18 dollars (survey year; table states no CPI adjustment),households by age of reference person,Australia,55-64,,,,,,,2017-18/Age of reference person.xlsx,https://www.abs.gov.au/statistics/economy/finance/household-income-and-wealth-australia/2017-18/Age%20of%20reference%20person.xlsx,"Table 10.2 HOUSEHOLD ASSETS AND LIABILITIES, Age of reference person",Table 10.2!F10,OK,published in $'000; not converted (multiply by 1000 for AUD)
HIW4-2017-18-T10.2-00015,4,"Household Income and Wealth, Australia, 2017-18 financial year (ABS cat. 6523.0)",2019-07-12,2017-18,2017-07-01,2018-06-30,,NETWORTH_MEDIAN,"Household net worth, median",median,895,AUD_thousand,2017-18 dollars (survey year; table states no CPI adjustment),households by age of reference person,Australia,65-74,,,,,,,2017-18/Age of reference person.xlsx,https://www.abs.gov.au/statistics/economy/finance/household-income-and-wealth-australia/2017-18/Age%20of%20reference%20person.xlsx,"Table 10.2 HOUSEHOLD ASSETS AND LIABILITIES, Age of reference person",Table 10.2!G10,OK,published in $'000; not converted (multiply by 1000 for AUD)
HIW4-2017-18-T10.2-00016,4,"Household Income and Wealth, Australia, 2017-18 financial year (ABS cat. 6523.0)",2019-07-12,2017-18,2017-07-01,2018-06-30,,NETWORTH_MEDIAN,"Household net worth, median",median,722,AUD_thousand,2017-18 dollars (survey year; table states no CPI adjustment),households by age of reference person,Australia,75 and over,,,,,,,2017-18/Age of reference person.xlsx,https://www.abs.gov.au/statistics/economy/finance/household-income-and-wealth-australia/2017-18/Age%20of%20reference%20person.xlsx,"Table 10.2 HOUSEHOLD ASSETS AND LIABILITIES, Age of reference person",Table 10.2!H10,OK,published in $'000; not converted (multiply by 1000 for AUD)
HIW4-2017-18-T10.2-00017,4,"Household Income and Wealth, Australia, 2017-18 financial year (ABS cat. 6523.0)",2019-07-12,2017-18,2017-07-01,2018-06-30,,NETWORTH_MEDIAN,"Household net worth, median",median,803.5,AUD_thousand,2017-18 dollars (survey year; table states no CPI adjustment),households by age of reference person,Australia,65 years and over,,,,,,,2017-18/Age of reference person.xlsx,https://www.abs.gov.au/statistics/economy/finance/household-income-and-wealth-australia/2017-18/Age%20of%20reference%20person.xlsx,"Table 10.2 HOUSEHOLD ASSETS AND LIABILITIES, Age of reference person",Table 10.2!I10,OK,published in $'000; not converted (multiply by 1000 for AUD)
HIW4-2017-18-T10.2-00018,4,"Household Income and Wealth, Australia, 2017-18 financial year (ABS cat. 6523.0)",2019-07-12,2017-18,2017-07-01,2018-06-30,,NETWORTH_MEDIAN,"Household net worth, median",median,558.9,AUD_thousand,2017-18 dollars (survey year; table states no CPI adjustment),all households,Australia,All households,,,,,,all ages,2017-18/Age of reference person.xlsx,https://www.abs.gov.au/statistics/economy/finance/household-income-and-wealth-australia/2017-18/Age%20of%20reference%20person.xlsx,"Table 10.2 HOUSEHOLD ASSETS AND LIABILITIES, Age of reference person",Table 10.2!J10,OK,published in $'000; not converted (multiply by 1000 for AUD)
HIW4-2015-16-T12.1-00001,4,"Household Income and Wealth, Australia, 2015-16 (ABS cat. 6523.0)",2018-07-26,2015-16,2015-07-01,2016-06-30,,INC_PRIVATE_WEEKLY,"Weekly household private income, mean",mean,1514,AUD_per_week,2015-16 dollars (survey year; table states no CPI adjustment),households by age of reference person,Australia,15-24,,,,,,,2015-16/65230do012_201516.002.xls,https://www.ausstats.abs.gov.au/ausstats/subscriber.nsf/0/65DB44D4461F26D7CA2582D5001335D9/$File/65230do012_201516.002.xls,"Table 12.1 INCOME DISTRIBUTION, Age of reference person",Table 12.1!B10,OK,
HIW4-2015-16-T12.1-00002,4,"Household Income and Wealth, Australia, 2015-16 (ABS cat. 6523.0)",2018-07-26,2015-16,2015-07-01,2016-06-30,,INC_PRIVATE_WEEKLY,"Weekly household private income, mean",mean,2026,AUD_per_week,2015-16 dollars (survey year; table states no CPI adjustment),households by age of reference person,Australia,25-34,,,,,,,2015-16/65230do012_201516.002.xls,https://www.ausstats.abs.gov.au/ausstats/subscriber.nsf/0/65DB44D4461F26D7CA2582D5001335D9/$File/65230do012_201516.002.xls,"Table 12.1 INCOME DISTRIBUTION, Age of reference person",Table 12.1!C10,OK,
HIW4-2015-16-T12.1-00003,4,"Household Income and Wealth, Australia, 2015-16 (ABS cat. 6523.0)",2018-07-26,2015-16,2015-07-01,2016-06-30,,INC_PRIVATE_WEEKLY,"Weekly household private income, mean",mean,2511,AUD_per_week,2015-16 dollars (survey year; table states no CPI adjustment),households by age of reference person,Australia,35-44,,,,,,,2015-16/65230do012_201516.002.xls,https://www.ausstats.abs.gov.au/ausstats/subscriber.nsf/0/65DB44D4461F26D7CA2582D5001335D9/$File/65230do012_201516.002.xls,"Table 12.1 INCOME DISTRIBUTION, Age of reference person",Table 12.1!D10,OK,
HIW4-2015-16-T12.1-00004,4,"Household Income and Wealth, Australia, 2015-16 (ABS cat. 6523.0)",2018-07-26,2015-16,2015-07-01,2016-06-30,,INC_PRIVATE_WEEKLY,"Weekly household private income, mean",mean,2555,AUD_per_week,2015-16 dollars (survey year; table states no CPI adjustment),households by age of reference person,Australia,45-54,,,,,,,2015-16/65230do012_201516.002.xls,https://www.ausstats.abs.gov.au/ausstats/subscriber.nsf/0/65DB44D4461F26D7CA2582D5001335D9/$File/65230do012_201516.002.xls,"Table 12.1 INCOME DISTRIBUTION, Age of reference person",Table 12.1!E10,OK,
HIW4-2015-16-T12.1-00005,4,"Household Income and Wealth, Australia, 2015-16 (ABS cat. 6523.0)",2018-07-26,2015-16,2015-07-01,2016-06-30,,INC_PRIVATE_WEEKLY,"Weekly household private income, mean",mean,2051,AUD_per_week,2015-16 dollars (survey year; table states no CPI adjustment),households by age of reference person,Australia,55-64,,,,,,,2015-16/65230do012_201516.002.xls,https://www.ausstats.abs.gov.au/ausstats/subscriber.nsf/0/65DB44D4461F26D7CA2582D5001335D9/$File/65230do012_201516.002.xls,"Table 12.1 INCOME DISTRIBUTION, Age of reference person",Table 12.1!F10,OK,
HIW4-2015-16-T12.1-00006,4,"Household Income and Wealth, Australia, 2015-16 (ABS cat. 6523.0)",2018-07-26,2015-16,2015-07-01,2016-06-30,,INC_PRIVATE_WEEKLY,"Weekly household private income, mean",mean,921,AUD_per_week,2015-16 dollars (survey year; table states no CPI adjustment),households by age of reference person,Australia,65-74,,,,,,,2015-16/65230do012_201516.002.xls,https://www.ausstats.abs.gov.au/ausstats/subscriber.nsf/0/65DB44D4461F26D7CA2582D5001335D9/$File/65230do012_201516.002.xls,"Table 12.1 INCOME DISTRIBUTION, Age of reference person",Table 12.1!G10,OK,
HIW4-2015-16-T12.1-00007,4,"Household Income and Wealth, Australia, 2015-16 (ABS cat. 6523.0)",2018-07-26,2015-16,2015-07-01,2016-06-30,,INC_PRIVATE_WEEKLY,"Weekly household private income, mean",mean,424,AUD_per_week,2015-16 dollars (survey year; table states no CPI adjustment),households by age of reference person,Australia,75 and over,,,,,,,2015-16/65230do012_201516.002.xls,https://www.ausstats.abs.gov.au/ausstats/subscriber.nsf/0/65DB44D4461F26D7CA2582D5001335D9/$File/65230do012_201516.002.xls,"Table 12.1 INCOME DISTRIBUTION, Age of reference person",Table 12.1!H10,OK,
HIW4-2015-16-T12.1-00008,4,"Household Income and Wealth, Australia, 2015-16 (ABS cat. 6523.0)",2018-07-26,2015-16,2015-07-01,2016-06-30,,INC_PRIVATE_WEEKLY,"Weekly household private income, mean",mean,707,AUD_per_week,2015-16 dollars (survey year; table states no CPI adjustment),households by age of reference person,Australia,65 years and over,,,,,,,2015-16/65230do012_201516.002.xls,https://www.ausstats.abs.gov.au/ausstats/subscriber.nsf/0/65DB44D4461F26D7CA2582D5001335D9/$File/65230do012_201516.002.xls,"Table 12.1 INCOME DISTRIBUTION, Age of reference person",Table 12.1!I10,OK,
HIW4-2015-16-T12.1-00009,4,"Household Income and Wealth, Australia, 2015-16 (ABS cat. 6523.0)",2018-07-26,2015-16,2015-07-01,2016-06-30,,INC_PRIVATE_WEEKLY,"Weekly household private income, mean",mean,1891,AUD_per_week,2015-16 dollars (survey year; table states no CPI adjustment),all households,Australia,All households,,,,,,,2015-16/65230do012_201516.002.xls,https://www.ausstats.abs.gov.au/ausstats/subscriber.nsf/0/65DB44D4461F26D7CA2582D5001335D9/$File/65230do012_201516.002.xls,"Table 12.1 INCOME DISTRIBUTION, Age of reference person",Table 12.1!J10,OK,
HIW4-2015-16-T12.1-00010,4,"Household Income and Wealth, Australia, 2015-16 (ABS cat. 6523.0)",2018-07-26,2015-16,2015-07-01,2016-06-30,,INC_GOVT_PENSIONS_ALLOWANCES_WEEKLY,"Weekly household government pensions and allowances, mean",mean,173,AUD_per_week,2015-16 dollars (survey year; table states no CPI adjustment),households by age of reference person,Australia,15-24,,,,,,,2015-16/65230do012_201516.002.xls,https://www.ausstats.abs.gov.au/ausstats/subscriber.nsf/0/65DB44D4461F26D7CA2582D5001335D9/$File/65230do012_201516.002.xls,"Table 12.1 INCOME DISTRIBUTION, Age of reference person",Table 12.1!B11,OK,includes overseas pensions
HIW4-2015-16-T12.1-00011,4,"Household Income and Wealth, Australia, 2015-16 (ABS cat. 6523.0)",2018-07-26,2015-16,2015-07-01,2016-06-30,,INC_GOVT_PENSIONS_ALLOWANCES_WEEKLY,"Weekly household government pensions and allowances, mean",mean,140,AUD_per_week,2015-16 dollars (survey year; table states no CPI adjustment),households by age of reference person,Australia,25-34,,,,,,,2015-16/65230do012_201516.002.xls,https://www.ausstats.abs.gov.au/ausstats/subscriber.nsf/0/65DB44D4461F26D7CA2582D5001335D9/$File/65230do012_201516.002.xls,"Table 12.1 INCOME DISTRIBUTION, Age of reference person",Table 12.1!C11,OK,includes overseas pensions
HIW4-2015-16-T12.1-00012,4,"Household Income and Wealth, Australia, 2015-16 (ABS cat. 6523.0)",2018-07-26,2015-16,2015-07-01,2016-06-30,,INC_GOVT_PENSIONS_ALLOWANCES_WEEKLY,"Weekly household government pensions and allowances, mean",mean,151,AUD_per_week,2015-16 dollars (survey year; table states no CPI adjustment),households by age of reference person,Australia,35-44,,,,,,,2015-16/65230do012_201516.002.xls,https://www.ausstats.abs.gov.au/ausstats/subscriber.nsf/0/65DB44D4461F26D7CA2582D5001335D9/$File/65230do012_201516.002.xls,"Table 12.1 INCOME DISTRIBUTION, Age of reference person",Table 12.1!D11,OK,includes overseas pensions
HIW4-2015-16-T12.1-00013,4,"Household Income and Wealth, Australia, 2015-16 (ABS cat. 6523.0)",2018-07-26,2015-16,2015-07-01,2016-06-30,,INC_GOVT_PENSIONS_ALLOWANCES_WEEKLY,"Weekly household government pensions and allowances, mean",mean,142,AUD_per_week,2015-16 dollars (survey year; table states no CPI adjustment),households by age of reference person,Australia,45-54,,,,,,,2015-16/65230do012_201516.002.xls,https://www.ausstats.abs.gov.au/ausstats/subscriber.nsf/0/65DB44D4461F26D7CA2582D5001335D9/$File/65230do012_201516.002.xls,"Table 12.1 INCOME DISTRIBUTION, Age of reference person",Table 12.1!E11,OK,includes overseas pensions
HIW4-2015-16-T12.1-00014,4,"Household Income and Wealth, Australia, 2015-16 (ABS cat. 6523.0)",2018-07-26,2015-16,2015-07-01,2016-06-30,,INC_GOVT_PENSIONS_ALLOWANCES_WEEKLY,"Weekly household government pensions and allowances, mean",mean,154,AUD_per_week,2015-16 dollars (survey year; table states no CPI adjustment),households by age of reference person,Australia,55-64,,,,,,,2015-16/65230do012_201516.002.xls,https://www.ausstats.abs.gov.au/ausstats/subscriber.nsf/0/65DB44D4461F26D7CA2582D5001335D9/$File/65230do012_201516.002.xls,"Table 12.1 INCOME DISTRIBUTION, Age of reference person",Table 12.1!F11,OK,includes overseas pensions
HIW4-2015-16-T12.1-00015,4,"Household Income and Wealth, Australia, 2015-16 (ABS cat. 6523.0)",2018-07-26,2015-16,2015-07-01,2016-06-30,,INC_GOVT_PENSIONS_ALLOWANCES_WEEKLY,"Weekly household government pensions and allowances, mean",mean,406,AUD_per_week,2015-16 dollars (survey year; table states no CPI adjustment),households by age of reference person,Australia,65-74,,,,,,,2015-16/65230do012_201516.002.xls,https://www.ausstats.abs.gov.au/ausstats/subscriber.nsf/0/65DB44D4461F26D7CA2582D5001335D9/$File/65230do012_201516.002.xls,"Table 12.1 INCOME DISTRIBUTION, Age of reference person",Table 12.1!G11,OK,includes overseas pensions
HIW4-2015-16-T12.1-00016,4,"Household Income and Wealth, Australia, 2015-16 (ABS cat. 6523.0)",2018-07-26,2015-16,2015-07-01,2016-06-30,,INC_GOVT_PENSIONS_ALLOWANCES_WEEKLY,"Weekly household government pensions and allowances, mean",mean,480,AUD_per_week,2015-16 dollars (survey year; table states no CPI adjustment),households by age of reference person,Australia,75 and over,,,,,,,2015-16/65230do012_201516.002.xls,https://www.ausstats.abs.gov.au/ausstats/subscriber.nsf/0/65DB44D4461F26D7CA2582D5001335D9/$File/65230do012_201516.002.xls,"Table 12.1 INCOME DISTRIBUTION, Age of reference person",Table 12.1!H11,OK,includes overseas pensions
HIW4-2015-16-T12.1-00017,4,"Household Income and Wealth, Australia, 2015-16 (ABS cat. 6523.0)",2018-07-26,2015-16,2015-07-01,2016-06-30,,INC_GOVT_PENSIONS_ALLOWANCES_WEEKLY,"Weekly household government pensions and allowances, mean",mean,438,AUD_per_week,2015-16 dollars (survey year; table states no CPI adjustment),households by age of reference person,Australia,65 years and over,,,,,,,2015-16/65230do012_201516.002.xls,https://www.ausstats.abs.gov.au/ausstats/subscriber.nsf/0/65DB44D4461F26D7CA2582D5001335D9/$File/65230do012_201516.002.xls,"Table 12.1 INCOME DISTRIBUTION, Age of reference person",Table 12.1!I11,OK,includes overseas pensions
HIW4-2015-16-T12.1-00018,4,"Household Income and Wealth, Australia, 2015-16 (ABS cat. 6523.0)",2018-07-26,2015-16,2015-07-01,2016-06-30,,INC_GOVT_PENSIONS_ALLOWANCES_WEEKLY,"Weekly household government pensions and allowances, mean",mean,218,AUD_per_week,2015-16 dollars (survey year; table states no CPI adjustment),all households,Australia,All households,,,,,,,2015-16/65230do012_201516.002.xls,https://www.ausstats.abs.gov.au/ausstats/subscriber.nsf/0/65DB44D4461F26D7CA2582D5001335D9/$File/65230do012_201516.002.xls,"Table 12.1 INCOME DISTRIBUTION, Age of reference person",Table 12.1!J11,OK,includes overseas pensions
HIW4-2015-16-T12.1-00019,4,"Household Income and Wealth, Australia, 2015-16 (ABS cat. 6523.0)",2018-07-26,2015-16,2015-07-01,2016-06-30,,INC_GROSS_WEEKLY,"Weekly household gross income, mean",mean,1687,AUD_per_week,2015-16 dollars (survey year; table states no CPI adjustment),households by age of reference person,Australia,15-24,,,,,,,2015-16/65230do012_201516.002.xls,https://www.ausstats.abs.gov.au/ausstats/subscriber.nsf/0/65DB44D4461F26D7CA2582D5001335D9/$File/65230do012_201516.002.xls,"Table 12.1 INCOME DISTRIBUTION, Age of reference person",Table 12.1!B12,OK,
HIW4-2015-16-T12.1-00020,4,"Household Income and Wealth, Australia, 2015-16 (ABS cat. 6523.0)",2018-07-26,2015-16,2015-07-01,2016-06-30,,INC_GROSS_WEEKLY,"Weekly household gross income, mean",mean,2166,AUD_per_week,2015-16 dollars (survey year; table states no CPI adjustment),households by age of reference person,Australia,25-34,,,,,,,2015-16/65230do012_201516.002.xls,https://www.ausstats.abs.gov.au/ausstats/subscriber.nsf/0/65DB44D4461F26D7CA2582D5001335D9/$File/65230do012_201516.002.xls,"Table 12.1 INCOME DISTRIBUTION, Age of reference person",Table 12.1!C12,OK,
HIW4-2015-16-T12.1-00021,4,"Household Income and Wealth, Australia, 2015-16 (ABS cat. 6523.0)",2018-07-26,2015-16,2015-07-01,2016-06-30,,INC_GROSS_WEEKLY,"Weekly household gross income, mean",mean,2662,AUD_per_week,2015-16 dollars (survey year; table states no CPI adjustment),households by age of reference person,Australia,35-44,,,,,,,2015-16/65230do012_201516.002.xls,https://www.ausstats.abs.gov.au/ausstats/subscriber.nsf/0/65DB44D4461F26D7CA2582D5001335D9/$File/65230do012_201516.002.xls,"Table 12.1 INCOME DISTRIBUTION, Age of reference person",Table 12.1!D12,OK,
HIW4-2015-16-T12.1-00022,4,"Household Income and Wealth, Australia, 2015-16 (ABS cat. 6523.0)",2018-07-26,2015-16,2015-07-01,2016-06-30,,INC_GROSS_WEEKLY,"Weekly household gross income, mean",mean,2697,AUD_per_week,2015-16 dollars (survey year; table states no CPI adjustment),households by age of reference person,Australia,45-54,,,,,,,2015-16/65230do012_201516.002.xls,https://www.ausstats.abs.gov.au/ausstats/subscriber.nsf/0/65DB44D4461F26D7CA2582D5001335D9/$File/65230do012_201516.002.xls,"Table 12.1 INCOME DISTRIBUTION, Age of reference person",Table 12.1!E12,OK,
HIW4-2015-16-T12.1-00023,4,"Household Income and Wealth, Australia, 2015-16 (ABS cat. 6523.0)",2018-07-26,2015-16,2015-07-01,2016-06-30,,INC_GROSS_WEEKLY,"Weekly household gross income, mean",mean,2205,AUD_per_week,2015-16 dollars (survey year; table states no CPI adjustment),households by age of reference person,Australia,55-64,,,,,,,2015-16/65230do012_201516.002.xls,https://www.ausstats.abs.gov.au/ausstats/subscriber.nsf/0/65DB44D4461F26D7CA2582D5001335D9/$File/65230do012_201516.002.xls,"Table 12.1 INCOME DISTRIBUTION, Age of reference person",Table 12.1!F12,OK,
HIW4-2015-16-T12.1-00024,4,"Household Income and Wealth, Australia, 2015-16 (ABS cat. 6523.0)",2018-07-26,2015-16,2015-07-01,2016-06-30,,INC_GROSS_WEEKLY,"Weekly household gross income, mean",mean,1329,AUD_per_week,2015-16 dollars (survey year; table states no CPI adjustment),households by age of reference person,Australia,65-74,,,,,,,2015-16/65230do012_201516.002.xls,https://www.ausstats.abs.gov.au/ausstats/subscriber.nsf/0/65DB44D4461F26D7CA2582D5001335D9/$File/65230do012_201516.002.xls,"Table 12.1 INCOME DISTRIBUTION, Age of reference person",Table 12.1!G12,OK,
HIW4-2015-16-T12.1-00025,4,"Household Income and Wealth, Australia, 2015-16 (ABS cat. 6523.0)",2018-07-26,2015-16,2015-07-01,2016-06-30,,INC_GROSS_WEEKLY,"Weekly household gross income, mean",mean,905,AUD_per_week,2015-16 dollars (survey year; table states no CPI adjustment),households by age of reference person,Australia,75 and over,,,,,,,2015-16/65230do012_201516.002.xls,https://www.ausstats.abs.gov.au/ausstats/subscriber.nsf/0/65DB44D4461F26D7CA2582D5001335D9/$File/65230do012_201516.002.xls,"Table 12.1 INCOME DISTRIBUTION, Age of reference person",Table 12.1!H12,OK,
HIW4-2015-16-T12.1-00026,4,"Household Income and Wealth, Australia, 2015-16 (ABS cat. 6523.0)",2018-07-26,2015-16,2015-07-01,2016-06-30,,INC_GROSS_WEEKLY,"Weekly household gross income, mean",mean,1145,AUD_per_week,2015-16 dollars (survey year; table states no CPI adjustment),households by age of reference person,Australia,65 years and over,,,,,,,2015-16/65230do012_201516.002.xls,https://www.ausstats.abs.gov.au/ausstats/subscriber.nsf/0/65DB44D4461F26D7CA2582D5001335D9/$File/65230do012_201516.002.xls,"Table 12.1 INCOME DISTRIBUTION, Age of reference person",Table 12.1!I12,OK,
HIW4-2015-16-T12.1-00027,4,"Household Income and Wealth, Australia, 2015-16 (ABS cat. 6523.0)",2018-07-26,2015-16,2015-07-01,2016-06-30,,INC_GROSS_WEEKLY,"Weekly household gross income, mean",mean,2109,AUD_per_week,2015-16 dollars (survey year; table states no CPI adjustment),all households,Australia,All households,,,,,,,2015-16/65230do012_201516.002.xls,https://www.ausstats.abs.gov.au/ausstats/subscriber.nsf/0/65DB44D4461F26D7CA2582D5001335D9/$File/65230do012_201516.002.xls,"Table 12.1 INCOME DISTRIBUTION, Age of reference person",Table 12.1!J12,OK,
HIW4-2015-16-T12.1-00028,4,"Household Income and Wealth, Australia, 2015-16 (ABS cat. 6523.0)",2018-07-26,2015-16,2015-07-01,2016-06-30,,INC_DISPOSABLE_WEEKLY,"Weekly household disposable income, mean",mean,1435,AUD_per_week,2015-16 dollars (survey year; table states no CPI adjustment),households by age of reference person,Australia,15-24,,,,,,,2015-16/65230do012_201516.002.xls,https://www.ausstats.abs.gov.au/ausstats/subscriber.nsf/0/65DB44D4461F26D7CA2582D5001335D9/$File/65230do012_201516.002.xls,"Table 12.1 INCOME DISTRIBUTION, Age of reference person",Table 12.1!B13,OK,
HIW4-2015-16-T12.1-00029,4,"Household Income and Wealth, Australia, 2015-16 (ABS cat. 6523.0)",2018-07-26,2015-16,2015-07-01,2016-06-30,,INC_DISPOSABLE_WEEKLY,"Weekly household disposable income, mean",mean,1762,AUD_per_week,2015-16 dollars (survey year; table states no CPI adjustment),households by age of reference person,Australia,25-34,,,,,,,2015-16/65230do012_201516.002.xls,https://www.ausstats.abs.gov.au/ausstats/subscriber.nsf/0/65DB44D4461F26D7CA2582D5001335D9/$File/65230do012_201516.002.xls,"Table 12.1 INCOME DISTRIBUTION, Age of reference person",Table 12.1!C13,OK,
HIW4-2015-16-T12.1-00030,4,"Household Income and Wealth, Australia, 2015-16 (ABS cat. 6523.0)",2018-07-26,2015-16,2015-07-01,2016-06-30,,INC_DISPOSABLE_WEEKLY,"Weekly household disposable income, mean",mean,2055,AUD_per_week,2015-16 dollars (survey year; table states no CPI adjustment),households by age of reference person,Australia,35-44,,,,,,,2015-16/65230do012_201516.002.xls,https://www.ausstats.abs.gov.au/ausstats/subscriber.nsf/0/65DB44D4461F26D7CA2582D5001335D9/$File/65230do012_201516.002.xls,"Table 12.1 INCOME DISTRIBUTION, Age of reference person",Table 12.1!D13,OK,
HIW4-2015-16-T12.1-00031,4,"Household Income and Wealth, Australia, 2015-16 (ABS cat. 6523.0)",2018-07-26,2015-16,2015-07-01,2016-06-30,,INC_DISPOSABLE_WEEKLY,"Weekly household disposable income, mean",mean,2090,AUD_per_week,2015-16 dollars (survey year; table states no CPI adjustment),households by age of reference person,Australia,45-54,,,,,,,2015-16/65230do012_201516.002.xls,https://www.ausstats.abs.gov.au/ausstats/subscriber.nsf/0/65DB44D4461F26D7CA2582D5001335D9/$File/65230do012_201516.002.xls,"Table 12.1 INCOME DISTRIBUTION, Age of reference person",Table 12.1!E13,OK,
HIW4-2015-16-T12.1-00032,4,"Household Income and Wealth, Australia, 2015-16 (ABS cat. 6523.0)",2018-07-26,2015-16,2015-07-01,2016-06-30,,INC_DISPOSABLE_WEEKLY,"Weekly household disposable income, mean",mean,1814,AUD_per_week,2015-16 dollars (survey year; table states no CPI adjustment),households by age of reference person,Australia,55-64,,,,,,,2015-16/65230do012_201516.002.xls,https://www.ausstats.abs.gov.au/ausstats/subscriber.nsf/0/65DB44D4461F26D7CA2582D5001335D9/$File/65230do012_201516.002.xls,"Table 12.1 INCOME DISTRIBUTION, Age of reference person",Table 12.1!F13,OK,
HIW4-2015-16-T12.1-00033,4,"Household Income and Wealth, Australia, 2015-16 (ABS cat. 6523.0)",2018-07-26,2015-16,2015-07-01,2016-06-30,,INC_DISPOSABLE_WEEKLY,"Weekly household disposable income, mean",mean,1213,AUD_per_week,2015-16 dollars (survey year; table states no CPI adjustment),households by age of reference person,Australia,65-74,,,,,,,2015-16/65230do012_201516.002.xls,https://www.ausstats.abs.gov.au/ausstats/subscriber.nsf/0/65DB44D4461F26D7CA2582D5001335D9/$File/65230do012_201516.002.xls,"Table 12.1 INCOME DISTRIBUTION, Age of reference person",Table 12.1!G13,OK,
HIW4-2015-16-T12.1-00034,4,"Household Income and Wealth, Australia, 2015-16 (ABS cat. 6523.0)",2018-07-26,2015-16,2015-07-01,2016-06-30,,INC_DISPOSABLE_WEEKLY,"Weekly household disposable income, mean",mean,848,AUD_per_week,2015-16 dollars (survey year; table states no CPI adjustment),households by age of reference person,Australia,75 and over,,,,,,,2015-16/65230do012_201516.002.xls,https://www.ausstats.abs.gov.au/ausstats/subscriber.nsf/0/65DB44D4461F26D7CA2582D5001335D9/$File/65230do012_201516.002.xls,"Table 12.1 INCOME DISTRIBUTION, Age of reference person",Table 12.1!H13,OK,
HIW4-2015-16-T12.1-00035,4,"Household Income and Wealth, Australia, 2015-16 (ABS cat. 6523.0)",2018-07-26,2015-16,2015-07-01,2016-06-30,,INC_DISPOSABLE_WEEKLY,"Weekly household disposable income, mean",mean,1058,AUD_per_week,2015-16 dollars (survey year; table states no CPI adjustment),households by age of reference person,Australia,65 years and over,,,,,,,2015-16/65230do012_201516.002.xls,https://www.ausstats.abs.gov.au/ausstats/subscriber.nsf/0/65DB44D4461F26D7CA2582D5001335D9/$File/65230do012_201516.002.xls,"Table 12.1 INCOME DISTRIBUTION, Age of reference person",Table 12.1!I13,OK,
HIW4-2015-16-T12.1-00036,4,"Household Income and Wealth, Australia, 2015-16 (ABS cat. 6523.0)",2018-07-26,2015-16,2015-07-01,2016-06-30,,INC_DISPOSABLE_WEEKLY,"Weekly household disposable income, mean",mean,1711,AUD_per_week,2015-16 dollars (survey year; table states no CPI adjustment),all households,Australia,All households,,,,,,,2015-16/65230do012_201516.002.xls,https://www.ausstats.abs.gov.au/ausstats/subscriber.nsf/0/65DB44D4461F26D7CA2582D5001335D9/$File/65230do012_201516.002.xls,"Table 12.1 INCOME DISTRIBUTION, Age of reference person",Table 12.1!J13,OK,
HIW4-2015-16-T12.1-00037,4,"Household Income and Wealth, Australia, 2015-16 (ABS cat. 6523.0)",2018-07-26,2015-16,2015-07-01,2016-06-30,,INC_EQUIVALISED_DISPOSABLE_WEEKLY,"Weekly household equivalised disposable income, mean",mean,868,AUD_per_week,2015-16 dollars (survey year; table states no CPI adjustment),households by age of reference person,Australia,15-24,,,,,,,2015-16/65230do012_201516.002.xls,https://www.ausstats.abs.gov.au/ausstats/subscriber.nsf/0/65DB44D4461F26D7CA2582D5001335D9/$File/65230do012_201516.002.xls,"Table 12.1 INCOME DISTRIBUTION, Age of reference person",Table 12.1!B14,OK,
HIW4-2015-16-T12.1-00038,4,"Household Income and Wealth, Australia, 2015-16 (ABS cat. 6523.0)",2018-07-26,2015-16,2015-07-01,2016-06-30,,INC_EQUIVALISED_DISPOSABLE_WEEKLY,"Weekly household equivalised disposable income, mean",mean,999,AUD_per_week,2015-16 dollars (survey year; table states no CPI adjustment),households by age of reference person,Australia,25-34,,,,,,,2015-16/65230do012_201516.002.xls,https://www.ausstats.abs.gov.au/ausstats/subscriber.nsf/0/65DB44D4461F26D7CA2582D5001335D9/$File/65230do012_201516.002.xls,"Table 12.1 INCOME DISTRIBUTION, Age of reference person",Table 12.1!C14,OK,
HIW4-2015-16-T12.1-00039,4,"Household Income and Wealth, Australia, 2015-16 (ABS cat. 6523.0)",2018-07-26,2015-16,2015-07-01,2016-06-30,,INC_EQUIVALISED_DISPOSABLE_WEEKLY,"Weekly household equivalised disposable income, mean",mean,1050,AUD_per_week,2015-16 dollars (survey year; table states no CPI adjustment),households by age of reference person,Australia,35-44,,,,,,,2015-16/65230do012_201516.002.xls,https://www.ausstats.abs.gov.au/ausstats/subscriber.nsf/0/65DB44D4461F26D7CA2582D5001335D9/$File/65230do012_201516.002.xls,"Table 12.1 INCOME DISTRIBUTION, Age of reference person",Table 12.1!D14,OK,
HIW4-2015-16-T12.1-00040,4,"Household Income and Wealth, Australia, 2015-16 (ABS cat. 6523.0)",2018-07-26,2015-16,2015-07-01,2016-06-30,,INC_EQUIVALISED_DISPOSABLE_WEEKLY,"Weekly household equivalised disposable income, mean",mean,1084,AUD_per_week,2015-16 dollars (survey year; table states no CPI adjustment),households by age of reference person,Australia,45-54,,,,,,,2015-16/65230do012_201516.002.xls,https://www.ausstats.abs.gov.au/ausstats/subscriber.nsf/0/65DB44D4461F26D7CA2582D5001335D9/$File/65230do012_201516.002.xls,"Table 12.1 INCOME DISTRIBUTION, Age of reference person",Table 12.1!E14,OK,
HIW4-2015-16-T12.1-00041,4,"Household Income and Wealth, Australia, 2015-16 (ABS cat. 6523.0)",2018-07-26,2015-16,2015-07-01,2016-06-30,,INC_EQUIVALISED_DISPOSABLE_WEEKLY,"Weekly household equivalised disposable income, mean",mean,1105,AUD_per_week,2015-16 dollars (survey year; table states no CPI adjustment),households by age of reference person,Australia,55-64,,,,,,,2015-16/65230do012_201516.002.xls,https://www.ausstats.abs.gov.au/ausstats/subscriber.nsf/0/65DB44D4461F26D7CA2582D5001335D9/$File/65230do012_201516.002.xls,"Table 12.1 INCOME DISTRIBUTION, Age of reference person",Table 12.1!F14,OK,
HIW4-2015-16-T12.1-00042,4,"Household Income and Wealth, Australia, 2015-16 (ABS cat. 6523.0)",2018-07-26,2015-16,2015-07-01,2016-06-30,,INC_EQUIVALISED_DISPOSABLE_WEEKLY,"Weekly household equivalised disposable income, mean",mean,862,AUD_per_week,2015-16 dollars (survey year; table states no CPI adjustment),households by age of reference person,Australia,65-74,,,,,,,2015-16/65230do012_201516.002.xls,https://www.ausstats.abs.gov.au/ausstats/subscriber.nsf/0/65DB44D4461F26D7CA2582D5001335D9/$File/65230do012_201516.002.xls,"Table 12.1 INCOME DISTRIBUTION, Age of reference person",Table 12.1!G14,OK,
HIW4-2015-16-T12.1-00043,4,"Household Income and Wealth, Australia, 2015-16 (ABS cat. 6523.0)",2018-07-26,2015-16,2015-07-01,2016-06-30,,INC_EQUIVALISED_DISPOSABLE_WEEKLY,"Weekly household equivalised disposable income, mean",mean,667,AUD_per_week,2015-16 dollars (survey year; table states no CPI adjustment),households by age of reference person,Australia,75 and over,,,,,,,2015-16/65230do012_201516.002.xls,https://www.ausstats.abs.gov.au/ausstats/subscriber.nsf/0/65DB44D4461F26D7CA2582D5001335D9/$File/65230do012_201516.002.xls,"Table 12.1 INCOME DISTRIBUTION, Age of reference person",Table 12.1!H14,OK,
HIW4-2015-16-T12.1-00044,4,"Household Income and Wealth, Australia, 2015-16 (ABS cat. 6523.0)",2018-07-26,2015-16,2015-07-01,2016-06-30,,INC_EQUIVALISED_DISPOSABLE_WEEKLY,"Weekly household equivalised disposable income, mean",mean,787,AUD_per_week,2015-16 dollars (survey year; table states no CPI adjustment),households by age of reference person,Australia,65 years and over,,,,,,,2015-16/65230do012_201516.002.xls,https://www.ausstats.abs.gov.au/ausstats/subscriber.nsf/0/65DB44D4461F26D7CA2582D5001335D9/$File/65230do012_201516.002.xls,"Table 12.1 INCOME DISTRIBUTION, Age of reference person",Table 12.1!I14,OK,
HIW4-2015-16-T12.1-00045,4,"Household Income and Wealth, Australia, 2015-16 (ABS cat. 6523.0)",2018-07-26,2015-16,2015-07-01,2016-06-30,,INC_EQUIVALISED_DISPOSABLE_WEEKLY,"Weekly household equivalised disposable income, mean",mean,1009,AUD_per_week,2015-16 dollars (survey year; table states no CPI adjustment),all households,Australia,All households,,,,,,,2015-16/65230do012_201516.002.xls,https://www.ausstats.abs.gov.au/ausstats/subscriber.nsf/0/65DB44D4461F26D7CA2582D5001335D9/$File/65230do012_201516.002.xls,"Table 12.1 INCOME DISTRIBUTION, Age of reference person",Table 12.1!J14,OK,
HIW4-2015-16-T12.1-00046,4,"Household Income and Wealth, Australia, 2015-16 (ABS cat. 6523.0)",2018-07-26,2015-16,2015-07-01,2016-06-30,,INC_PRIVATE_WEEKLY,"Weekly household private income, median",median,1235,AUD_per_week,2015-16 dollars (survey year; table states no CPI adjustment),households by age of reference person,Australia,15-24,,,,,,,2015-16/65230do012_201516.002.xls,https://www.ausstats.abs.gov.au/ausstats/subscriber.nsf/0/65DB44D4461F26D7CA2582D5001335D9/$File/65230do012_201516.002.xls,"Table 12.1 INCOME DISTRIBUTION, Age of reference person",Table 12.1!B17,OK,
HIW4-2015-16-T12.1-00047,4,"Household Income and Wealth, Australia, 2015-16 (ABS cat. 6523.0)",2018-07-26,2015-16,2015-07-01,2016-06-30,,INC_PRIVATE_WEEKLY,"Weekly household private income, median",median,1835,AUD_per_week,2015-16 dollars (survey year; table states no CPI adjustment),households by age of reference person,Australia,25-34,,,,,,,2015-16/65230do012_201516.002.xls,https://www.ausstats.abs.gov.au/ausstats/subscriber.nsf/0/65DB44D4461F26D7CA2582D5001335D9/$File/65230do012_201516.002.xls,"Table 12.1 INCOME DISTRIBUTION, Age of reference person",Table 12.1!C17,OK,
HIW4-2015-16-T12.1-00048,4,"Household Income and Wealth, Australia, 2015-16 (ABS cat. 6523.0)",2018-07-26,2015-16,2015-07-01,2016-06-30,,INC_PRIVATE_WEEKLY,"Weekly household private income, median",median,2058,AUD_per_week,2015-16 dollars (survey year; table states no CPI adjustment),households by age of reference person,Australia,35-44,,,,,,,2015-16/65230do012_201516.002.xls,https://www.ausstats.abs.gov.au/ausstats/subscriber.nsf/0/65DB44D4461F26D7CA2582D5001335D9/$File/65230do012_201516.002.xls,"Table 12.1 INCOME DISTRIBUTION, Age of reference person",Table 12.1!D17,OK,
HIW4-2015-16-T12.1-00049,4,"Household Income and Wealth, Australia, 2015-16 (ABS cat. 6523.0)",2018-07-26,2015-16,2015-07-01,2016-06-30,,INC_PRIVATE_WEEKLY,"Weekly household private income, median",median,1996,AUD_per_week,2015-16 dollars (survey year; table states no CPI adjustment),households by age of reference person,Australia,45-54,,,,,,,2015-16/65230do012_201516.002.xls,https://www.ausstats.abs.gov.au/ausstats/subscriber.nsf/0/65DB44D4461F26D7CA2582D5001335D9/$File/65230do012_201516.002.xls,"Table 12.1 INCOME DISTRIBUTION, Age of reference person",Table 12.1!E17,OK,
HIW4-2015-16-T12.1-00050,4,"Household Income and Wealth, Australia, 2015-16 (ABS cat. 6523.0)",2018-07-26,2015-16,2015-07-01,2016-06-30,,INC_PRIVATE_WEEKLY,"Weekly household private income, median",median,1596,AUD_per_week,2015-16 dollars (survey year; table states no CPI adjustment),households by age of reference person,Australia,55-64,,,,,,,2015-16/65230do012_201516.002.xls,https://www.ausstats.abs.gov.au/ausstats/subscriber.nsf/0/65DB44D4461F26D7CA2582D5001335D9/$File/65230do012_201516.002.xls,"Table 12.1 INCOME DISTRIBUTION, Age of reference person",Table 12.1!F17,OK,
HIW4-2015-16-T12.1-00051,4,"Household Income and Wealth, Australia, 2015-16 (ABS cat. 6523.0)",2018-07-26,2015-16,2015-07-01,2016-06-30,,INC_PRIVATE_WEEKLY,"Weekly household private income, median",median,384,AUD_per_week,2015-16 dollars (survey year; table states no CPI adjustment),households by age of reference person,Australia,65-74,,,,,,,2015-16/65230do012_201516.002.xls,https://www.ausstats.abs.gov.au/ausstats/subscriber.nsf/0/65DB44D4461F26D7CA2582D5001335D9/$File/65230do012_201516.002.xls,"Table 12.1 INCOME DISTRIBUTION, Age of reference person",Table 12.1!G17,OK,
HIW4-2015-16-T12.1-00052,4,"Household Income and Wealth, Australia, 2015-16 (ABS cat. 6523.0)",2018-07-26,2015-16,2015-07-01,2016-06-30,,INC_PRIVATE_WEEKLY,"Weekly household private income, median",median,58,AUD_per_week,2015-16 dollars (survey year; table states no CPI adjustment),households by age of reference person,Australia,75 and over,,,,,,,2015-16/65230do012_201516.002.xls,https://www.ausstats.abs.gov.au/ausstats/subscriber.nsf/0/65DB44D4461F26D7CA2582D5001335D9/$File/65230do012_201516.002.xls,"Table 12.1 INCOME DISTRIBUTION, Age of reference person",Table 12.1!H17,OK,
HIW4-2015-16-T12.1-00053,4,"Household Income and Wealth, Australia, 2015-16 (ABS cat. 6523.0)",2018-07-26,2015-16,2015-07-01,2016-06-30,,INC_PRIVATE_WEEKLY,"Weekly household private income, median",median,180,AUD_per_week,2015-16 dollars (survey year; table states no CPI adjustment),households by age of reference person,Australia,65 years and over,,,,,,,2015-16/65230do012_201516.002.xls,https://www.ausstats.abs.gov.au/ausstats/subscriber.nsf/0/65DB44D4461F26D7CA2582D5001335D9/$File/65230do012_201516.002.xls,"Table 12.1 INCOME DISTRIBUTION, Age of reference person",Table 12.1!I17,OK,
HIW4-2015-16-T12.1-00054,4,"Household Income and Wealth, Australia, 2015-16 (ABS cat. 6523.0)",2018-07-26,2015-16,2015-07-01,2016-06-30,,INC_PRIVATE_WEEKLY,"Weekly household private income, median",median,1456,AUD_per_week,2015-16 dollars (survey year; table states no CPI adjustment),all households,Australia,All households,,,,,,,2015-16/65230do012_201516.002.xls,https://www.ausstats.abs.gov.au/ausstats/subscriber.nsf/0/65DB44D4461F26D7CA2582D5001335D9/$File/65230do012_201516.002.xls,"Table 12.1 INCOME DISTRIBUTION, Age of reference person",Table 12.1!J17,OK,
HIW4-2015-16-T12.1-00055,4,"Household Income and Wealth, Australia, 2015-16 (ABS cat. 6523.0)",2018-07-26,2015-16,2015-07-01,2016-06-30,,INC_GOVT_PENSIONS_ALLOWANCES_WEEKLY,"Weekly household government pensions and allowances, median",median,0,AUD_per_week,2015-16 dollars (survey year; table states no CPI adjustment),households by age of reference person,Australia,15-24,,,,,,,2015-16/65230do012_201516.002.xls,https://www.ausstats.abs.gov.au/ausstats/subscriber.nsf/0/65DB44D4461F26D7CA2582D5001335D9/$File/65230do012_201516.002.xls,"Table 12.1 INCOME DISTRIBUTION, Age of reference person",Table 12.1!B18,OK,includes overseas pensions
HIW4-2015-16-T12.1-00056,4,"Household Income and Wealth, Australia, 2015-16 (ABS cat. 6523.0)",2018-07-26,2015-16,2015-07-01,2016-06-30,,INC_GOVT_PENSIONS_ALLOWANCES_WEEKLY,"Weekly household government pensions and allowances, median",median,0,AUD_per_week,2015-16 dollars (survey year; table states no CPI adjustment),households by age of reference person,Australia,25-34,,,,,,,2015-16/65230do012_201516.002.xls,https://www.ausstats.abs.gov.au/ausstats/subscriber.nsf/0/65DB44D4461F26D7CA2582D5001335D9/$File/65230do012_201516.002.xls,"Table 12.1 INCOME DISTRIBUTION, Age of reference person",Table 12.1!C18,OK,includes overseas pensions
HIW4-2015-16-T12.1-00057,4,"Household Income and Wealth, Australia, 2015-16 (ABS cat. 6523.0)",2018-07-26,2015-16,2015-07-01,2016-06-30,,INC_GOVT_PENSIONS_ALLOWANCES_WEEKLY,"Weekly household government pensions and allowances, median",median,1,AUD_per_week,2015-16 dollars (survey year; table states no CPI adjustment),households by age of reference person,Australia,35-44,,,,,,,2015-16/65230do012_201516.002.xls,https://www.ausstats.abs.gov.au/ausstats/subscriber.nsf/0/65DB44D4461F26D7CA2582D5001335D9/$File/65230do012_201516.002.xls,"Table 12.1 INCOME DISTRIBUTION, Age of reference person",Table 12.1!D18,OK,includes overseas pensions
HIW4-2015-16-T12.1-00058,4,"Household Income and Wealth, Australia, 2015-16 (ABS cat. 6523.0)",2018-07-26,2015-16,2015-07-01,2016-06-30,,INC_GOVT_PENSIONS_ALLOWANCES_WEEKLY,"Weekly household government pensions and allowances, median",median,0,AUD_per_week,2015-16 dollars (survey year; table states no CPI adjustment),households by age of reference person,Australia,45-54,,,,,,,2015-16/65230do012_201516.002.xls,https://www.ausstats.abs.gov.au/ausstats/subscriber.nsf/0/65DB44D4461F26D7CA2582D5001335D9/$File/65230do012_201516.002.xls,"Table 12.1 INCOME DISTRIBUTION, Age of reference person",Table 12.1!E18,OK,includes overseas pensions
HIW4-2015-16-T12.1-00059,4,"Household Income and Wealth, Australia, 2015-16 (ABS cat. 6523.0)",2018-07-26,2015-16,2015-07-01,2016-06-30,,INC_GOVT_PENSIONS_ALLOWANCES_WEEKLY,"Weekly household government pensions and allowances, median",median,0,AUD_per_week,2015-16 dollars (survey year; table states no CPI adjustment),households by age of reference person,Australia,55-64,,,,,,,2015-16/65230do012_201516.002.xls,https://www.ausstats.abs.gov.au/ausstats/subscriber.nsf/0/65DB44D4461F26D7CA2582D5001335D9/$File/65230do012_201516.002.xls,"Table 12.1 INCOME DISTRIBUTION, Age of reference person",Table 12.1!F18,OK,includes overseas pensions
HIW4-2015-16-T12.1-00060,4,"Household Income and Wealth, Australia, 2015-16 (ABS cat. 6523.0)",2018-07-26,2015-16,2015-07-01,2016-06-30,,INC_GOVT_PENSIONS_ALLOWANCES_WEEKLY,"Weekly household government pensions and allowances, median",median,437,AUD_per_week,2015-16 dollars (survey year; table states no CPI adjustment),households by age of reference person,Australia,65-74,,,,,,,2015-16/65230do012_201516.002.xls,https://www.ausstats.abs.gov.au/ausstats/subscriber.nsf/0/65DB44D4461F26D7CA2582D5001335D9/$File/65230do012_201516.002.xls,"Table 12.1 INCOME DISTRIBUTION, Age of reference person",Table 12.1!G18,OK,includes overseas pensions
HIW4-2015-16-T12.1-00061,4,"Household Income and Wealth, Australia, 2015-16 (ABS cat. 6523.0)",2018-07-26,2015-16,2015-07-01,2016-06-30,,INC_GOVT_PENSIONS_ALLOWANCES_WEEKLY,"Weekly household government pensions and allowances, median",median,437,AUD_per_week,2015-16 dollars (survey year; table states no CPI adjustment),households by age of reference person,Australia,75 and over,,,,,,,2015-16/65230do012_201516.002.xls,https://www.ausstats.abs.gov.au/ausstats/subscriber.nsf/0/65DB44D4461F26D7CA2582D5001335D9/$File/65230do012_201516.002.xls,"Table 12.1 INCOME DISTRIBUTION, Age of reference person",Table 12.1!H18,OK,includes overseas pensions
HIW4-2015-16-T12.1-00062,4,"Household Income and Wealth, Australia, 2015-16 (ABS cat. 6523.0)",2018-07-26,2015-16,2015-07-01,2016-06-30,,INC_GOVT_PENSIONS_ALLOWANCES_WEEKLY,"Weekly household government pensions and allowances, median",median,437,AUD_per_week,2015-16 dollars (survey year; table states no CPI adjustment),households by age of reference person,Australia,65 years and over,,,,,,,2015-16/65230do012_201516.002.xls,https://www.ausstats.abs.gov.au/ausstats/subscriber.nsf/0/65DB44D4461F26D7CA2582D5001335D9/$File/65230do012_201516.002.xls,"Table 12.1 INCOME DISTRIBUTION, Age of reference person",Table 12.1!I18,OK,includes overseas pensions
HIW4-2015-16-T12.1-00063,4,"Household Income and Wealth, Australia, 2015-16 (ABS cat. 6523.0)",2018-07-26,2015-16,2015-07-01,2016-06-30,,INC_GOVT_PENSIONS_ALLOWANCES_WEEKLY,"Weekly household government pensions and allowances, median",median,5,AUD_per_week,2015-16 dollars (survey year; table states no CPI adjustment),all households,Australia,All households,,,,,,,2015-16/65230do012_201516.002.xls,https://www.ausstats.abs.gov.au/ausstats/subscriber.nsf/0/65DB44D4461F26D7CA2582D5001335D9/$File/65230do012_201516.002.xls,"Table 12.1 INCOME DISTRIBUTION, Age of reference person",Table 12.1!J18,OK,includes overseas pensions
HIW4-2015-16-T12.1-00064,4,"Household Income and Wealth, Australia, 2015-16 (ABS cat. 6523.0)",2018-07-26,2015-16,2015-07-01,2016-06-30,,INC_GROSS_WEEKLY,"Weekly household gross income, median",median,1303,AUD_per_week,2015-16 dollars (survey year; table states no CPI adjustment),households by age of reference person,Australia,15-24,,,,,,,2015-16/65230do012_201516.002.xls,https://www.ausstats.abs.gov.au/ausstats/subscriber.nsf/0/65DB44D4461F26D7CA2582D5001335D9/$File/65230do012_201516.002.xls,"Table 12.1 INCOME DISTRIBUTION, Age of reference person",Table 12.1!B19,OK,
HIW4-2015-16-T12.1-00065,4,"Household Income and Wealth, Australia, 2015-16 (ABS cat. 6523.0)",2018-07-26,2015-16,2015-07-01,2016-06-30,,INC_GROSS_WEEKLY,"Weekly household gross income, median",median,1934,AUD_per_week,2015-16 dollars (survey year; table states no CPI adjustment),households by age of reference person,Australia,25-34,,,,,,,2015-16/65230do012_201516.002.xls,https://www.ausstats.abs.gov.au/ausstats/subscriber.nsf/0/65DB44D4461F26D7CA2582D5001335D9/$File/65230do012_201516.002.xls,"Table 12.1 INCOME DISTRIBUTION, Age of reference person",Table 12.1!C19,OK,
HIW4-2015-16-T12.1-00066,4,"Household Income and Wealth, Australia, 2015-16 (ABS cat. 6523.0)",2018-07-26,2015-16,2015-07-01,2016-06-30,,INC_GROSS_WEEKLY,"Weekly household gross income, median",median,2160,AUD_per_week,2015-16 dollars (survey year; table states no CPI adjustment),households by age of reference person,Australia,35-44,,,,,,,2015-16/65230do012_201516.002.xls,https://www.ausstats.abs.gov.au/ausstats/subscriber.nsf/0/65DB44D4461F26D7CA2582D5001335D9/$File/65230do012_201516.002.xls,"Table 12.1 INCOME DISTRIBUTION, Age of reference person",Table 12.1!D19,OK,
HIW4-2015-16-T12.1-00067,4,"Household Income and Wealth, Australia, 2015-16 (ABS cat. 6523.0)",2018-07-26,2015-16,2015-07-01,2016-06-30,,INC_GROSS_WEEKLY,"Weekly household gross income, median",median,2100,AUD_per_week,2015-16 dollars (survey year; table states no CPI adjustment),households by age of reference person,Australia,45-54,,,,,,,2015-16/65230do012_201516.002.xls,https://www.ausstats.abs.gov.au/ausstats/subscriber.nsf/0/65DB44D4461F26D7CA2582D5001335D9/$File/65230do012_201516.002.xls,"Table 12.1 INCOME DISTRIBUTION, Age of reference person",Table 12.1!E19,OK,
HIW4-2015-16-T12.1-00068,4,"Household Income and Wealth, Australia, 2015-16 (ABS cat. 6523.0)",2018-07-26,2015-16,2015-07-01,2016-06-30,,INC_GROSS_WEEKLY,"Weekly household gross income, median",median,1711,AUD_per_week,2015-16 dollars (survey year; table states no CPI adjustment),households by age of reference person,Australia,55-64,,,,,,,2015-16/65230do012_201516.002.xls,https://www.ausstats.abs.gov.au/ausstats/subscriber.nsf/0/65DB44D4461F26D7CA2582D5001335D9/$File/65230do012_201516.002.xls,"Table 12.1 INCOME DISTRIBUTION, Age of reference person",Table 12.1!F19,OK,
HIW4-2015-16-T12.1-00069,4,"Household Income and Wealth, Australia, 2015-16 (ABS cat. 6523.0)",2018-07-26,2015-16,2015-07-01,2016-06-30,,INC_GROSS_WEEKLY,"Weekly household gross income, median",median,891,AUD_per_week,2015-16 dollars (survey year; table states no CPI adjustment),households by age of reference person,Australia,65-74,,,,,,,2015-16/65230do012_201516.002.xls,https://www.ausstats.abs.gov.au/ausstats/subscriber.nsf/0/65DB44D4461F26D7CA2582D5001335D9/$File/65230do012_201516.002.xls,"Table 12.1 INCOME DISTRIBUTION, Age of reference person",Table 12.1!G19,OK,
HIW4-2015-16-T12.1-00070,4,"Household Income and Wealth, Australia, 2015-16 (ABS cat. 6523.0)",2018-07-26,2015-16,2015-07-01,2016-06-30,,INC_GROSS_WEEKLY,"Weekly household gross income, median",median,666,AUD_per_week,2015-16 dollars (survey year; table states no CPI adjustment),households by age of reference person,Australia,75 and over,,,,,,,2015-16/65230do012_201516.002.xls,https://www.ausstats.abs.gov.au/ausstats/subscriber.nsf/0/65DB44D4461F26D7CA2582D5001335D9/$File/65230do012_201516.002.xls,"Table 12.1 INCOME DISTRIBUTION, Age of reference person",Table 12.1!H19,OK,
HIW4-2015-16-T12.1-00071,4,"Household Income and Wealth, Australia, 2015-16 (ABS cat. 6523.0)",2018-07-26,2015-16,2015-07-01,2016-06-30,,INC_GROSS_WEEKLY,"Weekly household gross income, median",median,758,AUD_per_week,2015-16 dollars (survey year; table states no CPI adjustment),households by age of reference person,Australia,65 years and over,,,,,,,2015-16/65230do012_201516.002.xls,https://www.ausstats.abs.gov.au/ausstats/subscriber.nsf/0/65DB44D4461F26D7CA2582D5001335D9/$File/65230do012_201516.002.xls,"Table 12.1 INCOME DISTRIBUTION, Age of reference person",Table 12.1!I19,OK,
HIW4-2015-16-T12.1-00072,4,"Household Income and Wealth, Australia, 2015-16 (ABS cat. 6523.0)",2018-07-26,2015-16,2015-07-01,2016-06-30,,INC_GROSS_WEEKLY,"Weekly household gross income, median",median,1616,AUD_per_week,2015-16 dollars (survey year; table states no CPI adjustment),all households,Australia,All households,,,,,,,2015-16/65230do012_201516.002.xls,https://www.ausstats.abs.gov.au/ausstats/subscriber.nsf/0/65DB44D4461F26D7CA2582D5001335D9/$File/65230do012_201516.002.xls,"Table 12.1 INCOME DISTRIBUTION, Age of reference person",Table 12.1!J19,OK,
HIW4-2015-16-T12.1-00073,4,"Household Income and Wealth, Australia, 2015-16 (ABS cat. 6523.0)",2018-07-26,2015-16,2015-07-01,2016-06-30,,INC_DISPOSABLE_WEEKLY,"Weekly household disposable income, median",median,1195,AUD_per_week,2015-16 dollars (survey year; table states no CPI adjustment),households by age of reference person,Australia,15-24,,,,,,,2015-16/65230do012_201516.002.xls,https://www.ausstats.abs.gov.au/ausstats/subscriber.nsf/0/65DB44D4461F26D7CA2582D5001335D9/$File/65230do012_201516.002.xls,"Table 12.1 INCOME DISTRIBUTION, Age of reference person",Table 12.1!B20,OK,
HIW4-2015-16-T12.1-00074,4,"Household Income and Wealth, Australia, 2015-16 (ABS cat. 6523.0)",2018-07-26,2015-16,2015-07-01,2016-06-30,,INC_DISPOSABLE_WEEKLY,"Weekly household disposable income, median",median,1618,AUD_per_week,2015-16 dollars (survey year; table states no CPI adjustment),households by age of reference person,Australia,25-34,,,,,,,2015-16/65230do012_201516.002.xls,https://www.ausstats.abs.gov.au/ausstats/subscriber.nsf/0/65DB44D4461F26D7CA2582D5001335D9/$File/65230do012_201516.002.xls,"Table 12.1 INCOME DISTRIBUTION, Age of reference person",Table 12.1!C20,OK,
HIW4-2015-16-T12.1-00075,4,"Household Income and Wealth, Australia, 2015-16 (ABS cat. 6523.0)",2018-07-26,2015-16,2015-07-01,2016-06-30,,INC_DISPOSABLE_WEEKLY,"Weekly household disposable income, median",median,1771,AUD_per_week,2015-16 dollars (survey year; table states no CPI adjustment),households by age of reference person,Australia,35-44,,,,,,,2015-16/65230do012_201516.002.xls,https://www.ausstats.abs.gov.au/ausstats/subscriber.nsf/0/65DB44D4461F26D7CA2582D5001335D9/$File/65230do012_201516.002.xls,"Table 12.1 INCOME DISTRIBUTION, Age of reference person",Table 12.1!D20,OK,
HIW4-2015-16-T12.1-00076,4,"Household Income and Wealth, Australia, 2015-16 (ABS cat. 6523.0)",2018-07-26,2015-16,2015-07-01,2016-06-30,,INC_DISPOSABLE_WEEKLY,"Weekly household disposable income, median",median,1758,AUD_per_week,2015-16 dollars (survey year; table states no CPI adjustment),households by age of reference person,Australia,45-54,,,,,,,2015-16/65230do012_201516.002.xls,https://www.ausstats.abs.gov.au/ausstats/subscriber.nsf/0/65DB44D4461F26D7CA2582D5001335D9/$File/65230do012_201516.002.xls,"Table 12.1 INCOME DISTRIBUTION, Age of reference person",Table 12.1!E20,OK,
HIW4-2015-16-T12.1-00077,4,"Household Income and Wealth, Australia, 2015-16 (ABS cat. 6523.0)",2018-07-26,2015-16,2015-07-01,2016-06-30,,INC_DISPOSABLE_WEEKLY,"Weekly household disposable income, median",median,1495,AUD_per_week,2015-16 dollars (survey year; table states no CPI adjustment),households by age of reference person,Australia,55-64,,,,,,,2015-16/65230do012_201516.002.xls,https://www.ausstats.abs.gov.au/ausstats/subscriber.nsf/0/65DB44D4461F26D7CA2582D5001335D9/$File/65230do012_201516.002.xls,"Table 12.1 INCOME DISTRIBUTION, Age of reference person",Table 12.1!F20,OK,
HIW4-2015-16-T12.1-00078,4,"Household Income and Wealth, Australia, 2015-16 (ABS cat. 6523.0)",2018-07-26,2015-16,2015-07-01,2016-06-30,,INC_DISPOSABLE_WEEKLY,"Weekly household disposable income, median",median,877,AUD_per_week,2015-16 dollars (survey year; table states no CPI adjustment),households by age of reference person,Australia,65-74,,,,,,,2015-16/65230do012_201516.002.xls,https://www.ausstats.abs.gov.au/ausstats/subscriber.nsf/0/65DB44D4461F26D7CA2582D5001335D9/$File/65230do012_201516.002.xls,"Table 12.1 INCOME DISTRIBUTION, Age of reference person",Table 12.1!G20,OK,
HIW4-2015-16-T12.1-00079,4,"Household Income and Wealth, Australia, 2015-16 (ABS cat. 6523.0)",2018-07-26,2015-16,2015-07-01,2016-06-30,,INC_DISPOSABLE_WEEKLY,"Weekly household disposable income, median",median,666,AUD_per_week,2015-16 dollars (survey year; table states no CPI adjustment),households by age of reference person,Australia,75 and over,,,,,,,2015-16/65230do012_201516.002.xls,https://www.ausstats.abs.gov.au/ausstats/subscriber.nsf/0/65DB44D4461F26D7CA2582D5001335D9/$File/65230do012_201516.002.xls,"Table 12.1 INCOME DISTRIBUTION, Age of reference person",Table 12.1!H20,OK,
HIW4-2015-16-T12.1-00080,4,"Household Income and Wealth, Australia, 2015-16 (ABS cat. 6523.0)",2018-07-26,2015-16,2015-07-01,2016-06-30,,INC_DISPOSABLE_WEEKLY,"Weekly household disposable income, median",median,754,AUD_per_week,2015-16 dollars (survey year; table states no CPI adjustment),households by age of reference person,Australia,65 years and over,,,,,,,2015-16/65230do012_201516.002.xls,https://www.ausstats.abs.gov.au/ausstats/subscriber.nsf/0/65DB44D4461F26D7CA2582D5001335D9/$File/65230do012_201516.002.xls,"Table 12.1 INCOME DISTRIBUTION, Age of reference person",Table 12.1!I20,OK,
HIW4-2015-16-T12.1-00081,4,"Household Income and Wealth, Australia, 2015-16 (ABS cat. 6523.0)",2018-07-26,2015-16,2015-07-01,2016-06-30,,INC_DISPOSABLE_WEEKLY,"Weekly household disposable income, median",median,1400,AUD_per_week,2015-16 dollars (survey year; table states no CPI adjustment),all households,Australia,All households,,,,,,,2015-16/65230do012_201516.002.xls,https://www.ausstats.abs.gov.au/ausstats/subscriber.nsf/0/65DB44D4461F26D7CA2582D5001335D9/$File/65230do012_201516.002.xls,"Table 12.1 INCOME DISTRIBUTION, Age of reference person",Table 12.1!J20,OK,
HIW4-2015-16-T12.1-00082,4,"Household Income and Wealth, Australia, 2015-16 (ABS cat. 6523.0)",2018-07-26,2015-16,2015-07-01,2016-06-30,,INC_EQUIVALISED_DISPOSABLE_WEEKLY,"Weekly household equivalised disposable income, median",median,797,AUD_per_week,2015-16 dollars (survey year; table states no CPI adjustment),households by age of reference person,Australia,15-24,,,,,,,2015-16/65230do012_201516.002.xls,https://www.ausstats.abs.gov.au/ausstats/subscriber.nsf/0/65DB44D4461F26D7CA2582D5001335D9/$File/65230do012_201516.002.xls,"Table 12.1 INCOME DISTRIBUTION, Age of reference person",Table 12.1!B21,OK,
HIW4-2015-16-T12.1-00083,4,"Household Income and Wealth, Australia, 2015-16 (ABS cat. 6523.0)",2018-07-26,2015-16,2015-07-01,2016-06-30,,INC_EQUIVALISED_DISPOSABLE_WEEKLY,"Weekly household equivalised disposable income, median",median,893,AUD_per_week,2015-16 dollars (survey year; table states no CPI adjustment),households by age of reference person,Australia,25-34,,,,,,,2015-16/65230do012_201516.002.xls,https://www.ausstats.abs.gov.au/ausstats/subscriber.nsf/0/65DB44D4461F26D7CA2582D5001335D9/$File/65230do012_201516.002.xls,"Table 12.1 INCOME DISTRIBUTION, Age of reference person",Table 12.1!C21,OK,
HIW4-2015-16-T12.1-00084,4,"Household Income and Wealth, Australia, 2015-16 (ABS cat. 6523.0)",2018-07-26,2015-16,2015-07-01,2016-06-30,,INC_EQUIVALISED_DISPOSABLE_WEEKLY,"Weekly household equivalised disposable income, median",median,881,AUD_per_week,2015-16 dollars (survey year; table states no CPI adjustment),households by age of reference person,Australia,35-44,,,,,,,2015-16/65230do012_201516.002.xls,https://www.ausstats.abs.gov.au/ausstats/subscriber.nsf/0/65DB44D4461F26D7CA2582D5001335D9/$File/65230do012_201516.002.xls,"Table 12.1 INCOME DISTRIBUTION, Age of reference person",Table 12.1!D21,OK,
HIW4-2015-16-T12.1-00085,4,"Household Income and Wealth, Australia, 2015-16 (ABS cat. 6523.0)",2018-07-26,2015-16,2015-07-01,2016-06-30,,INC_EQUIVALISED_DISPOSABLE_WEEKLY,"Weekly household equivalised disposable income, median",median,920,AUD_per_week,2015-16 dollars (survey year; table states no CPI adjustment),households by age of reference person,Australia,45-54,,,,,,,2015-16/65230do012_201516.002.xls,https://www.ausstats.abs.gov.au/ausstats/subscriber.nsf/0/65DB44D4461F26D7CA2582D5001335D9/$File/65230do012_201516.002.xls,"Table 12.1 INCOME DISTRIBUTION, Age of reference person",Table 12.1!E21,OK,
HIW4-2015-16-T12.1-00086,4,"Household Income and Wealth, Australia, 2015-16 (ABS cat. 6523.0)",2018-07-26,2015-16,2015-07-01,2016-06-30,,INC_EQUIVALISED_DISPOSABLE_WEEKLY,"Weekly household equivalised disposable income, median",median,1014,AUD_per_week,2015-16 dollars (survey year; table states no CPI adjustment),households by age of reference person,Australia,55-64,,,,,,,2015-16/65230do012_201516.002.xls,https://www.ausstats.abs.gov.au/ausstats/subscriber.nsf/0/65DB44D4461F26D7CA2582D5001335D9/$File/65230do012_201516.002.xls,"Table 12.1 INCOME DISTRIBUTION, Age of reference person",Table 12.1!F21,OK,
HIW4-2015-16-T12.1-00087,4,"Household Income and Wealth, Australia, 2015-16 (ABS cat. 6523.0)",2018-07-26,2015-16,2015-07-01,2016-06-30,,INC_EQUIVALISED_DISPOSABLE_WEEKLY,"Weekly household equivalised disposable income, median",median,686,AUD_per_week,2015-16 dollars (survey year; table states no CPI adjustment),households by age of reference person,Australia,65-74,,,,,,,2015-16/65230do012_201516.002.xls,https://www.ausstats.abs.gov.au/ausstats/subscriber.nsf/0/65DB44D4461F26D7CA2582D5001335D9/$File/65230do012_201516.002.xls,"Table 12.1 INCOME DISTRIBUTION, Age of reference person",Table 12.1!G21,OK,
HIW4-2015-16-T12.1-00088,4,"Household Income and Wealth, Australia, 2015-16 (ABS cat. 6523.0)",2018-07-26,2015-16,2015-07-01,2016-06-30,,INC_EQUIVALISED_DISPOSABLE_WEEKLY,"Weekly household equivalised disposable income, median",median,549,AUD_per_week,2015-16 dollars (survey year; table states no CPI adjustment),households by age of reference person,Australia,75 and over,,,,,,,2015-16/65230do012_201516.002.xls,https://www.ausstats.abs.gov.au/ausstats/subscriber.nsf/0/65DB44D4461F26D7CA2582D5001335D9/$File/65230do012_201516.002.xls,"Table 12.1 INCOME DISTRIBUTION, Age of reference person",Table 12.1!H21,OK,
HIW4-2015-16-T12.1-00089,4,"Household Income and Wealth, Australia, 2015-16 (ABS cat. 6523.0)",2018-07-26,2015-16,2015-07-01,2016-06-30,,INC_EQUIVALISED_DISPOSABLE_WEEKLY,"Weekly household equivalised disposable income, median",median,618,AUD_per_week,2015-16 dollars (survey year; table states no CPI adjustment),households by age of reference person,Australia,65 years and over,,,,,,,2015-16/65230do012_201516.002.xls,https://www.ausstats.abs.gov.au/ausstats/subscriber.nsf/0/65DB44D4461F26D7CA2582D5001335D9/$File/65230do012_201516.002.xls,"Table 12.1 INCOME DISTRIBUTION, Age of reference person",Table 12.1!I21,OK,
HIW4-2015-16-T12.1-00090,4,"Household Income and Wealth, Australia, 2015-16 (ABS cat. 6523.0)",2018-07-26,2015-16,2015-07-01,2016-06-30,,INC_EQUIVALISED_DISPOSABLE_WEEKLY,"Weekly household equivalised disposable income, median",median,853,AUD_per_week,2015-16 dollars (survey year; table states no CPI adjustment),all households,Australia,All households,,,,,,,2015-16/65230do012_201516.002.xls,https://www.ausstats.abs.gov.au/ausstats/subscriber.nsf/0/65DB44D4461F26D7CA2582D5001335D9/$File/65230do012_201516.002.xls,"Table 12.1 INCOME DISTRIBUTION, Age of reference person",Table 12.1!J21,OK,
HIW4-2015-16-T12.1-00091,4,"Household Income and Wealth, Australia, 2015-16 (ABS cat. 6523.0)",2018-07-26,2015-16,2015-07-01,2016-06-30,,INC_EQUIVALISED_DISPOSABLE_WEEKLY_PCTL,Weekly equivalised disposable household income at top of selected percentile (10th (P10)),p10,396,AUD_per_week,2015-16 dollars (survey year; table states no CPI adjustment),households by age of reference person,Australia,15-24,,,,,,P10,2015-16/65230do012_201516.002.xls,https://www.ausstats.abs.gov.au/ausstats/subscriber.nsf/0/65DB44D4461F26D7CA2582D5001335D9/$File/65230do012_201516.002.xls,"Table 12.1 INCOME DISTRIBUTION, Age of reference person",Table 12.1!B29,OK,percentile boundary within this age group
HIW4-2015-16-T12.1-00092,4,"Household Income and Wealth, Australia, 2015-16 (ABS cat. 6523.0)",2018-07-26,2015-16,2015-07-01,2016-06-30,,INC_EQUIVALISED_DISPOSABLE_WEEKLY_PCTL,Weekly equivalised disposable household income at top of selected percentile (10th (P10)),p10,441,AUD_per_week,2015-16 dollars (survey year; table states no CPI adjustment),households by age of reference person,Australia,25-34,,,,,,P10,2015-16/65230do012_201516.002.xls,https://www.ausstats.abs.gov.au/ausstats/subscriber.nsf/0/65DB44D4461F26D7CA2582D5001335D9/$File/65230do012_201516.002.xls,"Table 12.1 INCOME DISTRIBUTION, Age of reference person",Table 12.1!C29,OK,percentile boundary within this age group
HIW4-2015-16-T12.1-00093,4,"Household Income and Wealth, Australia, 2015-16 (ABS cat. 6523.0)",2018-07-26,2015-16,2015-07-01,2016-06-30,,INC_EQUIVALISED_DISPOSABLE_WEEKLY_PCTL,Weekly equivalised disposable household income at top of selected percentile (10th (P10)),p10,449,AUD_per_week,2015-16 dollars (survey year; table states no CPI adjustment),households by age of reference person,Australia,35-44,,,,,,P10,2015-16/65230do012_201516.002.xls,https://www.ausstats.abs.gov.au/ausstats/subscriber.nsf/0/65DB44D4461F26D7CA2582D5001335D9/$File/65230do012_201516.002.xls,"Table 12.1 INCOME DISTRIBUTION, Age of reference person",Table 12.1!D29,OK,percentile boundary within this age group
HIW4-2015-16-T12.1-00094,4,"Household Income and Wealth, Australia, 2015-16 (ABS cat. 6523.0)",2018-07-26,2015-16,2015-07-01,2016-06-30,,INC_EQUIVALISED_DISPOSABLE_WEEKLY_PCTL,Weekly equivalised disposable household income at top of selected percentile (10th (P10)),p10,431,AUD_per_week,2015-16 dollars (survey year; table states no CPI adjustment),households by age of reference person,Australia,45-54,,,,,,P10,2015-16/65230do012_201516.002.xls,https://www.ausstats.abs.gov.au/ausstats/subscriber.nsf/0/65DB44D4461F26D7CA2582D5001335D9/$File/65230do012_201516.002.xls,"Table 12.1 INCOME DISTRIBUTION, Age of reference person",Table 12.1!E29,OK,percentile boundary within this age group
HIW4-2015-16-T12.1-00095,4,"Household Income and Wealth, Australia, 2015-16 (ABS cat. 6523.0)",2018-07-26,2015-16,2015-07-01,2016-06-30,,INC_EQUIVALISED_DISPOSABLE_WEEKLY_PCTL,Weekly equivalised disposable household income at top of selected percentile (10th (P10)),p10,437,AUD_per_week,2015-16 dollars (survey year; table states no CPI adjustment),households by age of reference person,Australia,55-64,,,,,,P10,2015-16/65230do012_201516.002.xls,https://www.ausstats.abs.gov.au/ausstats/subscriber.nsf/0/65DB44D4461F26D7CA2582D5001335D9/$File/65230do012_201516.002.xls,"Table 12.1 INCOME DISTRIBUTION, Age of reference person",Table 12.1!F29,OK,percentile boundary within this age group
HIW4-2015-16-T12.1-00096,4,"Household Income and Wealth, Australia, 2015-16 (ABS cat. 6523.0)",2018-07-26,2015-16,2015-07-01,2016-06-30,,INC_EQUIVALISED_DISPOSABLE_WEEKLY_PCTL,Weekly equivalised disposable household income at top of selected percentile (10th (P10)),p10,429,AUD_per_week,2015-16 dollars (survey year; table states no CPI adjustment),households by age of reference person,Australia,65-74,,,,,,P10,2015-16/65230do012_201516.002.xls,https://www.ausstats.abs.gov.au/ausstats/subscriber.nsf/0/65DB44D4461F26D7CA2582D5001335D9/$File/65230do012_201516.002.xls,"Table 12.1 INCOME DISTRIBUTION, Age of reference person",Table 12.1!G29,OK,percentile boundary within this age group
HIW4-2015-16-T12.1-00097,4,"Household Income and Wealth, Australia, 2015-16 (ABS cat. 6523.0)",2018-07-26,2015-16,2015-07-01,2016-06-30,,INC_EQUIVALISED_DISPOSABLE_WEEKLY_PCTL,Weekly equivalised disposable household income at top of selected percentile (10th (P10)),p10,425,AUD_per_week,2015-16 dollars (survey year; table states no CPI adjustment),households by age of reference person,Australia,75 and over,,,,,,P10,2015-16/65230do012_201516.002.xls,https://www.ausstats.abs.gov.au/ausstats/subscriber.nsf/0/65DB44D4461F26D7CA2582D5001335D9/$File/65230do012_201516.002.xls,"Table 12.1 INCOME DISTRIBUTION, Age of reference person",Table 12.1!H29,OK,percentile boundary within this age group
HIW4-2015-16-T12.1-00098,4,"Household Income and Wealth, Australia, 2015-16 (ABS cat. 6523.0)",2018-07-26,2015-16,2015-07-01,2016-06-30,,INC_EQUIVALISED_DISPOSABLE_WEEKLY_PCTL,Weekly equivalised disposable household income at top of selected percentile (10th (P10)),p10,426,AUD_per_week,2015-16 dollars (survey year; table states no CPI adjustment),households by age of reference person,Australia,65 years and over,,,,,,P10,2015-16/65230do012_201516.002.xls,https://www.ausstats.abs.gov.au/ausstats/subscriber.nsf/0/65DB44D4461F26D7CA2582D5001335D9/$File/65230do012_201516.002.xls,"Table 12.1 INCOME DISTRIBUTION, Age of reference person",Table 12.1!I29,OK,percentile boundary within this age group
HIW4-2015-16-T12.1-00099,4,"Household Income and Wealth, Australia, 2015-16 (ABS cat. 6523.0)",2018-07-26,2015-16,2015-07-01,2016-06-30,,INC_EQUIVALISED_DISPOSABLE_WEEKLY_PCTL,Weekly equivalised disposable household income at top of selected percentile (10th (P10)),p10,436,AUD_per_week,2015-16 dollars (survey year; table states no CPI adjustment),all households,Australia,All households,,,,,,P10,2015-16/65230do012_201516.002.xls,https://www.ausstats.abs.gov.au/ausstats/subscriber.nsf/0/65DB44D4461F26D7CA2582D5001335D9/$File/65230do012_201516.002.xls,"Table 12.1 INCOME DISTRIBUTION, Age of reference person",Table 12.1!J29,OK,percentile boundary within this age group
HIW4-2015-16-T12.1-00100,4,"Household Income and Wealth, Australia, 2015-16 (ABS cat. 6523.0)",2018-07-26,2015-16,2015-07-01,2016-06-30,,INC_EQUIVALISED_DISPOSABLE_WEEKLY_PCTL,Weekly equivalised disposable household income at top of selected percentile (20th (P20)),p20,483,AUD_per_week,2015-16 dollars (survey year; table states no CPI adjustment),households by age of reference person,Australia,15-24,,,,,,P20,2015-16/65230do012_201516.002.xls,https://www.ausstats.abs.gov.au/ausstats/subscriber.nsf/0/65DB44D4461F26D7CA2582D5001335D9/$File/65230do012_201516.002.xls,"Table 12.1 INCOME DISTRIBUTION, Age of reference person",Table 12.1!B30,OK,percentile boundary within this age group
HIW4-2015-16-T12.1-00101,4,"Household Income and Wealth, Australia, 2015-16 (ABS cat. 6523.0)",2018-07-26,2015-16,2015-07-01,2016-06-30,,INC_EQUIVALISED_DISPOSABLE_WEEKLY_PCTL,Weekly equivalised disposable household income at top of selected percentile (20th (P20)),p20,565,AUD_per_week,2015-16 dollars (survey year; table states no CPI adjustment),households by age of reference person,Australia,25-34,,,,,,P20,2015-16/65230do012_201516.002.xls,https://www.ausstats.abs.gov.au/ausstats/subscriber.nsf/0/65DB44D4461F26D7CA2582D5001335D9/$File/65230do012_201516.002.xls,"Table 12.1 INCOME DISTRIBUTION, Age of reference person",Table 12.1!C30,OK,percentile boundary within this age group
HIW4-2015-16-T12.1-00102,4,"Household Income and Wealth, Australia, 2015-16 (ABS cat. 6523.0)",2018-07-26,2015-16,2015-07-01,2016-06-30,,INC_EQUIVALISED_DISPOSABLE_WEEKLY_PCTL,Weekly equivalised disposable household income at top of selected percentile (20th (P20)),p20,571,AUD_per_week,2015-16 dollars (survey year; table states no CPI adjustment),households by age of reference person,Australia,35-44,,,,,,P20,2015-16/65230do012_201516.002.xls,https://www.ausstats.abs.gov.au/ausstats/subscriber.nsf/0/65DB44D4461F26D7CA2582D5001335D9/$File/65230do012_201516.002.xls,"Table 12.1 INCOME DISTRIBUTION, Age of reference person",Table 12.1!D30,OK,percentile boundary within this age group
HIW4-2015-16-T12.1-00103,4,"Household Income and Wealth, Australia, 2015-16 (ABS cat. 6523.0)",2018-07-26,2015-16,2015-07-01,2016-06-30,,INC_EQUIVALISED_DISPOSABLE_WEEKLY_PCTL,Weekly equivalised disposable household income at top of selected percentile (20th (P20)),p20,558,AUD_per_week,2015-16 dollars (survey year; table states no CPI adjustment),households by age of reference person,Australia,45-54,,,,,,P20,2015-16/65230do012_201516.002.xls,https://www.ausstats.abs.gov.au/ausstats/subscriber.nsf/0/65DB44D4461F26D7CA2582D5001335D9/$File/65230do012_201516.002.xls,"Table 12.1 INCOME DISTRIBUTION, Age of reference person",Table 12.1!E30,OK,percentile boundary within this age group
HIW4-2015-16-T12.1-00104,4,"Household Income and Wealth, Australia, 2015-16 (ABS cat. 6523.0)",2018-07-26,2015-16,2015-07-01,2016-06-30,,INC_EQUIVALISED_DISPOSABLE_WEEKLY_PCTL,Weekly equivalised disposable household income at top of selected percentile (20th (P20)),p20,581,AUD_per_week,2015-16 dollars (survey year; table states no CPI adjustment),households by age of reference person,Australia,55-64,,,,,,P20,2015-16/65230do012_201516.002.xls,https://www.ausstats.abs.gov.au/ausstats/subscriber.nsf/0/65DB44D4461F26D7CA2582D5001335D9/$File/65230do012_201516.002.xls,"Table 12.1 INCOME DISTRIBUTION, Age of reference person",Table 12.1!F30,OK,percentile boundary within this age group
HIW4-2015-16-T12.1-00105,4,"Household Income and Wealth, Australia, 2015-16 (ABS cat. 6523.0)",2018-07-26,2015-16,2015-07-01,2016-06-30,,INC_EQUIVALISED_DISPOSABLE_WEEKLY_PCTL,Weekly equivalised disposable household income at top of selected percentile (20th (P20)),p20,460,AUD_per_week,2015-16 dollars (survey year; table states no CPI adjustment),households by age of reference person,Australia,65-74,,,,,,P20,2015-16/65230do012_201516.002.xls,https://www.ausstats.abs.gov.au/ausstats/subscriber.nsf/0/65DB44D4461F26D7CA2582D5001335D9/$File/65230do012_201516.002.xls,"Table 12.1 INCOME DISTRIBUTION, Age of reference person",Table 12.1!G30,OK,percentile boundary within this age group
HIW4-2015-16-T12.1-00106,4,"Household Income and Wealth, Australia, 2015-16 (ABS cat. 6523.0)",2018-07-26,2015-16,2015-07-01,2016-06-30,,INC_EQUIVALISED_DISPOSABLE_WEEKLY_PCTL,Weekly equivalised disposable household income at top of selected percentile (20th (P20)),p20,440,AUD_per_week,2015-16 dollars (survey year; table states no CPI adjustment),households by age of reference person,Australia,75 and over,,,,,,P20,2015-16/65230do012_201516.002.xls,https://www.ausstats.abs.gov.au/ausstats/subscriber.nsf/0/65DB44D4461F26D7CA2582D5001335D9/$File/65230do012_201516.002.xls,"Table 12.1 INCOME DISTRIBUTION, Age of reference person",Table 12.1!H30,OK,percentile boundary within this age group
HIW4-2015-16-T12.1-00107,4,"Household Income and Wealth, Australia, 2015-16 (ABS cat. 6523.0)",2018-07-26,2015-16,2015-07-01,2016-06-30,,INC_EQUIVALISED_DISPOSABLE_WEEKLY_PCTL,Weekly equivalised disposable household income at top of selected percentile (20th (P20)),p20,446,AUD_per_week,2015-16 dollars (survey year; table states no CPI adjustment),households by age of reference person,Australia,65 years and over,,,,,,P20,2015-16/65230do012_201516.002.xls,https://www.ausstats.abs.gov.au/ausstats/subscriber.nsf/0/65DB44D4461F26D7CA2582D5001335D9/$File/65230do012_201516.002.xls,"Table 12.1 INCOME DISTRIBUTION, Age of reference person",Table 12.1!I30,OK,percentile boundary within this age group
HIW4-2015-16-T12.1-00108,4,"Household Income and Wealth, Australia, 2015-16 (ABS cat. 6523.0)",2018-07-26,2015-16,2015-07-01,2016-06-30,,INC_EQUIVALISED_DISPOSABLE_WEEKLY_PCTL,Weekly equivalised disposable household income at top of selected percentile (20th (P20)),p20,523,AUD_per_week,2015-16 dollars (survey year; table states no CPI adjustment),all households,Australia,All households,,,,,,P20,2015-16/65230do012_201516.002.xls,https://www.ausstats.abs.gov.au/ausstats/subscriber.nsf/0/65DB44D4461F26D7CA2582D5001335D9/$File/65230do012_201516.002.xls,"Table 12.1 INCOME DISTRIBUTION, Age of reference person",Table 12.1!J30,OK,percentile boundary within this age group
HIW4-2015-16-T12.1-00109,4,"Household Income and Wealth, Australia, 2015-16 (ABS cat. 6523.0)",2018-07-26,2015-16,2015-07-01,2016-06-30,,INC_EQUIVALISED_DISPOSABLE_WEEKLY_PCTL,Weekly equivalised disposable household income at top of selected percentile (30th (P30)),threshold,544,AUD_per_week,2015-16 dollars (survey year; table states no CPI adjustment),households by age of reference person,Australia,15-24,,,,,,P30,2015-16/65230do012_201516.002.xls,https://www.ausstats.abs.gov.au/ausstats/subscriber.nsf/0/65DB44D4461F26D7CA2582D5001335D9/$File/65230do012_201516.002.xls,"Table 12.1 INCOME DISTRIBUTION, Age of reference person",Table 12.1!B31,OK,percentile boundary within this age group
HIW4-2015-16-T12.1-00110,4,"Household Income and Wealth, Australia, 2015-16 (ABS cat. 6523.0)",2018-07-26,2015-16,2015-07-01,2016-06-30,,INC_EQUIVALISED_DISPOSABLE_WEEKLY_PCTL,Weekly equivalised disposable household income at top of selected percentile (30th (P30)),threshold,677,AUD_per_week,2015-16 dollars (survey year; table states no CPI adjustment),households by age of reference person,Australia,25-34,,,,,,P30,2015-16/65230do012_201516.002.xls,https://www.ausstats.abs.gov.au/ausstats/subscriber.nsf/0/65DB44D4461F26D7CA2582D5001335D9/$File/65230do012_201516.002.xls,"Table 12.1 INCOME DISTRIBUTION, Age of reference person",Table 12.1!C31,OK,percentile boundary within this age group
HIW4-2015-16-T12.1-00111,4,"Household Income and Wealth, Australia, 2015-16 (ABS cat. 6523.0)",2018-07-26,2015-16,2015-07-01,2016-06-30,,INC_EQUIVALISED_DISPOSABLE_WEEKLY_PCTL,Weekly equivalised disposable household income at top of selected percentile (30th (P30)),threshold,674,AUD_per_week,2015-16 dollars (survey year; table states no CPI adjustment),households by age of reference person,Australia,35-44,,,,,,P30,2015-16/65230do012_201516.002.xls,https://www.ausstats.abs.gov.au/ausstats/subscriber.nsf/0/65DB44D4461F26D7CA2582D5001335D9/$File/65230do012_201516.002.xls,"Table 12.1 INCOME DISTRIBUTION, Age of reference person",Table 12.1!D31,OK,percentile boundary within this age group
HIW4-2015-16-T12.1-00112,4,"Household Income and Wealth, Australia, 2015-16 (ABS cat. 6523.0)",2018-07-26,2015-16,2015-07-01,2016-06-30,,INC_EQUIVALISED_DISPOSABLE_WEEKLY_PCTL,Weekly equivalised disposable household income at top of selected percentile (30th (P30)),threshold,687,AUD_per_week,2015-16 dollars (survey year; table states no CPI adjustment),households by age of reference person,Australia,45-54,,,,,,P30,2015-16/65230do012_201516.002.xls,https://www.ausstats.abs.gov.au/ausstats/subscriber.nsf/0/65DB44D4461F26D7CA2582D5001335D9/$File/65230do012_201516.002.xls,"Table 12.1 INCOME DISTRIBUTION, Age of reference person",Table 12.1!E31,OK,percentile boundary within this age group
HIW4-2015-16-T12.1-00113,4,"Household Income and Wealth, Australia, 2015-16 (ABS cat. 6523.0)",2018-07-26,2015-16,2015-07-01,2016-06-30,,INC_EQUIVALISED_DISPOSABLE_WEEKLY_PCTL,Weekly equivalised disposable household income at top of selected percentile (30th (P30)),threshold,711,AUD_per_week,2015-16 dollars (survey year; table states no CPI adjustment),households by age of reference person,Australia,55-64,,,,,,P30,2015-16/65230do012_201516.002.xls,https://www.ausstats.abs.gov.au/ausstats/subscriber.nsf/0/65DB44D4461F26D7CA2582D5001335D9/$File/65230do012_201516.002.xls,"Table 12.1 INCOME DISTRIBUTION, Age of reference person",Table 12.1!F31,OK,percentile boundary within this age group
HIW4-2015-16-T12.1-00114,4,"Household Income and Wealth, Australia, 2015-16 (ABS cat. 6523.0)",2018-07-26,2015-16,2015-07-01,2016-06-30,,INC_EQUIVALISED_DISPOSABLE_WEEKLY_PCTL,Weekly equivalised disposable household income at top of selected percentile (30th (P30)),threshold,515,AUD_per_week,2015-16 dollars (survey year; table states no CPI adjustment),households by age of reference person,Australia,65-74,,,,,,P30,2015-16/65230do012_201516.002.xls,https://www.ausstats.abs.gov.au/ausstats/subscriber.nsf/0/65DB44D4461F26D7CA2582D5001335D9/$File/65230do012_201516.002.xls,"Table 12.1 INCOME DISTRIBUTION, Age of reference person",Table 12.1!G31,OK,percentile boundary within this age group
HIW4-2015-16-T12.1-00115,4,"Household Income and Wealth, Australia, 2015-16 (ABS cat. 6523.0)",2018-07-26,2015-16,2015-07-01,2016-06-30,,INC_EQUIVALISED_DISPOSABLE_WEEKLY_PCTL,Weekly equivalised disposable household income at top of selected percentile (30th (P30)),threshold,458,AUD_per_week,2015-16 dollars (survey year; table states no CPI adjustment),households by age of reference person,Australia,75 and over,,,,,,P30,2015-16/65230do012_201516.002.xls,https://www.ausstats.abs.gov.au/ausstats/subscriber.nsf/0/65DB44D4461F26D7CA2582D5001335D9/$File/65230do012_201516.002.xls,"Table 12.1 INCOME DISTRIBUTION, Age of reference person",Table 12.1!H31,OK,percentile boundary within this age group
HIW4-2015-16-T12.1-00116,4,"Household Income and Wealth, Australia, 2015-16 (ABS cat. 6523.0)",2018-07-26,2015-16,2015-07-01,2016-06-30,,INC_EQUIVALISED_DISPOSABLE_WEEKLY_PCTL,Weekly equivalised disposable household income at top of selected percentile (30th (P30)),threshold,487,AUD_per_week,2015-16 dollars (survey year; table states no CPI adjustment),households by age of reference person,Australia,65 years and over,,,,,,P30,2015-16/65230do012_201516.002.xls,https://www.ausstats.abs.gov.au/ausstats/subscriber.nsf/0/65DB44D4461F26D7CA2582D5001335D9/$File/65230do012_201516.002.xls,"Table 12.1 INCOME DISTRIBUTION, Age of reference person",Table 12.1!I31,OK,percentile boundary within this age group
HIW4-2015-16-T12.1-00117,4,"Household Income and Wealth, Australia, 2015-16 (ABS cat. 6523.0)",2018-07-26,2015-16,2015-07-01,2016-06-30,,INC_EQUIVALISED_DISPOSABLE_WEEKLY_PCTL,Weekly equivalised disposable household income at top of selected percentile (30th (P30)),threshold,635,AUD_per_week,2015-16 dollars (survey year; table states no CPI adjustment),all households,Australia,All households,,,,,,P30,2015-16/65230do012_201516.002.xls,https://www.ausstats.abs.gov.au/ausstats/subscriber.nsf/0/65DB44D4461F26D7CA2582D5001335D9/$File/65230do012_201516.002.xls,"Table 12.1 INCOME DISTRIBUTION, Age of reference person",Table 12.1!J31,OK,percentile boundary within this age group
HIW4-2015-16-T12.1-00118,4,"Household Income and Wealth, Australia, 2015-16 (ABS cat. 6523.0)",2018-07-26,2015-16,2015-07-01,2016-06-30,,INC_EQUIVALISED_DISPOSABLE_WEEKLY_PCTL,Weekly equivalised disposable household income at top of selected percentile (40th (P40)),threshold,661,AUD_per_week,2015-16 dollars (survey year; table states no CPI adjustment),households by age of reference person,Australia,15-24,,,,,,P40,2015-16/65230do012_201516.002.xls,https://www.ausstats.abs.gov.au/ausstats/subscriber.nsf/0/65DB44D4461F26D7CA2582D5001335D9/$File/65230do012_201516.002.xls,"Table 12.1 INCOME DISTRIBUTION, Age of reference person",Table 12.1!B32,OK,percentile boundary within this age group
HIW4-2015-16-T12.1-00119,4,"Household Income and Wealth, Australia, 2015-16 (ABS cat. 6523.0)",2018-07-26,2015-16,2015-07-01,2016-06-30,,INC_EQUIVALISED_DISPOSABLE_WEEKLY_PCTL,Weekly equivalised disposable household income at top of selected percentile (40th (P40)),threshold,776,AUD_per_week,2015-16 dollars (survey year; table states no CPI adjustment),households by age of reference person,Australia,25-34,,,,,,P40,2015-16/65230do012_201516.002.xls,https://www.ausstats.abs.gov.au/ausstats/subscriber.nsf/0/65DB44D4461F26D7CA2582D5001335D9/$File/65230do012_201516.002.xls,"Table 12.1 INCOME DISTRIBUTION, Age of reference person",Table 12.1!C32,OK,percentile boundary within this age group
HIW4-2015-16-T12.1-00120,4,"Household Income and Wealth, Australia, 2015-16 (ABS cat. 6523.0)",2018-07-26,2015-16,2015-07-01,2016-06-30,,INC_EQUIVALISED_DISPOSABLE_WEEKLY_PCTL,Weekly equivalised disposable household income at top of selected percentile (40th (P40)),threshold,773,AUD_per_week,2015-16 dollars (survey year; table states no CPI adjustment),households by age of reference person,Australia,35-44,,,,,,P40,2015-16/65230do012_201516.002.xls,https://www.ausstats.abs.gov.au/ausstats/subscriber.nsf/0/65DB44D4461F26D7CA2582D5001335D9/$File/65230do012_201516.002.xls,"Table 12.1 INCOME DISTRIBUTION, Age of reference person",Table 12.1!D32,OK,percentile boundary within this age group
HIW4-2015-16-T12.1-00121,4,"Household Income and Wealth, Australia, 2015-16 (ABS cat. 6523.0)",2018-07-26,2015-16,2015-07-01,2016-06-30,,INC_EQUIVALISED_DISPOSABLE_WEEKLY_PCTL,Weekly equivalised disposable household income at top of selected percentile (40th (P40)),threshold,810,AUD_per_week,2015-16 dollars (survey year; table states no CPI adjustment),households by age of reference person,Australia,45-54,,,,,,P40,2015-16/65230do012_201516.002.xls,https://www.ausstats.abs.gov.au/ausstats/subscriber.nsf/0/65DB44D4461F26D7CA2582D5001335D9/$File/65230do012_201516.002.xls,"Table 12.1 INCOME DISTRIBUTION, Age of reference person",Table 12.1!E32,OK,percentile boundary within this age group
HIW4-2015-16-T12.1-00122,4,"Household Income and Wealth, Australia, 2015-16 (ABS cat. 6523.0)",2018-07-26,2015-16,2015-07-01,2016-06-30,,INC_EQUIVALISED_DISPOSABLE_WEEKLY_PCTL,Weekly equivalised disposable household income at top of selected percentile (40th (P40)),threshold,845,AUD_per_week,2015-16 dollars (survey year; table states no CPI adjustment),households by age of reference person,Australia,55-64,,,,,,P40,2015-16/65230do012_201516.002.xls,https://www.ausstats.abs.gov.au/ausstats/subscriber.nsf/0/65DB44D4461F26D7CA2582D5001335D9/$File/65230do012_201516.002.xls,"Table 12.1 INCOME DISTRIBUTION, Age of reference person",Table 12.1!F32,OK,percentile boundary within this age group
HIW4-2015-16-T12.1-00123,4,"Household Income and Wealth, Australia, 2015-16 (ABS cat. 6523.0)",2018-07-26,2015-16,2015-07-01,2016-06-30,,INC_EQUIVALISED_DISPOSABLE_WEEKLY_PCTL,Weekly equivalised disposable household income at top of selected percentile (40th (P40)),threshold,595,AUD_per_week,2015-16 dollars (survey year; table states no CPI adjustment),households by age of reference person,Australia,65-74,,,,,,P40,2015-16/65230do012_201516.002.xls,https://www.ausstats.abs.gov.au/ausstats/subscriber.nsf/0/65DB44D4461F26D7CA2582D5001335D9/$File/65230do012_201516.002.xls,"Table 12.1 INCOME DISTRIBUTION, Age of reference person",Table 12.1!G32,OK,percentile boundary within this age group
HIW4-2015-16-T12.1-00124,4,"Household Income and Wealth, Australia, 2015-16 (ABS cat. 6523.0)",2018-07-26,2015-16,2015-07-01,2016-06-30,,INC_EQUIVALISED_DISPOSABLE_WEEKLY_PCTL,Weekly equivalised disposable household income at top of selected percentile (40th (P40)),threshold,495,AUD_per_week,2015-16 dollars (survey year; table states no CPI adjustment),households by age of reference person,Australia,75 and over,,,,,,P40,2015-16/65230do012_201516.002.xls,https://www.ausstats.abs.gov.au/ausstats/subscriber.nsf/0/65DB44D4461F26D7CA2582D5001335D9/$File/65230do012_201516.002.xls,"Table 12.1 INCOME DISTRIBUTION, Age of reference person",Table 12.1!H32,OK,percentile boundary within this age group
HIW4-2015-16-T12.1-00125,4,"Household Income and Wealth, Australia, 2015-16 (ABS cat. 6523.0)",2018-07-26,2015-16,2015-07-01,2016-06-30,,INC_EQUIVALISED_DISPOSABLE_WEEKLY_PCTL,Weekly equivalised disposable household income at top of selected percentile (40th (P40)),threshold,544,AUD_per_week,2015-16 dollars (survey year; table states no CPI adjustment),households by age of reference person,Australia,65 years and over,,,,,,P40,2015-16/65230do012_201516.002.xls,https://www.ausstats.abs.gov.au/ausstats/subscriber.nsf/0/65DB44D4461F26D7CA2582D5001335D9/$File/65230do012_201516.002.xls,"Table 12.1 INCOME DISTRIBUTION, Age of reference person",Table 12.1!I32,OK,percentile boundary within this age group
HIW4-2015-16-T12.1-00126,4,"Household Income and Wealth, Australia, 2015-16 (ABS cat. 6523.0)",2018-07-26,2015-16,2015-07-01,2016-06-30,,INC_EQUIVALISED_DISPOSABLE_WEEKLY_PCTL,Weekly equivalised disposable household income at top of selected percentile (40th (P40)),threshold,737,AUD_per_week,2015-16 dollars (survey year; table states no CPI adjustment),all households,Australia,All households,,,,,,P40,2015-16/65230do012_201516.002.xls,https://www.ausstats.abs.gov.au/ausstats/subscriber.nsf/0/65DB44D4461F26D7CA2582D5001335D9/$File/65230do012_201516.002.xls,"Table 12.1 INCOME DISTRIBUTION, Age of reference person",Table 12.1!J32,OK,percentile boundary within this age group
HIW4-2015-16-T12.1-00127,4,"Household Income and Wealth, Australia, 2015-16 (ABS cat. 6523.0)",2018-07-26,2015-16,2015-07-01,2016-06-30,,INC_EQUIVALISED_DISPOSABLE_WEEKLY_PCTL,Weekly equivalised disposable household income at top of selected percentile (50th (P50)),p50,797,AUD_per_week,2015-16 dollars (survey year; table states no CPI adjustment),households by age of reference person,Australia,15-24,,,,,,P50,2015-16/65230do012_201516.002.xls,https://www.ausstats.abs.gov.au/ausstats/subscriber.nsf/0/65DB44D4461F26D7CA2582D5001335D9/$File/65230do012_201516.002.xls,"Table 12.1 INCOME DISTRIBUTION, Age of reference person",Table 12.1!B33,OK,percentile boundary within this age group
HIW4-2015-16-T12.1-00128,4,"Household Income and Wealth, Australia, 2015-16 (ABS cat. 6523.0)",2018-07-26,2015-16,2015-07-01,2016-06-30,,INC_EQUIVALISED_DISPOSABLE_WEEKLY_PCTL,Weekly equivalised disposable household income at top of selected percentile (50th (P50)),p50,894,AUD_per_week,2015-16 dollars (survey year; table states no CPI adjustment),households by age of reference person,Australia,25-34,,,,,,P50,2015-16/65230do012_201516.002.xls,https://www.ausstats.abs.gov.au/ausstats/subscriber.nsf/0/65DB44D4461F26D7CA2582D5001335D9/$File/65230do012_201516.002.xls,"Table 12.1 INCOME DISTRIBUTION, Age of reference person",Table 12.1!C33,OK,percentile boundary within this age group
HIW4-2015-16-T12.1-00129,4,"Household Income and Wealth, Australia, 2015-16 (ABS cat. 6523.0)",2018-07-26,2015-16,2015-07-01,2016-06-30,,INC_EQUIVALISED_DISPOSABLE_WEEKLY_PCTL,Weekly equivalised disposable household income at top of selected percentile (50th (P50)),p50,881,AUD_per_week,2015-16 dollars (survey year; table states no CPI adjustment),households by age of reference person,Australia,35-44,,,,,,P50,2015-16/65230do012_201516.002.xls,https://www.ausstats.abs.gov.au/ausstats/subscriber.nsf/0/65DB44D4461F26D7CA2582D5001335D9/$File/65230do012_201516.002.xls,"Table 12.1 INCOME DISTRIBUTION, Age of reference person",Table 12.1!D33,OK,percentile boundary within this age group
HIW4-2015-16-T12.1-00130,4,"Household Income and Wealth, Australia, 2015-16 (ABS cat. 6523.0)",2018-07-26,2015-16,2015-07-01,2016-06-30,,INC_EQUIVALISED_DISPOSABLE_WEEKLY_PCTL,Weekly equivalised disposable household income at top of selected percentile (50th (P50)),p50,920,AUD_per_week,2015-16 dollars (survey year; table states no CPI adjustment),households by age of reference person,Australia,45-54,,,,,,P50,2015-16/65230do012_201516.002.xls,https://www.ausstats.abs.gov.au/ausstats/subscriber.nsf/0/65DB44D4461F26D7CA2582D5001335D9/$File/65230do012_201516.002.xls,"Table 12.1 INCOME DISTRIBUTION, Age of reference person",Table 12.1!E33,OK,percentile boundary within this age group
HIW4-2015-16-T12.1-00131,4,"Household Income and Wealth, Australia, 2015-16 (ABS cat. 6523.0)",2018-07-26,2015-16,2015-07-01,2016-06-30,,INC_EQUIVALISED_DISPOSABLE_WEEKLY_PCTL,Weekly equivalised disposable household income at top of selected percentile (50th (P50)),p50,1014,AUD_per_week,2015-16 dollars (survey year; table states no CPI adjustment),households by age of reference person,Australia,55-64,,,,,,P50,2015-16/65230do012_201516.002.xls,https://www.ausstats.abs.gov.au/ausstats/subscriber.nsf/0/65DB44D4461F26D7CA2582D5001335D9/$File/65230do012_201516.002.xls,"Table 12.1 INCOME DISTRIBUTION, Age of reference person",Table 12.1!F33,OK,percentile boundary within this age group
HIW4-2015-16-T12.1-00132,4,"Household Income and Wealth, Australia, 2015-16 (ABS cat. 6523.0)",2018-07-26,2015-16,2015-07-01,2016-06-30,,INC_EQUIVALISED_DISPOSABLE_WEEKLY_PCTL,Weekly equivalised disposable household income at top of selected percentile (50th (P50)),p50,686,AUD_per_week,2015-16 dollars (survey year; table states no CPI adjustment),households by age of reference person,Australia,65-74,,,,,,P50,2015-16/65230do012_201516.002.xls,https://www.ausstats.abs.gov.au/ausstats/subscriber.nsf/0/65DB44D4461F26D7CA2582D5001335D9/$File/65230do012_201516.002.xls,"Table 12.1 INCOME DISTRIBUTION, Age of reference person",Table 12.1!G33,OK,percentile boundary within this age group
HIW4-2015-16-T12.1-00133,4,"Household Income and Wealth, Australia, 2015-16 (ABS cat. 6523.0)",2018-07-26,2015-16,2015-07-01,2016-06-30,,INC_EQUIVALISED_DISPOSABLE_WEEKLY_PCTL,Weekly equivalised disposable household income at top of selected percentile (50th (P50)),p50,549,AUD_per_week,2015-16 dollars (survey year; table states no CPI adjustment),households by age of reference person,Australia,75 and over,,,,,,P50,2015-16/65230do012_201516.002.xls,https://www.ausstats.abs.gov.au/ausstats/subscriber.nsf/0/65DB44D4461F26D7CA2582D5001335D9/$File/65230do012_201516.002.xls,"Table 12.1 INCOME DISTRIBUTION, Age of reference person",Table 12.1!H33,OK,percentile boundary within this age group
HIW4-2015-16-T12.1-00134,4,"Household Income and Wealth, Australia, 2015-16 (ABS cat. 6523.0)",2018-07-26,2015-16,2015-07-01,2016-06-30,,INC_EQUIVALISED_DISPOSABLE_WEEKLY_PCTL,Weekly equivalised disposable household income at top of selected percentile (50th (P50)),p50,618,AUD_per_week,2015-16 dollars (survey year; table states no CPI adjustment),households by age of reference person,Australia,65 years and over,,,,,,P50,2015-16/65230do012_201516.002.xls,https://www.ausstats.abs.gov.au/ausstats/subscriber.nsf/0/65DB44D4461F26D7CA2582D5001335D9/$File/65230do012_201516.002.xls,"Table 12.1 INCOME DISTRIBUTION, Age of reference person",Table 12.1!I33,OK,percentile boundary within this age group
HIW4-2015-16-T12.1-00135,4,"Household Income and Wealth, Australia, 2015-16 (ABS cat. 6523.0)",2018-07-26,2015-16,2015-07-01,2016-06-30,,INC_EQUIVALISED_DISPOSABLE_WEEKLY_PCTL,Weekly equivalised disposable household income at top of selected percentile (50th (P50)),p50,853,AUD_per_week,2015-16 dollars (survey year; table states no CPI adjustment),all households,Australia,All households,,,,,,P50,2015-16/65230do012_201516.002.xls,https://www.ausstats.abs.gov.au/ausstats/subscriber.nsf/0/65DB44D4461F26D7CA2582D5001335D9/$File/65230do012_201516.002.xls,"Table 12.1 INCOME DISTRIBUTION, Age of reference person",Table 12.1!J33,OK,percentile boundary within this age group
HIW4-2015-16-T12.1-00136,4,"Household Income and Wealth, Australia, 2015-16 (ABS cat. 6523.0)",2018-07-26,2015-16,2015-07-01,2016-06-30,,INC_EQUIVALISED_DISPOSABLE_WEEKLY_PCTL,Weekly equivalised disposable household income at top of selected percentile (60th (P60)),threshold,910,AUD_per_week,2015-16 dollars (survey year; table states no CPI adjustment),households by age of reference person,Australia,15-24,,,,,,P60,2015-16/65230do012_201516.002.xls,https://www.ausstats.abs.gov.au/ausstats/subscriber.nsf/0/65DB44D4461F26D7CA2582D5001335D9/$File/65230do012_201516.002.xls,"Table 12.1 INCOME DISTRIBUTION, Age of reference person",Table 12.1!B34,OK,percentile boundary within this age group
HIW4-2015-16-T12.1-00137,4,"Household Income and Wealth, Australia, 2015-16 (ABS cat. 6523.0)",2018-07-26,2015-16,2015-07-01,2016-06-30,,INC_EQUIVALISED_DISPOSABLE_WEEKLY_PCTL,Weekly equivalised disposable household income at top of selected percentile (60th (P60)),threshold,1034,AUD_per_week,2015-16 dollars (survey year; table states no CPI adjustment),households by age of reference person,Australia,25-34,,,,,,P60,2015-16/65230do012_201516.002.xls,https://www.ausstats.abs.gov.au/ausstats/subscriber.nsf/0/65DB44D4461F26D7CA2582D5001335D9/$File/65230do012_201516.002.xls,"Table 12.1 INCOME DISTRIBUTION, Age of reference person",Table 12.1!C34,OK,percentile boundary within this age group
HIW4-2015-16-T12.1-00138,4,"Household Income and Wealth, Australia, 2015-16 (ABS cat. 6523.0)",2018-07-26,2015-16,2015-07-01,2016-06-30,,INC_EQUIVALISED_DISPOSABLE_WEEKLY_PCTL,Weekly equivalised disposable household income at top of selected percentile (60th (P60)),threshold,999,AUD_per_week,2015-16 dollars (survey year; table states no CPI adjustment),households by age of reference person,Australia,35-44,,,,,,P60,2015-16/65230do012_201516.002.xls,https://www.ausstats.abs.gov.au/ausstats/subscriber.nsf/0/65DB44D4461F26D7CA2582D5001335D9/$File/65230do012_201516.002.xls,"Table 12.1 INCOME DISTRIBUTION, Age of reference person",Table 12.1!D34,OK,percentile boundary within this age group
HIW4-2015-16-T12.1-00139,4,"Household Income and Wealth, Australia, 2015-16 (ABS cat. 6523.0)",2018-07-26,2015-16,2015-07-01,2016-06-30,,INC_EQUIVALISED_DISPOSABLE_WEEKLY_PCTL,Weekly equivalised disposable household income at top of selected percentile (60th (P60)),threshold,1063,AUD_per_week,2015-16 dollars (survey year; table states no CPI adjustment),households by age of reference person,Australia,45-54,,,,,,P60,2015-16/65230do012_201516.002.xls,https://www.ausstats.abs.gov.au/ausstats/subscriber.nsf/0/65DB44D4461F26D7CA2582D5001335D9/$File/65230do012_201516.002.xls,"Table 12.1 INCOME DISTRIBUTION, Age of reference person",Table 12.1!E34,OK,percentile boundary within this age group
HIW4-2015-16-T12.1-00140,4,"Household Income and Wealth, Australia, 2015-16 (ABS cat. 6523.0)",2018-07-26,2015-16,2015-07-01,2016-06-30,,INC_EQUIVALISED_DISPOSABLE_WEEKLY_PCTL,Weekly equivalised disposable household income at top of selected percentile (60th (P60)),threshold,1134,AUD_per_week,2015-16 dollars (survey year; table states no CPI adjustment),households by age of reference person,Australia,55-64,,,,,,P60,2015-16/65230do012_201516.002.xls,https://www.ausstats.abs.gov.au/ausstats/subscriber.nsf/0/65DB44D4461F26D7CA2582D5001335D9/$File/65230do012_201516.002.xls,"Table 12.1 INCOME DISTRIBUTION, Age of reference person",Table 12.1!F34,OK,percentile boundary within this age group
HIW4-2015-16-T12.1-00141,4,"Household Income and Wealth, Australia, 2015-16 (ABS cat. 6523.0)",2018-07-26,2015-16,2015-07-01,2016-06-30,,INC_EQUIVALISED_DISPOSABLE_WEEKLY_PCTL,Weekly equivalised disposable household income at top of selected percentile (60th (P60)),threshold,770,AUD_per_week,2015-16 dollars (survey year; table states no CPI adjustment),households by age of reference person,Australia,65-74,,,,,,P60,2015-16/65230do012_201516.002.xls,https://www.ausstats.abs.gov.au/ausstats/subscriber.nsf/0/65DB44D4461F26D7CA2582D5001335D9/$File/65230do012_201516.002.xls,"Table 12.1 INCOME DISTRIBUTION, Age of reference person",Table 12.1!G34,OK,percentile boundary within this age group
HIW4-2015-16-T12.1-00142,4,"Household Income and Wealth, Australia, 2015-16 (ABS cat. 6523.0)",2018-07-26,2015-16,2015-07-01,2016-06-30,,INC_EQUIVALISED_DISPOSABLE_WEEKLY_PCTL,Weekly equivalised disposable household income at top of selected percentile (60th (P60)),threshold,603,AUD_per_week,2015-16 dollars (survey year; table states no CPI adjustment),households by age of reference person,Australia,75 and over,,,,,,P60,2015-16/65230do012_201516.002.xls,https://www.ausstats.abs.gov.au/ausstats/subscriber.nsf/0/65DB44D4461F26D7CA2582D5001335D9/$File/65230do012_201516.002.xls,"Table 12.1 INCOME DISTRIBUTION, Age of reference person",Table 12.1!H34,OK,percentile boundary within this age group
HIW4-2015-16-T12.1-00143,4,"Household Income and Wealth, Australia, 2015-16 (ABS cat. 6523.0)",2018-07-26,2015-16,2015-07-01,2016-06-30,,INC_EQUIVALISED_DISPOSABLE_WEEKLY_PCTL,Weekly equivalised disposable household income at top of selected percentile (60th (P60)),threshold,708,AUD_per_week,2015-16 dollars (survey year; table states no CPI adjustment),households by age of reference person,Australia,65 years and over,,,,,,P60,2015-16/65230do012_201516.002.xls,https://www.ausstats.abs.gov.au/ausstats/subscriber.nsf/0/65DB44D4461F26D7CA2582D5001335D9/$File/65230do012_201516.002.xls,"Table 12.1 INCOME DISTRIBUTION, Age of reference person",Table 12.1!I34,OK,percentile boundary within this age group
HIW4-2015-16-T12.1-00144,4,"Household Income and Wealth, Australia, 2015-16 (ABS cat. 6523.0)",2018-07-26,2015-16,2015-07-01,2016-06-30,,INC_EQUIVALISED_DISPOSABLE_WEEKLY_PCTL,Weekly equivalised disposable household income at top of selected percentile (60th (P60)),threshold,987,AUD_per_week,2015-16 dollars (survey year; table states no CPI adjustment),all households,Australia,All households,,,,,,P60,2015-16/65230do012_201516.002.xls,https://www.ausstats.abs.gov.au/ausstats/subscriber.nsf/0/65DB44D4461F26D7CA2582D5001335D9/$File/65230do012_201516.002.xls,"Table 12.1 INCOME DISTRIBUTION, Age of reference person",Table 12.1!J34,OK,percentile boundary within this age group
HIW4-2015-16-T12.1-00145,4,"Household Income and Wealth, Australia, 2015-16 (ABS cat. 6523.0)",2018-07-26,2015-16,2015-07-01,2016-06-30,,INC_EQUIVALISED_DISPOSABLE_WEEKLY_PCTL,Weekly equivalised disposable household income at top of selected percentile (70th (P70)),threshold,1063,AUD_per_week,2015-16 dollars (survey year; table states no CPI adjustment),households by age of reference person,Australia,15-24,,,,,,P70,2015-16/65230do012_201516.002.xls,https://www.ausstats.abs.gov.au/ausstats/subscriber.nsf/0/65DB44D4461F26D7CA2582D5001335D9/$File/65230do012_201516.002.xls,"Table 12.1 INCOME DISTRIBUTION, Age of reference person",Table 12.1!B35,OK,percentile boundary within this age group
HIW4-2015-16-T12.1-00146,4,"Household Income and Wealth, Australia, 2015-16 (ABS cat. 6523.0)",2018-07-26,2015-16,2015-07-01,2016-06-30,,INC_EQUIVALISED_DISPOSABLE_WEEKLY_PCTL,Weekly equivalised disposable household income at top of selected percentile (70th (P70)),threshold,1182,AUD_per_week,2015-16 dollars (survey year; table states no CPI adjustment),households by age of reference person,Australia,25-34,,,,,,P70,2015-16/65230do012_201516.002.xls,https://www.ausstats.abs.gov.au/ausstats/subscriber.nsf/0/65DB44D4461F26D7CA2582D5001335D9/$File/65230do012_201516.002.xls,"Table 12.1 INCOME DISTRIBUTION, Age of reference person",Table 12.1!C35,OK,percentile boundary within this age group
HIW4-2015-16-T12.1-00147,4,"Household Income and Wealth, Australia, 2015-16 (ABS cat. 6523.0)",2018-07-26,2015-16,2015-07-01,2016-06-30,,INC_EQUIVALISED_DISPOSABLE_WEEKLY_PCTL,Weekly equivalised disposable household income at top of selected percentile (70th (P70)),threshold,1173,AUD_per_week,2015-16 dollars (survey year; table states no CPI adjustment),households by age of reference person,Australia,35-44,,,,,,P70,2015-16/65230do012_201516.002.xls,https://www.ausstats.abs.gov.au/ausstats/subscriber.nsf/0/65DB44D4461F26D7CA2582D5001335D9/$File/65230do012_201516.002.xls,"Table 12.1 INCOME DISTRIBUTION, Age of reference person",Table 12.1!D35,OK,percentile boundary within this age group
HIW4-2015-16-T12.1-00148,4,"Household Income and Wealth, Australia, 2015-16 (ABS cat. 6523.0)",2018-07-26,2015-16,2015-07-01,2016-06-30,,INC_EQUIVALISED_DISPOSABLE_WEEKLY_PCTL,Weekly equivalised disposable household income at top of selected percentile (70th (P70)),threshold,1220,AUD_per_week,2015-16 dollars (survey year; table states no CPI adjustment),households by age of reference person,Australia,45-54,,,,,,P70,2015-16/65230do012_201516.002.xls,https://www.ausstats.abs.gov.au/ausstats/subscriber.nsf/0/65DB44D4461F26D7CA2582D5001335D9/$File/65230do012_201516.002.xls,"Table 12.1 INCOME DISTRIBUTION, Age of reference person",Table 12.1!E35,OK,percentile boundary within this age group
HIW4-2015-16-T12.1-00149,4,"Household Income and Wealth, Australia, 2015-16 (ABS cat. 6523.0)",2018-07-26,2015-16,2015-07-01,2016-06-30,,INC_EQUIVALISED_DISPOSABLE_WEEKLY_PCTL,Weekly equivalised disposable household income at top of selected percentile (70th (P70)),threshold,1311,AUD_per_week,2015-16 dollars (survey year; table states no CPI adjustment),households by age of reference person,Australia,55-64,,,,,,P70,2015-16/65230do012_201516.002.xls,https://www.ausstats.abs.gov.au/ausstats/subscriber.nsf/0/65DB44D4461F26D7CA2582D5001335D9/$File/65230do012_201516.002.xls,"Table 12.1 INCOME DISTRIBUTION, Age of reference person",Table 12.1!F35,OK,percentile boundary within this age group
HIW4-2015-16-T12.1-00150,4,"Household Income and Wealth, Australia, 2015-16 (ABS cat. 6523.0)",2018-07-26,2015-16,2015-07-01,2016-06-30,,INC_EQUIVALISED_DISPOSABLE_WEEKLY_PCTL,Weekly equivalised disposable household income at top of selected percentile (70th (P70)),threshold,897,AUD_per_week,2015-16 dollars (survey year; table states no CPI adjustment),households by age of reference person,Australia,65-74,,,,,,P70,2015-16/65230do012_201516.002.xls,https://www.ausstats.abs.gov.au/ausstats/subscriber.nsf/0/65DB44D4461F26D7CA2582D5001335D9/$File/65230do012_201516.002.xls,"Table 12.1 INCOME DISTRIBUTION, Age of reference person",Table 12.1!G35,OK,percentile boundary within this age group
HIW4-2015-16-T12.1-00151,4,"Household Income and Wealth, Australia, 2015-16 (ABS cat. 6523.0)",2018-07-26,2015-16,2015-07-01,2016-06-30,,INC_EQUIVALISED_DISPOSABLE_WEEKLY_PCTL,Weekly equivalised disposable household income at top of selected percentile (70th (P70)),threshold,696,AUD_per_week,2015-16 dollars (survey year; table states no CPI adjustment),households by age of reference person,Australia,75 and over,,,,,,P70,2015-16/65230do012_201516.002.xls,https://www.ausstats.abs.gov.au/ausstats/subscriber.nsf/0/65DB44D4461F26D7CA2582D5001335D9/$File/65230do012_201516.002.xls,"Table 12.1 INCOME DISTRIBUTION, Age of reference person",Table 12.1!H35,OK,percentile boundary within this age group
HIW4-2015-16-T12.1-00152,4,"Household Income and Wealth, Australia, 2015-16 (ABS cat. 6523.0)",2018-07-26,2015-16,2015-07-01,2016-06-30,,INC_EQUIVALISED_DISPOSABLE_WEEKLY_PCTL,Weekly equivalised disposable household income at top of selected percentile (70th (P70)),threshold,801,AUD_per_week,2015-16 dollars (survey year; table states no CPI adjustment),households by age of reference person,Australia,65 years and over,,,,,,P70,2015-16/65230do012_201516.002.xls,https://www.ausstats.abs.gov.au/ausstats/subscriber.nsf/0/65DB44D4461F26D7CA2582D5001335D9/$File/65230do012_201516.002.xls,"Table 12.1 INCOME DISTRIBUTION, Age of reference person",Table 12.1!I35,OK,percentile boundary within this age group
HIW4-2015-16-T12.1-00153,4,"Household Income and Wealth, Australia, 2015-16 (ABS cat. 6523.0)",2018-07-26,2015-16,2015-07-01,2016-06-30,,INC_EQUIVALISED_DISPOSABLE_WEEKLY_PCTL,Weekly equivalised disposable household income at top of selected percentile (70th (P70)),threshold,1153,AUD_per_week,2015-16 dollars (survey year; table states no CPI adjustment),all households,Australia,All households,,,,,,P70,2015-16/65230do012_201516.002.xls,https://www.ausstats.abs.gov.au/ausstats/subscriber.nsf/0/65DB44D4461F26D7CA2582D5001335D9/$File/65230do012_201516.002.xls,"Table 12.1 INCOME DISTRIBUTION, Age of reference person",Table 12.1!J35,OK,percentile boundary within this age group
HIW4-2015-16-T12.1-00154,4,"Household Income and Wealth, Australia, 2015-16 (ABS cat. 6523.0)",2018-07-26,2015-16,2015-07-01,2016-06-30,,INC_EQUIVALISED_DISPOSABLE_WEEKLY_PCTL,Weekly equivalised disposable household income at top of selected percentile (80th (P80)),p80,1188,AUD_per_week,2015-16 dollars (survey year; table states no CPI adjustment),households by age of reference person,Australia,15-24,,,,,,P80,2015-16/65230do012_201516.002.xls,https://www.ausstats.abs.gov.au/ausstats/subscriber.nsf/0/65DB44D4461F26D7CA2582D5001335D9/$File/65230do012_201516.002.xls,"Table 12.1 INCOME DISTRIBUTION, Age of reference person",Table 12.1!B36,OK,percentile boundary within this age group
HIW4-2015-16-T12.1-00155,4,"Household Income and Wealth, Australia, 2015-16 (ABS cat. 6523.0)",2018-07-26,2015-16,2015-07-01,2016-06-30,,INC_EQUIVALISED_DISPOSABLE_WEEKLY_PCTL,Weekly equivalised disposable household income at top of selected percentile (80th (P80)),p80,1390,AUD_per_week,2015-16 dollars (survey year; table states no CPI adjustment),households by age of reference person,Australia,25-34,,,,,,P80,2015-16/65230do012_201516.002.xls,https://www.ausstats.abs.gov.au/ausstats/subscriber.nsf/0/65DB44D4461F26D7CA2582D5001335D9/$File/65230do012_201516.002.xls,"Table 12.1 INCOME DISTRIBUTION, Age of reference person",Table 12.1!C36,OK,percentile boundary within this age group
HIW4-2015-16-T12.1-00156,4,"Household Income and Wealth, Australia, 2015-16 (ABS cat. 6523.0)",2018-07-26,2015-16,2015-07-01,2016-06-30,,INC_EQUIVALISED_DISPOSABLE_WEEKLY_PCTL,Weekly equivalised disposable household income at top of selected percentile (80th (P80)),p80,1401,AUD_per_week,2015-16 dollars (survey year; table states no CPI adjustment),households by age of reference person,Australia,35-44,,,,,,P80,2015-16/65230do012_201516.002.xls,https://www.ausstats.abs.gov.au/ausstats/subscriber.nsf/0/65DB44D4461F26D7CA2582D5001335D9/$File/65230do012_201516.002.xls,"Table 12.1 INCOME DISTRIBUTION, Age of reference person",Table 12.1!D36,OK,percentile boundary within this age group
HIW4-2015-16-T12.1-00157,4,"Household Income and Wealth, Australia, 2015-16 (ABS cat. 6523.0)",2018-07-26,2015-16,2015-07-01,2016-06-30,,INC_EQUIVALISED_DISPOSABLE_WEEKLY_PCTL,Weekly equivalised disposable household income at top of selected percentile (80th (P80)),p80,1428,AUD_per_week,2015-16 dollars (survey year; table states no CPI adjustment),households by age of reference person,Australia,45-54,,,,,,P80,2015-16/65230do012_201516.002.xls,https://www.ausstats.abs.gov.au/ausstats/subscriber.nsf/0/65DB44D4461F26D7CA2582D5001335D9/$File/65230do012_201516.002.xls,"Table 12.1 INCOME DISTRIBUTION, Age of reference person",Table 12.1!E36,OK,percentile boundary within this age group
HIW4-2015-16-T12.1-00158,4,"Household Income and Wealth, Australia, 2015-16 (ABS cat. 6523.0)",2018-07-26,2015-16,2015-07-01,2016-06-30,,INC_EQUIVALISED_DISPOSABLE_WEEKLY_PCTL,Weekly equivalised disposable household income at top of selected percentile (80th (P80)),p80,1524,AUD_per_week,2015-16 dollars (survey year; table states no CPI adjustment),households by age of reference person,Australia,55-64,,,,,,P80,2015-16/65230do012_201516.002.xls,https://www.ausstats.abs.gov.au/ausstats/subscriber.nsf/0/65DB44D4461F26D7CA2582D5001335D9/$File/65230do012_201516.002.xls,"Table 12.1 INCOME DISTRIBUTION, Age of reference person",Table 12.1!F36,OK,percentile boundary within this age group
HIW4-2015-16-T12.1-00159,4,"Household Income and Wealth, Australia, 2015-16 (ABS cat. 6523.0)",2018-07-26,2015-16,2015-07-01,2016-06-30,,INC_EQUIVALISED_DISPOSABLE_WEEKLY_PCTL,Weekly equivalised disposable household income at top of selected percentile (80th (P80)),p80,1094,AUD_per_week,2015-16 dollars (survey year; table states no CPI adjustment),households by age of reference person,Australia,65-74,,,,,,P80,2015-16/65230do012_201516.002.xls,https://www.ausstats.abs.gov.au/ausstats/subscriber.nsf/0/65DB44D4461F26D7CA2582D5001335D9/$File/65230do012_201516.002.xls,"Table 12.1 INCOME DISTRIBUTION, Age of reference person",Table 12.1!G36,OK,percentile boundary within this age group
HIW4-2015-16-T12.1-00160,4,"Household Income and Wealth, Australia, 2015-16 (ABS cat. 6523.0)",2018-07-26,2015-16,2015-07-01,2016-06-30,,INC_EQUIVALISED_DISPOSABLE_WEEKLY_PCTL,Weekly equivalised disposable household income at top of selected percentile (80th (P80)),p80,791,AUD_per_week,2015-16 dollars (survey year; table states no CPI adjustment),households by age of reference person,Australia,75 and over,,,,,,P80,2015-16/65230do012_201516.002.xls,https://www.ausstats.abs.gov.au/ausstats/subscriber.nsf/0/65DB44D4461F26D7CA2582D5001335D9/$File/65230do012_201516.002.xls,"Table 12.1 INCOME DISTRIBUTION, Age of reference person",Table 12.1!H36,OK,percentile boundary within this age group
HIW4-2015-16-T12.1-00161,4,"Household Income and Wealth, Australia, 2015-16 (ABS cat. 6523.0)",2018-07-26,2015-16,2015-07-01,2016-06-30,,INC_EQUIVALISED_DISPOSABLE_WEEKLY_PCTL,Weekly equivalised disposable household income at top of selected percentile (80th (P80)),p80,951,AUD_per_week,2015-16 dollars (survey year; table states no CPI adjustment),households by age of reference person,Australia,65 years and over,,,,,,P80,2015-16/65230do012_201516.002.xls,https://www.ausstats.abs.gov.au/ausstats/subscriber.nsf/0/65DB44D4461F26D7CA2582D5001335D9/$File/65230do012_201516.002.xls,"Table 12.1 INCOME DISTRIBUTION, Age of reference person",Table 12.1!I36,OK,percentile boundary within this age group
HIW4-2015-16-T12.1-00162,4,"Household Income and Wealth, Australia, 2015-16 (ABS cat. 6523.0)",2018-07-26,2015-16,2015-07-01,2016-06-30,,INC_EQUIVALISED_DISPOSABLE_WEEKLY_PCTL,Weekly equivalised disposable household income at top of selected percentile (80th (P80)),p80,1371,AUD_per_week,2015-16 dollars (survey year; table states no CPI adjustment),all households,Australia,All households,,,,,,P80,2015-16/65230do012_201516.002.xls,https://www.ausstats.abs.gov.au/ausstats/subscriber.nsf/0/65DB44D4461F26D7CA2582D5001335D9/$File/65230do012_201516.002.xls,"Table 12.1 INCOME DISTRIBUTION, Age of reference person",Table 12.1!J36,OK,percentile boundary within this age group
HIW4-2015-16-T12.1-00163,4,"Household Income and Wealth, Australia, 2015-16 (ABS cat. 6523.0)",2018-07-26,2015-16,2015-07-01,2016-06-30,,INC_EQUIVALISED_DISPOSABLE_WEEKLY_PCTL,Weekly equivalised disposable household income at top of selected percentile (90th (P90)),p90,1409,AUD_per_week,2015-16 dollars (survey year; table states no CPI adjustment),households by age of reference person,Australia,15-24,,,,,,P90,2015-16/65230do012_201516.002.xls,https://www.ausstats.abs.gov.au/ausstats/subscriber.nsf/0/65DB44D4461F26D7CA2582D5001335D9/$File/65230do012_201516.002.xls,"Table 12.1 INCOME DISTRIBUTION, Age of reference person",Table 12.1!B37,OK,percentile boundary within this age group
HIW4-2015-16-T12.1-00164,4,"Household Income and Wealth, Australia, 2015-16 (ABS cat. 6523.0)",2018-07-26,2015-16,2015-07-01,2016-06-30,,INC_EQUIVALISED_DISPOSABLE_WEEKLY_PCTL,Weekly equivalised disposable household income at top of selected percentile (90th (P90)),p90,1667,AUD_per_week,2015-16 dollars (survey year; table states no CPI adjustment),households by age of reference person,Australia,25-34,,,,,,P90,2015-16/65230do012_201516.002.xls,https://www.ausstats.abs.gov.au/ausstats/subscriber.nsf/0/65DB44D4461F26D7CA2582D5001335D9/$File/65230do012_201516.002.xls,"Table 12.1 INCOME DISTRIBUTION, Age of reference person",Table 12.1!C37,OK,percentile boundary within this age group
HIW4-2015-16-T12.1-00165,4,"Household Income and Wealth, Australia, 2015-16 (ABS cat. 6523.0)",2018-07-26,2015-16,2015-07-01,2016-06-30,,INC_EQUIVALISED_DISPOSABLE_WEEKLY_PCTL,Weekly equivalised disposable household income at top of selected percentile (90th (P90)),p90,1744,AUD_per_week,2015-16 dollars (survey year; table states no CPI adjustment),households by age of reference person,Australia,35-44,,,,,,P90,2015-16/65230do012_201516.002.xls,https://www.ausstats.abs.gov.au/ausstats/subscriber.nsf/0/65DB44D4461F26D7CA2582D5001335D9/$File/65230do012_201516.002.xls,"Table 12.1 INCOME DISTRIBUTION, Age of reference person",Table 12.1!D37,OK,percentile boundary within this age group
HIW4-2015-16-T12.1-00166,4,"Household Income and Wealth, Australia, 2015-16 (ABS cat. 6523.0)",2018-07-26,2015-16,2015-07-01,2016-06-30,,INC_EQUIVALISED_DISPOSABLE_WEEKLY_PCTL,Weekly equivalised disposable household income at top of selected percentile (90th (P90)),p90,1787,AUD_per_week,2015-16 dollars (survey year; table states no CPI adjustment),households by age of reference person,Australia,45-54,,,,,,P90,2015-16/65230do012_201516.002.xls,https://www.ausstats.abs.gov.au/ausstats/subscriber.nsf/0/65DB44D4461F26D7CA2582D5001335D9/$File/65230do012_201516.002.xls,"Table 12.1 INCOME DISTRIBUTION, Age of reference person",Table 12.1!E37,OK,percentile boundary within this age group
HIW4-2015-16-T12.1-00167,4,"Household Income and Wealth, Australia, 2015-16 (ABS cat. 6523.0)",2018-07-26,2015-16,2015-07-01,2016-06-30,,INC_EQUIVALISED_DISPOSABLE_WEEKLY_PCTL,Weekly equivalised disposable household income at top of selected percentile (90th (P90)),p90,1833,AUD_per_week,2015-16 dollars (survey year; table states no CPI adjustment),households by age of reference person,Australia,55-64,,,,,,P90,2015-16/65230do012_201516.002.xls,https://www.ausstats.abs.gov.au/ausstats/subscriber.nsf/0/65DB44D4461F26D7CA2582D5001335D9/$File/65230do012_201516.002.xls,"Table 12.1 INCOME DISTRIBUTION, Age of reference person",Table 12.1!F37,OK,percentile boundary within this age group
HIW4-2015-16-T12.1-00168,4,"Household Income and Wealth, Australia, 2015-16 (ABS cat. 6523.0)",2018-07-26,2015-16,2015-07-01,2016-06-30,,INC_EQUIVALISED_DISPOSABLE_WEEKLY_PCTL,Weekly equivalised disposable household income at top of selected percentile (90th (P90)),p90,1424,AUD_per_week,2015-16 dollars (survey year; table states no CPI adjustment),households by age of reference person,Australia,65-74,,,,,,P90,2015-16/65230do012_201516.002.xls,https://www.ausstats.abs.gov.au/ausstats/subscriber.nsf/0/65DB44D4461F26D7CA2582D5001335D9/$File/65230do012_201516.002.xls,"Table 12.1 INCOME DISTRIBUTION, Age of reference person",Table 12.1!G37,OK,percentile boundary within this age group
HIW4-2015-16-T12.1-00169,4,"Household Income and Wealth, Australia, 2015-16 (ABS cat. 6523.0)",2018-07-26,2015-16,2015-07-01,2016-06-30,,INC_EQUIVALISED_DISPOSABLE_WEEKLY_PCTL,Weekly equivalised disposable household income at top of selected percentile (90th (P90)),p90,1003,AUD_per_week,2015-16 dollars (survey year; table states no CPI adjustment),households by age of reference person,Australia,75 and over,,,,,,P90,2015-16/65230do012_201516.002.xls,https://www.ausstats.abs.gov.au/ausstats/subscriber.nsf/0/65DB44D4461F26D7CA2582D5001335D9/$File/65230do012_201516.002.xls,"Table 12.1 INCOME DISTRIBUTION, Age of reference person",Table 12.1!H37,OK,percentile boundary within this age group
HIW4-2015-16-T12.1-00170,4,"Household Income and Wealth, Australia, 2015-16 (ABS cat. 6523.0)",2018-07-26,2015-16,2015-07-01,2016-06-30,,INC_EQUIVALISED_DISPOSABLE_WEEKLY_PCTL,Weekly equivalised disposable household income at top of selected percentile (90th (P90)),p90,1285,AUD_per_week,2015-16 dollars (survey year; table states no CPI adjustment),households by age of reference person,Australia,65 years and over,,,,,,P90,2015-16/65230do012_201516.002.xls,https://www.ausstats.abs.gov.au/ausstats/subscriber.nsf/0/65DB44D4461F26D7CA2582D5001335D9/$File/65230do012_201516.002.xls,"Table 12.1 INCOME DISTRIBUTION, Age of reference person",Table 12.1!I37,OK,percentile boundary within this age group
HIW4-2015-16-T12.1-00171,4,"Household Income and Wealth, Australia, 2015-16 (ABS cat. 6523.0)",2018-07-26,2015-16,2015-07-01,2016-06-30,,INC_EQUIVALISED_DISPOSABLE_WEEKLY_PCTL,Weekly equivalised disposable household income at top of selected percentile (90th (P90)),p90,1705,AUD_per_week,2015-16 dollars (survey year; table states no CPI adjustment),all households,Australia,All households,,,,,,P90,2015-16/65230do012_201516.002.xls,https://www.ausstats.abs.gov.au/ausstats/subscriber.nsf/0/65DB44D4461F26D7CA2582D5001335D9/$File/65230do012_201516.002.xls,"Table 12.1 INCOME DISTRIBUTION, Age of reference person",Table 12.1!J37,OK,percentile boundary within this age group
HIW4-2015-16-T12.2-00001,4,"Household Income and Wealth, Australia, 2015-16 (ABS cat. 6523.0)",2018-07-26,2015-16,2015-07-01,2016-06-30,,NETWORTH_MEAN,"Household net worth, mean",mean,115.6,AUD_thousand,2015-16 dollars (survey year; table states no CPI adjustment),households by age of reference person,Australia,15-24,,,,,,,2015-16/65230do012_201516.002.xls,https://www.ausstats.abs.gov.au/ausstats/subscriber.nsf/0/65DB44D4461F26D7CA2582D5001335D9/$File/65230do012_201516.002.xls,"Table 12.2 HOUSEHOLD ASSETS AND LIABILITIES, Age of reference person",Table 12.2!B9,OK,published in $'000; not converted (multiply by 1000 for AUD)
HIW4-2015-16-T12.2-00002,4,"Household Income and Wealth, Australia, 2015-16 (ABS cat. 6523.0)",2018-07-26,2015-16,2015-07-01,2016-06-30,,NETWORTH_MEAN,"Household net worth, mean",mean,317.9,AUD_thousand,2015-16 dollars (survey year; table states no CPI adjustment),households by age of reference person,Australia,25-34,,,,,,,2015-16/65230do012_201516.002.xls,https://www.ausstats.abs.gov.au/ausstats/subscriber.nsf/0/65DB44D4461F26D7CA2582D5001335D9/$File/65230do012_201516.002.xls,"Table 12.2 HOUSEHOLD ASSETS AND LIABILITIES, Age of reference person",Table 12.2!C9,OK,published in $'000; not converted (multiply by 1000 for AUD)
HIW4-2015-16-T12.2-00003,4,"Household Income and Wealth, Australia, 2015-16 (ABS cat. 6523.0)",2018-07-26,2015-16,2015-07-01,2016-06-30,,NETWORTH_MEAN,"Household net worth, mean",mean,645.7,AUD_thousand,2015-16 dollars (survey year; table states no CPI adjustment),households by age of reference person,Australia,35-44,,,,,,,2015-16/65230do012_201516.002.xls,https://www.ausstats.abs.gov.au/ausstats/subscriber.nsf/0/65DB44D4461F26D7CA2582D5001335D9/$File/65230do012_201516.002.xls,"Table 12.2 HOUSEHOLD ASSETS AND LIABILITIES, Age of reference person",Table 12.2!D9,OK,published in $'000; not converted (multiply by 1000 for AUD)
HIW4-2015-16-T12.2-00004,4,"Household Income and Wealth, Australia, 2015-16 (ABS cat. 6523.0)",2018-07-26,2015-16,2015-07-01,2016-06-30,,NETWORTH_MEAN,"Household net worth, mean",mean,1161.9,AUD_thousand,2015-16 dollars (survey year; table states no CPI adjustment),households by age of reference person,Australia,45-54,,,,,,,2015-16/65230do012_201516.002.xls,https://www.ausstats.abs.gov.au/ausstats/subscriber.nsf/0/65DB44D4461F26D7CA2582D5001335D9/$File/65230do012_201516.002.xls,"Table 12.2 HOUSEHOLD ASSETS AND LIABILITIES, Age of reference person",Table 12.2!E9,OK,published in $'000; not converted (multiply by 1000 for AUD)
HIW4-2015-16-T12.2-00005,4,"Household Income and Wealth, Australia, 2015-16 (ABS cat. 6523.0)",2018-07-26,2015-16,2015-07-01,2016-06-30,,NETWORTH_MEAN,"Household net worth, mean",mean,1308.3,AUD_thousand,2015-16 dollars (survey year; table states no CPI adjustment),households by age of reference person,Australia,55-64,,,,,,,2015-16/65230do012_201516.002.xls,https://www.ausstats.abs.gov.au/ausstats/subscriber.nsf/0/65DB44D4461F26D7CA2582D5001335D9/$File/65230do012_201516.002.xls,"Table 12.2 HOUSEHOLD ASSETS AND LIABILITIES, Age of reference person",Table 12.2!F9,OK,published in $'000; not converted (multiply by 1000 for AUD)
HIW4-2015-16-T12.2-00006,4,"Household Income and Wealth, Australia, 2015-16 (ABS cat. 6523.0)",2018-07-26,2015-16,2015-07-01,2016-06-30,,NETWORTH_MEAN,"Household net worth, mean",mean,1329.4,AUD_thousand,2015-16 dollars (survey year; table states no CPI adjustment),households by age of reference person,Australia,65-74,,,,,,,2015-16/65230do012_201516.002.xls,https://www.ausstats.abs.gov.au/ausstats/subscriber.nsf/0/65DB44D4461F26D7CA2582D5001335D9/$File/65230do012_201516.002.xls,"Table 12.2 HOUSEHOLD ASSETS AND LIABILITIES, Age of reference person",Table 12.2!G9,OK,published in $'000; not converted (multiply by 1000 for AUD)
HIW4-2015-16-T12.2-00007,4,"Household Income and Wealth, Australia, 2015-16 (ABS cat. 6523.0)",2018-07-26,2015-16,2015-07-01,2016-06-30,,NETWORTH_MEAN,"Household net worth, mean",mean,1036.4,AUD_thousand,2015-16 dollars (survey year; table states no CPI adjustment),households by age of reference person,Australia,75 and over,,,,,,,2015-16/65230do012_201516.002.xls,https://www.ausstats.abs.gov.au/ausstats/subscriber.nsf/0/65DB44D4461F26D7CA2582D5001335D9/$File/65230do012_201516.002.xls,"Table 12.2 HOUSEHOLD ASSETS AND LIABILITIES, Age of reference person",Table 12.2!H9,OK,published in $'000; not converted (multiply by 1000 for AUD)
HIW4-2015-16-T12.2-00008,4,"Household Income and Wealth, Australia, 2015-16 (ABS cat. 6523.0)",2018-07-26,2015-16,2015-07-01,2016-06-30,,NETWORTH_MEAN,"Household net worth, mean",mean,1213.4,AUD_thousand,2015-16 dollars (survey year; table states no CPI adjustment),households by age of reference person,Australia,65 years and over,,,,,,,2015-16/65230do012_201516.002.xls,https://www.ausstats.abs.gov.au/ausstats/subscriber.nsf/0/65DB44D4461F26D7CA2582D5001335D9/$File/65230do012_201516.002.xls,"Table 12.2 HOUSEHOLD ASSETS AND LIABILITIES, Age of reference person",Table 12.2!I9,OK,published in $'000; not converted (multiply by 1000 for AUD)
HIW4-2015-16-T12.2-00009,4,"Household Income and Wealth, Australia, 2015-16 (ABS cat. 6523.0)",2018-07-26,2015-16,2015-07-01,2016-06-30,,NETWORTH_MEAN,"Household net worth, mean",mean,929.4,AUD_thousand,2015-16 dollars (survey year; table states no CPI adjustment),all households,Australia,All households,,,,,,all ages,2015-16/65230do012_201516.002.xls,https://www.ausstats.abs.gov.au/ausstats/subscriber.nsf/0/65DB44D4461F26D7CA2582D5001335D9/$File/65230do012_201516.002.xls,"Table 12.2 HOUSEHOLD ASSETS AND LIABILITIES, Age of reference person",Table 12.2!J9,OK,published in $'000; not converted (multiply by 1000 for AUD)
HIW4-2015-16-T12.2-00010,4,"Household Income and Wealth, Australia, 2015-16 (ABS cat. 6523.0)",2018-07-26,2015-16,2015-07-01,2016-06-30,,NETWORTH_MEDIAN,"Household net worth, median",median,35.1,AUD_thousand,2015-16 dollars (survey year; table states no CPI adjustment),households by age of reference person,Australia,15-24,,,,,,,2015-16/65230do012_201516.002.xls,https://www.ausstats.abs.gov.au/ausstats/subscriber.nsf/0/65DB44D4461F26D7CA2582D5001335D9/$File/65230do012_201516.002.xls,"Table 12.2 HOUSEHOLD ASSETS AND LIABILITIES, Age of reference person",Table 12.2!B10,OK,published in $'000; not converted (multiply by 1000 for AUD)
HIW4-2015-16-T12.2-00011,4,"Household Income and Wealth, Australia, 2015-16 (ABS cat. 6523.0)",2018-07-26,2015-16,2015-07-01,2016-06-30,,NETWORTH_MEDIAN,"Household net worth, median",median,164.8,AUD_thousand,2015-16 dollars (survey year; table states no CPI adjustment),households by age of reference person,Australia,25-34,,,,,,,2015-16/65230do012_201516.002.xls,https://www.ausstats.abs.gov.au/ausstats/subscriber.nsf/0/65DB44D4461F26D7CA2582D5001335D9/$File/65230do012_201516.002.xls,"Table 12.2 HOUSEHOLD ASSETS AND LIABILITIES, Age of reference person",Table 12.2!C10,OK,published in $'000; not converted (multiply by 1000 for AUD)
HIW4-2015-16-T12.2-00012,4,"Household Income and Wealth, Australia, 2015-16 (ABS cat. 6523.0)",2018-07-26,2015-16,2015-07-01,2016-06-30,,NETWORTH_MEDIAN,"Household net worth, median",median,411.8,AUD_thousand,2015-16 dollars (survey year; table states no CPI adjustment),households by age of reference person,Australia,35-44,,,,,,,2015-16/65230do012_201516.002.xls,https://www.ausstats.abs.gov.au/ausstats/subscriber.nsf/0/65DB44D4461F26D7CA2582D5001335D9/$File/65230do012_201516.002.xls,"Table 12.2 HOUSEHOLD ASSETS AND LIABILITIES, Age of reference person",Table 12.2!D10,OK,published in $'000; not converted (multiply by 1000 for AUD)
HIW4-2015-16-T12.2-00013,4,"Household Income and Wealth, Australia, 2015-16 (ABS cat. 6523.0)",2018-07-26,2015-16,2015-07-01,2016-06-30,,NETWORTH_MEDIAN,"Household net worth, median",median,642.7,AUD_thousand,2015-16 dollars (survey year; table states no CPI adjustment),households by age of reference person,Australia,45-54,,,,,,,2015-16/65230do012_201516.002.xls,https://www.ausstats.abs.gov.au/ausstats/subscriber.nsf/0/65DB44D4461F26D7CA2582D5001335D9/$File/65230do012_201516.002.xls,"Table 12.2 HOUSEHOLD ASSETS AND LIABILITIES, Age of reference person",Table 12.2!E10,OK,published in $'000; not converted (multiply by 1000 for AUD)
HIW4-2015-16-T12.2-00014,4,"Household Income and Wealth, Australia, 2015-16 (ABS cat. 6523.0)",2018-07-26,2015-16,2015-07-01,2016-06-30,,NETWORTH_MEDIAN,"Household net worth, median",median,898.4,AUD_thousand,2015-16 dollars (survey year; table states no CPI adjustment),households by age of reference person,Australia,55-64,,,,,,,2015-16/65230do012_201516.002.xls,https://www.ausstats.abs.gov.au/ausstats/subscriber.nsf/0/65DB44D4461F26D7CA2582D5001335D9/$File/65230do012_201516.002.xls,"Table 12.2 HOUSEHOLD ASSETS AND LIABILITIES, Age of reference person",Table 12.2!F10,OK,published in $'000; not converted (multiply by 1000 for AUD)
HIW4-2015-16-T12.2-00015,4,"Household Income and Wealth, Australia, 2015-16 (ABS cat. 6523.0)",2018-07-26,2015-16,2015-07-01,2016-06-30,,NETWORTH_MEDIAN,"Household net worth, median",median,802.8,AUD_thousand,2015-16 dollars (survey year; table states no CPI adjustment),households by age of reference person,Australia,65-74,,,,,,,2015-16/65230do012_201516.002.xls,https://www.ausstats.abs.gov.au/ausstats/subscriber.nsf/0/65DB44D4461F26D7CA2582D5001335D9/$File/65230do012_201516.002.xls,"Table 12.2 HOUSEHOLD ASSETS AND LIABILITIES, Age of reference person",Table 12.2!G10,OK,published in $'000; not converted (multiply by 1000 for AUD)
HIW4-2015-16-T12.2-00016,4,"Household Income and Wealth, Australia, 2015-16 (ABS cat. 6523.0)",2018-07-26,2015-16,2015-07-01,2016-06-30,,NETWORTH_MEDIAN,"Household net worth, median",median,642.5,AUD_thousand,2015-16 dollars (survey year; table states no CPI adjustment),households by age of reference person,Australia,75 and over,,,,,,,2015-16/65230do012_201516.002.xls,https://www.ausstats.abs.gov.au/ausstats/subscriber.nsf/0/65DB44D4461F26D7CA2582D5001335D9/$File/65230do012_201516.002.xls,"Table 12.2 HOUSEHOLD ASSETS AND LIABILITIES, Age of reference person",Table 12.2!H10,OK,published in $'000; not converted (multiply by 1000 for AUD)
HIW4-2015-16-T12.2-00017,4,"Household Income and Wealth, Australia, 2015-16 (ABS cat. 6523.0)",2018-07-26,2015-16,2015-07-01,2016-06-30,,NETWORTH_MEDIAN,"Household net worth, median",median,729.8,AUD_thousand,2015-16 dollars (survey year; table states no CPI adjustment),households by age of reference person,Australia,65 years and over,,,,,,,2015-16/65230do012_201516.002.xls,https://www.ausstats.abs.gov.au/ausstats/subscriber.nsf/0/65DB44D4461F26D7CA2582D5001335D9/$File/65230do012_201516.002.xls,"Table 12.2 HOUSEHOLD ASSETS AND LIABILITIES, Age of reference person",Table 12.2!I10,OK,published in $'000; not converted (multiply by 1000 for AUD)
HIW4-2015-16-T12.2-00018,4,"Household Income and Wealth, Australia, 2015-16 (ABS cat. 6523.0)",2018-07-26,2015-16,2015-07-01,2016-06-30,,NETWORTH_MEDIAN,"Household net worth, median",median,527,AUD_thousand,2015-16 dollars (survey year; table states no CPI adjustment),all households,Australia,All households,,,,,,all ages,2015-16/65230do012_201516.002.xls,https://www.ausstats.abs.gov.au/ausstats/subscriber.nsf/0/65DB44D4461F26D7CA2582D5001335D9/$File/65230do012_201516.002.xls,"Table 12.2 HOUSEHOLD ASSETS AND LIABILITIES, Age of reference person",Table 12.2!J10,OK,published in $'000; not converted (multiply by 1000 for AUD)
HIW4-2013-14-T12.1-00001,4,"Household Income and Wealth, Australia, 2013-14 (ABS cat. 6523.0)",2015-12-16,2013-14,2013-07-01,2014-06-30,,INC_PRIVATE_WEEKLY,"Weekly household private income, mean",mean,1392,AUD_per_week,2013-14 dollars (survey year; table states no CPI adjustment),households by age of reference person,Australia,15-24,,,,,,,2013-14/6523DO00012_201314.xls,https://www.ausstats.abs.gov.au/ausstats/subscriber.nsf/0/0F8D7A49F278ED6CCA257EB5001B7B8C/$File/6523DO00012_201314.xls,"Table 12.1 INCOME DISTRIBUTION, Age of reference person",Table 12.1!B10,OK,
HIW4-2013-14-T12.1-00002,4,"Household Income and Wealth, Australia, 2013-14 (ABS cat. 6523.0)",2015-12-16,2013-14,2013-07-01,2014-06-30,,INC_PRIVATE_WEEKLY,"Weekly household private income, mean",mean,2030,AUD_per_week,2013-14 dollars (survey year; table states no CPI adjustment),households by age of reference person,Australia,25-34,,,,,,,2013-14/6523DO00012_201314.xls,https://www.ausstats.abs.gov.au/ausstats/subscriber.nsf/0/0F8D7A49F278ED6CCA257EB5001B7B8C/$File/6523DO00012_201314.xls,"Table 12.1 INCOME DISTRIBUTION, Age of reference person",Table 12.1!C10,OK,
HIW4-2013-14-T12.1-00003,4,"Household Income and Wealth, Australia, 2013-14 (ABS cat. 6523.0)",2015-12-16,2013-14,2013-07-01,2014-06-30,,INC_PRIVATE_WEEKLY,"Weekly household private income, mean",mean,2340,AUD_per_week,2013-14 dollars (survey year; table states no CPI adjustment),households by age of reference person,Australia,35-44,,,,,,,2013-14/6523DO00012_201314.xls,https://www.ausstats.abs.gov.au/ausstats/subscriber.nsf/0/0F8D7A49F278ED6CCA257EB5001B7B8C/$File/6523DO00012_201314.xls,"Table 12.1 INCOME DISTRIBUTION, Age of reference person",Table 12.1!D10,OK,
HIW4-2013-14-T12.1-00004,4,"Household Income and Wealth, Australia, 2013-14 (ABS cat. 6523.0)",2015-12-16,2013-14,2013-07-01,2014-06-30,,INC_PRIVATE_WEEKLY,"Weekly household private income, mean",mean,2516,AUD_per_week,2013-14 dollars (survey year; table states no CPI adjustment),households by age of reference person,Australia,45-54,,,,,,,2013-14/6523DO00012_201314.xls,https://www.ausstats.abs.gov.au/ausstats/subscriber.nsf/0/0F8D7A49F278ED6CCA257EB5001B7B8C/$File/6523DO00012_201314.xls,"Table 12.1 INCOME DISTRIBUTION, Age of reference person",Table 12.1!E10,OK,
HIW4-2013-14-T12.1-00005,4,"Household Income and Wealth, Australia, 2013-14 (ABS cat. 6523.0)",2015-12-16,2013-14,2013-07-01,2014-06-30,,INC_PRIVATE_WEEKLY,"Weekly household private income, mean",mean,1991,AUD_per_week,2013-14 dollars (survey year; table states no CPI adjustment),households by age of reference person,Australia,55-64,,,,,,,2013-14/6523DO00012_201314.xls,https://www.ausstats.abs.gov.au/ausstats/subscriber.nsf/0/0F8D7A49F278ED6CCA257EB5001B7B8C/$File/6523DO00012_201314.xls,"Table 12.1 INCOME DISTRIBUTION, Age of reference person",Table 12.1!F10,OK,
HIW4-2013-14-T12.1-00006,4,"Household Income and Wealth, Australia, 2013-14 (ABS cat. 6523.0)",2015-12-16,2013-14,2013-07-01,2014-06-30,,INC_PRIVATE_WEEKLY,"Weekly household private income, mean",mean,886,AUD_per_week,2013-14 dollars (survey year; table states no CPI adjustment),households by age of reference person,Australia,65-74,,,,,,,2013-14/6523DO00012_201314.xls,https://www.ausstats.abs.gov.au/ausstats/subscriber.nsf/0/0F8D7A49F278ED6CCA257EB5001B7B8C/$File/6523DO00012_201314.xls,"Table 12.1 INCOME DISTRIBUTION, Age of reference person",Table 12.1!G10,OK,
HIW4-2013-14-T12.1-00007,4,"Household Income and Wealth, Australia, 2013-14 (ABS cat. 6523.0)",2015-12-16,2013-14,2013-07-01,2014-06-30,,INC_PRIVATE_WEEKLY,"Weekly household private income, mean",mean,409,AUD_per_week,2013-14 dollars (survey year; table states no CPI adjustment),households by age of reference person,Australia,75 and over,,,,,,,2013-14/6523DO00012_201314.xls,https://www.ausstats.abs.gov.au/ausstats/subscriber.nsf/0/0F8D7A49F278ED6CCA257EB5001B7B8C/$File/6523DO00012_201314.xls,"Table 12.1 INCOME DISTRIBUTION, Age of reference person",Table 12.1!H10,OK,
HIW4-2013-14-T12.1-00008,4,"Household Income and Wealth, Australia, 2013-14 (ABS cat. 6523.0)",2015-12-16,2013-14,2013-07-01,2014-06-30,,INC_PRIVATE_WEEKLY,"Weekly household private income, mean",mean,677,AUD_per_week,2013-14 dollars (survey year; table states no CPI adjustment),households by age of reference person,Australia,65 years and over,,,,,,,2013-14/6523DO00012_201314.xls,https://www.ausstats.abs.gov.au/ausstats/subscriber.nsf/0/0F8D7A49F278ED6CCA257EB5001B7B8C/$File/6523DO00012_201314.xls,"Table 12.1 INCOME DISTRIBUTION, Age of reference person",Table 12.1!I10,OK,
HIW4-2013-14-T12.1-00009,4,"Household Income and Wealth, Australia, 2013-14 (ABS cat. 6523.0)",2015-12-16,2013-14,2013-07-01,2014-06-30,,INC_PRIVATE_WEEKLY,"Weekly household private income, mean",mean,1850,AUD_per_week,2013-14 dollars (survey year; table states no CPI adjustment),all households,Australia,All households,,,,,,,2013-14/6523DO00012_201314.xls,https://www.ausstats.abs.gov.au/ausstats/subscriber.nsf/0/0F8D7A49F278ED6CCA257EB5001B7B8C/$File/6523DO00012_201314.xls,"Table 12.1 INCOME DISTRIBUTION, Age of reference person",Table 12.1!J10,OK,
HIW4-2013-14-T12.1-00010,4,"Household Income and Wealth, Australia, 2013-14 (ABS cat. 6523.0)",2015-12-16,2013-14,2013-07-01,2014-06-30,,INC_GOVT_PENSIONS_ALLOWANCES_WEEKLY,"Weekly household government pensions and allowances, mean",mean,171,AUD_per_week,2013-14 dollars (survey year; table states no CPI adjustment),households by age of reference person,Australia,15-24,,,,,,,2013-14/6523DO00012_201314.xls,https://www.ausstats.abs.gov.au/ausstats/subscriber.nsf/0/0F8D7A49F278ED6CCA257EB5001B7B8C/$File/6523DO00012_201314.xls,"Table 12.1 INCOME DISTRIBUTION, Age of reference person",Table 12.1!B11,OK,includes overseas pensions
HIW4-2013-14-T12.1-00011,4,"Household Income and Wealth, Australia, 2013-14 (ABS cat. 6523.0)",2015-12-16,2013-14,2013-07-01,2014-06-30,,INC_GOVT_PENSIONS_ALLOWANCES_WEEKLY,"Weekly household government pensions and allowances, mean",mean,146,AUD_per_week,2013-14 dollars (survey year; table states no CPI adjustment),households by age of reference person,Australia,25-34,,,,,,,2013-14/6523DO00012_201314.xls,https://www.ausstats.abs.gov.au/ausstats/subscriber.nsf/0/0F8D7A49F278ED6CCA257EB5001B7B8C/$File/6523DO00012_201314.xls,"Table 12.1 INCOME DISTRIBUTION, Age of reference person",Table 12.1!C11,OK,includes overseas pensions
HIW4-2013-14-T12.1-00012,4,"Household Income and Wealth, Australia, 2013-14 (ABS cat. 6523.0)",2015-12-16,2013-14,2013-07-01,2014-06-30,,INC_GOVT_PENSIONS_ALLOWANCES_WEEKLY,"Weekly household government pensions and allowances, mean",mean,163,AUD_per_week,2013-14 dollars (survey year; table states no CPI adjustment),households by age of reference person,Australia,35-44,,,,,,,2013-14/6523DO00012_201314.xls,https://www.ausstats.abs.gov.au/ausstats/subscriber.nsf/0/0F8D7A49F278ED6CCA257EB5001B7B8C/$File/6523DO00012_201314.xls,"Table 12.1 INCOME DISTRIBUTION, Age of reference person",Table 12.1!D11,OK,includes overseas pensions
HIW4-2013-14-T12.1-00013,4,"Household Income and Wealth, Australia, 2013-14 (ABS cat. 6523.0)",2015-12-16,2013-14,2013-07-01,2014-06-30,,INC_GOVT_PENSIONS_ALLOWANCES_WEEKLY,"Weekly household government pensions and allowances, mean",mean,134,AUD_per_week,2013-14 dollars (survey year; table states no CPI adjustment),households by age of reference person,Australia,45-54,,,,,,,2013-14/6523DO00012_201314.xls,https://www.ausstats.abs.gov.au/ausstats/subscriber.nsf/0/0F8D7A49F278ED6CCA257EB5001B7B8C/$File/6523DO00012_201314.xls,"Table 12.1 INCOME DISTRIBUTION, Age of reference person",Table 12.1!E11,OK,includes overseas pensions
HIW4-2013-14-T12.1-00014,4,"Household Income and Wealth, Australia, 2013-14 (ABS cat. 6523.0)",2015-12-16,2013-14,2013-07-01,2014-06-30,,INC_GOVT_PENSIONS_ALLOWANCES_WEEKLY,"Weekly household government pensions and allowances, mean",mean,161,AUD_per_week,2013-14 dollars (survey year; table states no CPI adjustment),households by age of reference person,Australia,55-64,,,,,,,2013-14/6523DO00012_201314.xls,https://www.ausstats.abs.gov.au/ausstats/subscriber.nsf/0/0F8D7A49F278ED6CCA257EB5001B7B8C/$File/6523DO00012_201314.xls,"Table 12.1 INCOME DISTRIBUTION, Age of reference person",Table 12.1!F11,OK,includes overseas pensions
HIW4-2013-14-T12.1-00015,4,"Household Income and Wealth, Australia, 2013-14 (ABS cat. 6523.0)",2015-12-16,2013-14,2013-07-01,2014-06-30,,INC_GOVT_PENSIONS_ALLOWANCES_WEEKLY,"Weekly household government pensions and allowances, mean",mean,396,AUD_per_week,2013-14 dollars (survey year; table states no CPI adjustment),households by age of reference person,Australia,65-74,,,,,,,2013-14/6523DO00012_201314.xls,https://www.ausstats.abs.gov.au/ausstats/subscriber.nsf/0/0F8D7A49F278ED6CCA257EB5001B7B8C/$File/6523DO00012_201314.xls,"Table 12.1 INCOME DISTRIBUTION, Age of reference person",Table 12.1!G11,OK,includes overseas pensions
HIW4-2013-14-T12.1-00016,4,"Household Income and Wealth, Australia, 2013-14 (ABS cat. 6523.0)",2015-12-16,2013-14,2013-07-01,2014-06-30,,INC_GOVT_PENSIONS_ALLOWANCES_WEEKLY,"Weekly household government pensions and allowances, mean",mean,452,AUD_per_week,2013-14 dollars (survey year; table states no CPI adjustment),households by age of reference person,Australia,75 and over,,,,,,,2013-14/6523DO00012_201314.xls,https://www.ausstats.abs.gov.au/ausstats/subscriber.nsf/0/0F8D7A49F278ED6CCA257EB5001B7B8C/$File/6523DO00012_201314.xls,"Table 12.1 INCOME DISTRIBUTION, Age of reference person",Table 12.1!H11,OK,includes overseas pensions
HIW4-2013-14-T12.1-00017,4,"Household Income and Wealth, Australia, 2013-14 (ABS cat. 6523.0)",2015-12-16,2013-14,2013-07-01,2014-06-30,,INC_GOVT_PENSIONS_ALLOWANCES_WEEKLY,"Weekly household government pensions and allowances, mean",mean,421,AUD_per_week,2013-14 dollars (survey year; table states no CPI adjustment),households by age of reference person,Australia,65 years and over,,,,,,,2013-14/6523DO00012_201314.xls,https://www.ausstats.abs.gov.au/ausstats/subscriber.nsf/0/0F8D7A49F278ED6CCA257EB5001B7B8C/$File/6523DO00012_201314.xls,"Table 12.1 INCOME DISTRIBUTION, Age of reference person",Table 12.1!I11,OK,includes overseas pensions
HIW4-2013-14-T12.1-00018,4,"Household Income and Wealth, Australia, 2013-14 (ABS cat. 6523.0)",2015-12-16,2013-14,2013-07-01,2014-06-30,,INC_GOVT_PENSIONS_ALLOWANCES_WEEKLY,"Weekly household government pensions and allowances, mean",mean,213,AUD_per_week,2013-14 dollars (survey year; table states no CPI adjustment),all households,Australia,All households,,,,,,,2013-14/6523DO00012_201314.xls,https://www.ausstats.abs.gov.au/ausstats/subscriber.nsf/0/0F8D7A49F278ED6CCA257EB5001B7B8C/$File/6523DO00012_201314.xls,"Table 12.1 INCOME DISTRIBUTION, Age of reference person",Table 12.1!J11,OK,includes overseas pensions
HIW4-2013-14-T12.1-00019,4,"Household Income and Wealth, Australia, 2013-14 (ABS cat. 6523.0)",2015-12-16,2013-14,2013-07-01,2014-06-30,,INC_GROSS_WEEKLY,"Weekly household gross income, mean",mean,1562,AUD_per_week,2013-14 dollars (survey year; table states no CPI adjustment),households by age of reference person,Australia,15-24,,,,,,,2013-14/6523DO00012_201314.xls,https://www.ausstats.abs.gov.au/ausstats/subscriber.nsf/0/0F8D7A49F278ED6CCA257EB5001B7B8C/$File/6523DO00012_201314.xls,"Table 12.1 INCOME DISTRIBUTION, Age of reference person",Table 12.1!B12,OK,
HIW4-2013-14-T12.1-00020,4,"Household Income and Wealth, Australia, 2013-14 (ABS cat. 6523.0)",2015-12-16,2013-14,2013-07-01,2014-06-30,,INC_GROSS_WEEKLY,"Weekly household gross income, mean",mean,2176,AUD_per_week,2013-14 dollars (survey year; table states no CPI adjustment),households by age of reference person,Australia,25-34,,,,,,,2013-14/6523DO00012_201314.xls,https://www.ausstats.abs.gov.au/ausstats/subscriber.nsf/0/0F8D7A49F278ED6CCA257EB5001B7B8C/$File/6523DO00012_201314.xls,"Table 12.1 INCOME DISTRIBUTION, Age of reference person",Table 12.1!C12,OK,
HIW4-2013-14-T12.1-00021,4,"Household Income and Wealth, Australia, 2013-14 (ABS cat. 6523.0)",2015-12-16,2013-14,2013-07-01,2014-06-30,,INC_GROSS_WEEKLY,"Weekly household gross income, mean",mean,2503,AUD_per_week,2013-14 dollars (survey year; table states no CPI adjustment),households by age of reference person,Australia,35-44,,,,,,,2013-14/6523DO00012_201314.xls,https://www.ausstats.abs.gov.au/ausstats/subscriber.nsf/0/0F8D7A49F278ED6CCA257EB5001B7B8C/$File/6523DO00012_201314.xls,"Table 12.1 INCOME DISTRIBUTION, Age of reference person",Table 12.1!D12,OK,
HIW4-2013-14-T12.1-00022,4,"Household Income and Wealth, Australia, 2013-14 (ABS cat. 6523.0)",2015-12-16,2013-14,2013-07-01,2014-06-30,,INC_GROSS_WEEKLY,"Weekly household gross income, mean",mean,2650,AUD_per_week,2013-14 dollars (survey year; table states no CPI adjustment),households by age of reference person,Australia,45-54,,,,,,,2013-14/6523DO00012_201314.xls,https://www.ausstats.abs.gov.au/ausstats/subscriber.nsf/0/0F8D7A49F278ED6CCA257EB5001B7B8C/$File/6523DO00012_201314.xls,"Table 12.1 INCOME DISTRIBUTION, Age of reference person",Table 12.1!E12,OK,
HIW4-2013-14-T12.1-00023,4,"Household Income and Wealth, Australia, 2013-14 (ABS cat. 6523.0)",2015-12-16,2013-14,2013-07-01,2014-06-30,,INC_GROSS_WEEKLY,"Weekly household gross income, mean",mean,2151,AUD_per_week,2013-14 dollars (survey year; table states no CPI adjustment),households by age of reference person,Australia,55-64,,,,,,,2013-14/6523DO00012_201314.xls,https://www.ausstats.abs.gov.au/ausstats/subscriber.nsf/0/0F8D7A49F278ED6CCA257EB5001B7B8C/$File/6523DO00012_201314.xls,"Table 12.1 INCOME DISTRIBUTION, Age of reference person",Table 12.1!F12,OK,
HIW4-2013-14-T12.1-00024,4,"Household Income and Wealth, Australia, 2013-14 (ABS cat. 6523.0)",2015-12-16,2013-14,2013-07-01,2014-06-30,,INC_GROSS_WEEKLY,"Weekly household gross income, mean",mean,1282,AUD_per_week,2013-14 dollars (survey year; table states no CPI adjustment),households by age of reference person,Australia,65-74,,,,,,,2013-14/6523DO00012_201314.xls,https://www.ausstats.abs.gov.au/ausstats/subscriber.nsf/0/0F8D7A49F278ED6CCA257EB5001B7B8C/$File/6523DO00012_201314.xls,"Table 12.1 INCOME DISTRIBUTION, Age of reference person",Table 12.1!G12,OK,
HIW4-2013-14-T12.1-00025,4,"Household Income and Wealth, Australia, 2013-14 (ABS cat. 6523.0)",2015-12-16,2013-14,2013-07-01,2014-06-30,,INC_GROSS_WEEKLY,"Weekly household gross income, mean",mean,861,AUD_per_week,2013-14 dollars (survey year; table states no CPI adjustment),households by age of reference person,Australia,75 and over,,,,,,,2013-14/6523DO00012_201314.xls,https://www.ausstats.abs.gov.au/ausstats/subscriber.nsf/0/0F8D7A49F278ED6CCA257EB5001B7B8C/$File/6523DO00012_201314.xls,"Table 12.1 INCOME DISTRIBUTION, Age of reference person",Table 12.1!H12,OK,
HIW4-2013-14-T12.1-00026,4,"Household Income and Wealth, Australia, 2013-14 (ABS cat. 6523.0)",2015-12-16,2013-14,2013-07-01,2014-06-30,,INC_GROSS_WEEKLY,"Weekly household gross income, mean",mean,1097,AUD_per_week,2013-14 dollars (survey year; table states no CPI adjustment),households by age of reference person,Australia,65 years and over,,,,,,,2013-14/6523DO00012_201314.xls,https://www.ausstats.abs.gov.au/ausstats/subscriber.nsf/0/0F8D7A49F278ED6CCA257EB5001B7B8C/$File/6523DO00012_201314.xls,"Table 12.1 INCOME DISTRIBUTION, Age of reference person",Table 12.1!I12,OK,
HIW4-2013-14-T12.1-00027,4,"Household Income and Wealth, Australia, 2013-14 (ABS cat. 6523.0)",2015-12-16,2013-14,2013-07-01,2014-06-30,,INC_GROSS_WEEKLY,"Weekly household gross income, mean",mean,2063,AUD_per_week,2013-14 dollars (survey year; table states no CPI adjustment),all households,Australia,All households,,,,,,,2013-14/6523DO00012_201314.xls,https://www.ausstats.abs.gov.au/ausstats/subscriber.nsf/0/0F8D7A49F278ED6CCA257EB5001B7B8C/$File/6523DO00012_201314.xls,"Table 12.1 INCOME DISTRIBUTION, Age of reference person",Table 12.1!J12,OK,
HIW4-2013-14-T12.1-00028,4,"Household Income and Wealth, Australia, 2013-14 (ABS cat. 6523.0)",2015-12-16,2013-14,2013-07-01,2014-06-30,,INC_DISPOSABLE_WEEKLY,"Weekly household disposable income, mean",mean,1369,AUD_per_week,2013-14 dollars (survey year; table states no CPI adjustment),households by age of reference person,Australia,15-24,,,,,,,2013-14/6523DO00012_201314.xls,https://www.ausstats.abs.gov.au/ausstats/subscriber.nsf/0/0F8D7A49F278ED6CCA257EB5001B7B8C/$File/6523DO00012_201314.xls,"Table 12.1 INCOME DISTRIBUTION, Age of reference person",Table 12.1!B13,OK,
HIW4-2013-14-T12.1-00029,4,"Household Income and Wealth, Australia, 2013-14 (ABS cat. 6523.0)",2015-12-16,2013-14,2013-07-01,2014-06-30,,INC_DISPOSABLE_WEEKLY,"Weekly household disposable income, mean",mean,1777,AUD_per_week,2013-14 dollars (survey year; table states no CPI adjustment),households by age of reference person,Australia,25-34,,,,,,,2013-14/6523DO00012_201314.xls,https://www.ausstats.abs.gov.au/ausstats/subscriber.nsf/0/0F8D7A49F278ED6CCA257EB5001B7B8C/$File/6523DO00012_201314.xls,"Table 12.1 INCOME DISTRIBUTION, Age of reference person",Table 12.1!C13,OK,
HIW4-2013-14-T12.1-00030,4,"Household Income and Wealth, Australia, 2013-14 (ABS cat. 6523.0)",2015-12-16,2013-14,2013-07-01,2014-06-30,,INC_DISPOSABLE_WEEKLY,"Weekly household disposable income, mean",mean,1966,AUD_per_week,2013-14 dollars (survey year; table states no CPI adjustment),households by age of reference person,Australia,35-44,,,,,,,2013-14/6523DO00012_201314.xls,https://www.ausstats.abs.gov.au/ausstats/subscriber.nsf/0/0F8D7A49F278ED6CCA257EB5001B7B8C/$File/6523DO00012_201314.xls,"Table 12.1 INCOME DISTRIBUTION, Age of reference person",Table 12.1!D13,OK,
HIW4-2013-14-T12.1-00031,4,"Household Income and Wealth, Australia, 2013-14 (ABS cat. 6523.0)",2015-12-16,2013-14,2013-07-01,2014-06-30,,INC_DISPOSABLE_WEEKLY,"Weekly household disposable income, mean",mean,2091,AUD_per_week,2013-14 dollars (survey year; table states no CPI adjustment),households by age of reference person,Australia,45-54,,,,,,,2013-14/6523DO00012_201314.xls,https://www.ausstats.abs.gov.au/ausstats/subscriber.nsf/0/0F8D7A49F278ED6CCA257EB5001B7B8C/$File/6523DO00012_201314.xls,"Table 12.1 INCOME DISTRIBUTION, Age of reference person",Table 12.1!E13,OK,
HIW4-2013-14-T12.1-00032,4,"Household Income and Wealth, Australia, 2013-14 (ABS cat. 6523.0)",2015-12-16,2013-14,2013-07-01,2014-06-30,,INC_DISPOSABLE_WEEKLY,"Weekly household disposable income, mean",mean,1782,AUD_per_week,2013-14 dollars (survey year; table states no CPI adjustment),households by age of reference person,Australia,55-64,,,,,,,2013-14/6523DO00012_201314.xls,https://www.ausstats.abs.gov.au/ausstats/subscriber.nsf/0/0F8D7A49F278ED6CCA257EB5001B7B8C/$File/6523DO00012_201314.xls,"Table 12.1 INCOME DISTRIBUTION, Age of reference person",Table 12.1!F13,OK,
HIW4-2013-14-T12.1-00033,4,"Household Income and Wealth, Australia, 2013-14 (ABS cat. 6523.0)",2015-12-16,2013-14,2013-07-01,2014-06-30,,INC_DISPOSABLE_WEEKLY,"Weekly household disposable income, mean",mean,1155,AUD_per_week,2013-14 dollars (survey year; table states no CPI adjustment),households by age of reference person,Australia,65-74,,,,,,,2013-14/6523DO00012_201314.xls,https://www.ausstats.abs.gov.au/ausstats/subscriber.nsf/0/0F8D7A49F278ED6CCA257EB5001B7B8C/$File/6523DO00012_201314.xls,"Table 12.1 INCOME DISTRIBUTION, Age of reference person",Table 12.1!G13,OK,
HIW4-2013-14-T12.1-00034,4,"Household Income and Wealth, Australia, 2013-14 (ABS cat. 6523.0)",2015-12-16,2013-14,2013-07-01,2014-06-30,,INC_DISPOSABLE_WEEKLY,"Weekly household disposable income, mean",mean,816,AUD_per_week,2013-14 dollars (survey year; table states no CPI adjustment),households by age of reference person,Australia,75 and over,,,,,,,2013-14/6523DO00012_201314.xls,https://www.ausstats.abs.gov.au/ausstats/subscriber.nsf/0/0F8D7A49F278ED6CCA257EB5001B7B8C/$File/6523DO00012_201314.xls,"Table 12.1 INCOME DISTRIBUTION, Age of reference person",Table 12.1!H13,OK,
HIW4-2013-14-T12.1-00035,4,"Household Income and Wealth, Australia, 2013-14 (ABS cat. 6523.0)",2015-12-16,2013-14,2013-07-01,2014-06-30,,INC_DISPOSABLE_WEEKLY,"Weekly household disposable income, mean",mean,1006,AUD_per_week,2013-14 dollars (survey year; table states no CPI adjustment),households by age of reference person,Australia,65 years and over,,,,,,,2013-14/6523DO00012_201314.xls,https://www.ausstats.abs.gov.au/ausstats/subscriber.nsf/0/0F8D7A49F278ED6CCA257EB5001B7B8C/$File/6523DO00012_201314.xls,"Table 12.1 INCOME DISTRIBUTION, Age of reference person",Table 12.1!I13,OK,
HIW4-2013-14-T12.1-00036,4,"Household Income and Wealth, Australia, 2013-14 (ABS cat. 6523.0)",2015-12-16,2013-14,2013-07-01,2014-06-30,,INC_DISPOSABLE_WEEKLY,"Weekly household disposable income, mean",mean,1687,AUD_per_week,2013-14 dollars (survey year; table states no CPI adjustment),all households,Australia,All households,,,,,,,2013-14/6523DO00012_201314.xls,https://www.ausstats.abs.gov.au/ausstats/subscriber.nsf/0/0F8D7A49F278ED6CCA257EB5001B7B8C/$File/6523DO00012_201314.xls,"Table 12.1 INCOME DISTRIBUTION, Age of reference person",Table 12.1!J13,OK,
HIW4-2013-14-T12.1-00037,4,"Household Income and Wealth, Australia, 2013-14 (ABS cat. 6523.0)",2015-12-16,2013-14,2013-07-01,2014-06-30,,INC_EQUIVALISED_DISPOSABLE_WEEKLY,"Weekly household equivalised disposable income, mean",mean,830,AUD_per_week,2013-14 dollars (survey year; table states no CPI adjustment),households by age of reference person,Australia,15-24,,,,,,,2013-14/6523DO00012_201314.xls,https://www.ausstats.abs.gov.au/ausstats/subscriber.nsf/0/0F8D7A49F278ED6CCA257EB5001B7B8C/$File/6523DO00012_201314.xls,"Table 12.1 INCOME DISTRIBUTION, Age of reference person",Table 12.1!B14,OK,
HIW4-2013-14-T12.1-00038,4,"Household Income and Wealth, Australia, 2013-14 (ABS cat. 6523.0)",2015-12-16,2013-14,2013-07-01,2014-06-30,,INC_EQUIVALISED_DISPOSABLE_WEEKLY,"Weekly household equivalised disposable income, mean",mean,1001,AUD_per_week,2013-14 dollars (survey year; table states no CPI adjustment),households by age of reference person,Australia,25-34,,,,,,,2013-14/6523DO00012_201314.xls,https://www.ausstats.abs.gov.au/ausstats/subscriber.nsf/0/0F8D7A49F278ED6CCA257EB5001B7B8C/$File/6523DO00012_201314.xls,"Table 12.1 INCOME DISTRIBUTION, Age of reference person",Table 12.1!C14,OK,
HIW4-2013-14-T12.1-00039,4,"Household Income and Wealth, Australia, 2013-14 (ABS cat. 6523.0)",2015-12-16,2013-14,2013-07-01,2014-06-30,,INC_EQUIVALISED_DISPOSABLE_WEEKLY,"Weekly household equivalised disposable income, mean",mean,1014,AUD_per_week,2013-14 dollars (survey year; table states no CPI adjustment),households by age of reference person,Australia,35-44,,,,,,,2013-14/6523DO00012_201314.xls,https://www.ausstats.abs.gov.au/ausstats/subscriber.nsf/0/0F8D7A49F278ED6CCA257EB5001B7B8C/$File/6523DO00012_201314.xls,"Table 12.1 INCOME DISTRIBUTION, Age of reference person",Table 12.1!D14,OK,
HIW4-2013-14-T12.1-00040,4,"Household Income and Wealth, Australia, 2013-14 (ABS cat. 6523.0)",2015-12-16,2013-14,2013-07-01,2014-06-30,,INC_EQUIVALISED_DISPOSABLE_WEEKLY,"Weekly household equivalised disposable income, mean",mean,1087,AUD_per_week,2013-14 dollars (survey year; table states no CPI adjustment),households by age of reference person,Australia,45-54,,,,,,,2013-14/6523DO00012_201314.xls,https://www.ausstats.abs.gov.au/ausstats/subscriber.nsf/0/0F8D7A49F278ED6CCA257EB5001B7B8C/$File/6523DO00012_201314.xls,"Table 12.1 INCOME DISTRIBUTION, Age of reference person",Table 12.1!E14,OK,
HIW4-2013-14-T12.1-00041,4,"Household Income and Wealth, Australia, 2013-14 (ABS cat. 6523.0)",2015-12-16,2013-14,2013-07-01,2014-06-30,,INC_EQUIVALISED_DISPOSABLE_WEEKLY,"Weekly household equivalised disposable income, mean",mean,1113,AUD_per_week,2013-14 dollars (survey year; table states no CPI adjustment),households by age of reference person,Australia,55-64,,,,,,,2013-14/6523DO00012_201314.xls,https://www.ausstats.abs.gov.au/ausstats/subscriber.nsf/0/0F8D7A49F278ED6CCA257EB5001B7B8C/$File/6523DO00012_201314.xls,"Table 12.1 INCOME DISTRIBUTION, Age of reference person",Table 12.1!F14,OK,
HIW4-2013-14-T12.1-00042,4,"Household Income and Wealth, Australia, 2013-14 (ABS cat. 6523.0)",2015-12-16,2013-14,2013-07-01,2014-06-30,,INC_EQUIVALISED_DISPOSABLE_WEEKLY,"Weekly household equivalised disposable income, mean",mean,818,AUD_per_week,2013-14 dollars (survey year; table states no CPI adjustment),households by age of reference person,Australia,65-74,,,,,,,2013-14/6523DO00012_201314.xls,https://www.ausstats.abs.gov.au/ausstats/subscriber.nsf/0/0F8D7A49F278ED6CCA257EB5001B7B8C/$File/6523DO00012_201314.xls,"Table 12.1 INCOME DISTRIBUTION, Age of reference person",Table 12.1!G14,OK,
HIW4-2013-14-T12.1-00043,4,"Household Income and Wealth, Australia, 2013-14 (ABS cat. 6523.0)",2015-12-16,2013-14,2013-07-01,2014-06-30,,INC_EQUIVALISED_DISPOSABLE_WEEKLY,"Weekly household equivalised disposable income, mean",mean,647,AUD_per_week,2013-14 dollars (survey year; table states no CPI adjustment),households by age of reference person,Australia,75 and over,,,,,,,2013-14/6523DO00012_201314.xls,https://www.ausstats.abs.gov.au/ausstats/subscriber.nsf/0/0F8D7A49F278ED6CCA257EB5001B7B8C/$File/6523DO00012_201314.xls,"Table 12.1 INCOME DISTRIBUTION, Age of reference person",Table 12.1!H14,OK,
HIW4-2013-14-T12.1-00044,4,"Household Income and Wealth, Australia, 2013-14 (ABS cat. 6523.0)",2015-12-16,2013-14,2013-07-01,2014-06-30,,INC_EQUIVALISED_DISPOSABLE_WEEKLY,"Weekly household equivalised disposable income, mean",mean,750,AUD_per_week,2013-14 dollars (survey year; table states no CPI adjustment),households by age of reference person,Australia,65 years and over,,,,,,,2013-14/6523DO00012_201314.xls,https://www.ausstats.abs.gov.au/ausstats/subscriber.nsf/0/0F8D7A49F278ED6CCA257EB5001B7B8C/$File/6523DO00012_201314.xls,"Table 12.1 INCOME DISTRIBUTION, Age of reference person",Table 12.1!I14,OK,
HIW4-2013-14-T12.1-00045,4,"Household Income and Wealth, Australia, 2013-14 (ABS cat. 6523.0)",2015-12-16,2013-14,2013-07-01,2014-06-30,,INC_EQUIVALISED_DISPOSABLE_WEEKLY,"Weekly household equivalised disposable income, mean",mean,998,AUD_per_week,2013-14 dollars (survey year; table states no CPI adjustment),all households,Australia,All households,,,,,,,2013-14/6523DO00012_201314.xls,https://www.ausstats.abs.gov.au/ausstats/subscriber.nsf/0/0F8D7A49F278ED6CCA257EB5001B7B8C/$File/6523DO00012_201314.xls,"Table 12.1 INCOME DISTRIBUTION, Age of reference person",Table 12.1!J14,OK,
HIW4-2013-14-T12.1-00046,4,"Household Income and Wealth, Australia, 2013-14 (ABS cat. 6523.0)",2015-12-16,2013-14,2013-07-01,2014-06-30,,INC_PRIVATE_WEEKLY,"Weekly household private income, median",median,1155,AUD_per_week,2013-14 dollars (survey year; table states no CPI adjustment),households by age of reference person,Australia,15-24,,,,,,,2013-14/6523DO00012_201314.xls,https://www.ausstats.abs.gov.au/ausstats/subscriber.nsf/0/0F8D7A49F278ED6CCA257EB5001B7B8C/$File/6523DO00012_201314.xls,"Table 12.1 INCOME DISTRIBUTION, Age of reference person",Table 12.1!B17,OK,
HIW4-2013-14-T12.1-00047,4,"Household Income and Wealth, Australia, 2013-14 (ABS cat. 6523.0)",2015-12-16,2013-14,2013-07-01,2014-06-30,,INC_PRIVATE_WEEKLY,"Weekly household private income, median",median,1831,AUD_per_week,2013-14 dollars (survey year; table states no CPI adjustment),households by age of reference person,Australia,25-34,,,,,,,2013-14/6523DO00012_201314.xls,https://www.ausstats.abs.gov.au/ausstats/subscriber.nsf/0/0F8D7A49F278ED6CCA257EB5001B7B8C/$File/6523DO00012_201314.xls,"Table 12.1 INCOME DISTRIBUTION, Age of reference person",Table 12.1!C17,OK,
HIW4-2013-14-T12.1-00048,4,"Household Income and Wealth, Australia, 2013-14 (ABS cat. 6523.0)",2015-12-16,2013-14,2013-07-01,2014-06-30,,INC_PRIVATE_WEEKLY,"Weekly household private income, median",median,1855,AUD_per_week,2013-14 dollars (survey year; table states no CPI adjustment),households by age of reference person,Australia,35-44,,,,,,,2013-14/6523DO00012_201314.xls,https://www.ausstats.abs.gov.au/ausstats/subscriber.nsf/0/0F8D7A49F278ED6CCA257EB5001B7B8C/$File/6523DO00012_201314.xls,"Table 12.1 INCOME DISTRIBUTION, Age of reference person",Table 12.1!D17,OK,
HIW4-2013-14-T12.1-00049,4,"Household Income and Wealth, Australia, 2013-14 (ABS cat. 6523.0)",2015-12-16,2013-14,2013-07-01,2014-06-30,,INC_PRIVATE_WEEKLY,"Weekly household private income, median",median,2000,AUD_per_week,2013-14 dollars (survey year; table states no CPI adjustment),households by age of reference person,Australia,45-54,,,,,,,2013-14/6523DO00012_201314.xls,https://www.ausstats.abs.gov.au/ausstats/subscriber.nsf/0/0F8D7A49F278ED6CCA257EB5001B7B8C/$File/6523DO00012_201314.xls,"Table 12.1 INCOME DISTRIBUTION, Age of reference person",Table 12.1!E17,OK,
HIW4-2013-14-T12.1-00050,4,"Household Income and Wealth, Australia, 2013-14 (ABS cat. 6523.0)",2015-12-16,2013-14,2013-07-01,2014-06-30,,INC_PRIVATE_WEEKLY,"Weekly household private income, median",median,1440,AUD_per_week,2013-14 dollars (survey year; table states no CPI adjustment),households by age of reference person,Australia,55-64,,,,,,,2013-14/6523DO00012_201314.xls,https://www.ausstats.abs.gov.au/ausstats/subscriber.nsf/0/0F8D7A49F278ED6CCA257EB5001B7B8C/$File/6523DO00012_201314.xls,"Table 12.1 INCOME DISTRIBUTION, Age of reference person",Table 12.1!F17,OK,
HIW4-2013-14-T12.1-00051,4,"Household Income and Wealth, Australia, 2013-14 (ABS cat. 6523.0)",2015-12-16,2013-14,2013-07-01,2014-06-30,,INC_PRIVATE_WEEKLY,"Weekly household private income, median",median,299,AUD_per_week,2013-14 dollars (survey year; table states no CPI adjustment),households by age of reference person,Australia,65-74,,,,,,,2013-14/6523DO00012_201314.xls,https://www.ausstats.abs.gov.au/ausstats/subscriber.nsf/0/0F8D7A49F278ED6CCA257EB5001B7B8C/$File/6523DO00012_201314.xls,"Table 12.1 INCOME DISTRIBUTION, Age of reference person",Table 12.1!G17,OK,
HIW4-2013-14-T12.1-00052,4,"Household Income and Wealth, Australia, 2013-14 (ABS cat. 6523.0)",2015-12-16,2013-14,2013-07-01,2014-06-30,,INC_PRIVATE_WEEKLY,"Weekly household private income, median",median,66,AUD_per_week,2013-14 dollars (survey year; table states no CPI adjustment),households by age of reference person,Australia,75 and over,,,,,,,2013-14/6523DO00012_201314.xls,https://www.ausstats.abs.gov.au/ausstats/subscriber.nsf/0/0F8D7A49F278ED6CCA257EB5001B7B8C/$File/6523DO00012_201314.xls,"Table 12.1 INCOME DISTRIBUTION, Age of reference person",Table 12.1!H17,OK,
HIW4-2013-14-T12.1-00053,4,"Household Income and Wealth, Australia, 2013-14 (ABS cat. 6523.0)",2015-12-16,2013-14,2013-07-01,2014-06-30,,INC_PRIVATE_WEEKLY,"Weekly household private income, median",median,161,AUD_per_week,2013-14 dollars (survey year; table states no CPI adjustment),households by age of reference person,Australia,65 years and over,,,,,,,2013-14/6523DO00012_201314.xls,https://www.ausstats.abs.gov.au/ausstats/subscriber.nsf/0/0F8D7A49F278ED6CCA257EB5001B7B8C/$File/6523DO00012_201314.xls,"Table 12.1 INCOME DISTRIBUTION, Age of reference person",Table 12.1!I17,OK,
HIW4-2013-14-T12.1-00054,4,"Household Income and Wealth, Australia, 2013-14 (ABS cat. 6523.0)",2015-12-16,2013-14,2013-07-01,2014-06-30,,INC_PRIVATE_WEEKLY,"Weekly household private income, median",median,1393,AUD_per_week,2013-14 dollars (survey year; table states no CPI adjustment),all households,Australia,All households,,,,,,,2013-14/6523DO00012_201314.xls,https://www.ausstats.abs.gov.au/ausstats/subscriber.nsf/0/0F8D7A49F278ED6CCA257EB5001B7B8C/$File/6523DO00012_201314.xls,"Table 12.1 INCOME DISTRIBUTION, Age of reference person",Table 12.1!J17,OK,
HIW4-2013-14-T12.1-00055,4,"Household Income and Wealth, Australia, 2013-14 (ABS cat. 6523.0)",2015-12-16,2013-14,2013-07-01,2014-06-30,,INC_GOVT_PENSIONS_ALLOWANCES_WEEKLY,"Weekly household government pensions and allowances, median",median,423,AUD_per_week,2013-14 dollars (survey year; table states no CPI adjustment),households by age of reference person,Australia,65-74,,,,,,,2013-14/6523DO00012_201314.xls,https://www.ausstats.abs.gov.au/ausstats/subscriber.nsf/0/0F8D7A49F278ED6CCA257EB5001B7B8C/$File/6523DO00012_201314.xls,"Table 12.1 INCOME DISTRIBUTION, Age of reference person",Table 12.1!G18,OK,includes overseas pensions
HIW4-2013-14-T12.1-00056,4,"Household Income and Wealth, Australia, 2013-14 (ABS cat. 6523.0)",2015-12-16,2013-14,2013-07-01,2014-06-30,,INC_GOVT_PENSIONS_ALLOWANCES_WEEKLY,"Weekly household government pensions and allowances, median",median,432,AUD_per_week,2013-14 dollars (survey year; table states no CPI adjustment),households by age of reference person,Australia,75 and over,,,,,,,2013-14/6523DO00012_201314.xls,https://www.ausstats.abs.gov.au/ausstats/subscriber.nsf/0/0F8D7A49F278ED6CCA257EB5001B7B8C/$File/6523DO00012_201314.xls,"Table 12.1 INCOME DISTRIBUTION, Age of reference person",Table 12.1!H18,OK,includes overseas pensions
HIW4-2013-14-T12.1-00057,4,"Household Income and Wealth, Australia, 2013-14 (ABS cat. 6523.0)",2015-12-16,2013-14,2013-07-01,2014-06-30,,INC_GOVT_PENSIONS_ALLOWANCES_WEEKLY,"Weekly household government pensions and allowances, median",median,427,AUD_per_week,2013-14 dollars (survey year; table states no CPI adjustment),households by age of reference person,Australia,65 years and over,,,,,,,2013-14/6523DO00012_201314.xls,https://www.ausstats.abs.gov.au/ausstats/subscriber.nsf/0/0F8D7A49F278ED6CCA257EB5001B7B8C/$File/6523DO00012_201314.xls,"Table 12.1 INCOME DISTRIBUTION, Age of reference person",Table 12.1!I18,OK,includes overseas pensions
HIW4-2013-14-T12.1-00058,4,"Household Income and Wealth, Australia, 2013-14 (ABS cat. 6523.0)",2015-12-16,2013-14,2013-07-01,2014-06-30,,INC_GOVT_PENSIONS_ALLOWANCES_WEEKLY,"Weekly household government pensions and allowances, median",median,23,AUD_per_week,2013-14 dollars (survey year; table states no CPI adjustment),all households,Australia,All households,,,,,,,2013-14/6523DO00012_201314.xls,https://www.ausstats.abs.gov.au/ausstats/subscriber.nsf/0/0F8D7A49F278ED6CCA257EB5001B7B8C/$File/6523DO00012_201314.xls,"Table 12.1 INCOME DISTRIBUTION, Age of reference person",Table 12.1!J18,OK,includes overseas pensions
HIW4-2013-14-T12.1-00059,4,"Household Income and Wealth, Australia, 2013-14 (ABS cat. 6523.0)",2015-12-16,2013-14,2013-07-01,2014-06-30,,INC_GROSS_WEEKLY,"Weekly household gross income, median",median,1370,AUD_per_week,2013-14 dollars (survey year; table states no CPI adjustment),households by age of reference person,Australia,15-24,,,,,,,2013-14/6523DO00012_201314.xls,https://www.ausstats.abs.gov.au/ausstats/subscriber.nsf/0/0F8D7A49F278ED6CCA257EB5001B7B8C/$File/6523DO00012_201314.xls,"Table 12.1 INCOME DISTRIBUTION, Age of reference person",Table 12.1!B19,OK,
HIW4-2013-14-T12.1-00060,4,"Household Income and Wealth, Australia, 2013-14 (ABS cat. 6523.0)",2015-12-16,2013-14,2013-07-01,2014-06-30,,INC_GROSS_WEEKLY,"Weekly household gross income, median",median,1941,AUD_per_week,2013-14 dollars (survey year; table states no CPI adjustment),households by age of reference person,Australia,25-34,,,,,,,2013-14/6523DO00012_201314.xls,https://www.ausstats.abs.gov.au/ausstats/subscriber.nsf/0/0F8D7A49F278ED6CCA257EB5001B7B8C/$File/6523DO00012_201314.xls,"Table 12.1 INCOME DISTRIBUTION, Age of reference person",Table 12.1!C19,OK,
HIW4-2013-14-T12.1-00061,4,"Household Income and Wealth, Australia, 2013-14 (ABS cat. 6523.0)",2015-12-16,2013-14,2013-07-01,2014-06-30,,INC_GROSS_WEEKLY,"Weekly household gross income, median",median,1992,AUD_per_week,2013-14 dollars (survey year; table states no CPI adjustment),households by age of reference person,Australia,35-44,,,,,,,2013-14/6523DO00012_201314.xls,https://www.ausstats.abs.gov.au/ausstats/subscriber.nsf/0/0F8D7A49F278ED6CCA257EB5001B7B8C/$File/6523DO00012_201314.xls,"Table 12.1 INCOME DISTRIBUTION, Age of reference person",Table 12.1!D19,OK,
HIW4-2013-14-T12.1-00062,4,"Household Income and Wealth, Australia, 2013-14 (ABS cat. 6523.0)",2015-12-16,2013-14,2013-07-01,2014-06-30,,INC_GROSS_WEEKLY,"Weekly household gross income, median",median,2107,AUD_per_week,2013-14 dollars (survey year; table states no CPI adjustment),households by age of reference person,Australia,45-54,,,,,,,2013-14/6523DO00012_201314.xls,https://www.ausstats.abs.gov.au/ausstats/subscriber.nsf/0/0F8D7A49F278ED6CCA257EB5001B7B8C/$File/6523DO00012_201314.xls,"Table 12.1 INCOME DISTRIBUTION, Age of reference person",Table 12.1!E19,OK,
HIW4-2013-14-T12.1-00063,4,"Household Income and Wealth, Australia, 2013-14 (ABS cat. 6523.0)",2015-12-16,2013-14,2013-07-01,2014-06-30,,INC_GROSS_WEEKLY,"Weekly household gross income, median",median,1557,AUD_per_week,2013-14 dollars (survey year; table states no CPI adjustment),households by age of reference person,Australia,55-64,,,,,,,2013-14/6523DO00012_201314.xls,https://www.ausstats.abs.gov.au/ausstats/subscriber.nsf/0/0F8D7A49F278ED6CCA257EB5001B7B8C/$File/6523DO00012_201314.xls,"Table 12.1 INCOME DISTRIBUTION, Age of reference person",Table 12.1!F19,OK,
HIW4-2013-14-T12.1-00064,4,"Household Income and Wealth, Australia, 2013-14 (ABS cat. 6523.0)",2015-12-16,2013-14,2013-07-01,2014-06-30,,INC_GROSS_WEEKLY,"Weekly household gross income, median",median,834,AUD_per_week,2013-14 dollars (survey year; table states no CPI adjustment),households by age of reference person,Australia,65-74,,,,,,,2013-14/6523DO00012_201314.xls,https://www.ausstats.abs.gov.au/ausstats/subscriber.nsf/0/0F8D7A49F278ED6CCA257EB5001B7B8C/$File/6523DO00012_201314.xls,"Table 12.1 INCOME DISTRIBUTION, Age of reference person",Table 12.1!G19,OK,
HIW4-2013-14-T12.1-00065,4,"Household Income and Wealth, Australia, 2013-14 (ABS cat. 6523.0)",2015-12-16,2013-14,2013-07-01,2014-06-30,,INC_GROSS_WEEKLY,"Weekly household gross income, median",median,650,AUD_per_week,2013-14 dollars (survey year; table states no CPI adjustment),households by age of reference person,Australia,75 and over,,,,,,,2013-14/6523DO00012_201314.xls,https://www.ausstats.abs.gov.au/ausstats/subscriber.nsf/0/0F8D7A49F278ED6CCA257EB5001B7B8C/$File/6523DO00012_201314.xls,"Table 12.1 INCOME DISTRIBUTION, Age of reference person",Table 12.1!H19,OK,
HIW4-2013-14-T12.1-00066,4,"Household Income and Wealth, Australia, 2013-14 (ABS cat. 6523.0)",2015-12-16,2013-14,2013-07-01,2014-06-30,,INC_GROSS_WEEKLY,"Weekly household gross income, median",median,725,AUD_per_week,2013-14 dollars (survey year; table states no CPI adjustment),households by age of reference person,Australia,65 years and over,,,,,,,2013-14/6523DO00012_201314.xls,https://www.ausstats.abs.gov.au/ausstats/subscriber.nsf/0/0F8D7A49F278ED6CCA257EB5001B7B8C/$File/6523DO00012_201314.xls,"Table 12.1 INCOME DISTRIBUTION, Age of reference person",Table 12.1!I19,OK,
HIW4-2013-14-T12.1-00067,4,"Household Income and Wealth, Australia, 2013-14 (ABS cat. 6523.0)",2015-12-16,2013-14,2013-07-01,2014-06-30,,INC_GROSS_WEEKLY,"Weekly household gross income, median",median,1548,AUD_per_week,2013-14 dollars (survey year; table states no CPI adjustment),all households,Australia,All households,,,,,,,2013-14/6523DO00012_201314.xls,https://www.ausstats.abs.gov.au/ausstats/subscriber.nsf/0/0F8D7A49F278ED6CCA257EB5001B7B8C/$File/6523DO00012_201314.xls,"Table 12.1 INCOME DISTRIBUTION, Age of reference person",Table 12.1!J19,OK,
HIW4-2013-14-T12.1-00068,4,"Household Income and Wealth, Australia, 2013-14 (ABS cat. 6523.0)",2015-12-16,2013-14,2013-07-01,2014-06-30,,INC_DISPOSABLE_WEEKLY,"Weekly household disposable income, median",median,1201,AUD_per_week,2013-14 dollars (survey year; table states no CPI adjustment),households by age of reference person,Australia,15-24,,,,,,,2013-14/6523DO00012_201314.xls,https://www.ausstats.abs.gov.au/ausstats/subscriber.nsf/0/0F8D7A49F278ED6CCA257EB5001B7B8C/$File/6523DO00012_201314.xls,"Table 12.1 INCOME DISTRIBUTION, Age of reference person",Table 12.1!B20,OK,
HIW4-2013-14-T12.1-00069,4,"Household Income and Wealth, Australia, 2013-14 (ABS cat. 6523.0)",2015-12-16,2013-14,2013-07-01,2014-06-30,,INC_DISPOSABLE_WEEKLY,"Weekly household disposable income, median",median,1632,AUD_per_week,2013-14 dollars (survey year; table states no CPI adjustment),households by age of reference person,Australia,25-34,,,,,,,2013-14/6523DO00012_201314.xls,https://www.ausstats.abs.gov.au/ausstats/subscriber.nsf/0/0F8D7A49F278ED6CCA257EB5001B7B8C/$File/6523DO00012_201314.xls,"Table 12.1 INCOME DISTRIBUTION, Age of reference person",Table 12.1!C20,OK,
HIW4-2013-14-T12.1-00070,4,"Household Income and Wealth, Australia, 2013-14 (ABS cat. 6523.0)",2015-12-16,2013-14,2013-07-01,2014-06-30,,INC_DISPOSABLE_WEEKLY,"Weekly household disposable income, median",median,1681,AUD_per_week,2013-14 dollars (survey year; table states no CPI adjustment),households by age of reference person,Australia,35-44,,,,,,,2013-14/6523DO00012_201314.xls,https://www.ausstats.abs.gov.au/ausstats/subscriber.nsf/0/0F8D7A49F278ED6CCA257EB5001B7B8C/$File/6523DO00012_201314.xls,"Table 12.1 INCOME DISTRIBUTION, Age of reference person",Table 12.1!D20,OK,
HIW4-2013-14-T12.1-00071,4,"Household Income and Wealth, Australia, 2013-14 (ABS cat. 6523.0)",2015-12-16,2013-14,2013-07-01,2014-06-30,,INC_DISPOSABLE_WEEKLY,"Weekly household disposable income, median",median,1789,AUD_per_week,2013-14 dollars (survey year; table states no CPI adjustment),households by age of reference person,Australia,45-54,,,,,,,2013-14/6523DO00012_201314.xls,https://www.ausstats.abs.gov.au/ausstats/subscriber.nsf/0/0F8D7A49F278ED6CCA257EB5001B7B8C/$File/6523DO00012_201314.xls,"Table 12.1 INCOME DISTRIBUTION, Age of reference person",Table 12.1!E20,OK,
HIW4-2013-14-T12.1-00072,4,"Household Income and Wealth, Australia, 2013-14 (ABS cat. 6523.0)",2015-12-16,2013-14,2013-07-01,2014-06-30,,INC_DISPOSABLE_WEEKLY,"Weekly household disposable income, median",median,1372,AUD_per_week,2013-14 dollars (survey year; table states no CPI adjustment),households by age of reference person,Australia,55-64,,,,,,,2013-14/6523DO00012_201314.xls,https://www.ausstats.abs.gov.au/ausstats/subscriber.nsf/0/0F8D7A49F278ED6CCA257EB5001B7B8C/$File/6523DO00012_201314.xls,"Table 12.1 INCOME DISTRIBUTION, Age of reference person",Table 12.1!F20,OK,
HIW4-2013-14-T12.1-00073,4,"Household Income and Wealth, Australia, 2013-14 (ABS cat. 6523.0)",2015-12-16,2013-14,2013-07-01,2014-06-30,,INC_DISPOSABLE_WEEKLY,"Weekly household disposable income, median",median,830,AUD_per_week,2013-14 dollars (survey year; table states no CPI adjustment),households by age of reference person,Australia,65-74,,,,,,,2013-14/6523DO00012_201314.xls,https://www.ausstats.abs.gov.au/ausstats/subscriber.nsf/0/0F8D7A49F278ED6CCA257EB5001B7B8C/$File/6523DO00012_201314.xls,"Table 12.1 INCOME DISTRIBUTION, Age of reference person",Table 12.1!G20,OK,
HIW4-2013-14-T12.1-00074,4,"Household Income and Wealth, Australia, 2013-14 (ABS cat. 6523.0)",2015-12-16,2013-14,2013-07-01,2014-06-30,,INC_DISPOSABLE_WEEKLY,"Weekly household disposable income, median",median,649,AUD_per_week,2013-14 dollars (survey year; table states no CPI adjustment),households by age of reference person,Australia,75 and over,,,,,,,2013-14/6523DO00012_201314.xls,https://www.ausstats.abs.gov.au/ausstats/subscriber.nsf/0/0F8D7A49F278ED6CCA257EB5001B7B8C/$File/6523DO00012_201314.xls,"Table 12.1 INCOME DISTRIBUTION, Age of reference person",Table 12.1!H20,OK,
HIW4-2013-14-T12.1-00075,4,"Household Income and Wealth, Australia, 2013-14 (ABS cat. 6523.0)",2015-12-16,2013-14,2013-07-01,2014-06-30,,INC_DISPOSABLE_WEEKLY,"Weekly household disposable income, median",median,724,AUD_per_week,2013-14 dollars (survey year; table states no CPI adjustment),households by age of reference person,Australia,65 years and over,,,,,,,2013-14/6523DO00012_201314.xls,https://www.ausstats.abs.gov.au/ausstats/subscriber.nsf/0/0F8D7A49F278ED6CCA257EB5001B7B8C/$File/6523DO00012_201314.xls,"Table 12.1 INCOME DISTRIBUTION, Age of reference person",Table 12.1!I20,OK,
HIW4-2013-14-T12.1-00076,4,"Household Income and Wealth, Australia, 2013-14 (ABS cat. 6523.0)",2015-12-16,2013-14,2013-07-01,2014-06-30,,INC_DISPOSABLE_WEEKLY,"Weekly household disposable income, median",median,1354,AUD_per_week,2013-14 dollars (survey year; table states no CPI adjustment),all households,Australia,All households,,,,,,,2013-14/6523DO00012_201314.xls,https://www.ausstats.abs.gov.au/ausstats/subscriber.nsf/0/0F8D7A49F278ED6CCA257EB5001B7B8C/$File/6523DO00012_201314.xls,"Table 12.1 INCOME DISTRIBUTION, Age of reference person",Table 12.1!J20,OK,
HIW4-2013-14-T12.1-00077,4,"Household Income and Wealth, Australia, 2013-14 (ABS cat. 6523.0)",2015-12-16,2013-14,2013-07-01,2014-06-30,,INC_EQUIVALISED_DISPOSABLE_WEEKLY,"Weekly household equivalised disposable income, median",median,809,AUD_per_week,2013-14 dollars (survey year; table states no CPI adjustment),households by age of reference person,Australia,15-24,,,,,,,2013-14/6523DO00012_201314.xls,https://www.ausstats.abs.gov.au/ausstats/subscriber.nsf/0/0F8D7A49F278ED6CCA257EB5001B7B8C/$File/6523DO00012_201314.xls,"Table 12.1 INCOME DISTRIBUTION, Age of reference person",Table 12.1!B21,OK,
HIW4-2013-14-T12.1-00078,4,"Household Income and Wealth, Australia, 2013-14 (ABS cat. 6523.0)",2015-12-16,2013-14,2013-07-01,2014-06-30,,INC_EQUIVALISED_DISPOSABLE_WEEKLY,"Weekly household equivalised disposable income, median",median,904,AUD_per_week,2013-14 dollars (survey year; table states no CPI adjustment),households by age of reference person,Australia,25-34,,,,,,,2013-14/6523DO00012_201314.xls,https://www.ausstats.abs.gov.au/ausstats/subscriber.nsf/0/0F8D7A49F278ED6CCA257EB5001B7B8C/$File/6523DO00012_201314.xls,"Table 12.1 INCOME DISTRIBUTION, Age of reference person",Table 12.1!C21,OK,
HIW4-2013-14-T12.1-00079,4,"Household Income and Wealth, Australia, 2013-14 (ABS cat. 6523.0)",2015-12-16,2013-14,2013-07-01,2014-06-30,,INC_EQUIVALISED_DISPOSABLE_WEEKLY,"Weekly household equivalised disposable income, median",median,840,AUD_per_week,2013-14 dollars (survey year; table states no CPI adjustment),households by age of reference person,Australia,35-44,,,,,,,2013-14/6523DO00012_201314.xls,https://www.ausstats.abs.gov.au/ausstats/subscriber.nsf/0/0F8D7A49F278ED6CCA257EB5001B7B8C/$File/6523DO00012_201314.xls,"Table 12.1 INCOME DISTRIBUTION, Age of reference person",Table 12.1!D21,OK,
HIW4-2013-14-T12.1-00080,4,"Household Income and Wealth, Australia, 2013-14 (ABS cat. 6523.0)",2015-12-16,2013-14,2013-07-01,2014-06-30,,INC_EQUIVALISED_DISPOSABLE_WEEKLY,"Weekly household equivalised disposable income, median",median,920,AUD_per_week,2013-14 dollars (survey year; table states no CPI adjustment),households by age of reference person,Australia,45-54,,,,,,,2013-14/6523DO00012_201314.xls,https://www.ausstats.abs.gov.au/ausstats/subscriber.nsf/0/0F8D7A49F278ED6CCA257EB5001B7B8C/$File/6523DO00012_201314.xls,"Table 12.1 INCOME DISTRIBUTION, Age of reference person",Table 12.1!E21,OK,
HIW4-2013-14-T12.1-00081,4,"Household Income and Wealth, Australia, 2013-14 (ABS cat. 6523.0)",2015-12-16,2013-14,2013-07-01,2014-06-30,,INC_EQUIVALISED_DISPOSABLE_WEEKLY,"Weekly household equivalised disposable income, median",median,920,AUD_per_week,2013-14 dollars (survey year; table states no CPI adjustment),households by age of reference person,Australia,55-64,,,,,,,2013-14/6523DO00012_201314.xls,https://www.ausstats.abs.gov.au/ausstats/subscriber.nsf/0/0F8D7A49F278ED6CCA257EB5001B7B8C/$File/6523DO00012_201314.xls,"Table 12.1 INCOME DISTRIBUTION, Age of reference person",Table 12.1!F21,OK,
HIW4-2013-14-T12.1-00082,4,"Household Income and Wealth, Australia, 2013-14 (ABS cat. 6523.0)",2015-12-16,2013-14,2013-07-01,2014-06-30,,INC_EQUIVALISED_DISPOSABLE_WEEKLY,"Weekly household equivalised disposable income, median",median,631,AUD_per_week,2013-14 dollars (survey year; table states no CPI adjustment),households by age of reference person,Australia,65-74,,,,,,,2013-14/6523DO00012_201314.xls,https://www.ausstats.abs.gov.au/ausstats/subscriber.nsf/0/0F8D7A49F278ED6CCA257EB5001B7B8C/$File/6523DO00012_201314.xls,"Table 12.1 INCOME DISTRIBUTION, Age of reference person",Table 12.1!G21,OK,
HIW4-2013-14-T12.1-00083,4,"Household Income and Wealth, Australia, 2013-14 (ABS cat. 6523.0)",2015-12-16,2013-14,2013-07-01,2014-06-30,,INC_EQUIVALISED_DISPOSABLE_WEEKLY,"Weekly household equivalised disposable income, median",median,515,AUD_per_week,2013-14 dollars (survey year; table states no CPI adjustment),households by age of reference person,Australia,75 and over,,,,,,,2013-14/6523DO00012_201314.xls,https://www.ausstats.abs.gov.au/ausstats/subscriber.nsf/0/0F8D7A49F278ED6CCA257EB5001B7B8C/$File/6523DO00012_201314.xls,"Table 12.1 INCOME DISTRIBUTION, Age of reference person",Table 12.1!H21,OK,
HIW4-2013-14-T12.1-00084,4,"Household Income and Wealth, Australia, 2013-14 (ABS cat. 6523.0)",2015-12-16,2013-14,2013-07-01,2014-06-30,,INC_EQUIVALISED_DISPOSABLE_WEEKLY,"Weekly household equivalised disposable income, median",median,576,AUD_per_week,2013-14 dollars (survey year; table states no CPI adjustment),households by age of reference person,Australia,65 years and over,,,,,,,2013-14/6523DO00012_201314.xls,https://www.ausstats.abs.gov.au/ausstats/subscriber.nsf/0/0F8D7A49F278ED6CCA257EB5001B7B8C/$File/6523DO00012_201314.xls,"Table 12.1 INCOME DISTRIBUTION, Age of reference person",Table 12.1!I21,OK,
HIW4-2013-14-T12.1-00085,4,"Household Income and Wealth, Australia, 2013-14 (ABS cat. 6523.0)",2015-12-16,2013-14,2013-07-01,2014-06-30,,INC_EQUIVALISED_DISPOSABLE_WEEKLY,"Weekly household equivalised disposable income, median",median,844,AUD_per_week,2013-14 dollars (survey year; table states no CPI adjustment),all households,Australia,All households,,,,,,,2013-14/6523DO00012_201314.xls,https://www.ausstats.abs.gov.au/ausstats/subscriber.nsf/0/0F8D7A49F278ED6CCA257EB5001B7B8C/$File/6523DO00012_201314.xls,"Table 12.1 INCOME DISTRIBUTION, Age of reference person",Table 12.1!J21,OK,
HIW4-2013-14-T12.1-00086,4,"Household Income and Wealth, Australia, 2013-14 (ABS cat. 6523.0)",2015-12-16,2013-14,2013-07-01,2014-06-30,,INC_EQUIVALISED_DISPOSABLE_WEEKLY_PCTL,Weekly equivalised disposable household income at top of selected percentile (10th (P10)),p10,367,AUD_per_week,2013-14 dollars (survey year; table states no CPI adjustment),households by age of reference person,Australia,15-24,,,,,,P10,2013-14/6523DO00012_201314.xls,https://www.ausstats.abs.gov.au/ausstats/subscriber.nsf/0/0F8D7A49F278ED6CCA257EB5001B7B8C/$File/6523DO00012_201314.xls,"Table 12.1 INCOME DISTRIBUTION, Age of reference person",Table 12.1!B29,OK,percentile boundary within this age group
HIW4-2013-14-T12.1-00087,4,"Household Income and Wealth, Australia, 2013-14 (ABS cat. 6523.0)",2015-12-16,2013-14,2013-07-01,2014-06-30,,INC_EQUIVALISED_DISPOSABLE_WEEKLY_PCTL,Weekly equivalised disposable household income at top of selected percentile (10th (P10)),p10,447,AUD_per_week,2013-14 dollars (survey year; table states no CPI adjustment),households by age of reference person,Australia,25-34,,,,,,P10,2013-14/6523DO00012_201314.xls,https://www.ausstats.abs.gov.au/ausstats/subscriber.nsf/0/0F8D7A49F278ED6CCA257EB5001B7B8C/$File/6523DO00012_201314.xls,"Table 12.1 INCOME DISTRIBUTION, Age of reference person",Table 12.1!C29,OK,percentile boundary within this age group
HIW4-2013-14-T12.1-00088,4,"Household Income and Wealth, Australia, 2013-14 (ABS cat. 6523.0)",2015-12-16,2013-14,2013-07-01,2014-06-30,,INC_EQUIVALISED_DISPOSABLE_WEEKLY_PCTL,Weekly equivalised disposable household income at top of selected percentile (10th (P10)),p10,418,AUD_per_week,2013-14 dollars (survey year; table states no CPI adjustment),households by age of reference person,Australia,35-44,,,,,,P10,2013-14/6523DO00012_201314.xls,https://www.ausstats.abs.gov.au/ausstats/subscriber.nsf/0/0F8D7A49F278ED6CCA257EB5001B7B8C/$File/6523DO00012_201314.xls,"Table 12.1 INCOME DISTRIBUTION, Age of reference person",Table 12.1!D29,OK,percentile boundary within this age group
HIW4-2013-14-T12.1-00089,4,"Household Income and Wealth, Australia, 2013-14 (ABS cat. 6523.0)",2015-12-16,2013-14,2013-07-01,2014-06-30,,INC_EQUIVALISED_DISPOSABLE_WEEKLY_PCTL,Weekly equivalised disposable household income at top of selected percentile (10th (P10)),p10,445,AUD_per_week,2013-14 dollars (survey year; table states no CPI adjustment),households by age of reference person,Australia,45-54,,,,,,P10,2013-14/6523DO00012_201314.xls,https://www.ausstats.abs.gov.au/ausstats/subscriber.nsf/0/0F8D7A49F278ED6CCA257EB5001B7B8C/$File/6523DO00012_201314.xls,"Table 12.1 INCOME DISTRIBUTION, Age of reference person",Table 12.1!E29,OK,percentile boundary within this age group
HIW4-2013-14-T12.1-00090,4,"Household Income and Wealth, Australia, 2013-14 (ABS cat. 6523.0)",2015-12-16,2013-14,2013-07-01,2014-06-30,,INC_EQUIVALISED_DISPOSABLE_WEEKLY_PCTL,Weekly equivalised disposable household income at top of selected percentile (10th (P10)),p10,397,AUD_per_week,2013-14 dollars (survey year; table states no CPI adjustment),households by age of reference person,Australia,55-64,,,,,,P10,2013-14/6523DO00012_201314.xls,https://www.ausstats.abs.gov.au/ausstats/subscriber.nsf/0/0F8D7A49F278ED6CCA257EB5001B7B8C/$File/6523DO00012_201314.xls,"Table 12.1 INCOME DISTRIBUTION, Age of reference person",Table 12.1!F29,OK,percentile boundary within this age group
HIW4-2013-14-T12.1-00091,4,"Household Income and Wealth, Australia, 2013-14 (ABS cat. 6523.0)",2015-12-16,2013-14,2013-07-01,2014-06-30,,INC_EQUIVALISED_DISPOSABLE_WEEKLY_PCTL,Weekly equivalised disposable household income at top of selected percentile (10th (P10)),p10,394,AUD_per_week,2013-14 dollars (survey year; table states no CPI adjustment),households by age of reference person,Australia,65-74,,,,,,P10,2013-14/6523DO00012_201314.xls,https://www.ausstats.abs.gov.au/ausstats/subscriber.nsf/0/0F8D7A49F278ED6CCA257EB5001B7B8C/$File/6523DO00012_201314.xls,"Table 12.1 INCOME DISTRIBUTION, Age of reference person",Table 12.1!G29,OK,percentile boundary within this age group
HIW4-2013-14-T12.1-00092,4,"Household Income and Wealth, Australia, 2013-14 (ABS cat. 6523.0)",2015-12-16,2013-14,2013-07-01,2014-06-30,,INC_EQUIVALISED_DISPOSABLE_WEEKLY_PCTL,Weekly equivalised disposable household income at top of selected percentile (10th (P10)),p10,399,AUD_per_week,2013-14 dollars (survey year; table states no CPI adjustment),households by age of reference person,Australia,75 and over,,,,,,P10,2013-14/6523DO00012_201314.xls,https://www.ausstats.abs.gov.au/ausstats/subscriber.nsf/0/0F8D7A49F278ED6CCA257EB5001B7B8C/$File/6523DO00012_201314.xls,"Table 12.1 INCOME DISTRIBUTION, Age of reference person",Table 12.1!H29,OK,percentile boundary within this age group
HIW4-2013-14-T12.1-00093,4,"Household Income and Wealth, Australia, 2013-14 (ABS cat. 6523.0)",2015-12-16,2013-14,2013-07-01,2014-06-30,,INC_EQUIVALISED_DISPOSABLE_WEEKLY_PCTL,Weekly equivalised disposable household income at top of selected percentile (10th (P10)),p10,398,AUD_per_week,2013-14 dollars (survey year; table states no CPI adjustment),households by age of reference person,Australia,65 years and over,,,,,,P10,2013-14/6523DO00012_201314.xls,https://www.ausstats.abs.gov.au/ausstats/subscriber.nsf/0/0F8D7A49F278ED6CCA257EB5001B7B8C/$File/6523DO00012_201314.xls,"Table 12.1 INCOME DISTRIBUTION, Age of reference person",Table 12.1!I29,OK,percentile boundary within this age group
HIW4-2013-14-T12.1-00094,4,"Household Income and Wealth, Australia, 2013-14 (ABS cat. 6523.0)",2015-12-16,2013-14,2013-07-01,2014-06-30,,INC_EQUIVALISED_DISPOSABLE_WEEKLY_PCTL,Weekly equivalised disposable household income at top of selected percentile (10th (P10)),p10,415,AUD_per_week,2013-14 dollars (survey year; table states no CPI adjustment),all households,Australia,All households,,,,,,P10,2013-14/6523DO00012_201314.xls,https://www.ausstats.abs.gov.au/ausstats/subscriber.nsf/0/0F8D7A49F278ED6CCA257EB5001B7B8C/$File/6523DO00012_201314.xls,"Table 12.1 INCOME DISTRIBUTION, Age of reference person",Table 12.1!J29,OK,percentile boundary within this age group
HIW4-2013-14-T12.1-00095,4,"Household Income and Wealth, Australia, 2013-14 (ABS cat. 6523.0)",2015-12-16,2013-14,2013-07-01,2014-06-30,,INC_EQUIVALISED_DISPOSABLE_WEEKLY_PCTL,Weekly equivalised disposable household income at top of selected percentile (20th (P20)),p20,461,AUD_per_week,2013-14 dollars (survey year; table states no CPI adjustment),households by age of reference person,Australia,15-24,,,,,,P20,2013-14/6523DO00012_201314.xls,https://www.ausstats.abs.gov.au/ausstats/subscriber.nsf/0/0F8D7A49F278ED6CCA257EB5001B7B8C/$File/6523DO00012_201314.xls,"Table 12.1 INCOME DISTRIBUTION, Age of reference person",Table 12.1!B30,OK,percentile boundary within this age group
HIW4-2013-14-T12.1-00096,4,"Household Income and Wealth, Australia, 2013-14 (ABS cat. 6523.0)",2015-12-16,2013-14,2013-07-01,2014-06-30,,INC_EQUIVALISED_DISPOSABLE_WEEKLY_PCTL,Weekly equivalised disposable household income at top of selected percentile (20th (P20)),p20,549,AUD_per_week,2013-14 dollars (survey year; table states no CPI adjustment),households by age of reference person,Australia,25-34,,,,,,P20,2013-14/6523DO00012_201314.xls,https://www.ausstats.abs.gov.au/ausstats/subscriber.nsf/0/0F8D7A49F278ED6CCA257EB5001B7B8C/$File/6523DO00012_201314.xls,"Table 12.1 INCOME DISTRIBUTION, Age of reference person",Table 12.1!C30,OK,percentile boundary within this age group
HIW4-2013-14-T12.1-00097,4,"Household Income and Wealth, Australia, 2013-14 (ABS cat. 6523.0)",2015-12-16,2013-14,2013-07-01,2014-06-30,,INC_EQUIVALISED_DISPOSABLE_WEEKLY_PCTL,Weekly equivalised disposable household income at top of selected percentile (20th (P20)),p20,536,AUD_per_week,2013-14 dollars (survey year; table states no CPI adjustment),households by age of reference person,Australia,35-44,,,,,,P20,2013-14/6523DO00012_201314.xls,https://www.ausstats.abs.gov.au/ausstats/subscriber.nsf/0/0F8D7A49F278ED6CCA257EB5001B7B8C/$File/6523DO00012_201314.xls,"Table 12.1 INCOME DISTRIBUTION, Age of reference person",Table 12.1!D30,OK,percentile boundary within this age group
HIW4-2013-14-T12.1-00098,4,"Household Income and Wealth, Australia, 2013-14 (ABS cat. 6523.0)",2015-12-16,2013-14,2013-07-01,2014-06-30,,INC_EQUIVALISED_DISPOSABLE_WEEKLY_PCTL,Weekly equivalised disposable household income at top of selected percentile (20th (P20)),p20,580,AUD_per_week,2013-14 dollars (survey year; table states no CPI adjustment),households by age of reference person,Australia,45-54,,,,,,P20,2013-14/6523DO00012_201314.xls,https://www.ausstats.abs.gov.au/ausstats/subscriber.nsf/0/0F8D7A49F278ED6CCA257EB5001B7B8C/$File/6523DO00012_201314.xls,"Table 12.1 INCOME DISTRIBUTION, Age of reference person",Table 12.1!E30,OK,percentile boundary within this age group
HIW4-2013-14-T12.1-00099,4,"Household Income and Wealth, Australia, 2013-14 (ABS cat. 6523.0)",2015-12-16,2013-14,2013-07-01,2014-06-30,,INC_EQUIVALISED_DISPOSABLE_WEEKLY_PCTL,Weekly equivalised disposable household income at top of selected percentile (20th (P20)),p20,544,AUD_per_week,2013-14 dollars (survey year; table states no CPI adjustment),households by age of reference person,Australia,55-64,,,,,,P20,2013-14/6523DO00012_201314.xls,https://www.ausstats.abs.gov.au/ausstats/subscriber.nsf/0/0F8D7A49F278ED6CCA257EB5001B7B8C/$File/6523DO00012_201314.xls,"Table 12.1 INCOME DISTRIBUTION, Age of reference person",Table 12.1!F30,OK,percentile boundary within this age group
HIW4-2013-14-T12.1-00100,4,"Household Income and Wealth, Australia, 2013-14 (ABS cat. 6523.0)",2015-12-16,2013-14,2013-07-01,2014-06-30,,INC_EQUIVALISED_DISPOSABLE_WEEKLY_PCTL,Weekly equivalised disposable household income at top of selected percentile (20th (P20)),p20,439,AUD_per_week,2013-14 dollars (survey year; table states no CPI adjustment),households by age of reference person,Australia,65-74,,,,,,P20,2013-14/6523DO00012_201314.xls,https://www.ausstats.abs.gov.au/ausstats/subscriber.nsf/0/0F8D7A49F278ED6CCA257EB5001B7B8C/$File/6523DO00012_201314.xls,"Table 12.1 INCOME DISTRIBUTION, Age of reference person",Table 12.1!G30,OK,percentile boundary within this age group
HIW4-2013-14-T12.1-00101,4,"Household Income and Wealth, Australia, 2013-14 (ABS cat. 6523.0)",2015-12-16,2013-14,2013-07-01,2014-06-30,,INC_EQUIVALISED_DISPOSABLE_WEEKLY_PCTL,Weekly equivalised disposable household income at top of selected percentile (20th (P20)),p20,432,AUD_per_week,2013-14 dollars (survey year; table states no CPI adjustment),households by age of reference person,Australia,75 and over,,,,,,P20,2013-14/6523DO00012_201314.xls,https://www.ausstats.abs.gov.au/ausstats/subscriber.nsf/0/0F8D7A49F278ED6CCA257EB5001B7B8C/$File/6523DO00012_201314.xls,"Table 12.1 INCOME DISTRIBUTION, Age of reference person",Table 12.1!H30,OK,percentile boundary within this age group
HIW4-2013-14-T12.1-00102,4,"Household Income and Wealth, Australia, 2013-14 (ABS cat. 6523.0)",2015-12-16,2013-14,2013-07-01,2014-06-30,,INC_EQUIVALISED_DISPOSABLE_WEEKLY_PCTL,Weekly equivalised disposable household income at top of selected percentile (20th (P20)),p20,436,AUD_per_week,2013-14 dollars (survey year; table states no CPI adjustment),households by age of reference person,Australia,65 years and over,,,,,,P20,2013-14/6523DO00012_201314.xls,https://www.ausstats.abs.gov.au/ausstats/subscriber.nsf/0/0F8D7A49F278ED6CCA257EB5001B7B8C/$File/6523DO00012_201314.xls,"Table 12.1 INCOME DISTRIBUTION, Age of reference person",Table 12.1!I30,OK,percentile boundary within this age group
HIW4-2013-14-T12.1-00103,4,"Household Income and Wealth, Australia, 2013-14 (ABS cat. 6523.0)",2015-12-16,2013-14,2013-07-01,2014-06-30,,INC_EQUIVALISED_DISPOSABLE_WEEKLY_PCTL,Weekly equivalised disposable household income at top of selected percentile (20th (P20)),p20,511,AUD_per_week,2013-14 dollars (survey year; table states no CPI adjustment),all households,Australia,All households,,,,,,P20,2013-14/6523DO00012_201314.xls,https://www.ausstats.abs.gov.au/ausstats/subscriber.nsf/0/0F8D7A49F278ED6CCA257EB5001B7B8C/$File/6523DO00012_201314.xls,"Table 12.1 INCOME DISTRIBUTION, Age of reference person",Table 12.1!J30,OK,percentile boundary within this age group
HIW4-2013-14-T12.1-00104,4,"Household Income and Wealth, Australia, 2013-14 (ABS cat. 6523.0)",2015-12-16,2013-14,2013-07-01,2014-06-30,,INC_EQUIVALISED_DISPOSABLE_WEEKLY_PCTL,Weekly equivalised disposable household income at top of selected percentile (30th (P30)),threshold,545,AUD_per_week,2013-14 dollars (survey year; table states no CPI adjustment),households by age of reference person,Australia,15-24,,,,,,P30,2013-14/6523DO00012_201314.xls,https://www.ausstats.abs.gov.au/ausstats/subscriber.nsf/0/0F8D7A49F278ED6CCA257EB5001B7B8C/$File/6523DO00012_201314.xls,"Table 12.1 INCOME DISTRIBUTION, Age of reference person",Table 12.1!B31,OK,percentile boundary within this age group
HIW4-2013-14-T12.1-00105,4,"Household Income and Wealth, Australia, 2013-14 (ABS cat. 6523.0)",2015-12-16,2013-14,2013-07-01,2014-06-30,,INC_EQUIVALISED_DISPOSABLE_WEEKLY_PCTL,Weekly equivalised disposable household income at top of selected percentile (30th (P30)),threshold,671,AUD_per_week,2013-14 dollars (survey year; table states no CPI adjustment),households by age of reference person,Australia,25-34,,,,,,P30,2013-14/6523DO00012_201314.xls,https://www.ausstats.abs.gov.au/ausstats/subscriber.nsf/0/0F8D7A49F278ED6CCA257EB5001B7B8C/$File/6523DO00012_201314.xls,"Table 12.1 INCOME DISTRIBUTION, Age of reference person",Table 12.1!C31,OK,percentile boundary within this age group
HIW4-2013-14-T12.1-00106,4,"Household Income and Wealth, Australia, 2013-14 (ABS cat. 6523.0)",2015-12-16,2013-14,2013-07-01,2014-06-30,,INC_EQUIVALISED_DISPOSABLE_WEEKLY_PCTL,Weekly equivalised disposable household income at top of selected percentile (30th (P30)),threshold,634,AUD_per_week,2013-14 dollars (survey year; table states no CPI adjustment),households by age of reference person,Australia,35-44,,,,,,P30,2013-14/6523DO00012_201314.xls,https://www.ausstats.abs.gov.au/ausstats/subscriber.nsf/0/0F8D7A49F278ED6CCA257EB5001B7B8C/$File/6523DO00012_201314.xls,"Table 12.1 INCOME DISTRIBUTION, Age of reference person",Table 12.1!D31,OK,percentile boundary within this age group
HIW4-2013-14-T12.1-00107,4,"Household Income and Wealth, Australia, 2013-14 (ABS cat. 6523.0)",2015-12-16,2013-14,2013-07-01,2014-06-30,,INC_EQUIVALISED_DISPOSABLE_WEEKLY_PCTL,Weekly equivalised disposable household income at top of selected percentile (30th (P30)),threshold,708,AUD_per_week,2013-14 dollars (survey year; table states no CPI adjustment),households by age of reference person,Australia,45-54,,,,,,P30,2013-14/6523DO00012_201314.xls,https://www.ausstats.abs.gov.au/ausstats/subscriber.nsf/0/0F8D7A49F278ED6CCA257EB5001B7B8C/$File/6523DO00012_201314.xls,"Table 12.1 INCOME DISTRIBUTION, Age of reference person",Table 12.1!E31,OK,percentile boundary within this age group
HIW4-2013-14-T12.1-00108,4,"Household Income and Wealth, Australia, 2013-14 (ABS cat. 6523.0)",2015-12-16,2013-14,2013-07-01,2014-06-30,,INC_EQUIVALISED_DISPOSABLE_WEEKLY_PCTL,Weekly equivalised disposable household income at top of selected percentile (30th (P30)),threshold,675,AUD_per_week,2013-14 dollars (survey year; table states no CPI adjustment),households by age of reference person,Australia,55-64,,,,,,P30,2013-14/6523DO00012_201314.xls,https://www.ausstats.abs.gov.au/ausstats/subscriber.nsf/0/0F8D7A49F278ED6CCA257EB5001B7B8C/$File/6523DO00012_201314.xls,"Table 12.1 INCOME DISTRIBUTION, Age of reference person",Table 12.1!F31,OK,percentile boundary within this age group
HIW4-2013-14-T12.1-00109,4,"Household Income and Wealth, Australia, 2013-14 (ABS cat. 6523.0)",2015-12-16,2013-14,2013-07-01,2014-06-30,,INC_EQUIVALISED_DISPOSABLE_WEEKLY_PCTL,Weekly equivalised disposable household income at top of selected percentile (30th (P30)),threshold,498,AUD_per_week,2013-14 dollars (survey year; table states no CPI adjustment),households by age of reference person,Australia,65-74,,,,,,P30,2013-14/6523DO00012_201314.xls,https://www.ausstats.abs.gov.au/ausstats/subscriber.nsf/0/0F8D7A49F278ED6CCA257EB5001B7B8C/$File/6523DO00012_201314.xls,"Table 12.1 INCOME DISTRIBUTION, Age of reference person",Table 12.1!G31,OK,percentile boundary within this age group
HIW4-2013-14-T12.1-00110,4,"Household Income and Wealth, Australia, 2013-14 (ABS cat. 6523.0)",2015-12-16,2013-14,2013-07-01,2014-06-30,,INC_EQUIVALISED_DISPOSABLE_WEEKLY_PCTL,Weekly equivalised disposable household income at top of selected percentile (30th (P30)),threshold,452,AUD_per_week,2013-14 dollars (survey year; table states no CPI adjustment),households by age of reference person,Australia,75 and over,,,,,,P30,2013-14/6523DO00012_201314.xls,https://www.ausstats.abs.gov.au/ausstats/subscriber.nsf/0/0F8D7A49F278ED6CCA257EB5001B7B8C/$File/6523DO00012_201314.xls,"Table 12.1 INCOME DISTRIBUTION, Age of reference person",Table 12.1!H31,OK,percentile boundary within this age group
HIW4-2013-14-T12.1-00111,4,"Household Income and Wealth, Australia, 2013-14 (ABS cat. 6523.0)",2015-12-16,2013-14,2013-07-01,2014-06-30,,INC_EQUIVALISED_DISPOSABLE_WEEKLY_PCTL,Weekly equivalised disposable household income at top of selected percentile (30th (P30)),threshold,469,AUD_per_week,2013-14 dollars (survey year; table states no CPI adjustment),households by age of reference person,Australia,65 years and over,,,,,,P30,2013-14/6523DO00012_201314.xls,https://www.ausstats.abs.gov.au/ausstats/subscriber.nsf/0/0F8D7A49F278ED6CCA257EB5001B7B8C/$File/6523DO00012_201314.xls,"Table 12.1 INCOME DISTRIBUTION, Age of reference person",Table 12.1!I31,OK,percentile boundary within this age group
HIW4-2013-14-T12.1-00112,4,"Household Income and Wealth, Australia, 2013-14 (ABS cat. 6523.0)",2015-12-16,2013-14,2013-07-01,2014-06-30,,INC_EQUIVALISED_DISPOSABLE_WEEKLY_PCTL,Weekly equivalised disposable household income at top of selected percentile (30th (P30)),threshold,612,AUD_per_week,2013-14 dollars (survey year; table states no CPI adjustment),all households,Australia,All households,,,,,,P30,2013-14/6523DO00012_201314.xls,https://www.ausstats.abs.gov.au/ausstats/subscriber.nsf/0/0F8D7A49F278ED6CCA257EB5001B7B8C/$File/6523DO00012_201314.xls,"Table 12.1 INCOME DISTRIBUTION, Age of reference person",Table 12.1!J31,OK,percentile boundary within this age group
HIW4-2013-14-T12.1-00113,4,"Household Income and Wealth, Australia, 2013-14 (ABS cat. 6523.0)",2015-12-16,2013-14,2013-07-01,2014-06-30,,INC_EQUIVALISED_DISPOSABLE_WEEKLY_PCTL,Weekly equivalised disposable household income at top of selected percentile (40th (P40)),threshold,642,AUD_per_week,2013-14 dollars (survey year; table states no CPI adjustment),households by age of reference person,Australia,15-24,,,,,,P40,2013-14/6523DO00012_201314.xls,https://www.ausstats.abs.gov.au/ausstats/subscriber.nsf/0/0F8D7A49F278ED6CCA257EB5001B7B8C/$File/6523DO00012_201314.xls,"Table 12.1 INCOME DISTRIBUTION, Age of reference person",Table 12.1!B32,OK,percentile boundary within this age group
HIW4-2013-14-T12.1-00114,4,"Household Income and Wealth, Australia, 2013-14 (ABS cat. 6523.0)",2015-12-16,2013-14,2013-07-01,2014-06-30,,INC_EQUIVALISED_DISPOSABLE_WEEKLY_PCTL,Weekly equivalised disposable household income at top of selected percentile (40th (P40)),threshold,782,AUD_per_week,2013-14 dollars (survey year; table states no CPI adjustment),households by age of reference person,Australia,25-34,,,,,,P40,2013-14/6523DO00012_201314.xls,https://www.ausstats.abs.gov.au/ausstats/subscriber.nsf/0/0F8D7A49F278ED6CCA257EB5001B7B8C/$File/6523DO00012_201314.xls,"Table 12.1 INCOME DISTRIBUTION, Age of reference person",Table 12.1!C32,OK,percentile boundary within this age group
HIW4-2013-14-T12.1-00115,4,"Household Income and Wealth, Australia, 2013-14 (ABS cat. 6523.0)",2015-12-16,2013-14,2013-07-01,2014-06-30,,INC_EQUIVALISED_DISPOSABLE_WEEKLY_PCTL,Weekly equivalised disposable household income at top of selected percentile (40th (P40)),threshold,748,AUD_per_week,2013-14 dollars (survey year; table states no CPI adjustment),households by age of reference person,Australia,35-44,,,,,,P40,2013-14/6523DO00012_201314.xls,https://www.ausstats.abs.gov.au/ausstats/subscriber.nsf/0/0F8D7A49F278ED6CCA257EB5001B7B8C/$File/6523DO00012_201314.xls,"Table 12.1 INCOME DISTRIBUTION, Age of reference person",Table 12.1!D32,OK,percentile boundary within this age group
HIW4-2013-14-T12.1-00116,4,"Household Income and Wealth, Australia, 2013-14 (ABS cat. 6523.0)",2015-12-16,2013-14,2013-07-01,2014-06-30,,INC_EQUIVALISED_DISPOSABLE_WEEKLY_PCTL,Weekly equivalised disposable household income at top of selected percentile (40th (P40)),threshold,824,AUD_per_week,2013-14 dollars (survey year; table states no CPI adjustment),households by age of reference person,Australia,45-54,,,,,,P40,2013-14/6523DO00012_201314.xls,https://www.ausstats.abs.gov.au/ausstats/subscriber.nsf/0/0F8D7A49F278ED6CCA257EB5001B7B8C/$File/6523DO00012_201314.xls,"Table 12.1 INCOME DISTRIBUTION, Age of reference person",Table 12.1!E32,OK,percentile boundary within this age group
HIW4-2013-14-T12.1-00117,4,"Household Income and Wealth, Australia, 2013-14 (ABS cat. 6523.0)",2015-12-16,2013-14,2013-07-01,2014-06-30,,INC_EQUIVALISED_DISPOSABLE_WEEKLY_PCTL,Weekly equivalised disposable household income at top of selected percentile (40th (P40)),threshold,799,AUD_per_week,2013-14 dollars (survey year; table states no CPI adjustment),households by age of reference person,Australia,55-64,,,,,,P40,2013-14/6523DO00012_201314.xls,https://www.ausstats.abs.gov.au/ausstats/subscriber.nsf/0/0F8D7A49F278ED6CCA257EB5001B7B8C/$File/6523DO00012_201314.xls,"Table 12.1 INCOME DISTRIBUTION, Age of reference person",Table 12.1!F32,OK,percentile boundary within this age group
HIW4-2013-14-T12.1-00118,4,"Household Income and Wealth, Australia, 2013-14 (ABS cat. 6523.0)",2015-12-16,2013-14,2013-07-01,2014-06-30,,INC_EQUIVALISED_DISPOSABLE_WEEKLY_PCTL,Weekly equivalised disposable household income at top of selected percentile (40th (P40)),threshold,557,AUD_per_week,2013-14 dollars (survey year; table states no CPI adjustment),households by age of reference person,Australia,65-74,,,,,,P40,2013-14/6523DO00012_201314.xls,https://www.ausstats.abs.gov.au/ausstats/subscriber.nsf/0/0F8D7A49F278ED6CCA257EB5001B7B8C/$File/6523DO00012_201314.xls,"Table 12.1 INCOME DISTRIBUTION, Age of reference person",Table 12.1!G32,OK,percentile boundary within this age group
HIW4-2013-14-T12.1-00119,4,"Household Income and Wealth, Australia, 2013-14 (ABS cat. 6523.0)",2015-12-16,2013-14,2013-07-01,2014-06-30,,INC_EQUIVALISED_DISPOSABLE_WEEKLY_PCTL,Weekly equivalised disposable household income at top of selected percentile (40th (P40)),threshold,479,AUD_per_week,2013-14 dollars (survey year; table states no CPI adjustment),households by age of reference person,Australia,75 and over,,,,,,P40,2013-14/6523DO00012_201314.xls,https://www.ausstats.abs.gov.au/ausstats/subscriber.nsf/0/0F8D7A49F278ED6CCA257EB5001B7B8C/$File/6523DO00012_201314.xls,"Table 12.1 INCOME DISTRIBUTION, Age of reference person",Table 12.1!H32,OK,percentile boundary within this age group
HIW4-2013-14-T12.1-00120,4,"Household Income and Wealth, Australia, 2013-14 (ABS cat. 6523.0)",2015-12-16,2013-14,2013-07-01,2014-06-30,,INC_EQUIVALISED_DISPOSABLE_WEEKLY_PCTL,Weekly equivalised disposable household income at top of selected percentile (40th (P40)),threshold,519,AUD_per_week,2013-14 dollars (survey year; table states no CPI adjustment),households by age of reference person,Australia,65 years and over,,,,,,P40,2013-14/6523DO00012_201314.xls,https://www.ausstats.abs.gov.au/ausstats/subscriber.nsf/0/0F8D7A49F278ED6CCA257EB5001B7B8C/$File/6523DO00012_201314.xls,"Table 12.1 INCOME DISTRIBUTION, Age of reference person",Table 12.1!I32,OK,percentile boundary within this age group
HIW4-2013-14-T12.1-00121,4,"Household Income and Wealth, Australia, 2013-14 (ABS cat. 6523.0)",2015-12-16,2013-14,2013-07-01,2014-06-30,,INC_EQUIVALISED_DISPOSABLE_WEEKLY_PCTL,Weekly equivalised disposable household income at top of selected percentile (40th (P40)),threshold,728,AUD_per_week,2013-14 dollars (survey year; table states no CPI adjustment),all households,Australia,All households,,,,,,P40,2013-14/6523DO00012_201314.xls,https://www.ausstats.abs.gov.au/ausstats/subscriber.nsf/0/0F8D7A49F278ED6CCA257EB5001B7B8C/$File/6523DO00012_201314.xls,"Table 12.1 INCOME DISTRIBUTION, Age of reference person",Table 12.1!J32,OK,percentile boundary within this age group
HIW4-2013-14-T12.1-00122,4,"Household Income and Wealth, Australia, 2013-14 (ABS cat. 6523.0)",2015-12-16,2013-14,2013-07-01,2014-06-30,,INC_EQUIVALISED_DISPOSABLE_WEEKLY_PCTL,Weekly equivalised disposable household income at top of selected percentile (50th (P50)),p50,809,AUD_per_week,2013-14 dollars (survey year; table states no CPI adjustment),households by age of reference person,Australia,15-24,,,,,,P50,2013-14/6523DO00012_201314.xls,https://www.ausstats.abs.gov.au/ausstats/subscriber.nsf/0/0F8D7A49F278ED6CCA257EB5001B7B8C/$File/6523DO00012_201314.xls,"Table 12.1 INCOME DISTRIBUTION, Age of reference person",Table 12.1!B33,OK,percentile boundary within this age group
HIW4-2013-14-T12.1-00123,4,"Household Income and Wealth, Australia, 2013-14 (ABS cat. 6523.0)",2015-12-16,2013-14,2013-07-01,2014-06-30,,INC_EQUIVALISED_DISPOSABLE_WEEKLY_PCTL,Weekly equivalised disposable household income at top of selected percentile (50th (P50)),p50,904,AUD_per_week,2013-14 dollars (survey year; table states no CPI adjustment),households by age of reference person,Australia,25-34,,,,,,P50,2013-14/6523DO00012_201314.xls,https://www.ausstats.abs.gov.au/ausstats/subscriber.nsf/0/0F8D7A49F278ED6CCA257EB5001B7B8C/$File/6523DO00012_201314.xls,"Table 12.1 INCOME DISTRIBUTION, Age of reference person",Table 12.1!C33,OK,percentile boundary within this age group
HIW4-2013-14-T12.1-00124,4,"Household Income and Wealth, Australia, 2013-14 (ABS cat. 6523.0)",2015-12-16,2013-14,2013-07-01,2014-06-30,,INC_EQUIVALISED_DISPOSABLE_WEEKLY_PCTL,Weekly equivalised disposable household income at top of selected percentile (50th (P50)),p50,840,AUD_per_week,2013-14 dollars (survey year; table states no CPI adjustment),households by age of reference person,Australia,35-44,,,,,,P50,2013-14/6523DO00012_201314.xls,https://www.ausstats.abs.gov.au/ausstats/subscriber.nsf/0/0F8D7A49F278ED6CCA257EB5001B7B8C/$File/6523DO00012_201314.xls,"Table 12.1 INCOME DISTRIBUTION, Age of reference person",Table 12.1!D33,OK,percentile boundary within this age group
HIW4-2013-14-T12.1-00125,4,"Household Income and Wealth, Australia, 2013-14 (ABS cat. 6523.0)",2015-12-16,2013-14,2013-07-01,2014-06-30,,INC_EQUIVALISED_DISPOSABLE_WEEKLY_PCTL,Weekly equivalised disposable household income at top of selected percentile (50th (P50)),p50,920,AUD_per_week,2013-14 dollars (survey year; table states no CPI adjustment),households by age of reference person,Australia,45-54,,,,,,P50,2013-14/6523DO00012_201314.xls,https://www.ausstats.abs.gov.au/ausstats/subscriber.nsf/0/0F8D7A49F278ED6CCA257EB5001B7B8C/$File/6523DO00012_201314.xls,"Table 12.1 INCOME DISTRIBUTION, Age of reference person",Table 12.1!E33,OK,percentile boundary within this age group
HIW4-2013-14-T12.1-00126,4,"Household Income and Wealth, Australia, 2013-14 (ABS cat. 6523.0)",2015-12-16,2013-14,2013-07-01,2014-06-30,,INC_EQUIVALISED_DISPOSABLE_WEEKLY_PCTL,Weekly equivalised disposable household income at top of selected percentile (50th (P50)),p50,920,AUD_per_week,2013-14 dollars (survey year; table states no CPI adjustment),households by age of reference person,Australia,55-64,,,,,,P50,2013-14/6523DO00012_201314.xls,https://www.ausstats.abs.gov.au/ausstats/subscriber.nsf/0/0F8D7A49F278ED6CCA257EB5001B7B8C/$File/6523DO00012_201314.xls,"Table 12.1 INCOME DISTRIBUTION, Age of reference person",Table 12.1!F33,OK,percentile boundary within this age group
HIW4-2013-14-T12.1-00127,4,"Household Income and Wealth, Australia, 2013-14 (ABS cat. 6523.0)",2015-12-16,2013-14,2013-07-01,2014-06-30,,INC_EQUIVALISED_DISPOSABLE_WEEKLY_PCTL,Weekly equivalised disposable household income at top of selected percentile (50th (P50)),p50,631,AUD_per_week,2013-14 dollars (survey year; table states no CPI adjustment),households by age of reference person,Australia,65-74,,,,,,P50,2013-14/6523DO00012_201314.xls,https://www.ausstats.abs.gov.au/ausstats/subscriber.nsf/0/0F8D7A49F278ED6CCA257EB5001B7B8C/$File/6523DO00012_201314.xls,"Table 12.1 INCOME DISTRIBUTION, Age of reference person",Table 12.1!G33,OK,percentile boundary within this age group
HIW4-2013-14-T12.1-00128,4,"Household Income and Wealth, Australia, 2013-14 (ABS cat. 6523.0)",2015-12-16,2013-14,2013-07-01,2014-06-30,,INC_EQUIVALISED_DISPOSABLE_WEEKLY_PCTL,Weekly equivalised disposable household income at top of selected percentile (50th (P50)),p50,515,AUD_per_week,2013-14 dollars (survey year; table states no CPI adjustment),households by age of reference person,Australia,75 and over,,,,,,P50,2013-14/6523DO00012_201314.xls,https://www.ausstats.abs.gov.au/ausstats/subscriber.nsf/0/0F8D7A49F278ED6CCA257EB5001B7B8C/$File/6523DO00012_201314.xls,"Table 12.1 INCOME DISTRIBUTION, Age of reference person",Table 12.1!H33,OK,percentile boundary within this age group
HIW4-2013-14-T12.1-00129,4,"Household Income and Wealth, Australia, 2013-14 (ABS cat. 6523.0)",2015-12-16,2013-14,2013-07-01,2014-06-30,,INC_EQUIVALISED_DISPOSABLE_WEEKLY_PCTL,Weekly equivalised disposable household income at top of selected percentile (50th (P50)),p50,576,AUD_per_week,2013-14 dollars (survey year; table states no CPI adjustment),households by age of reference person,Australia,65 years and over,,,,,,P50,2013-14/6523DO00012_201314.xls,https://www.ausstats.abs.gov.au/ausstats/subscriber.nsf/0/0F8D7A49F278ED6CCA257EB5001B7B8C/$File/6523DO00012_201314.xls,"Table 12.1 INCOME DISTRIBUTION, Age of reference person",Table 12.1!I33,OK,percentile boundary within this age group
HIW4-2013-14-T12.1-00130,4,"Household Income and Wealth, Australia, 2013-14 (ABS cat. 6523.0)",2015-12-16,2013-14,2013-07-01,2014-06-30,,INC_EQUIVALISED_DISPOSABLE_WEEKLY_PCTL,Weekly equivalised disposable household income at top of selected percentile (50th (P50)),p50,844,AUD_per_week,2013-14 dollars (survey year; table states no CPI adjustment),all households,Australia,All households,,,,,,P50,2013-14/6523DO00012_201314.xls,https://www.ausstats.abs.gov.au/ausstats/subscriber.nsf/0/0F8D7A49F278ED6CCA257EB5001B7B8C/$File/6523DO00012_201314.xls,"Table 12.1 INCOME DISTRIBUTION, Age of reference person",Table 12.1!J33,OK,percentile boundary within this age group
HIW4-2013-14-T12.1-00131,4,"Household Income and Wealth, Australia, 2013-14 (ABS cat. 6523.0)",2015-12-16,2013-14,2013-07-01,2014-06-30,,INC_EQUIVALISED_DISPOSABLE_WEEKLY_PCTL,Weekly equivalised disposable household income at top of selected percentile (60th (P60)),threshold,920,AUD_per_week,2013-14 dollars (survey year; table states no CPI adjustment),households by age of reference person,Australia,15-24,,,,,,P60,2013-14/6523DO00012_201314.xls,https://www.ausstats.abs.gov.au/ausstats/subscriber.nsf/0/0F8D7A49F278ED6CCA257EB5001B7B8C/$File/6523DO00012_201314.xls,"Table 12.1 INCOME DISTRIBUTION, Age of reference person",Table 12.1!B34,OK,percentile boundary within this age group
HIW4-2013-14-T12.1-00132,4,"Household Income and Wealth, Australia, 2013-14 (ABS cat. 6523.0)",2015-12-16,2013-14,2013-07-01,2014-06-30,,INC_EQUIVALISED_DISPOSABLE_WEEKLY_PCTL,Weekly equivalised disposable household income at top of selected percentile (60th (P60)),threshold,1037,AUD_per_week,2013-14 dollars (survey year; table states no CPI adjustment),households by age of reference person,Australia,25-34,,,,,,P60,2013-14/6523DO00012_201314.xls,https://www.ausstats.abs.gov.au/ausstats/subscriber.nsf/0/0F8D7A49F278ED6CCA257EB5001B7B8C/$File/6523DO00012_201314.xls,"Table 12.1 INCOME DISTRIBUTION, Age of reference person",Table 12.1!C34,OK,percentile boundary within this age group
HIW4-2013-14-T12.1-00133,4,"Household Income and Wealth, Australia, 2013-14 (ABS cat. 6523.0)",2015-12-16,2013-14,2013-07-01,2014-06-30,,INC_EQUIVALISED_DISPOSABLE_WEEKLY_PCTL,Weekly equivalised disposable household income at top of selected percentile (60th (P60)),threshold,958,AUD_per_week,2013-14 dollars (survey year; table states no CPI adjustment),households by age of reference person,Australia,35-44,,,,,,P60,2013-14/6523DO00012_201314.xls,https://www.ausstats.abs.gov.au/ausstats/subscriber.nsf/0/0F8D7A49F278ED6CCA257EB5001B7B8C/$File/6523DO00012_201314.xls,"Table 12.1 INCOME DISTRIBUTION, Age of reference person",Table 12.1!D34,OK,percentile boundary within this age group
HIW4-2013-14-T12.1-00134,4,"Household Income and Wealth, Australia, 2013-14 (ABS cat. 6523.0)",2015-12-16,2013-14,2013-07-01,2014-06-30,,INC_EQUIVALISED_DISPOSABLE_WEEKLY_PCTL,Weekly equivalised disposable household income at top of selected percentile (60th (P60)),threshold,1052,AUD_per_week,2013-14 dollars (survey year; table states no CPI adjustment),households by age of reference person,Australia,45-54,,,,,,P60,2013-14/6523DO00012_201314.xls,https://www.ausstats.abs.gov.au/ausstats/subscriber.nsf/0/0F8D7A49F278ED6CCA257EB5001B7B8C/$File/6523DO00012_201314.xls,"Table 12.1 INCOME DISTRIBUTION, Age of reference person",Table 12.1!E34,OK,percentile boundary within this age group
HIW4-2013-14-T12.1-00135,4,"Household Income and Wealth, Australia, 2013-14 (ABS cat. 6523.0)",2015-12-16,2013-14,2013-07-01,2014-06-30,,INC_EQUIVALISED_DISPOSABLE_WEEKLY_PCTL,Weekly equivalised disposable household income at top of selected percentile (60th (P60)),threshold,1054,AUD_per_week,2013-14 dollars (survey year; table states no CPI adjustment),households by age of reference person,Australia,55-64,,,,,,P60,2013-14/6523DO00012_201314.xls,https://www.ausstats.abs.gov.au/ausstats/subscriber.nsf/0/0F8D7A49F278ED6CCA257EB5001B7B8C/$File/6523DO00012_201314.xls,"Table 12.1 INCOME DISTRIBUTION, Age of reference person",Table 12.1!F34,OK,percentile boundary within this age group
HIW4-2013-14-T12.1-00136,4,"Household Income and Wealth, Australia, 2013-14 (ABS cat. 6523.0)",2015-12-16,2013-14,2013-07-01,2014-06-30,,INC_EQUIVALISED_DISPOSABLE_WEEKLY_PCTL,Weekly equivalised disposable household income at top of selected percentile (60th (P60)),threshold,719,AUD_per_week,2013-14 dollars (survey year; table states no CPI adjustment),households by age of reference person,Australia,65-74,,,,,,P60,2013-14/6523DO00012_201314.xls,https://www.ausstats.abs.gov.au/ausstats/subscriber.nsf/0/0F8D7A49F278ED6CCA257EB5001B7B8C/$File/6523DO00012_201314.xls,"Table 12.1 INCOME DISTRIBUTION, Age of reference person",Table 12.1!G34,OK,percentile boundary within this age group
HIW4-2013-14-T12.1-00137,4,"Household Income and Wealth, Australia, 2013-14 (ABS cat. 6523.0)",2015-12-16,2013-14,2013-07-01,2014-06-30,,INC_EQUIVALISED_DISPOSABLE_WEEKLY_PCTL,Weekly equivalised disposable household income at top of selected percentile (60th (P60)),threshold,577,AUD_per_week,2013-14 dollars (survey year; table states no CPI adjustment),households by age of reference person,Australia,75 and over,,,,,,P60,2013-14/6523DO00012_201314.xls,https://www.ausstats.abs.gov.au/ausstats/subscriber.nsf/0/0F8D7A49F278ED6CCA257EB5001B7B8C/$File/6523DO00012_201314.xls,"Table 12.1 INCOME DISTRIBUTION, Age of reference person",Table 12.1!H34,OK,percentile boundary within this age group
HIW4-2013-14-T12.1-00138,4,"Household Income and Wealth, Australia, 2013-14 (ABS cat. 6523.0)",2015-12-16,2013-14,2013-07-01,2014-06-30,,INC_EQUIVALISED_DISPOSABLE_WEEKLY_PCTL,Weekly equivalised disposable household income at top of selected percentile (60th (P60)),threshold,662,AUD_per_week,2013-14 dollars (survey year; table states no CPI adjustment),households by age of reference person,Australia,65 years and over,,,,,,P60,2013-14/6523DO00012_201314.xls,https://www.ausstats.abs.gov.au/ausstats/subscriber.nsf/0/0F8D7A49F278ED6CCA257EB5001B7B8C/$File/6523DO00012_201314.xls,"Table 12.1 INCOME DISTRIBUTION, Age of reference person",Table 12.1!I34,OK,percentile boundary within this age group
HIW4-2013-14-T12.1-00139,4,"Household Income and Wealth, Australia, 2013-14 (ABS cat. 6523.0)",2015-12-16,2013-14,2013-07-01,2014-06-30,,INC_EQUIVALISED_DISPOSABLE_WEEKLY_PCTL,Weekly equivalised disposable household income at top of selected percentile (60th (P60)),threshold,960,AUD_per_week,2013-14 dollars (survey year; table states no CPI adjustment),all households,Australia,All households,,,,,,P60,2013-14/6523DO00012_201314.xls,https://www.ausstats.abs.gov.au/ausstats/subscriber.nsf/0/0F8D7A49F278ED6CCA257EB5001B7B8C/$File/6523DO00012_201314.xls,"Table 12.1 INCOME DISTRIBUTION, Age of reference person",Table 12.1!J34,OK,percentile boundary within this age group
HIW4-2013-14-T12.1-00140,4,"Household Income and Wealth, Australia, 2013-14 (ABS cat. 6523.0)",2015-12-16,2013-14,2013-07-01,2014-06-30,,INC_EQUIVALISED_DISPOSABLE_WEEKLY_PCTL,Weekly equivalised disposable household income at top of selected percentile (70th (P70)),threshold,1023,AUD_per_week,2013-14 dollars (survey year; table states no CPI adjustment),households by age of reference person,Australia,15-24,,,,,,P70,2013-14/6523DO00012_201314.xls,https://www.ausstats.abs.gov.au/ausstats/subscriber.nsf/0/0F8D7A49F278ED6CCA257EB5001B7B8C/$File/6523DO00012_201314.xls,"Table 12.1 INCOME DISTRIBUTION, Age of reference person",Table 12.1!B35,OK,percentile boundary within this age group
HIW4-2013-14-T12.1-00141,4,"Household Income and Wealth, Australia, 2013-14 (ABS cat. 6523.0)",2015-12-16,2013-14,2013-07-01,2014-06-30,,INC_EQUIVALISED_DISPOSABLE_WEEKLY_PCTL,Weekly equivalised disposable household income at top of selected percentile (70th (P70)),threshold,1174,AUD_per_week,2013-14 dollars (survey year; table states no CPI adjustment),households by age of reference person,Australia,25-34,,,,,,P70,2013-14/6523DO00012_201314.xls,https://www.ausstats.abs.gov.au/ausstats/subscriber.nsf/0/0F8D7A49F278ED6CCA257EB5001B7B8C/$File/6523DO00012_201314.xls,"Table 12.1 INCOME DISTRIBUTION, Age of reference person",Table 12.1!C35,OK,percentile boundary within this age group
HIW4-2013-14-T12.1-00142,4,"Household Income and Wealth, Australia, 2013-14 (ABS cat. 6523.0)",2015-12-16,2013-14,2013-07-01,2014-06-30,,INC_EQUIVALISED_DISPOSABLE_WEEKLY_PCTL,Weekly equivalised disposable household income at top of selected percentile (70th (P70)),threshold,1104,AUD_per_week,2013-14 dollars (survey year; table states no CPI adjustment),households by age of reference person,Australia,35-44,,,,,,P70,2013-14/6523DO00012_201314.xls,https://www.ausstats.abs.gov.au/ausstats/subscriber.nsf/0/0F8D7A49F278ED6CCA257EB5001B7B8C/$File/6523DO00012_201314.xls,"Table 12.1 INCOME DISTRIBUTION, Age of reference person",Table 12.1!D35,OK,percentile boundary within this age group
HIW4-2013-14-T12.1-00143,4,"Household Income and Wealth, Australia, 2013-14 (ABS cat. 6523.0)",2015-12-16,2013-14,2013-07-01,2014-06-30,,INC_EQUIVALISED_DISPOSABLE_WEEKLY_PCTL,Weekly equivalised disposable household income at top of selected percentile (70th (P70)),threshold,1194,AUD_per_week,2013-14 dollars (survey year; table states no CPI adjustment),households by age of reference person,Australia,45-54,,,,,,P70,2013-14/6523DO00012_201314.xls,https://www.ausstats.abs.gov.au/ausstats/subscriber.nsf/0/0F8D7A49F278ED6CCA257EB5001B7B8C/$File/6523DO00012_201314.xls,"Table 12.1 INCOME DISTRIBUTION, Age of reference person",Table 12.1!E35,OK,percentile boundary within this age group
HIW4-2013-14-T12.1-00144,4,"Household Income and Wealth, Australia, 2013-14 (ABS cat. 6523.0)",2015-12-16,2013-14,2013-07-01,2014-06-30,,INC_EQUIVALISED_DISPOSABLE_WEEKLY_PCTL,Weekly equivalised disposable household income at top of selected percentile (70th (P70)),threshold,1208,AUD_per_week,2013-14 dollars (survey year; table states no CPI adjustment),households by age of reference person,Australia,55-64,,,,,,P70,2013-14/6523DO00012_201314.xls,https://www.ausstats.abs.gov.au/ausstats/subscriber.nsf/0/0F8D7A49F278ED6CCA257EB5001B7B8C/$File/6523DO00012_201314.xls,"Table 12.1 INCOME DISTRIBUTION, Age of reference person",Table 12.1!F35,OK,percentile boundary within this age group
HIW4-2013-14-T12.1-00145,4,"Household Income and Wealth, Australia, 2013-14 (ABS cat. 6523.0)",2015-12-16,2013-14,2013-07-01,2014-06-30,,INC_EQUIVALISED_DISPOSABLE_WEEKLY_PCTL,Weekly equivalised disposable household income at top of selected percentile (70th (P70)),threshold,860,AUD_per_week,2013-14 dollars (survey year; table states no CPI adjustment),households by age of reference person,Australia,65-74,,,,,,P70,2013-14/6523DO00012_201314.xls,https://www.ausstats.abs.gov.au/ausstats/subscriber.nsf/0/0F8D7A49F278ED6CCA257EB5001B7B8C/$File/6523DO00012_201314.xls,"Table 12.1 INCOME DISTRIBUTION, Age of reference person",Table 12.1!G35,OK,percentile boundary within this age group
HIW4-2013-14-T12.1-00146,4,"Household Income and Wealth, Australia, 2013-14 (ABS cat. 6523.0)",2015-12-16,2013-14,2013-07-01,2014-06-30,,INC_EQUIVALISED_DISPOSABLE_WEEKLY_PCTL,Weekly equivalised disposable household income at top of selected percentile (70th (P70)),threshold,663,AUD_per_week,2013-14 dollars (survey year; table states no CPI adjustment),households by age of reference person,Australia,75 and over,,,,,,P70,2013-14/6523DO00012_201314.xls,https://www.ausstats.abs.gov.au/ausstats/subscriber.nsf/0/0F8D7A49F278ED6CCA257EB5001B7B8C/$File/6523DO00012_201314.xls,"Table 12.1 INCOME DISTRIBUTION, Age of reference person",Table 12.1!H35,OK,percentile boundary within this age group
HIW4-2013-14-T12.1-00147,4,"Household Income and Wealth, Australia, 2013-14 (ABS cat. 6523.0)",2015-12-16,2013-14,2013-07-01,2014-06-30,,INC_EQUIVALISED_DISPOSABLE_WEEKLY_PCTL,Weekly equivalised disposable household income at top of selected percentile (70th (P70)),threshold,777,AUD_per_week,2013-14 dollars (survey year; table states no CPI adjustment),households by age of reference person,Australia,65 years and over,,,,,,P70,2013-14/6523DO00012_201314.xls,https://www.ausstats.abs.gov.au/ausstats/subscriber.nsf/0/0F8D7A49F278ED6CCA257EB5001B7B8C/$File/6523DO00012_201314.xls,"Table 12.1 INCOME DISTRIBUTION, Age of reference person",Table 12.1!I35,OK,percentile boundary within this age group
HIW4-2013-14-T12.1-00148,4,"Household Income and Wealth, Australia, 2013-14 (ABS cat. 6523.0)",2015-12-16,2013-14,2013-07-01,2014-06-30,,INC_EQUIVALISED_DISPOSABLE_WEEKLY_PCTL,Weekly equivalised disposable household income at top of selected percentile (70th (P70)),threshold,1113,AUD_per_week,2013-14 dollars (survey year; table states no CPI adjustment),all households,Australia,All households,,,,,,P70,2013-14/6523DO00012_201314.xls,https://www.ausstats.abs.gov.au/ausstats/subscriber.nsf/0/0F8D7A49F278ED6CCA257EB5001B7B8C/$File/6523DO00012_201314.xls,"Table 12.1 INCOME DISTRIBUTION, Age of reference person",Table 12.1!J35,OK,percentile boundary within this age group
HIW4-2013-14-T12.1-00149,4,"Household Income and Wealth, Australia, 2013-14 (ABS cat. 6523.0)",2015-12-16,2013-14,2013-07-01,2014-06-30,,INC_EQUIVALISED_DISPOSABLE_WEEKLY_PCTL,Weekly equivalised disposable household income at top of selected percentile (80th (P80)),p80,1160,AUD_per_week,2013-14 dollars (survey year; table states no CPI adjustment),households by age of reference person,Australia,15-24,,,,,,P80,2013-14/6523DO00012_201314.xls,https://www.ausstats.abs.gov.au/ausstats/subscriber.nsf/0/0F8D7A49F278ED6CCA257EB5001B7B8C/$File/6523DO00012_201314.xls,"Table 12.1 INCOME DISTRIBUTION, Age of reference person",Table 12.1!B36,OK,percentile boundary within this age group
HIW4-2013-14-T12.1-00150,4,"Household Income and Wealth, Australia, 2013-14 (ABS cat. 6523.0)",2015-12-16,2013-14,2013-07-01,2014-06-30,,INC_EQUIVALISED_DISPOSABLE_WEEKLY_PCTL,Weekly equivalised disposable household income at top of selected percentile (80th (P80)),p80,1369,AUD_per_week,2013-14 dollars (survey year; table states no CPI adjustment),households by age of reference person,Australia,25-34,,,,,,P80,2013-14/6523DO00012_201314.xls,https://www.ausstats.abs.gov.au/ausstats/subscriber.nsf/0/0F8D7A49F278ED6CCA257EB5001B7B8C/$File/6523DO00012_201314.xls,"Table 12.1 INCOME DISTRIBUTION, Age of reference person",Table 12.1!C36,OK,percentile boundary within this age group
HIW4-2013-14-T12.1-00151,4,"Household Income and Wealth, Australia, 2013-14 (ABS cat. 6523.0)",2015-12-16,2013-14,2013-07-01,2014-06-30,,INC_EQUIVALISED_DISPOSABLE_WEEKLY_PCTL,Weekly equivalised disposable household income at top of selected percentile (80th (P80)),p80,1305,AUD_per_week,2013-14 dollars (survey year; table states no CPI adjustment),households by age of reference person,Australia,35-44,,,,,,P80,2013-14/6523DO00012_201314.xls,https://www.ausstats.abs.gov.au/ausstats/subscriber.nsf/0/0F8D7A49F278ED6CCA257EB5001B7B8C/$File/6523DO00012_201314.xls,"Table 12.1 INCOME DISTRIBUTION, Age of reference person",Table 12.1!D36,OK,percentile boundary within this age group
HIW4-2013-14-T12.1-00152,4,"Household Income and Wealth, Australia, 2013-14 (ABS cat. 6523.0)",2015-12-16,2013-14,2013-07-01,2014-06-30,,INC_EQUIVALISED_DISPOSABLE_WEEKLY_PCTL,Weekly equivalised disposable household income at top of selected percentile (80th (P80)),p80,1392,AUD_per_week,2013-14 dollars (survey year; table states no CPI adjustment),households by age of reference person,Australia,45-54,,,,,,P80,2013-14/6523DO00012_201314.xls,https://www.ausstats.abs.gov.au/ausstats/subscriber.nsf/0/0F8D7A49F278ED6CCA257EB5001B7B8C/$File/6523DO00012_201314.xls,"Table 12.1 INCOME DISTRIBUTION, Age of reference person",Table 12.1!E36,OK,percentile boundary within this age group
HIW4-2013-14-T12.1-00153,4,"Household Income and Wealth, Australia, 2013-14 (ABS cat. 6523.0)",2015-12-16,2013-14,2013-07-01,2014-06-30,,INC_EQUIVALISED_DISPOSABLE_WEEKLY_PCTL,Weekly equivalised disposable household income at top of selected percentile (80th (P80)),p80,1468,AUD_per_week,2013-14 dollars (survey year; table states no CPI adjustment),households by age of reference person,Australia,55-64,,,,,,P80,2013-14/6523DO00012_201314.xls,https://www.ausstats.abs.gov.au/ausstats/subscriber.nsf/0/0F8D7A49F278ED6CCA257EB5001B7B8C/$File/6523DO00012_201314.xls,"Table 12.1 INCOME DISTRIBUTION, Age of reference person",Table 12.1!F36,OK,percentile boundary within this age group
HIW4-2013-14-T12.1-00154,4,"Household Income and Wealth, Australia, 2013-14 (ABS cat. 6523.0)",2015-12-16,2013-14,2013-07-01,2014-06-30,,INC_EQUIVALISED_DISPOSABLE_WEEKLY_PCTL,Weekly equivalised disposable household income at top of selected percentile (80th (P80)),p80,1041,AUD_per_week,2013-14 dollars (survey year; table states no CPI adjustment),households by age of reference person,Australia,65-74,,,,,,P80,2013-14/6523DO00012_201314.xls,https://www.ausstats.abs.gov.au/ausstats/subscriber.nsf/0/0F8D7A49F278ED6CCA257EB5001B7B8C/$File/6523DO00012_201314.xls,"Table 12.1 INCOME DISTRIBUTION, Age of reference person",Table 12.1!G36,OK,percentile boundary within this age group
HIW4-2013-14-T12.1-00155,4,"Household Income and Wealth, Australia, 2013-14 (ABS cat. 6523.0)",2015-12-16,2013-14,2013-07-01,2014-06-30,,INC_EQUIVALISED_DISPOSABLE_WEEKLY_PCTL,Weekly equivalised disposable household income at top of selected percentile (80th (P80)),p80,796,AUD_per_week,2013-14 dollars (survey year; table states no CPI adjustment),households by age of reference person,Australia,75 and over,,,,,,P80,2013-14/6523DO00012_201314.xls,https://www.ausstats.abs.gov.au/ausstats/subscriber.nsf/0/0F8D7A49F278ED6CCA257EB5001B7B8C/$File/6523DO00012_201314.xls,"Table 12.1 INCOME DISTRIBUTION, Age of reference person",Table 12.1!H36,OK,percentile boundary within this age group
HIW4-2013-14-T12.1-00156,4,"Household Income and Wealth, Australia, 2013-14 (ABS cat. 6523.0)",2015-12-16,2013-14,2013-07-01,2014-06-30,,INC_EQUIVALISED_DISPOSABLE_WEEKLY_PCTL,Weekly equivalised disposable household income at top of selected percentile (80th (P80)),p80,930,AUD_per_week,2013-14 dollars (survey year; table states no CPI adjustment),households by age of reference person,Australia,65 years and over,,,,,,P80,2013-14/6523DO00012_201314.xls,https://www.ausstats.abs.gov.au/ausstats/subscriber.nsf/0/0F8D7A49F278ED6CCA257EB5001B7B8C/$File/6523DO00012_201314.xls,"Table 12.1 INCOME DISTRIBUTION, Age of reference person",Table 12.1!I36,OK,percentile boundary within this age group
HIW4-2013-14-T12.1-00157,4,"Household Income and Wealth, Australia, 2013-14 (ABS cat. 6523.0)",2015-12-16,2013-14,2013-07-01,2014-06-30,,INC_EQUIVALISED_DISPOSABLE_WEEKLY_PCTL,Weekly equivalised disposable household income at top of selected percentile (80th (P80)),p80,1308,AUD_per_week,2013-14 dollars (survey year; table states no CPI adjustment),all households,Australia,All households,,,,,,P80,2013-14/6523DO00012_201314.xls,https://www.ausstats.abs.gov.au/ausstats/subscriber.nsf/0/0F8D7A49F278ED6CCA257EB5001B7B8C/$File/6523DO00012_201314.xls,"Table 12.1 INCOME DISTRIBUTION, Age of reference person",Table 12.1!J36,OK,percentile boundary within this age group
HIW4-2013-14-T12.1-00158,4,"Household Income and Wealth, Australia, 2013-14 (ABS cat. 6523.0)",2015-12-16,2013-14,2013-07-01,2014-06-30,,INC_EQUIVALISED_DISPOSABLE_WEEKLY_PCTL,Weekly equivalised disposable household income at top of selected percentile (90th (P90)),p90,1321,AUD_per_week,2013-14 dollars (survey year; table states no CPI adjustment),households by age of reference person,Australia,15-24,,,,,,P90,2013-14/6523DO00012_201314.xls,https://www.ausstats.abs.gov.au/ausstats/subscriber.nsf/0/0F8D7A49F278ED6CCA257EB5001B7B8C/$File/6523DO00012_201314.xls,"Table 12.1 INCOME DISTRIBUTION, Age of reference person",Table 12.1!B37,OK,percentile boundary within this age group
HIW4-2013-14-T12.1-00159,4,"Household Income and Wealth, Australia, 2013-14 (ABS cat. 6523.0)",2015-12-16,2013-14,2013-07-01,2014-06-30,,INC_EQUIVALISED_DISPOSABLE_WEEKLY_PCTL,Weekly equivalised disposable household income at top of selected percentile (90th (P90)),p90,1710,AUD_per_week,2013-14 dollars (survey year; table states no CPI adjustment),households by age of reference person,Australia,25-34,,,,,,P90,2013-14/6523DO00012_201314.xls,https://www.ausstats.abs.gov.au/ausstats/subscriber.nsf/0/0F8D7A49F278ED6CCA257EB5001B7B8C/$File/6523DO00012_201314.xls,"Table 12.1 INCOME DISTRIBUTION, Age of reference person",Table 12.1!C37,OK,percentile boundary within this age group
HIW4-2013-14-T12.1-00160,4,"Household Income and Wealth, Australia, 2013-14 (ABS cat. 6523.0)",2015-12-16,2013-14,2013-07-01,2014-06-30,,INC_EQUIVALISED_DISPOSABLE_WEEKLY_PCTL,Weekly equivalised disposable household income at top of selected percentile (90th (P90)),p90,1690,AUD_per_week,2013-14 dollars (survey year; table states no CPI adjustment),households by age of reference person,Australia,35-44,,,,,,P90,2013-14/6523DO00012_201314.xls,https://www.ausstats.abs.gov.au/ausstats/subscriber.nsf/0/0F8D7A49F278ED6CCA257EB5001B7B8C/$File/6523DO00012_201314.xls,"Table 12.1 INCOME DISTRIBUTION, Age of reference person",Table 12.1!D37,OK,percentile boundary within this age group
HIW4-2013-14-T12.1-00161,4,"Household Income and Wealth, Australia, 2013-14 (ABS cat. 6523.0)",2015-12-16,2013-14,2013-07-01,2014-06-30,,INC_EQUIVALISED_DISPOSABLE_WEEKLY_PCTL,Weekly equivalised disposable household income at top of selected percentile (90th (P90)),p90,1757,AUD_per_week,2013-14 dollars (survey year; table states no CPI adjustment),households by age of reference person,Australia,45-54,,,,,,P90,2013-14/6523DO00012_201314.xls,https://www.ausstats.abs.gov.au/ausstats/subscriber.nsf/0/0F8D7A49F278ED6CCA257EB5001B7B8C/$File/6523DO00012_201314.xls,"Table 12.1 INCOME DISTRIBUTION, Age of reference person",Table 12.1!E37,OK,percentile boundary within this age group
HIW4-2013-14-T12.1-00162,4,"Household Income and Wealth, Australia, 2013-14 (ABS cat. 6523.0)",2015-12-16,2013-14,2013-07-01,2014-06-30,,INC_EQUIVALISED_DISPOSABLE_WEEKLY_PCTL,Weekly equivalised disposable household income at top of selected percentile (90th (P90)),p90,1885,AUD_per_week,2013-14 dollars (survey year; table states no CPI adjustment),households by age of reference person,Australia,55-64,,,,,,P90,2013-14/6523DO00012_201314.xls,https://www.ausstats.abs.gov.au/ausstats/subscriber.nsf/0/0F8D7A49F278ED6CCA257EB5001B7B8C/$File/6523DO00012_201314.xls,"Table 12.1 INCOME DISTRIBUTION, Age of reference person",Table 12.1!F37,OK,percentile boundary within this age group
HIW4-2013-14-T12.1-00163,4,"Household Income and Wealth, Australia, 2013-14 (ABS cat. 6523.0)",2015-12-16,2013-14,2013-07-01,2014-06-30,,INC_EQUIVALISED_DISPOSABLE_WEEKLY_PCTL,Weekly equivalised disposable household income at top of selected percentile (90th (P90)),p90,1360,AUD_per_week,2013-14 dollars (survey year; table states no CPI adjustment),households by age of reference person,Australia,65-74,,,,,,P90,2013-14/6523DO00012_201314.xls,https://www.ausstats.abs.gov.au/ausstats/subscriber.nsf/0/0F8D7A49F278ED6CCA257EB5001B7B8C/$File/6523DO00012_201314.xls,"Table 12.1 INCOME DISTRIBUTION, Age of reference person",Table 12.1!G37,OK,percentile boundary within this age group
HIW4-2013-14-T12.1-00164,4,"Household Income and Wealth, Australia, 2013-14 (ABS cat. 6523.0)",2015-12-16,2013-14,2013-07-01,2014-06-30,,INC_EQUIVALISED_DISPOSABLE_WEEKLY_PCTL,Weekly equivalised disposable household income at top of selected percentile (90th (P90)),p90,1055,AUD_per_week,2013-14 dollars (survey year; table states no CPI adjustment),households by age of reference person,Australia,75 and over,,,,,,P90,2013-14/6523DO00012_201314.xls,https://www.ausstats.abs.gov.au/ausstats/subscriber.nsf/0/0F8D7A49F278ED6CCA257EB5001B7B8C/$File/6523DO00012_201314.xls,"Table 12.1 INCOME DISTRIBUTION, Age of reference person",Table 12.1!H37,OK,percentile boundary within this age group
HIW4-2013-14-T12.1-00165,4,"Household Income and Wealth, Australia, 2013-14 (ABS cat. 6523.0)",2015-12-16,2013-14,2013-07-01,2014-06-30,,INC_EQUIVALISED_DISPOSABLE_WEEKLY_PCTL,Weekly equivalised disposable household income at top of selected percentile (90th (P90)),p90,1236,AUD_per_week,2013-14 dollars (survey year; table states no CPI adjustment),households by age of reference person,Australia,65 years and over,,,,,,P90,2013-14/6523DO00012_201314.xls,https://www.ausstats.abs.gov.au/ausstats/subscriber.nsf/0/0F8D7A49F278ED6CCA257EB5001B7B8C/$File/6523DO00012_201314.xls,"Table 12.1 INCOME DISTRIBUTION, Age of reference person",Table 12.1!I37,OK,percentile boundary within this age group
HIW4-2013-14-T12.1-00166,4,"Household Income and Wealth, Australia, 2013-14 (ABS cat. 6523.0)",2015-12-16,2013-14,2013-07-01,2014-06-30,,INC_EQUIVALISED_DISPOSABLE_WEEKLY_PCTL,Weekly equivalised disposable household income at top of selected percentile (90th (P90)),p90,1688,AUD_per_week,2013-14 dollars (survey year; table states no CPI adjustment),all households,Australia,All households,,,,,,P90,2013-14/6523DO00012_201314.xls,https://www.ausstats.abs.gov.au/ausstats/subscriber.nsf/0/0F8D7A49F278ED6CCA257EB5001B7B8C/$File/6523DO00012_201314.xls,"Table 12.1 INCOME DISTRIBUTION, Age of reference person",Table 12.1!J37,OK,percentile boundary within this age group
HIW4-2013-14-T12.2-00001,4,"Household Income and Wealth, Australia, 2013-14 (ABS cat. 6523.0)",2015-12-16,2013-14,2013-07-01,2014-06-30,,NETWORTH_MEAN,"Household net worth, mean",mean,115,AUD_thousand,2013-14 dollars (survey year; table states no CPI adjustment),households by age of reference person,Australia,15-24,,,,,,,2013-14/6523DO00012_201314.xls,https://www.ausstats.abs.gov.au/ausstats/subscriber.nsf/0/0F8D7A49F278ED6CCA257EB5001B7B8C/$File/6523DO00012_201314.xls,"Table 12.2 HOUSEHOLD ASSETS AND LIABILITIES, Age of reference person",Table 12.2!B9,OK,published in $'000; not converted (multiply by 1000 for AUD)
HIW4-2013-14-T12.2-00002,4,"Household Income and Wealth, Australia, 2013-14 (ABS cat. 6523.0)",2015-12-16,2013-14,2013-07-01,2014-06-30,,NETWORTH_MEAN,"Household net worth, mean",mean,268.8,AUD_thousand,2013-14 dollars (survey year; table states no CPI adjustment),households by age of reference person,Australia,25-34,,,,,,,2013-14/6523DO00012_201314.xls,https://www.ausstats.abs.gov.au/ausstats/subscriber.nsf/0/0F8D7A49F278ED6CCA257EB5001B7B8C/$File/6523DO00012_201314.xls,"Table 12.2 HOUSEHOLD ASSETS AND LIABILITIES, Age of reference person",Table 12.2!C9,OK,published in $'000; not converted (multiply by 1000 for AUD)
HIW4-2013-14-T12.2-00003,4,"Household Income and Wealth, Australia, 2013-14 (ABS cat. 6523.0)",2015-12-16,2013-14,2013-07-01,2014-06-30,,NETWORTH_MEAN,"Household net worth, mean",mean,573.3,AUD_thousand,2013-14 dollars (survey year; table states no CPI adjustment),households by age of reference person,Australia,35-44,,,,,,,2013-14/6523DO00012_201314.xls,https://www.ausstats.abs.gov.au/ausstats/subscriber.nsf/0/0F8D7A49F278ED6CCA257EB5001B7B8C/$File/6523DO00012_201314.xls,"Table 12.2 HOUSEHOLD ASSETS AND LIABILITIES, Age of reference person",Table 12.2!D9,OK,published in $'000; not converted (multiply by 1000 for AUD)
HIW4-2013-14-T12.2-00004,4,"Household Income and Wealth, Australia, 2013-14 (ABS cat. 6523.0)",2015-12-16,2013-14,2013-07-01,2014-06-30,,NETWORTH_MEAN,"Household net worth, mean",mean,944.9,AUD_thousand,2013-14 dollars (survey year; table states no CPI adjustment),households by age of reference person,Australia,45-54,,,,,,,2013-14/6523DO00012_201314.xls,https://www.ausstats.abs.gov.au/ausstats/subscriber.nsf/0/0F8D7A49F278ED6CCA257EB5001B7B8C/$File/6523DO00012_201314.xls,"Table 12.2 HOUSEHOLD ASSETS AND LIABILITIES, Age of reference person",Table 12.2!E9,OK,published in $'000; not converted (multiply by 1000 for AUD)
HIW4-2013-14-T12.2-00005,4,"Household Income and Wealth, Australia, 2013-14 (ABS cat. 6523.0)",2015-12-16,2013-14,2013-07-01,2014-06-30,,NETWORTH_MEAN,"Household net worth, mean",mean,1239.7,AUD_thousand,2013-14 dollars (survey year; table states no CPI adjustment),households by age of reference person,Australia,55-64,,,,,,,2013-14/6523DO00012_201314.xls,https://www.ausstats.abs.gov.au/ausstats/subscriber.nsf/0/0F8D7A49F278ED6CCA257EB5001B7B8C/$File/6523DO00012_201314.xls,"Table 12.2 HOUSEHOLD ASSETS AND LIABILITIES, Age of reference person",Table 12.2!F9,OK,published in $'000; not converted (multiply by 1000 for AUD)
HIW4-2013-14-T12.2-00006,4,"Household Income and Wealth, Australia, 2013-14 (ABS cat. 6523.0)",2015-12-16,2013-14,2013-07-01,2014-06-30,,NETWORTH_MEAN,"Household net worth, mean",mean,1230.2,AUD_thousand,2013-14 dollars (survey year; table states no CPI adjustment),households by age of reference person,Australia,65-74,,,,,,,2013-14/6523DO00012_201314.xls,https://www.ausstats.abs.gov.au/ausstats/subscriber.nsf/0/0F8D7A49F278ED6CCA257EB5001B7B8C/$File/6523DO00012_201314.xls,"Table 12.2 HOUSEHOLD ASSETS AND LIABILITIES, Age of reference person",Table 12.2!G9,OK,published in $'000; not converted (multiply by 1000 for AUD)
HIW4-2013-14-T12.2-00007,4,"Household Income and Wealth, Australia, 2013-14 (ABS cat. 6523.0)",2015-12-16,2013-14,2013-07-01,2014-06-30,,NETWORTH_MEAN,"Household net worth, mean",mean,850.9,AUD_thousand,2013-14 dollars (survey year; table states no CPI adjustment),households by age of reference person,Australia,75 and over,,,,,,,2013-14/6523DO00012_201314.xls,https://www.ausstats.abs.gov.au/ausstats/subscriber.nsf/0/0F8D7A49F278ED6CCA257EB5001B7B8C/$File/6523DO00012_201314.xls,"Table 12.2 HOUSEHOLD ASSETS AND LIABILITIES, Age of reference person",Table 12.2!H9,OK,published in $'000; not converted (multiply by 1000 for AUD)
HIW4-2013-14-T12.2-00008,4,"Household Income and Wealth, Australia, 2013-14 (ABS cat. 6523.0)",2015-12-16,2013-14,2013-07-01,2014-06-30,,NETWORTH_MEAN,"Household net worth, mean",mean,1063.6,AUD_thousand,2013-14 dollars (survey year; table states no CPI adjustment),households by age of reference person,Australia,65 years and over,,,,,,,2013-14/6523DO00012_201314.xls,https://www.ausstats.abs.gov.au/ausstats/subscriber.nsf/0/0F8D7A49F278ED6CCA257EB5001B7B8C/$File/6523DO00012_201314.xls,"Table 12.2 HOUSEHOLD ASSETS AND LIABILITIES, Age of reference person",Table 12.2!I9,OK,published in $'000; not converted (multiply by 1000 for AUD)
HIW4-2013-14-T12.2-00009,4,"Household Income and Wealth, Australia, 2013-14 (ABS cat. 6523.0)",2015-12-16,2013-14,2013-07-01,2014-06-30,,NETWORTH_MEAN,"Household net worth, mean",mean,809.9,AUD_thousand,2013-14 dollars (survey year; table states no CPI adjustment),all households,Australia,All households,,,,,,all ages,2013-14/6523DO00012_201314.xls,https://www.ausstats.abs.gov.au/ausstats/subscriber.nsf/0/0F8D7A49F278ED6CCA257EB5001B7B8C/$File/6523DO00012_201314.xls,"Table 12.2 HOUSEHOLD ASSETS AND LIABILITIES, Age of reference person",Table 12.2!J9,OK,published in $'000; not converted (multiply by 1000 for AUD)
HIW4-2013-14-T12.2-00010,4,"Household Income and Wealth, Australia, 2013-14 (ABS cat. 6523.0)",2015-12-16,2013-14,2013-07-01,2014-06-30,,NETWORTH_MEDIAN,"Household net worth, median",median,37,AUD_thousand,2013-14 dollars (survey year; table states no CPI adjustment),households by age of reference person,Australia,15-24,,,,,,,2013-14/6523DO00012_201314.xls,https://www.ausstats.abs.gov.au/ausstats/subscriber.nsf/0/0F8D7A49F278ED6CCA257EB5001B7B8C/$File/6523DO00012_201314.xls,"Table 12.2 HOUSEHOLD ASSETS AND LIABILITIES, Age of reference person",Table 12.2!B10,OK,published in $'000; not converted (multiply by 1000 for AUD)
HIW4-2013-14-T12.2-00011,4,"Household Income and Wealth, Australia, 2013-14 (ABS cat. 6523.0)",2015-12-16,2013-14,2013-07-01,2014-06-30,,NETWORTH_MEDIAN,"Household net worth, median",median,145.5,AUD_thousand,2013-14 dollars (survey year; table states no CPI adjustment),households by age of reference person,Australia,25-34,,,,,,,2013-14/6523DO00012_201314.xls,https://www.ausstats.abs.gov.au/ausstats/subscriber.nsf/0/0F8D7A49F278ED6CCA257EB5001B7B8C/$File/6523DO00012_201314.xls,"Table 12.2 HOUSEHOLD ASSETS AND LIABILITIES, Age of reference person",Table 12.2!C10,OK,published in $'000; not converted (multiply by 1000 for AUD)
HIW4-2013-14-T12.2-00012,4,"Household Income and Wealth, Australia, 2013-14 (ABS cat. 6523.0)",2015-12-16,2013-14,2013-07-01,2014-06-30,,NETWORTH_MEDIAN,"Household net worth, median",median,343.9,AUD_thousand,2013-14 dollars (survey year; table states no CPI adjustment),households by age of reference person,Australia,35-44,,,,,,,2013-14/6523DO00012_201314.xls,https://www.ausstats.abs.gov.au/ausstats/subscriber.nsf/0/0F8D7A49F278ED6CCA257EB5001B7B8C/$File/6523DO00012_201314.xls,"Table 12.2 HOUSEHOLD ASSETS AND LIABILITIES, Age of reference person",Table 12.2!D10,OK,published in $'000; not converted (multiply by 1000 for AUD)
HIW4-2013-14-T12.2-00013,4,"Household Income and Wealth, Australia, 2013-14 (ABS cat. 6523.0)",2015-12-16,2013-14,2013-07-01,2014-06-30,,NETWORTH_MEDIAN,"Household net worth, median",median,603.1,AUD_thousand,2013-14 dollars (survey year; table states no CPI adjustment),households by age of reference person,Australia,45-54,,,,,,,2013-14/6523DO00012_201314.xls,https://www.ausstats.abs.gov.au/ausstats/subscriber.nsf/0/0F8D7A49F278ED6CCA257EB5001B7B8C/$File/6523DO00012_201314.xls,"Table 12.2 HOUSEHOLD ASSETS AND LIABILITIES, Age of reference person",Table 12.2!E10,OK,published in $'000; not converted (multiply by 1000 for AUD)
HIW4-2013-14-T12.2-00014,4,"Household Income and Wealth, Australia, 2013-14 (ABS cat. 6523.0)",2015-12-16,2013-14,2013-07-01,2014-06-30,,NETWORTH_MEDIAN,"Household net worth, median",median,786.8,AUD_thousand,2013-14 dollars (survey year; table states no CPI adjustment),households by age of reference person,Australia,55-64,,,,,,,2013-14/6523DO00012_201314.xls,https://www.ausstats.abs.gov.au/ausstats/subscriber.nsf/0/0F8D7A49F278ED6CCA257EB5001B7B8C/$File/6523DO00012_201314.xls,"Table 12.2 HOUSEHOLD ASSETS AND LIABILITIES, Age of reference person",Table 12.2!F10,OK,published in $'000; not converted (multiply by 1000 for AUD)
HIW4-2013-14-T12.2-00015,4,"Household Income and Wealth, Australia, 2013-14 (ABS cat. 6523.0)",2015-12-16,2013-14,2013-07-01,2014-06-30,,NETWORTH_MEDIAN,"Household net worth, median",median,733,AUD_thousand,2013-14 dollars (survey year; table states no CPI adjustment),households by age of reference person,Australia,65-74,,,,,,,2013-14/6523DO00012_201314.xls,https://www.ausstats.abs.gov.au/ausstats/subscriber.nsf/0/0F8D7A49F278ED6CCA257EB5001B7B8C/$File/6523DO00012_201314.xls,"Table 12.2 HOUSEHOLD ASSETS AND LIABILITIES, Age of reference person",Table 12.2!G10,OK,published in $'000; not converted (multiply by 1000 for AUD)
HIW4-2013-14-T12.2-00016,4,"Household Income and Wealth, Australia, 2013-14 (ABS cat. 6523.0)",2015-12-16,2013-14,2013-07-01,2014-06-30,,NETWORTH_MEDIAN,"Household net worth, median",median,565.7,AUD_thousand,2013-14 dollars (survey year; table states no CPI adjustment),households by age of reference person,Australia,75 and over,,,,,,,2013-14/6523DO00012_201314.xls,https://www.ausstats.abs.gov.au/ausstats/subscriber.nsf/0/0F8D7A49F278ED6CCA257EB5001B7B8C/$File/6523DO00012_201314.xls,"Table 12.2 HOUSEHOLD ASSETS AND LIABILITIES, Age of reference person",Table 12.2!H10,OK,published in $'000; not converted (multiply by 1000 for AUD)
HIW4-2013-14-T12.2-00017,4,"Household Income and Wealth, Australia, 2013-14 (ABS cat. 6523.0)",2015-12-16,2013-14,2013-07-01,2014-06-30,,NETWORTH_MEDIAN,"Household net worth, median",median,635.6,AUD_thousand,2013-14 dollars (survey year; table states no CPI adjustment),households by age of reference person,Australia,65 years and over,,,,,,,2013-14/6523DO00012_201314.xls,https://www.ausstats.abs.gov.au/ausstats/subscriber.nsf/0/0F8D7A49F278ED6CCA257EB5001B7B8C/$File/6523DO00012_201314.xls,"Table 12.2 HOUSEHOLD ASSETS AND LIABILITIES, Age of reference person",Table 12.2!I10,OK,published in $'000; not converted (multiply by 1000 for AUD)
HIW4-2013-14-T12.2-00018,4,"Household Income and Wealth, Australia, 2013-14 (ABS cat. 6523.0)",2015-12-16,2013-14,2013-07-01,2014-06-30,,NETWORTH_MEDIAN,"Household net worth, median",median,461.5,AUD_thousand,2013-14 dollars (survey year; table states no CPI adjustment),all households,Australia,All households,,,,,,all ages,2013-14/6523DO00012_201314.xls,https://www.ausstats.abs.gov.au/ausstats/subscriber.nsf/0/0F8D7A49F278ED6CCA257EB5001B7B8C/$File/6523DO00012_201314.xls,"Table 12.2 HOUSEHOLD ASSETS AND LIABILITIES, Age of reference person",Table 12.2!J10,OK,published in $'000; not converted (multiply by 1000 for AUD)
HIW4-2011-12-T14-00001,4,"Household Income and Income Distribution, Australia, 2011-12 (ABS cat. 6523.0)",2013-08-16,2011-12,2011-07-01,2012-06-30,,INC_GROSS_WEEKLY,"Weekly household gross household income, mean",mean,1548,AUD_per_week,"2011-12 dollars (survey-year current prices; table states no deflator; nominal basis checked against later releases, see NOTES)",households by age of reference person,Australia,15-24,,,,,,,2011-12/sih 2011-12 data cubes.xls,https://www.ausstats.abs.gov.au/ausstats/subscriber.nsf/0/E3075D36DB4F7605CA257BC80016E46F/$File/sih%202011-12%20data%20cubes.xls,Table 14 AGE OF REFERENCE PERSON,Table 14!C9,OK,
HIW4-2011-12-T14-00002,4,"Household Income and Income Distribution, Australia, 2011-12 (ABS cat. 6523.0)",2013-08-16,2011-12,2011-07-01,2012-06-30,,INC_GROSS_WEEKLY,"Weekly household gross household income, mean",mean,2073,AUD_per_week,"2011-12 dollars (survey-year current prices; table states no deflator; nominal basis checked against later releases, see NOTES)",households by age of reference person,Australia,25-34,,,,,,,2011-12/sih 2011-12 data cubes.xls,https://www.ausstats.abs.gov.au/ausstats/subscriber.nsf/0/E3075D36DB4F7605CA257BC80016E46F/$File/sih%202011-12%20data%20cubes.xls,Table 14 AGE OF REFERENCE PERSON,Table 14!D9,OK,
HIW4-2011-12-T14-00003,4,"Household Income and Income Distribution, Australia, 2011-12 (ABS cat. 6523.0)",2013-08-16,2011-12,2011-07-01,2012-06-30,,INC_GROSS_WEEKLY,"Weekly household gross household income, mean",mean,2239,AUD_per_week,"2011-12 dollars (survey-year current prices; table states no deflator; nominal basis checked against later releases, see NOTES)",households by age of reference person,Australia,35-44,,,,,,,2011-12/sih 2011-12 data cubes.xls,https://www.ausstats.abs.gov.au/ausstats/subscriber.nsf/0/E3075D36DB4F7605CA257BC80016E46F/$File/sih%202011-12%20data%20cubes.xls,Table 14 AGE OF REFERENCE PERSON,Table 14!E9,OK,
HIW4-2011-12-T14-00004,4,"Household Income and Income Distribution, Australia, 2011-12 (ABS cat. 6523.0)",2013-08-16,2011-12,2011-07-01,2012-06-30,,INC_GROSS_WEEKLY,"Weekly household gross household income, mean",mean,2306,AUD_per_week,"2011-12 dollars (survey-year current prices; table states no deflator; nominal basis checked against later releases, see NOTES)",households by age of reference person,Australia,45-54,,,,,,,2011-12/sih 2011-12 data cubes.xls,https://www.ausstats.abs.gov.au/ausstats/subscriber.nsf/0/E3075D36DB4F7605CA257BC80016E46F/$File/sih%202011-12%20data%20cubes.xls,Table 14 AGE OF REFERENCE PERSON,Table 14!F9,OK,
HIW4-2011-12-T14-00005,4,"Household Income and Income Distribution, Australia, 2011-12 (ABS cat. 6523.0)",2013-08-16,2011-12,2011-07-01,2012-06-30,,INC_GROSS_WEEKLY,"Weekly household gross household income, mean",mean,1881,AUD_per_week,"2011-12 dollars (survey-year current prices; table states no deflator; nominal basis checked against later releases, see NOTES)",households by age of reference person,Australia,55-64,,,,,,,2011-12/sih 2011-12 data cubes.xls,https://www.ausstats.abs.gov.au/ausstats/subscriber.nsf/0/E3075D36DB4F7605CA257BC80016E46F/$File/sih%202011-12%20data%20cubes.xls,Table 14 AGE OF REFERENCE PERSON,Table 14!G9,OK,
HIW4-2011-12-T14-00006,4,"Household Income and Income Distribution, Australia, 2011-12 (ABS cat. 6523.0)",2013-08-16,2011-12,2011-07-01,2012-06-30,,INC_GROSS_WEEKLY,"Weekly household gross household income, mean",mean,923,AUD_per_week,"2011-12 dollars (survey-year current prices; table states no deflator; nominal basis checked against later releases, see NOTES)",households by age of reference person,Australia,65 and over,,,,,,,2011-12/sih 2011-12 data cubes.xls,https://www.ausstats.abs.gov.au/ausstats/subscriber.nsf/0/E3075D36DB4F7605CA257BC80016E46F/$File/sih%202011-12%20data%20cubes.xls,Table 14 AGE OF REFERENCE PERSON,Table 14!H9,OK,
HIW4-2011-12-T14-00007,4,"Household Income and Income Distribution, Australia, 2011-12 (ABS cat. 6523.0)",2013-08-16,2011-12,2011-07-01,2012-06-30,,INC_GROSS_WEEKLY,"Weekly household gross household income, mean",mean,1847,AUD_per_week,"2011-12 dollars (survey-year current prices; table states no deflator; nominal basis checked against later releases, see NOTES)",all households,Australia,All households,,,,,,,2011-12/sih 2011-12 data cubes.xls,https://www.ausstats.abs.gov.au/ausstats/subscriber.nsf/0/E3075D36DB4F7605CA257BC80016E46F/$File/sih%202011-12%20data%20cubes.xls,Table 14 AGE OF REFERENCE PERSON,Table 14!I9,OK,
HIW4-2011-12-T14-00008,4,"Household Income and Income Distribution, Australia, 2011-12 (ABS cat. 6523.0)",2013-08-16,2011-12,2011-07-01,2012-06-30,,INC_GROSS_WEEKLY,"Weekly household gross household income, median",median,1357,AUD_per_week,"2011-12 dollars (survey-year current prices; table states no deflator; nominal basis checked against later releases, see NOTES)",households by age of reference person,Australia,15-24,,,,,,,2011-12/sih 2011-12 data cubes.xls,https://www.ausstats.abs.gov.au/ausstats/subscriber.nsf/0/E3075D36DB4F7605CA257BC80016E46F/$File/sih%202011-12%20data%20cubes.xls,Table 14 AGE OF REFERENCE PERSON,Table 14!C10,OK,
HIW4-2011-12-T14-00009,4,"Household Income and Income Distribution, Australia, 2011-12 (ABS cat. 6523.0)",2013-08-16,2011-12,2011-07-01,2012-06-30,,INC_GROSS_WEEKLY,"Weekly household gross household income, median",median,1767,AUD_per_week,"2011-12 dollars (survey-year current prices; table states no deflator; nominal basis checked against later releases, see NOTES)",households by age of reference person,Australia,25-34,,,,,,,2011-12/sih 2011-12 data cubes.xls,https://www.ausstats.abs.gov.au/ausstats/subscriber.nsf/0/E3075D36DB4F7605CA257BC80016E46F/$File/sih%202011-12%20data%20cubes.xls,Table 14 AGE OF REFERENCE PERSON,Table 14!D10,OK,
HIW4-2011-12-T14-00010,4,"Household Income and Income Distribution, Australia, 2011-12 (ABS cat. 6523.0)",2013-08-16,2011-12,2011-07-01,2012-06-30,,INC_GROSS_WEEKLY,"Weekly household gross household income, median",median,1894,AUD_per_week,"2011-12 dollars (survey-year current prices; table states no deflator; nominal basis checked against later releases, see NOTES)",households by age of reference person,Australia,35-44,,,,,,,2011-12/sih 2011-12 data cubes.xls,https://www.ausstats.abs.gov.au/ausstats/subscriber.nsf/0/E3075D36DB4F7605CA257BC80016E46F/$File/sih%202011-12%20data%20cubes.xls,Table 14 AGE OF REFERENCE PERSON,Table 14!E10,OK,
HIW4-2011-12-T14-00011,4,"Household Income and Income Distribution, Australia, 2011-12 (ABS cat. 6523.0)",2013-08-16,2011-12,2011-07-01,2012-06-30,,INC_GROSS_WEEKLY,"Weekly household gross household income, median",median,1927,AUD_per_week,"2011-12 dollars (survey-year current prices; table states no deflator; nominal basis checked against later releases, see NOTES)",households by age of reference person,Australia,45-54,,,,,,,2011-12/sih 2011-12 data cubes.xls,https://www.ausstats.abs.gov.au/ausstats/subscriber.nsf/0/E3075D36DB4F7605CA257BC80016E46F/$File/sih%202011-12%20data%20cubes.xls,Table 14 AGE OF REFERENCE PERSON,Table 14!F10,OK,
HIW4-2011-12-T14-00012,4,"Household Income and Income Distribution, Australia, 2011-12 (ABS cat. 6523.0)",2013-08-16,2011-12,2011-07-01,2012-06-30,,INC_GROSS_WEEKLY,"Weekly household gross household income, median",median,1425,AUD_per_week,"2011-12 dollars (survey-year current prices; table states no deflator; nominal basis checked against later releases, see NOTES)",households by age of reference person,Australia,55-64,,,,,,,2011-12/sih 2011-12 data cubes.xls,https://www.ausstats.abs.gov.au/ausstats/subscriber.nsf/0/E3075D36DB4F7605CA257BC80016E46F/$File/sih%202011-12%20data%20cubes.xls,Table 14 AGE OF REFERENCE PERSON,Table 14!G10,OK,
HIW4-2011-12-T14-00013,4,"Household Income and Income Distribution, Australia, 2011-12 (ABS cat. 6523.0)",2013-08-16,2011-12,2011-07-01,2012-06-30,,INC_GROSS_WEEKLY,"Weekly household gross household income, median",median,645,AUD_per_week,"2011-12 dollars (survey-year current prices; table states no deflator; nominal basis checked against later releases, see NOTES)",households by age of reference person,Australia,65 and over,,,,,,,2011-12/sih 2011-12 data cubes.xls,https://www.ausstats.abs.gov.au/ausstats/subscriber.nsf/0/E3075D36DB4F7605CA257BC80016E46F/$File/sih%202011-12%20data%20cubes.xls,Table 14 AGE OF REFERENCE PERSON,Table 14!H10,OK,
HIW4-2011-12-T14-00014,4,"Household Income and Income Distribution, Australia, 2011-12 (ABS cat. 6523.0)",2013-08-16,2011-12,2011-07-01,2012-06-30,,INC_GROSS_WEEKLY,"Weekly household gross household income, median",median,1442,AUD_per_week,"2011-12 dollars (survey-year current prices; table states no deflator; nominal basis checked against later releases, see NOTES)",all households,Australia,All households,,,,,,,2011-12/sih 2011-12 data cubes.xls,https://www.ausstats.abs.gov.au/ausstats/subscriber.nsf/0/E3075D36DB4F7605CA257BC80016E46F/$File/sih%202011-12%20data%20cubes.xls,Table 14 AGE OF REFERENCE PERSON,Table 14!I10,OK,
HIW4-2011-12-T14-00015,4,"Household Income and Income Distribution, Australia, 2011-12 (ABS cat. 6523.0)",2013-08-16,2011-12,2011-07-01,2012-06-30,,INC_EQUIVALISED_DISPOSABLE_WEEKLY,"Weekly household equivalised disposable household income, mean",mean,821,AUD_per_week,"2011-12 dollars (survey-year current prices; table states no deflator; nominal basis checked against later releases, see NOTES)",households by age of reference person,Australia,15-24,,,,,,,2011-12/sih 2011-12 data cubes.xls,https://www.ausstats.abs.gov.au/ausstats/subscriber.nsf/0/E3075D36DB4F7605CA257BC80016E46F/$File/sih%202011-12%20data%20cubes.xls,Table 14 AGE OF REFERENCE PERSON,Table 14!C12,OK,
HIW4-2011-12-T14-00016,4,"Household Income and Income Distribution, Australia, 2011-12 (ABS cat. 6523.0)",2013-08-16,2011-12,2011-07-01,2012-06-30,,INC_EQUIVALISED_DISPOSABLE_WEEKLY,"Weekly household equivalised disposable household income, mean",mean,968,AUD_per_week,"2011-12 dollars (survey-year current prices; table states no deflator; nominal basis checked against later releases, see NOTES)",households by age of reference person,Australia,25-34,,,,,,,2011-12/sih 2011-12 data cubes.xls,https://www.ausstats.abs.gov.au/ausstats/subscriber.nsf/0/E3075D36DB4F7605CA257BC80016E46F/$File/sih%202011-12%20data%20cubes.xls,Table 14 AGE OF REFERENCE PERSON,Table 14!D12,OK,
HIW4-2011-12-T14-00017,4,"Household Income and Income Distribution, Australia, 2011-12 (ABS cat. 6523.0)",2013-08-16,2011-12,2011-07-01,2012-06-30,,INC_EQUIVALISED_DISPOSABLE_WEEKLY,"Weekly household equivalised disposable household income, mean",mean,931,AUD_per_week,"2011-12 dollars (survey-year current prices; table states no deflator; nominal basis checked against later releases, see NOTES)",households by age of reference person,Australia,35-44,,,,,,,2011-12/sih 2011-12 data cubes.xls,https://www.ausstats.abs.gov.au/ausstats/subscriber.nsf/0/E3075D36DB4F7605CA257BC80016E46F/$File/sih%202011-12%20data%20cubes.xls,Table 14 AGE OF REFERENCE PERSON,Table 14!E12,OK,
HIW4-2011-12-T14-00018,4,"Household Income and Income Distribution, Australia, 2011-12 (ABS cat. 6523.0)",2013-08-16,2011-12,2011-07-01,2012-06-30,,INC_EQUIVALISED_DISPOSABLE_WEEKLY,"Weekly household equivalised disposable household income, mean",mean,989,AUD_per_week,"2011-12 dollars (survey-year current prices; table states no deflator; nominal basis checked against later releases, see NOTES)",households by age of reference person,Australia,45-54,,,,,,,2011-12/sih 2011-12 data cubes.xls,https://www.ausstats.abs.gov.au/ausstats/subscriber.nsf/0/E3075D36DB4F7605CA257BC80016E46F/$File/sih%202011-12%20data%20cubes.xls,Table 14 AGE OF REFERENCE PERSON,Table 14!F12,OK,
HIW4-2011-12-T14-00019,4,"Household Income and Income Distribution, Australia, 2011-12 (ABS cat. 6523.0)",2013-08-16,2011-12,2011-07-01,2012-06-30,,INC_EQUIVALISED_DISPOSABLE_WEEKLY,"Weekly household equivalised disposable household income, mean",mean,1000,AUD_per_week,"2011-12 dollars (survey-year current prices; table states no deflator; nominal basis checked against later releases, see NOTES)",households by age of reference person,Australia,55-64,,,,,,,2011-12/sih 2011-12 data cubes.xls,https://www.ausstats.abs.gov.au/ausstats/subscriber.nsf/0/E3075D36DB4F7605CA257BC80016E46F/$File/sih%202011-12%20data%20cubes.xls,Table 14 AGE OF REFERENCE PERSON,Table 14!G12,OK,
HIW4-2011-12-T14-00020,4,"Household Income and Income Distribution, Australia, 2011-12 (ABS cat. 6523.0)",2013-08-16,2011-12,2011-07-01,2012-06-30,,INC_EQUIVALISED_DISPOSABLE_WEEKLY,"Weekly household equivalised disposable household income, mean",mean,660,AUD_per_week,"2011-12 dollars (survey-year current prices; table states no deflator; nominal basis checked against later releases, see NOTES)",households by age of reference person,Australia,65 and over,,,,,,,2011-12/sih 2011-12 data cubes.xls,https://www.ausstats.abs.gov.au/ausstats/subscriber.nsf/0/E3075D36DB4F7605CA257BC80016E46F/$File/sih%202011-12%20data%20cubes.xls,Table 14 AGE OF REFERENCE PERSON,Table 14!H12,OK,
HIW4-2011-12-T14-00021,4,"Household Income and Income Distribution, Australia, 2011-12 (ABS cat. 6523.0)",2013-08-16,2011-12,2011-07-01,2012-06-30,,INC_EQUIVALISED_DISPOSABLE_WEEKLY,"Weekly household equivalised disposable household income, mean",mean,918,AUD_per_week,"2011-12 dollars (survey-year current prices; table states no deflator; nominal basis checked against later releases, see NOTES)",all households,Australia,All households,,,,,,,2011-12/sih 2011-12 data cubes.xls,https://www.ausstats.abs.gov.au/ausstats/subscriber.nsf/0/E3075D36DB4F7605CA257BC80016E46F/$File/sih%202011-12%20data%20cubes.xls,Table 14 AGE OF REFERENCE PERSON,Table 14!I12,OK,
HIW4-2011-12-T14-00022,4,"Household Income and Income Distribution, Australia, 2011-12 (ABS cat. 6523.0)",2013-08-16,2011-12,2011-07-01,2012-06-30,,INC_EQUIVALISED_DISPOSABLE_WEEKLY,"Weekly household equivalised disposable household income, median",median,765,AUD_per_week,"2011-12 dollars (survey-year current prices; table states no deflator; nominal basis checked against later releases, see NOTES)",households by age of reference person,Australia,15-24,,,,,,,2011-12/sih 2011-12 data cubes.xls,https://www.ausstats.abs.gov.au/ausstats/subscriber.nsf/0/E3075D36DB4F7605CA257BC80016E46F/$File/sih%202011-12%20data%20cubes.xls,Table 14 AGE OF REFERENCE PERSON,Table 14!C13,OK,
HIW4-2011-12-T14-00023,4,"Household Income and Income Distribution, Australia, 2011-12 (ABS cat. 6523.0)",2013-08-16,2011-12,2011-07-01,2012-06-30,,INC_EQUIVALISED_DISPOSABLE_WEEKLY,"Weekly household equivalised disposable household income, median",median,853,AUD_per_week,"2011-12 dollars (survey-year current prices; table states no deflator; nominal basis checked against later releases, see NOTES)",households by age of reference person,Australia,25-34,,,,,,,2011-12/sih 2011-12 data cubes.xls,https://www.ausstats.abs.gov.au/ausstats/subscriber.nsf/0/E3075D36DB4F7605CA257BC80016E46F/$File/sih%202011-12%20data%20cubes.xls,Table 14 AGE OF REFERENCE PERSON,Table 14!D13,OK,
HIW4-2011-12-T14-00024,4,"Household Income and Income Distribution, Australia, 2011-12 (ABS cat. 6523.0)",2013-08-16,2011-12,2011-07-01,2012-06-30,,INC_EQUIVALISED_DISPOSABLE_WEEKLY,"Weekly household equivalised disposable household income, median",median,797,AUD_per_week,"2011-12 dollars (survey-year current prices; table states no deflator; nominal basis checked against later releases, see NOTES)",households by age of reference person,Australia,35-44,,,,,,,2011-12/sih 2011-12 data cubes.xls,https://www.ausstats.abs.gov.au/ausstats/subscriber.nsf/0/E3075D36DB4F7605CA257BC80016E46F/$File/sih%202011-12%20data%20cubes.xls,Table 14 AGE OF REFERENCE PERSON,Table 14!E13,OK,
HIW4-2011-12-T14-00025,4,"Household Income and Income Distribution, Australia, 2011-12 (ABS cat. 6523.0)",2013-08-16,2011-12,2011-07-01,2012-06-30,,INC_EQUIVALISED_DISPOSABLE_WEEKLY,"Weekly household equivalised disposable household income, median",median,871,AUD_per_week,"2011-12 dollars (survey-year current prices; table states no deflator; nominal basis checked against later releases, see NOTES)",households by age of reference person,Australia,45-54,,,,,,,2011-12/sih 2011-12 data cubes.xls,https://www.ausstats.abs.gov.au/ausstats/subscriber.nsf/0/E3075D36DB4F7605CA257BC80016E46F/$File/sih%202011-12%20data%20cubes.xls,Table 14 AGE OF REFERENCE PERSON,Table 14!F13,OK,
HIW4-2011-12-T14-00026,4,"Household Income and Income Distribution, Australia, 2011-12 (ABS cat. 6523.0)",2013-08-16,2011-12,2011-07-01,2012-06-30,,INC_EQUIVALISED_DISPOSABLE_WEEKLY,"Weekly household equivalised disposable household income, median",median,876,AUD_per_week,"2011-12 dollars (survey-year current prices; table states no deflator; nominal basis checked against later releases, see NOTES)",households by age of reference person,Australia,55-64,,,,,,,2011-12/sih 2011-12 data cubes.xls,https://www.ausstats.abs.gov.au/ausstats/subscriber.nsf/0/E3075D36DB4F7605CA257BC80016E46F/$File/sih%202011-12%20data%20cubes.xls,Table 14 AGE OF REFERENCE PERSON,Table 14!G13,OK,
HIW4-2011-12-T14-00027,4,"Household Income and Income Distribution, Australia, 2011-12 (ABS cat. 6523.0)",2013-08-16,2011-12,2011-07-01,2012-06-30,,INC_EQUIVALISED_DISPOSABLE_WEEKLY,"Weekly household equivalised disposable household income, median",median,515,AUD_per_week,"2011-12 dollars (survey-year current prices; table states no deflator; nominal basis checked against later releases, see NOTES)",households by age of reference person,Australia,65 and over,,,,,,,2011-12/sih 2011-12 data cubes.xls,https://www.ausstats.abs.gov.au/ausstats/subscriber.nsf/0/E3075D36DB4F7605CA257BC80016E46F/$File/sih%202011-12%20data%20cubes.xls,Table 14 AGE OF REFERENCE PERSON,Table 14!H13,OK,
HIW4-2011-12-T14-00028,4,"Household Income and Income Distribution, Australia, 2011-12 (ABS cat. 6523.0)",2013-08-16,2011-12,2011-07-01,2012-06-30,,INC_EQUIVALISED_DISPOSABLE_WEEKLY,"Weekly household equivalised disposable household income, median",median,790,AUD_per_week,"2011-12 dollars (survey-year current prices; table states no deflator; nominal basis checked against later releases, see NOTES)",all households,Australia,All households,,,,,,,2011-12/sih 2011-12 data cubes.xls,https://www.ausstats.abs.gov.au/ausstats/subscriber.nsf/0/E3075D36DB4F7605CA257BC80016E46F/$File/sih%202011-12%20data%20cubes.xls,Table 14 AGE OF REFERENCE PERSON,Table 14!I13,OK,
HIW4-2011-12-T14-00029,4,"Household Income and Income Distribution, Australia, 2011-12 (ABS cat. 6523.0)",2013-08-16,2011-12,2011-07-01,2012-06-30,,NETWORTH_MEAN,"Household net worth, mean (whole dollars)",mean,115568,AUD,"2011-12 dollars (survey-year current prices; table states no deflator; nominal basis checked against later releases, see NOTES)",households by age of reference person,Australia,15-24,,,,,,,2011-12/sih 2011-12 data cubes.xls,https://www.ausstats.abs.gov.au/ausstats/subscriber.nsf/0/E3075D36DB4F7605CA257BC80016E46F/$File/sih%202011-12%20data%20cubes.xls,Table 14 AGE OF REFERENCE PERSON,Table 14!C14,OK,published in whole dollars ($)
HIW4-2011-12-T14-00030,4,"Household Income and Income Distribution, Australia, 2011-12 (ABS cat. 6523.0)",2013-08-16,2011-12,2011-07-01,2012-06-30,,NETWORTH_MEAN,"Household net worth, mean (whole dollars)",mean,247153,AUD,"2011-12 dollars (survey-year current prices; table states no deflator; nominal basis checked against later releases, see NOTES)",households by age of reference person,Australia,25-34,,,,,,,2011-12/sih 2011-12 data cubes.xls,https://www.ausstats.abs.gov.au/ausstats/subscriber.nsf/0/E3075D36DB4F7605CA257BC80016E46F/$File/sih%202011-12%20data%20cubes.xls,Table 14 AGE OF REFERENCE PERSON,Table 14!D14,OK,published in whole dollars ($)
HIW4-2011-12-T14-00031,4,"Household Income and Income Distribution, Australia, 2011-12 (ABS cat. 6523.0)",2013-08-16,2011-12,2011-07-01,2012-06-30,,NETWORTH_MEAN,"Household net worth, mean (whole dollars)",mean,572097,AUD,"2011-12 dollars (survey-year current prices; table states no deflator; nominal basis checked against later releases, see NOTES)",households by age of reference person,Australia,35-44,,,,,,,2011-12/sih 2011-12 data cubes.xls,https://www.ausstats.abs.gov.au/ausstats/subscriber.nsf/0/E3075D36DB4F7605CA257BC80016E46F/$File/sih%202011-12%20data%20cubes.xls,Table 14 AGE OF REFERENCE PERSON,Table 14!E14,OK,published in whole dollars ($)
HIW4-2011-12-T14-00032,4,"Household Income and Income Distribution, Australia, 2011-12 (ABS cat. 6523.0)",2013-08-16,2011-12,2011-07-01,2012-06-30,,NETWORTH_MEAN,"Household net worth, mean (whole dollars)",mean,872805,AUD,"2011-12 dollars (survey-year current prices; table states no deflator; nominal basis checked against later releases, see NOTES)",households by age of reference person,Australia,45-54,,,,,,,2011-12/sih 2011-12 data cubes.xls,https://www.ausstats.abs.gov.au/ausstats/subscriber.nsf/0/E3075D36DB4F7605CA257BC80016E46F/$File/sih%202011-12%20data%20cubes.xls,Table 14 AGE OF REFERENCE PERSON,Table 14!F14,OK,published in whole dollars ($)
HIW4-2011-12-T14-00033,4,"Household Income and Income Distribution, Australia, 2011-12 (ABS cat. 6523.0)",2013-08-16,2011-12,2011-07-01,2012-06-30,,NETWORTH_MEAN,"Household net worth, mean (whole dollars)",mean,1086365,AUD,"2011-12 dollars (survey-year current prices; table states no deflator; nominal basis checked against later releases, see NOTES)",households by age of reference person,Australia,55-64,,,,,,,2011-12/sih 2011-12 data cubes.xls,https://www.ausstats.abs.gov.au/ausstats/subscriber.nsf/0/E3075D36DB4F7605CA257BC80016E46F/$File/sih%202011-12%20data%20cubes.xls,Table 14 AGE OF REFERENCE PERSON,Table 14!G14,OK,published in whole dollars ($)
HIW4-2011-12-T14-00034,4,"Household Income and Income Distribution, Australia, 2011-12 (ABS cat. 6523.0)",2013-08-16,2011-12,2011-07-01,2012-06-30,,NETWORTH_MEAN,"Household net worth, mean (whole dollars)",mean,909690,AUD,"2011-12 dollars (survey-year current prices; table states no deflator; nominal basis checked against later releases, see NOTES)",households by age of reference person,Australia,65 and over,,,,,,,2011-12/sih 2011-12 data cubes.xls,https://www.ausstats.abs.gov.au/ausstats/subscriber.nsf/0/E3075D36DB4F7605CA257BC80016E46F/$File/sih%202011-12%20data%20cubes.xls,Table 14 AGE OF REFERENCE PERSON,Table 14!H14,OK,published in whole dollars ($)
HIW4-2011-12-T14-00035,4,"Household Income and Income Distribution, Australia, 2011-12 (ABS cat. 6523.0)",2013-08-16,2011-12,2011-07-01,2012-06-30,,NETWORTH_MEAN,"Household net worth, mean (whole dollars)",mean,728139,AUD,"2011-12 dollars (survey-year current prices; table states no deflator; nominal basis checked against later releases, see NOTES)",all households,Australia,All households,,,,,,,2011-12/sih 2011-12 data cubes.xls,https://www.ausstats.abs.gov.au/ausstats/subscriber.nsf/0/E3075D36DB4F7605CA257BC80016E46F/$File/sih%202011-12%20data%20cubes.xls,Table 14 AGE OF REFERENCE PERSON,Table 14!I14,OK,published in whole dollars ($)
HIW4-2009-10-T14-00001,4,"Household Income and Income Distribution, Australia, 2009-10 (ABS cat. 6523.0)",2011-08-30,2009-10,2009-07-01,2010-06-30,,INC_GROSS_WEEKLY,"Weekly household gross household income, mean",mean,1448,AUD_per_week,"2009-10 dollars (survey-year current prices; table states no deflator; nominal basis checked against later releases, see NOTES)",households by age of reference person,Australia,15-24,,,,,,,2009-10/65230do001_200910.xls,https://www.ausstats.abs.gov.au/ausstats/subscriber.nsf/0/B27053EBE209881BCA2578FB0018523D/$File/65230do001_200910.xls,Table 14 AGE OF REFERENCE PERSON,Table_14!C9,OK,
HIW4-2009-10-T14-00002,4,"Household Income and Income Distribution, Australia, 2009-10 (ABS cat. 6523.0)",2011-08-30,2009-10,2009-07-01,2010-06-30,,INC_GROSS_WEEKLY,"Weekly household gross household income, mean",mean,1877,AUD_per_week,"2009-10 dollars (survey-year current prices; table states no deflator; nominal basis checked against later releases, see NOTES)",households by age of reference person,Australia,25-34,,,,,,,2009-10/65230do001_200910.xls,https://www.ausstats.abs.gov.au/ausstats/subscriber.nsf/0/B27053EBE209881BCA2578FB0018523D/$File/65230do001_200910.xls,Table 14 AGE OF REFERENCE PERSON,Table_14!D9,OK,
HIW4-2009-10-T14-00003,4,"Household Income and Income Distribution, Australia, 2009-10 (ABS cat. 6523.0)",2011-08-30,2009-10,2009-07-01,2010-06-30,,INC_GROSS_WEEKLY,"Weekly household gross household income, mean",mean,1995,AUD_per_week,"2009-10 dollars (survey-year current prices; table states no deflator; nominal basis checked against later releases, see NOTES)",households by age of reference person,Australia,35-44,,,,,,,2009-10/65230do001_200910.xls,https://www.ausstats.abs.gov.au/ausstats/subscriber.nsf/0/B27053EBE209881BCA2578FB0018523D/$File/65230do001_200910.xls,Table 14 AGE OF REFERENCE PERSON,Table_14!E9,OK,
HIW4-2009-10-T14-00004,4,"Household Income and Income Distribution, Australia, 2009-10 (ABS cat. 6523.0)",2011-08-30,2009-10,2009-07-01,2010-06-30,,INC_GROSS_WEEKLY,"Weekly household gross household income, mean",mean,2174,AUD_per_week,"2009-10 dollars (survey-year current prices; table states no deflator; nominal basis checked against later releases, see NOTES)",households by age of reference person,Australia,45-54,,,,,,,2009-10/65230do001_200910.xls,https://www.ausstats.abs.gov.au/ausstats/subscriber.nsf/0/B27053EBE209881BCA2578FB0018523D/$File/65230do001_200910.xls,Table 14 AGE OF REFERENCE PERSON,Table_14!F9,OK,
HIW4-2009-10-T14-00005,4,"Household Income and Income Distribution, Australia, 2009-10 (ABS cat. 6523.0)",2011-08-30,2009-10,2009-07-01,2010-06-30,,INC_GROSS_WEEKLY,"Weekly household gross household income, mean",mean,1660,AUD_per_week,"2009-10 dollars (survey-year current prices; table states no deflator; nominal basis checked against later releases, see NOTES)",households by age of reference person,Australia,55-64,,,,,,,2009-10/65230do001_200910.xls,https://www.ausstats.abs.gov.au/ausstats/subscriber.nsf/0/B27053EBE209881BCA2578FB0018523D/$File/65230do001_200910.xls,Table 14 AGE OF REFERENCE PERSON,Table_14!G9,OK,
HIW4-2009-10-T14-00006,4,"Household Income and Income Distribution, Australia, 2009-10 (ABS cat. 6523.0)",2011-08-30,2009-10,2009-07-01,2010-06-30,,INC_GROSS_WEEKLY,"Weekly household gross household income, mean",mean,835,AUD_per_week,"2009-10 dollars (survey-year current prices; table states no deflator; nominal basis checked against later releases, see NOTES)",households by age of reference person,Australia,65 and over,,,,,,,2009-10/65230do001_200910.xls,https://www.ausstats.abs.gov.au/ausstats/subscriber.nsf/0/B27053EBE209881BCA2578FB0018523D/$File/65230do001_200910.xls,Table 14 AGE OF REFERENCE PERSON,Table_14!H9,OK,
HIW4-2009-10-T14-00007,4,"Household Income and Income Distribution, Australia, 2009-10 (ABS cat. 6523.0)",2011-08-30,2009-10,2009-07-01,2010-06-30,,INC_GROSS_WEEKLY,"Weekly household gross household income, mean",mean,1688,AUD_per_week,"2009-10 dollars (survey-year current prices; table states no deflator; nominal basis checked against later releases, see NOTES)",all households,Australia,All households,,,,,,,2009-10/65230do001_200910.xls,https://www.ausstats.abs.gov.au/ausstats/subscriber.nsf/0/B27053EBE209881BCA2578FB0018523D/$File/65230do001_200910.xls,Table 14 AGE OF REFERENCE PERSON,Table_14!I9,OK,
HIW4-2009-10-T14-00008,4,"Household Income and Income Distribution, Australia, 2009-10 (ABS cat. 6523.0)",2011-08-30,2009-10,2009-07-01,2010-06-30,,INC_GROSS_WEEKLY,"Weekly household gross household income, median",median,1245,AUD_per_week,"2009-10 dollars (survey-year current prices; table states no deflator; nominal basis checked against later releases, see NOTES)",households by age of reference person,Australia,15-24,,,,,,,2009-10/65230do001_200910.xls,https://www.ausstats.abs.gov.au/ausstats/subscriber.nsf/0/B27053EBE209881BCA2578FB0018523D/$File/65230do001_200910.xls,Table 14 AGE OF REFERENCE PERSON,Table_14!C10,OK,
HIW4-2009-10-T14-00009,4,"Household Income and Income Distribution, Australia, 2009-10 (ABS cat. 6523.0)",2011-08-30,2009-10,2009-07-01,2010-06-30,,INC_GROSS_WEEKLY,"Weekly household gross household income, median",median,1703,AUD_per_week,"2009-10 dollars (survey-year current prices; table states no deflator; nominal basis checked against later releases, see NOTES)",households by age of reference person,Australia,25-34,,,,,,,2009-10/65230do001_200910.xls,https://www.ausstats.abs.gov.au/ausstats/subscriber.nsf/0/B27053EBE209881BCA2578FB0018523D/$File/65230do001_200910.xls,Table 14 AGE OF REFERENCE PERSON,Table_14!D10,OK,
HIW4-2009-10-T14-00010,4,"Household Income and Income Distribution, Australia, 2009-10 (ABS cat. 6523.0)",2011-08-30,2009-10,2009-07-01,2010-06-30,,INC_GROSS_WEEKLY,"Weekly household gross household income, median",median,1684,AUD_per_week,"2009-10 dollars (survey-year current prices; table states no deflator; nominal basis checked against later releases, see NOTES)",households by age of reference person,Australia,35-44,,,,,,,2009-10/65230do001_200910.xls,https://www.ausstats.abs.gov.au/ausstats/subscriber.nsf/0/B27053EBE209881BCA2578FB0018523D/$File/65230do001_200910.xls,Table 14 AGE OF REFERENCE PERSON,Table_14!E10,OK,
HIW4-2009-10-T14-00011,4,"Household Income and Income Distribution, Australia, 2009-10 (ABS cat. 6523.0)",2011-08-30,2009-10,2009-07-01,2010-06-30,,INC_GROSS_WEEKLY,"Weekly household gross household income, median",median,1789,AUD_per_week,"2009-10 dollars (survey-year current prices; table states no deflator; nominal basis checked against later releases, see NOTES)",households by age of reference person,Australia,45-54,,,,,,,2009-10/65230do001_200910.xls,https://www.ausstats.abs.gov.au/ausstats/subscriber.nsf/0/B27053EBE209881BCA2578FB0018523D/$File/65230do001_200910.xls,Table 14 AGE OF REFERENCE PERSON,Table_14!F10,OK,
HIW4-2009-10-T14-00012,4,"Household Income and Income Distribution, Australia, 2009-10 (ABS cat. 6523.0)",2011-08-30,2009-10,2009-07-01,2010-06-30,,INC_GROSS_WEEKLY,"Weekly household gross household income, median",median,1220,AUD_per_week,"2009-10 dollars (survey-year current prices; table states no deflator; nominal basis checked against later releases, see NOTES)",households by age of reference person,Australia,55-64,,,,,,,2009-10/65230do001_200910.xls,https://www.ausstats.abs.gov.au/ausstats/subscriber.nsf/0/B27053EBE209881BCA2578FB0018523D/$File/65230do001_200910.xls,Table 14 AGE OF REFERENCE PERSON,Table_14!G10,OK,
HIW4-2009-10-T14-00013,4,"Household Income and Income Distribution, Australia, 2009-10 (ABS cat. 6523.0)",2011-08-30,2009-10,2009-07-01,2010-06-30,,INC_GROSS_WEEKLY,"Weekly household gross household income, median",median,572,AUD_per_week,"2009-10 dollars (survey-year current prices; table states no deflator; nominal basis checked against later releases, see NOTES)",households by age of reference person,Australia,65 and over,,,,,,,2009-10/65230do001_200910.xls,https://www.ausstats.abs.gov.au/ausstats/subscriber.nsf/0/B27053EBE209881BCA2578FB0018523D/$File/65230do001_200910.xls,Table 14 AGE OF REFERENCE PERSON,Table_14!H10,OK,
HIW4-2009-10-T14-00014,4,"Household Income and Income Distribution, Australia, 2009-10 (ABS cat. 6523.0)",2011-08-30,2009-10,2009-07-01,2010-06-30,,INC_GROSS_WEEKLY,"Weekly household gross household income, median",median,1320,AUD_per_week,"2009-10 dollars (survey-year current prices; table states no deflator; nominal basis checked against later releases, see NOTES)",all households,Australia,All households,,,,,,,2009-10/65230do001_200910.xls,https://www.ausstats.abs.gov.au/ausstats/subscriber.nsf/0/B27053EBE209881BCA2578FB0018523D/$File/65230do001_200910.xls,Table 14 AGE OF REFERENCE PERSON,Table_14!I10,OK,
HIW4-2009-10-T14-00015,4,"Household Income and Income Distribution, Australia, 2009-10 (ABS cat. 6523.0)",2011-08-30,2009-10,2009-07-01,2010-06-30,,INC_EQUIVALISED_DISPOSABLE_WEEKLY,"Weekly household equivalised disposable household income, mean",mean,778,AUD_per_week,"2009-10 dollars (survey-year current prices; table states no deflator; nominal basis checked against later releases, see NOTES)",households by age of reference person,Australia,15-24,,,,,,,2009-10/65230do001_200910.xls,https://www.ausstats.abs.gov.au/ausstats/subscriber.nsf/0/B27053EBE209881BCA2578FB0018523D/$File/65230do001_200910.xls,Table 14 AGE OF REFERENCE PERSON,Table_14!C12,OK,
HIW4-2009-10-T14-00016,4,"Household Income and Income Distribution, Australia, 2009-10 (ABS cat. 6523.0)",2011-08-30,2009-10,2009-07-01,2010-06-30,,INC_EQUIVALISED_DISPOSABLE_WEEKLY,"Weekly household equivalised disposable household income, mean",mean,895,AUD_per_week,"2009-10 dollars (survey-year current prices; table states no deflator; nominal basis checked against later releases, see NOTES)",households by age of reference person,Australia,25-34,,,,,,,2009-10/65230do001_200910.xls,https://www.ausstats.abs.gov.au/ausstats/subscriber.nsf/0/B27053EBE209881BCA2578FB0018523D/$File/65230do001_200910.xls,Table 14 AGE OF REFERENCE PERSON,Table_14!D12,OK,
HIW4-2009-10-T14-00017,4,"Household Income and Income Distribution, Australia, 2009-10 (ABS cat. 6523.0)",2011-08-30,2009-10,2009-07-01,2010-06-30,,INC_EQUIVALISED_DISPOSABLE_WEEKLY,"Weekly household equivalised disposable household income, mean",mean,837,AUD_per_week,"2009-10 dollars (survey-year current prices; table states no deflator; nominal basis checked against later releases, see NOTES)",households by age of reference person,Australia,35-44,,,,,,,2009-10/65230do001_200910.xls,https://www.ausstats.abs.gov.au/ausstats/subscriber.nsf/0/B27053EBE209881BCA2578FB0018523D/$File/65230do001_200910.xls,Table 14 AGE OF REFERENCE PERSON,Table_14!E12,OK,
HIW4-2009-10-T14-00018,4,"Household Income and Income Distribution, Australia, 2009-10 (ABS cat. 6523.0)",2011-08-30,2009-10,2009-07-01,2010-06-30,,INC_EQUIVALISED_DISPOSABLE_WEEKLY,"Weekly household equivalised disposable household income, mean",mean,943,AUD_per_week,"2009-10 dollars (survey-year current prices; table states no deflator; nominal basis checked against later releases, see NOTES)",households by age of reference person,Australia,45-54,,,,,,,2009-10/65230do001_200910.xls,https://www.ausstats.abs.gov.au/ausstats/subscriber.nsf/0/B27053EBE209881BCA2578FB0018523D/$File/65230do001_200910.xls,Table 14 AGE OF REFERENCE PERSON,Table_14!F12,OK,
HIW4-2009-10-T14-00019,4,"Household Income and Income Distribution, Australia, 2009-10 (ABS cat. 6523.0)",2011-08-30,2009-10,2009-07-01,2010-06-30,,INC_EQUIVALISED_DISPOSABLE_WEEKLY,"Weekly household equivalised disposable household income, mean",mean,920,AUD_per_week,"2009-10 dollars (survey-year current prices; table states no deflator; nominal basis checked against later releases, see NOTES)",households by age of reference person,Australia,55-64,,,,,,,2009-10/65230do001_200910.xls,https://www.ausstats.abs.gov.au/ausstats/subscriber.nsf/0/B27053EBE209881BCA2578FB0018523D/$File/65230do001_200910.xls,Table 14 AGE OF REFERENCE PERSON,Table_14!G12,OK,
HIW4-2009-10-T14-00020,4,"Household Income and Income Distribution, Australia, 2009-10 (ABS cat. 6523.0)",2011-08-30,2009-10,2009-07-01,2010-06-30,,INC_EQUIVALISED_DISPOSABLE_WEEKLY,"Weekly household equivalised disposable household income, mean",mean,598,AUD_per_week,"2009-10 dollars (survey-year current prices; table states no deflator; nominal basis checked against later releases, see NOTES)",households by age of reference person,Australia,65 and over,,,,,,,2009-10/65230do001_200910.xls,https://www.ausstats.abs.gov.au/ausstats/subscriber.nsf/0/B27053EBE209881BCA2578FB0018523D/$File/65230do001_200910.xls,Table 14 AGE OF REFERENCE PERSON,Table_14!H12,OK,
HIW4-2009-10-T14-00021,4,"Household Income and Income Distribution, Australia, 2009-10 (ABS cat. 6523.0)",2011-08-30,2009-10,2009-07-01,2010-06-30,,INC_EQUIVALISED_DISPOSABLE_WEEKLY,"Weekly household equivalised disposable household income, mean",mean,848,AUD_per_week,"2009-10 dollars (survey-year current prices; table states no deflator; nominal basis checked against later releases, see NOTES)",all households,Australia,All households,,,,,,,2009-10/65230do001_200910.xls,https://www.ausstats.abs.gov.au/ausstats/subscriber.nsf/0/B27053EBE209881BCA2578FB0018523D/$File/65230do001_200910.xls,Table 14 AGE OF REFERENCE PERSON,Table_14!I12,OK,
HIW4-2009-10-T14-00022,4,"Household Income and Income Distribution, Australia, 2009-10 (ABS cat. 6523.0)",2011-08-30,2009-10,2009-07-01,2010-06-30,,INC_EQUIVALISED_DISPOSABLE_WEEKLY,"Weekly household equivalised disposable household income, median",median,736,AUD_per_week,"2009-10 dollars (survey-year current prices; table states no deflator; nominal basis checked against later releases, see NOTES)",households by age of reference person,Australia,15-24,,,,,,,2009-10/65230do001_200910.xls,https://www.ausstats.abs.gov.au/ausstats/subscriber.nsf/0/B27053EBE209881BCA2578FB0018523D/$File/65230do001_200910.xls,Table 14 AGE OF REFERENCE PERSON,Table_14!C13,OK,
HIW4-2009-10-T14-00023,4,"Household Income and Income Distribution, Australia, 2009-10 (ABS cat. 6523.0)",2011-08-30,2009-10,2009-07-01,2010-06-30,,INC_EQUIVALISED_DISPOSABLE_WEEKLY,"Weekly household equivalised disposable household income, median",median,816,AUD_per_week,"2009-10 dollars (survey-year current prices; table states no deflator; nominal basis checked against later releases, see NOTES)",households by age of reference person,Australia,25-34,,,,,,,2009-10/65230do001_200910.xls,https://www.ausstats.abs.gov.au/ausstats/subscriber.nsf/0/B27053EBE209881BCA2578FB0018523D/$File/65230do001_200910.xls,Table 14 AGE OF REFERENCE PERSON,Table_14!D13,OK,
HIW4-2009-10-T14-00024,4,"Household Income and Income Distribution, Australia, 2009-10 (ABS cat. 6523.0)",2011-08-30,2009-10,2009-07-01,2010-06-30,,INC_EQUIVALISED_DISPOSABLE_WEEKLY,"Weekly household equivalised disposable household income, median",median,702,AUD_per_week,"2009-10 dollars (survey-year current prices; table states no deflator; nominal basis checked against later releases, see NOTES)",households by age of reference person,Australia,35-44,,,,,,,2009-10/65230do001_200910.xls,https://www.ausstats.abs.gov.au/ausstats/subscriber.nsf/0/B27053EBE209881BCA2578FB0018523D/$File/65230do001_200910.xls,Table 14 AGE OF REFERENCE PERSON,Table_14!E13,OK,
HIW4-2009-10-T14-00025,4,"Household Income and Income Distribution, Australia, 2009-10 (ABS cat. 6523.0)",2011-08-30,2009-10,2009-07-01,2010-06-30,,INC_EQUIVALISED_DISPOSABLE_WEEKLY,"Weekly household equivalised disposable household income, median",median,815,AUD_per_week,"2009-10 dollars (survey-year current prices; table states no deflator; nominal basis checked against later releases, see NOTES)",households by age of reference person,Australia,45-54,,,,,,,2009-10/65230do001_200910.xls,https://www.ausstats.abs.gov.au/ausstats/subscriber.nsf/0/B27053EBE209881BCA2578FB0018523D/$File/65230do001_200910.xls,Table 14 AGE OF REFERENCE PERSON,Table_14!F13,OK,
HIW4-2009-10-T14-00026,4,"Household Income and Income Distribution, Australia, 2009-10 (ABS cat. 6523.0)",2011-08-30,2009-10,2009-07-01,2010-06-30,,INC_EQUIVALISED_DISPOSABLE_WEEKLY,"Weekly household equivalised disposable household income, median",median,764,AUD_per_week,"2009-10 dollars (survey-year current prices; table states no deflator; nominal basis checked against later releases, see NOTES)",households by age of reference person,Australia,55-64,,,,,,,2009-10/65230do001_200910.xls,https://www.ausstats.abs.gov.au/ausstats/subscriber.nsf/0/B27053EBE209881BCA2578FB0018523D/$File/65230do001_200910.xls,Table 14 AGE OF REFERENCE PERSON,Table_14!G13,OK,
HIW4-2009-10-T14-00027,4,"Household Income and Income Distribution, Australia, 2009-10 (ABS cat. 6523.0)",2011-08-30,2009-10,2009-07-01,2010-06-30,,INC_EQUIVALISED_DISPOSABLE_WEEKLY,"Weekly household equivalised disposable household income, median",median,461,AUD_per_week,"2009-10 dollars (survey-year current prices; table states no deflator; nominal basis checked against later releases, see NOTES)",households by age of reference person,Australia,65 and over,,,,,,,2009-10/65230do001_200910.xls,https://www.ausstats.abs.gov.au/ausstats/subscriber.nsf/0/B27053EBE209881BCA2578FB0018523D/$File/65230do001_200910.xls,Table 14 AGE OF REFERENCE PERSON,Table_14!H13,OK,
HIW4-2009-10-T14-00028,4,"Household Income and Income Distribution, Australia, 2009-10 (ABS cat. 6523.0)",2011-08-30,2009-10,2009-07-01,2010-06-30,,INC_EQUIVALISED_DISPOSABLE_WEEKLY,"Weekly household equivalised disposable household income, median",median,715,AUD_per_week,"2009-10 dollars (survey-year current prices; table states no deflator; nominal basis checked against later releases, see NOTES)",all households,Australia,All households,,,,,,,2009-10/65230do001_200910.xls,https://www.ausstats.abs.gov.au/ausstats/subscriber.nsf/0/B27053EBE209881BCA2578FB0018523D/$File/65230do001_200910.xls,Table 14 AGE OF REFERENCE PERSON,Table_14!I13,OK,
HIW4-2009-10-T14-00029,4,"Household Income and Income Distribution, Australia, 2009-10 (ABS cat. 6523.0)",2011-08-30,2009-10,2009-07-01,2010-06-30,,NETWORTH_MEAN,"Household net worth, mean (whole dollars)",mean,83051,AUD,"2009-10 dollars (survey-year current prices; table states no deflator; nominal basis checked against later releases, see NOTES)",households by age of reference person,Australia,15-24,,,,,,,2009-10/65230do001_200910.xls,https://www.ausstats.abs.gov.au/ausstats/subscriber.nsf/0/B27053EBE209881BCA2578FB0018523D/$File/65230do001_200910.xls,Table 14 AGE OF REFERENCE PERSON,Table_14!C14,OK,published in whole dollars ($)
HIW4-2009-10-T14-00030,4,"Household Income and Income Distribution, Australia, 2009-10 (ABS cat. 6523.0)",2011-08-30,2009-10,2009-07-01,2010-06-30,,NETWORTH_MEAN,"Household net worth, mean (whole dollars)",mean,261819,AUD,"2009-10 dollars (survey-year current prices; table states no deflator; nominal basis checked against later releases, see NOTES)",households by age of reference person,Australia,25-34,,,,,,,2009-10/65230do001_200910.xls,https://www.ausstats.abs.gov.au/ausstats/subscriber.nsf/0/B27053EBE209881BCA2578FB0018523D/$File/65230do001_200910.xls,Table 14 AGE OF REFERENCE PERSON,Table_14!D14,OK,published in whole dollars ($)
HIW4-2009-10-T14-00031,4,"Household Income and Income Distribution, Australia, 2009-10 (ABS cat. 6523.0)",2011-08-30,2009-10,2009-07-01,2010-06-30,,NETWORTH_MEAN,"Household net worth, mean (whole dollars)",mean,565954,AUD,"2009-10 dollars (survey-year current prices; table states no deflator; nominal basis checked against later releases, see NOTES)",households by age of reference person,Australia,35-44,,,,,,,2009-10/65230do001_200910.xls,https://www.ausstats.abs.gov.au/ausstats/subscriber.nsf/0/B27053EBE209881BCA2578FB0018523D/$File/65230do001_200910.xls,Table 14 AGE OF REFERENCE PERSON,Table_14!E14,OK,published in whole dollars ($)
HIW4-2009-10-T14-00032,4,"Household Income and Income Distribution, Australia, 2009-10 (ABS cat. 6523.0)",2011-08-30,2009-10,2009-07-01,2010-06-30,,NETWORTH_MEAN,"Household net worth, mean (whole dollars)",mean,931582,AUD,"2009-10 dollars (survey-year current prices; table states no deflator; nominal basis checked against later releases, see NOTES)",households by age of reference person,Australia,45-54,,,,,,,2009-10/65230do001_200910.xls,https://www.ausstats.abs.gov.au/ausstats/subscriber.nsf/0/B27053EBE209881BCA2578FB0018523D/$File/65230do001_200910.xls,Table 14 AGE OF REFERENCE PERSON,Table_14!F14,OK,published in whole dollars ($)
HIW4-2009-10-T14-00033,4,"Household Income and Income Distribution, Australia, 2009-10 (ABS cat. 6523.0)",2011-08-30,2009-10,2009-07-01,2010-06-30,,NETWORTH_MEAN,"Household net worth, mean (whole dollars)",mean,1051556,AUD,"2009-10 dollars (survey-year current prices; table states no deflator; nominal basis checked against later releases, see NOTES)",households by age of reference person,Australia,55-64,,,,,,,2009-10/65230do001_200910.xls,https://www.ausstats.abs.gov.au/ausstats/subscriber.nsf/0/B27053EBE209881BCA2578FB0018523D/$File/65230do001_200910.xls,Table 14 AGE OF REFERENCE PERSON,Table_14!G14,OK,published in whole dollars ($)
HIW4-2009-10-T14-00034,4,"Household Income and Income Distribution, Australia, 2009-10 (ABS cat. 6523.0)",2011-08-30,2009-10,2009-07-01,2010-06-30,,NETWORTH_MEAN,"Household net worth, mean (whole dollars)",mean,872052,AUD,"2009-10 dollars (survey-year current prices; table states no deflator; nominal basis checked against later releases, see NOTES)",households by age of reference person,Australia,65 and over,,,,,,,2009-10/65230do001_200910.xls,https://www.ausstats.abs.gov.au/ausstats/subscriber.nsf/0/B27053EBE209881BCA2578FB0018523D/$File/65230do001_200910.xls,Table 14 AGE OF REFERENCE PERSON,Table_14!H14,OK,published in whole dollars ($)
HIW4-2009-10-T14-00035,4,"Household Income and Income Distribution, Australia, 2009-10 (ABS cat. 6523.0)",2011-08-30,2009-10,2009-07-01,2010-06-30,,NETWORTH_MEAN,"Household net worth, mean (whole dollars)",mean,719561,AUD,"2009-10 dollars (survey-year current prices; table states no deflator; nominal basis checked against later releases, see NOTES)",all households,Australia,All households,,,,,,,2009-10/65230do001_200910.xls,https://www.ausstats.abs.gov.au/ausstats/subscriber.nsf/0/B27053EBE209881BCA2578FB0018523D/$File/65230do001_200910.xls,Table 14 AGE OF REFERENCE PERSON,Table_14!I14,OK,published in whole dollars ($)
