obs_id,dataset_no,release_name,release_date,obs_period_label,obs_period_start,obs_period_end,reference_date,measure_code,measure_label,statistic,value,unit,price_basis,population,geography,dim_age_band,dim_sex,dim_household_type,dim_urban_rural,dim_state,dim_category,dim_other,source_file,source_url,source_table,source_locator,status,notes
D9-00001,9,"Press Note: All India Debt & Investment Survey, NSS 77th round (Jan-Dec 2019), NSS Report No. 588 (MoSPI/NSO)",2021-09-10,"AIDIS 2019, NSS 77th round (January - December 2019)",2019-01-01,2019-12-31,2018-06-30,PCT_HH_OWNING_ANY_ASSET,Households owning any asset (physical or financial),rate,99.4,percent,current prices (nominal),households,India,,,all,rural,All-India,,,press_note-AIDIS-240821.pdf,https://www.mospi.gov.in/sites/default/files/press_release/press_note-AIDIS-240821.pdf,"Press note, section A. Asset Holdings",PDF p.2,OK,
D9-00002,9,"Press Note: All India Debt & Investment Survey, NSS 77th round (Jan-Dec 2019), NSS Report No. 588 (MoSPI/NSO)",2021-09-10,"AIDIS 2019, NSS 77th round (January - December 2019)",2019-01-01,2019-12-31,2018-06-30,PCT_HH_OWNING_ANY_ASSET,Households owning any asset (physical or financial),rate,100,percent,current prices (nominal),households,India,,,cultivator,rural,All-India,,,press_note-AIDIS-240821.pdf,https://www.mospi.gov.in/sites/default/files/press_release/press_note-AIDIS-240821.pdf,"Press note, section A. Asset Holdings",PDF p.2,OK,
D9-00003,9,"Press Note: All India Debt & Investment Survey, NSS 77th round (Jan-Dec 2019), NSS Report No. 588 (MoSPI/NSO)",2021-09-10,"AIDIS 2019, NSS 77th round (January - December 2019)",2019-01-01,2019-12-31,2018-06-30,PCT_HH_OWNING_ANY_ASSET,Households owning any asset (physical or financial),rate,98.6,percent,current prices (nominal),households,India,,,non-cultivator,rural,All-India,,,press_note-AIDIS-240821.pdf,https://www.mospi.gov.in/sites/default/files/press_release/press_note-AIDIS-240821.pdf,"Press note, section A. Asset Holdings",PDF p.2,OK,
D9-00004,9,"Press Note: All India Debt & Investment Survey, NSS 77th round (Jan-Dec 2019), NSS Report No. 588 (MoSPI/NSO)",2021-09-10,"AIDIS 2019, NSS 77th round (January - December 2019)",2019-01-01,2019-12-31,2018-06-30,PCT_HH_OWNING_ANY_ASSET,Households owning any asset (physical or financial),rate,98,percent,current prices (nominal),households,India,,,all,urban,All-India,,,press_note-AIDIS-240821.pdf,https://www.mospi.gov.in/sites/default/files/press_release/press_note-AIDIS-240821.pdf,"Press note, section A. Asset Holdings",PDF p.2,OK,
D9-00005,9,"Press Note: All India Debt & Investment Survey, NSS 77th round (Jan-Dec 2019), NSS Report No. 588 (MoSPI/NSO)",2021-09-10,"AIDIS 2019, NSS 77th round (January - December 2019)",2019-01-01,2019-12-31,2018-06-30,PCT_HH_OWNING_ANY_ASSET,Households owning any asset (physical or financial),rate,99.7,percent,current prices (nominal),households,India,,,self-employed,urban,All-India,,,press_note-AIDIS-240821.pdf,https://www.mospi.gov.in/sites/default/files/press_release/press_note-AIDIS-240821.pdf,"Press note, section A. Asset Holdings",PDF p.2,OK,
D9-00006,9,"Press Note: All India Debt & Investment Survey, NSS 77th round (Jan-Dec 2019), NSS Report No. 588 (MoSPI/NSO)",2021-09-10,"AIDIS 2019, NSS 77th round (January - December 2019)",2019-01-01,2019-12-31,2018-06-30,PCT_HH_OWNING_ANY_ASSET,Households owning any asset (physical or financial),rate,97.3,percent,current prices (nominal),households,India,,,other,urban,All-India,,,press_note-AIDIS-240821.pdf,https://www.mospi.gov.in/sites/default/files/press_release/press_note-AIDIS-240821.pdf,"Press note, section A. Asset Holdings",PDF p.2,OK,
D9-00007,9,"Press Note: All India Debt & Investment Survey, NSS 77th round (Jan-Dec 2019), NSS Report No. 588 (MoSPI/NSO)",2021-09-10,"AIDIS 2019, NSS 77th round (January - December 2019)",2019-01-01,2019-12-31,2018-06-30,PCT_HH_OWNING_PHYSICAL_ASSET,Households owning physical assets,rate,97.5,percent,current prices (nominal),households,India,,,all,rural,All-India,,,press_note-AIDIS-240821.pdf,https://www.mospi.gov.in/sites/default/files/press_release/press_note-AIDIS-240821.pdf,"Press note, section A. Asset Holdings",PDF p.2,OK,
D9-00008,9,"Press Note: All India Debt & Investment Survey, NSS 77th round (Jan-Dec 2019), NSS Report No. 588 (MoSPI/NSO)",2021-09-10,"AIDIS 2019, NSS 77th round (January - December 2019)",2019-01-01,2019-12-31,2018-06-30,PCT_HH_OWNING_PHYSICAL_ASSET,Households owning physical assets,rate,85.4,percent,current prices (nominal),households,India,,,all,urban,All-India,,,press_note-AIDIS-240821.pdf,https://www.mospi.gov.in/sites/default/files/press_release/press_note-AIDIS-240821.pdf,"Press note, section A. Asset Holdings",PDF p.2,OK,
D9-00009,9,"Press Note: All India Debt & Investment Survey, NSS 77th round (Jan-Dec 2019), NSS Report No. 588 (MoSPI/NSO)",2021-09-10,"AIDIS 2019, NSS 77th round (January - December 2019)",2019-01-01,2019-12-31,2018-06-30,PCT_HH_OWNING_FINANCIAL_ASSET,Households owning financial assets,rate,96.6,percent,current prices (nominal),households,India,,,all,rural,All-India,,,press_note-AIDIS-240821.pdf,https://www.mospi.gov.in/sites/default/files/press_release/press_note-AIDIS-240821.pdf,"Press note, section A. Asset Holdings",PDF p.2,OK,
D9-00010,9,"Press Note: All India Debt & Investment Survey, NSS 77th round (Jan-Dec 2019), NSS Report No. 588 (MoSPI/NSO)",2021-09-10,"AIDIS 2019, NSS 77th round (January - December 2019)",2019-01-01,2019-12-31,2018-06-30,PCT_HH_OWNING_FINANCIAL_ASSET,Households owning financial assets,rate,94.7,percent,current prices (nominal),households,India,,,all,urban,All-India,,,press_note-AIDIS-240821.pdf,https://www.mospi.gov.in/sites/default/files/press_release/press_note-AIDIS-240821.pdf,"Press note, section A. Asset Holdings",PDF p.2,OK,
D9-00011,9,"Press Note: All India Debt & Investment Survey, NSS 77th round (Jan-Dec 2019), NSS Report No. 588 (MoSPI/NSO)",2021-09-10,"AIDIS 2019, NSS 77th round (January - December 2019)",2019-01-01,2019-12-31,2018-06-30,AVA_TOTAL,Average value of assets (AVA) owned per household,mean,1592379,INR_per_household,current prices (nominal),households,India,,,all,rural,All-India,,,press_note-AIDIS-240821.pdf,https://www.mospi.gov.in/sites/default/files/press_release/press_note-AIDIS-240821.pdf,"Press note, section A. Asset Holdings",PDF p.2,OK,
D9-00012,9,"Press Note: All India Debt & Investment Survey, NSS 77th round (Jan-Dec 2019), NSS Report No. 588 (MoSPI/NSO)",2021-09-10,"AIDIS 2019, NSS 77th round (January - December 2019)",2019-01-01,2019-12-31,2018-06-30,AVA_TOTAL,Average value of assets (AVA) owned per household,mean,2207257,INR_per_household,current prices (nominal),households,India,,,cultivator,rural,All-India,,,press_note-AIDIS-240821.pdf,https://www.mospi.gov.in/sites/default/files/press_release/press_note-AIDIS-240821.pdf,"Press note, section A. Asset Holdings",PDF p.2,OK,
D9-00013,9,"Press Note: All India Debt & Investment Survey, NSS 77th round (Jan-Dec 2019), NSS Report No. 588 (MoSPI/NSO)",2021-09-10,"AIDIS 2019, NSS 77th round (January - December 2019)",2019-01-01,2019-12-31,2018-06-30,AVA_TOTAL,Average value of assets (AVA) owned per household,mean,785063,INR_per_household,current prices (nominal),households,India,,,non-cultivator,rural,All-India,,,press_note-AIDIS-240821.pdf,https://www.mospi.gov.in/sites/default/files/press_release/press_note-AIDIS-240821.pdf,"Press note, section A. Asset Holdings",PDF p.2,OK,
D9-00014,9,"Press Note: All India Debt & Investment Survey, NSS 77th round (Jan-Dec 2019), NSS Report No. 588 (MoSPI/NSO)",2021-09-10,"AIDIS 2019, NSS 77th round (January - December 2019)",2019-01-01,2019-12-31,2018-06-30,AVA_TOTAL,Average value of assets (AVA) owned per household,mean,2717081,INR_per_household,current prices (nominal),households,India,,,all,urban,All-India,,,press_note-AIDIS-240821.pdf,https://www.mospi.gov.in/sites/default/files/press_release/press_note-AIDIS-240821.pdf,"Press note, section A. Asset Holdings",PDF p.2,OK,
D9-00015,9,"Press Note: All India Debt & Investment Survey, NSS 77th round (Jan-Dec 2019), NSS Report No. 588 (MoSPI/NSO)",2021-09-10,"AIDIS 2019, NSS 77th round (January - December 2019)",2019-01-01,2019-12-31,2018-06-30,AVA_TOTAL,Average value of assets (AVA) owned per household,mean,4151226,INR_per_household,current prices (nominal),households,India,,,self-employed,urban,All-India,,,press_note-AIDIS-240821.pdf,https://www.mospi.gov.in/sites/default/files/press_release/press_note-AIDIS-240821.pdf,"Press note, section A. Asset Holdings",PDF p.2,OK,
D9-00016,9,"Press Note: All India Debt & Investment Survey, NSS 77th round (Jan-Dec 2019), NSS Report No. 588 (MoSPI/NSO)",2021-09-10,"AIDIS 2019, NSS 77th round (January - December 2019)",2019-01-01,2019-12-31,2018-06-30,AVA_TOTAL,Average value of assets (AVA) owned per household,mean,2210707,INR_per_household,current prices (nominal),households,India,,,other,urban,All-India,,,press_note-AIDIS-240821.pdf,https://www.mospi.gov.in/sites/default/files/press_release/press_note-AIDIS-240821.pdf,"Press note, section A. Asset Holdings",PDF p.2,OK,
D9-00017,9,"Press Note: All India Debt & Investment Survey, NSS 77th round (Jan-Dec 2019), NSS Report No. 588 (MoSPI/NSO)",2021-09-10,"AIDIS 2019, NSS 77th round (January - December 2019)",2019-01-01,2019-12-31,2018-06-30,AVA_PHYSICAL,Average value of physical assets per household,mean,1519771,INR_per_household,current prices (nominal),households,India,,,all,rural,All-India,,,press_note-AIDIS-240821.pdf,https://www.mospi.gov.in/sites/default/files/press_release/press_note-AIDIS-240821.pdf,"Press note, section A. Asset Holdings",PDF p.2,OK,
D9-00018,9,"Press Note: All India Debt & Investment Survey, NSS 77th round (Jan-Dec 2019), NSS Report No. 588 (MoSPI/NSO)",2021-09-10,"AIDIS 2019, NSS 77th round (January - December 2019)",2019-01-01,2019-12-31,2018-06-30,AVA_PHYSICAL,Average value of physical assets per household,mean,2465277,INR_per_household,current prices (nominal),households,India,,,all,urban,All-India,,,press_note-AIDIS-240821.pdf,https://www.mospi.gov.in/sites/default/files/press_release/press_note-AIDIS-240821.pdf,"Press note, section A. Asset Holdings",PDF p.2,OK,
D9-00019,9,"Press Note: All India Debt & Investment Survey, NSS 77th round (Jan-Dec 2019), NSS Report No. 588 (MoSPI/NSO)",2021-09-10,"AIDIS 2019, NSS 77th round (January - December 2019)",2019-01-01,2019-12-31,2018-06-30,AVA_FINANCIAL,Average value of financial assets per household,mean,72608,INR_per_household,current prices (nominal),households,India,,,all,rural,All-India,,,press_note-AIDIS-240821.pdf,https://www.mospi.gov.in/sites/default/files/press_release/press_note-AIDIS-240821.pdf,"Press note, section A. Asset Holdings",PDF p.2,OK,
D9-00020,9,"Press Note: All India Debt & Investment Survey, NSS 77th round (Jan-Dec 2019), NSS Report No. 588 (MoSPI/NSO)",2021-09-10,"AIDIS 2019, NSS 77th round (January - December 2019)",2019-01-01,2019-12-31,2018-06-30,AVA_FINANCIAL,Average value of financial assets per household,mean,251804,INR_per_household,current prices (nominal),households,India,,,all,urban,All-India,,,press_note-AIDIS-240821.pdf,https://www.mospi.gov.in/sites/default/files/press_release/press_note-AIDIS-240821.pdf,"Press note, section A. Asset Holdings",PDF p.2,OK,
D9-00021,9,"Press Note: All India Debt & Investment Survey, NSS 77th round (Jan-Dec 2019), NSS Report No. 588 (MoSPI/NSO)",2021-09-10,"AIDIS 2019, NSS 77th round (January - December 2019)",2019-01-01,2019-12-31,2018-06-30,IOI,Incidence of indebtedness (IOI): % of households indebted,rate,35,percent,current prices (nominal),households,India,,,all,rural,All-India,,,press_note-AIDIS-240821.pdf,https://www.mospi.gov.in/sites/default/files/press_release/press_note-AIDIS-240821.pdf,"Press note, section B. Household Indebtedness",PDF p.3,OK,
D9-00022,9,"Press Note: All India Debt & Investment Survey, NSS 77th round (Jan-Dec 2019), NSS Report No. 588 (MoSPI/NSO)",2021-09-10,"AIDIS 2019, NSS 77th round (January - December 2019)",2019-01-01,2019-12-31,2018-06-30,IOI,Incidence of indebtedness (IOI): % of households indebted,rate,40.3,percent,current prices (nominal),households,India,,,cultivator,rural,All-India,,,press_note-AIDIS-240821.pdf,https://www.mospi.gov.in/sites/default/files/press_release/press_note-AIDIS-240821.pdf,"Press note, section B. Household Indebtedness",PDF p.3,OK,
D9-00023,9,"Press Note: All India Debt & Investment Survey, NSS 77th round (Jan-Dec 2019), NSS Report No. 588 (MoSPI/NSO)",2021-09-10,"AIDIS 2019, NSS 77th round (January - December 2019)",2019-01-01,2019-12-31,2018-06-30,IOI,Incidence of indebtedness (IOI): % of households indebted,rate,28.2,percent,current prices (nominal),households,India,,,non-cultivator,rural,All-India,,,press_note-AIDIS-240821.pdf,https://www.mospi.gov.in/sites/default/files/press_release/press_note-AIDIS-240821.pdf,"Press note, section B. Household Indebtedness",PDF p.3,OK,
D9-00024,9,"Press Note: All India Debt & Investment Survey, NSS 77th round (Jan-Dec 2019), NSS Report No. 588 (MoSPI/NSO)",2021-09-10,"AIDIS 2019, NSS 77th round (January - December 2019)",2019-01-01,2019-12-31,2018-06-30,IOI,Incidence of indebtedness (IOI): % of households indebted,rate,22.4,percent,current prices (nominal),households,India,,,all,urban,All-India,,,press_note-AIDIS-240821.pdf,https://www.mospi.gov.in/sites/default/files/press_release/press_note-AIDIS-240821.pdf,"Press note, section B. Household Indebtedness",PDF p.3,OK,Press note text gives 22.4%; the MoSPI portal highlight card shows 22.0% for urban (see separate row). Report 588 itself not obtained to resolve.
D9-00025,9,"Press Note: All India Debt & Investment Survey, NSS 77th round (Jan-Dec 2019), NSS Report No. 588 (MoSPI/NSO)",2021-09-10,"AIDIS 2019, NSS 77th round (January - December 2019)",2019-01-01,2019-12-31,2018-06-30,IOI,Incidence of indebtedness (IOI): % of households indebted,rate,27.5,percent,current prices (nominal),households,India,,,self-employed,urban,All-India,,,press_note-AIDIS-240821.pdf,https://www.mospi.gov.in/sites/default/files/press_release/press_note-AIDIS-240821.pdf,"Press note, section B. Household Indebtedness",PDF p.3,OK,
D9-00026,9,"Press Note: All India Debt & Investment Survey, NSS 77th round (Jan-Dec 2019), NSS Report No. 588 (MoSPI/NSO)",2021-09-10,"AIDIS 2019, NSS 77th round (January - December 2019)",2019-01-01,2019-12-31,2018-06-30,IOI,Incidence of indebtedness (IOI): % of households indebted,rate,20.6,percent,current prices (nominal),households,India,,,other,urban,All-India,,,press_note-AIDIS-240821.pdf,https://www.mospi.gov.in/sites/default/files/press_release/press_note-AIDIS-240821.pdf,"Press note, section B. Household Indebtedness",PDF p.3,OK,
D9-00027,9,"Press Note: All India Debt & Investment Survey, NSS 77th round (Jan-Dec 2019), NSS Report No. 588 (MoSPI/NSO)",2021-09-10,"AIDIS 2019, NSS 77th round (January - December 2019)",2019-01-01,2019-12-31,2018-06-30,IOI_INSTITUTIONAL_ONLY,Households indebted to institutional credit agencies only,rate,17.8,percent,current prices (nominal),households,India,,,all,rural,All-India,,,press_note-AIDIS-240821.pdf,https://www.mospi.gov.in/sites/default/files/press_release/press_note-AIDIS-240821.pdf,"Press note, section B. Household Indebtedness",PDF p.3,OK,
D9-00028,9,"Press Note: All India Debt & Investment Survey, NSS 77th round (Jan-Dec 2019), NSS Report No. 588 (MoSPI/NSO)",2021-09-10,"AIDIS 2019, NSS 77th round (January - December 2019)",2019-01-01,2019-12-31,2018-06-30,IOI_INSTITUTIONAL_ONLY,Households indebted to institutional credit agencies only,rate,21.2,percent,current prices (nominal),households,India,,,cultivator,rural,All-India,,,press_note-AIDIS-240821.pdf,https://www.mospi.gov.in/sites/default/files/press_release/press_note-AIDIS-240821.pdf,"Press note, section B. Household Indebtedness",PDF p.3,OK,
D9-00029,9,"Press Note: All India Debt & Investment Survey, NSS 77th round (Jan-Dec 2019), NSS Report No. 588 (MoSPI/NSO)",2021-09-10,"AIDIS 2019, NSS 77th round (January - December 2019)",2019-01-01,2019-12-31,2018-06-30,IOI_INSTITUTIONAL_ONLY,Households indebted to institutional credit agencies only,rate,13.5,percent,current prices (nominal),households,India,,,non-cultivator,rural,All-India,,,press_note-AIDIS-240821.pdf,https://www.mospi.gov.in/sites/default/files/press_release/press_note-AIDIS-240821.pdf,"Press note, section B. Household Indebtedness",PDF p.3,OK,
D9-00030,9,"Press Note: All India Debt & Investment Survey, NSS 77th round (Jan-Dec 2019), NSS Report No. 588 (MoSPI/NSO)",2021-09-10,"AIDIS 2019, NSS 77th round (January - December 2019)",2019-01-01,2019-12-31,2018-06-30,IOI_INSTITUTIONAL_ONLY,Households indebted to institutional credit agencies only,rate,14.5,percent,current prices (nominal),households,India,,,all,urban,All-India,,,press_note-AIDIS-240821.pdf,https://www.mospi.gov.in/sites/default/files/press_release/press_note-AIDIS-240821.pdf,"Press note, section B. Household Indebtedness",PDF p.3,OK,
D9-00031,9,"Press Note: All India Debt & Investment Survey, NSS 77th round (Jan-Dec 2019), NSS Report No. 588 (MoSPI/NSO)",2021-09-10,"AIDIS 2019, NSS 77th round (January - December 2019)",2019-01-01,2019-12-31,2018-06-30,IOI_INSTITUTIONAL_ONLY,Households indebted to institutional credit agencies only,rate,18,percent,current prices (nominal),households,India,,,self-employed,urban,All-India,,,press_note-AIDIS-240821.pdf,https://www.mospi.gov.in/sites/default/files/press_release/press_note-AIDIS-240821.pdf,"Press note, section B. Household Indebtedness",PDF p.3,OK,
D9-00032,9,"Press Note: All India Debt & Investment Survey, NSS 77th round (Jan-Dec 2019), NSS Report No. 588 (MoSPI/NSO)",2021-09-10,"AIDIS 2019, NSS 77th round (January - December 2019)",2019-01-01,2019-12-31,2018-06-30,IOI_INSTITUTIONAL_ONLY,Households indebted to institutional credit agencies only,rate,13.3,percent,current prices (nominal),households,India,,,other,urban,All-India,,,press_note-AIDIS-240821.pdf,https://www.mospi.gov.in/sites/default/files/press_release/press_note-AIDIS-240821.pdf,"Press note, section B. Household Indebtedness",PDF p.3,OK,
D9-00033,9,"Press Note: All India Debt & Investment Survey, NSS 77th round (Jan-Dec 2019), NSS Report No. 588 (MoSPI/NSO)",2021-09-10,"AIDIS 2019, NSS 77th round (January - December 2019)",2019-01-01,2019-12-31,2018-06-30,IOI_NONINSTITUTIONAL_ONLY,Households indebted to non-institutional credit agencies only,rate,10.2,percent,current prices (nominal),households,India,,,all,rural,All-India,,,press_note-AIDIS-240821.pdf,https://www.mospi.gov.in/sites/default/files/press_release/press_note-AIDIS-240821.pdf,"Press note, section B. Household Indebtedness",PDF p.3,OK,
D9-00034,9,"Press Note: All India Debt & Investment Survey, NSS 77th round (Jan-Dec 2019), NSS Report No. 588 (MoSPI/NSO)",2021-09-10,"AIDIS 2019, NSS 77th round (January - December 2019)",2019-01-01,2019-12-31,2018-06-30,IOI_NONINSTITUTIONAL_ONLY,Households indebted to non-institutional credit agencies only,rate,10.3,percent,current prices (nominal),households,India,,,cultivator,rural,All-India,,,press_note-AIDIS-240821.pdf,https://www.mospi.gov.in/sites/default/files/press_release/press_note-AIDIS-240821.pdf,"Press note, section B. Household Indebtedness",PDF p.3,OK,
D9-00035,9,"Press Note: All India Debt & Investment Survey, NSS 77th round (Jan-Dec 2019), NSS Report No. 588 (MoSPI/NSO)",2021-09-10,"AIDIS 2019, NSS 77th round (January - December 2019)",2019-01-01,2019-12-31,2018-06-30,IOI_NONINSTITUTIONAL_ONLY,Households indebted to non-institutional credit agencies only,rate,10,percent,current prices (nominal),households,India,,,non-cultivator,rural,All-India,,,press_note-AIDIS-240821.pdf,https://www.mospi.gov.in/sites/default/files/press_release/press_note-AIDIS-240821.pdf,"Press note, section B. Household Indebtedness",PDF p.3,OK,
D9-00036,9,"Press Note: All India Debt & Investment Survey, NSS 77th round (Jan-Dec 2019), NSS Report No. 588 (MoSPI/NSO)",2021-09-10,"AIDIS 2019, NSS 77th round (January - December 2019)",2019-01-01,2019-12-31,2018-06-30,IOI_NONINSTITUTIONAL_ONLY,Households indebted to non-institutional credit agencies only,rate,4.9,percent,current prices (nominal),households,India,,,all,urban,All-India,,,press_note-AIDIS-240821.pdf,https://www.mospi.gov.in/sites/default/files/press_release/press_note-AIDIS-240821.pdf,"Press note, section B. Household Indebtedness",PDF p.3,OK,
D9-00037,9,"Press Note: All India Debt & Investment Survey, NSS 77th round (Jan-Dec 2019), NSS Report No. 588 (MoSPI/NSO)",2021-09-10,"AIDIS 2019, NSS 77th round (January - December 2019)",2019-01-01,2019-12-31,2018-06-30,IOI_NONINSTITUTIONAL_ONLY,Households indebted to non-institutional credit agencies only,rate,5.2,percent,current prices (nominal),households,India,,,self-employed,urban,All-India,,,press_note-AIDIS-240821.pdf,https://www.mospi.gov.in/sites/default/files/press_release/press_note-AIDIS-240821.pdf,"Press note, section B. Household Indebtedness",PDF p.3,OK,
D9-00038,9,"Press Note: All India Debt & Investment Survey, NSS 77th round (Jan-Dec 2019), NSS Report No. 588 (MoSPI/NSO)",2021-09-10,"AIDIS 2019, NSS 77th round (January - December 2019)",2019-01-01,2019-12-31,2018-06-30,IOI_NONINSTITUTIONAL_ONLY,Households indebted to non-institutional credit agencies only,rate,4.8,percent,current prices (nominal),households,India,,,other,urban,All-India,,,press_note-AIDIS-240821.pdf,https://www.mospi.gov.in/sites/default/files/press_release/press_note-AIDIS-240821.pdf,"Press note, section B. Household Indebtedness",PDF p.3,OK,
D9-00039,9,"Press Note: All India Debt & Investment Survey, NSS 77th round (Jan-Dec 2019), NSS Report No. 588 (MoSPI/NSO)",2021-09-10,"AIDIS 2019, NSS 77th round (January - December 2019)",2019-01-01,2019-12-31,2018-06-30,IOI_BOTH,Households indebted to both institutional and non-institutional agencies,rate,7,percent,current prices (nominal),households,India,,,all,rural,All-India,,,press_note-AIDIS-240821.pdf,https://www.mospi.gov.in/sites/default/files/press_release/press_note-AIDIS-240821.pdf,"Press note, section B. Household Indebtedness",PDF p.3,OK,
D9-00040,9,"Press Note: All India Debt & Investment Survey, NSS 77th round (Jan-Dec 2019), NSS Report No. 588 (MoSPI/NSO)",2021-09-10,"AIDIS 2019, NSS 77th round (January - December 2019)",2019-01-01,2019-12-31,2018-06-30,IOI_BOTH,Households indebted to both institutional and non-institutional agencies,rate,8.8,percent,current prices (nominal),households,India,,,cultivator,rural,All-India,,,press_note-AIDIS-240821.pdf,https://www.mospi.gov.in/sites/default/files/press_release/press_note-AIDIS-240821.pdf,"Press note, section B. Household Indebtedness",PDF p.3,OK,
D9-00041,9,"Press Note: All India Debt & Investment Survey, NSS 77th round (Jan-Dec 2019), NSS Report No. 588 (MoSPI/NSO)",2021-09-10,"AIDIS 2019, NSS 77th round (January - December 2019)",2019-01-01,2019-12-31,2018-06-30,IOI_BOTH,Households indebted to both institutional and non-institutional agencies,rate,4.7,percent,current prices (nominal),households,India,,,non-cultivator,rural,All-India,,,press_note-AIDIS-240821.pdf,https://www.mospi.gov.in/sites/default/files/press_release/press_note-AIDIS-240821.pdf,"Press note, section B. Household Indebtedness",PDF p.3,OK,
D9-00042,9,"Press Note: All India Debt & Investment Survey, NSS 77th round (Jan-Dec 2019), NSS Report No. 588 (MoSPI/NSO)",2021-09-10,"AIDIS 2019, NSS 77th round (January - December 2019)",2019-01-01,2019-12-31,2018-06-30,IOI_BOTH,Households indebted to both institutional and non-institutional agencies,rate,3,percent,current prices (nominal),households,India,,,all,urban,All-India,,,press_note-AIDIS-240821.pdf,https://www.mospi.gov.in/sites/default/files/press_release/press_note-AIDIS-240821.pdf,"Press note, section B. Household Indebtedness",PDF p.3,OK,
D9-00043,9,"Press Note: All India Debt & Investment Survey, NSS 77th round (Jan-Dec 2019), NSS Report No. 588 (MoSPI/NSO)",2021-09-10,"AIDIS 2019, NSS 77th round (January - December 2019)",2019-01-01,2019-12-31,2018-06-30,IOI_BOTH,Households indebted to both institutional and non-institutional agencies,rate,4.3,percent,current prices (nominal),households,India,,,self-employed,urban,All-India,,,press_note-AIDIS-240821.pdf,https://www.mospi.gov.in/sites/default/files/press_release/press_note-AIDIS-240821.pdf,"Press note, section B. Household Indebtedness",PDF p.3,OK,
D9-00044,9,"Press Note: All India Debt & Investment Survey, NSS 77th round (Jan-Dec 2019), NSS Report No. 588 (MoSPI/NSO)",2021-09-10,"AIDIS 2019, NSS 77th round (January - December 2019)",2019-01-01,2019-12-31,2018-06-30,IOI_BOTH,Households indebted to both institutional and non-institutional agencies,rate,2.5,percent,current prices (nominal),households,India,,,other,urban,All-India,,,press_note-AIDIS-240821.pdf,https://www.mospi.gov.in/sites/default/files/press_release/press_note-AIDIS-240821.pdf,"Press note, section B. Household Indebtedness",PDF p.3,OK,
D9-00045,9,"Press Note: All India Debt & Investment Survey, NSS 77th round (Jan-Dec 2019), NSS Report No. 588 (MoSPI/NSO)",2021-09-10,"AIDIS 2019, NSS 77th round (January - December 2019)",2019-01-01,2019-12-31,2018-06-30,AOD,Average amount of debt (AOD) per household (cash dues),mean,59748,INR_per_household,current prices (nominal),households,India,,,all,rural,All-India,,,press_note-AIDIS-240821.pdf,https://www.mospi.gov.in/sites/default/files/press_release/press_note-AIDIS-240821.pdf,"Press note, section B. Household Indebtedness",PDF p.3-4,OK,
D9-00046,9,"Press Note: All India Debt & Investment Survey, NSS 77th round (Jan-Dec 2019), NSS Report No. 588 (MoSPI/NSO)",2021-09-10,"AIDIS 2019, NSS 77th round (January - December 2019)",2019-01-01,2019-12-31,2018-06-30,AOD,Average amount of debt (AOD) per household (cash dues),mean,74460,INR_per_household,current prices (nominal),households,India,,,cultivator,rural,All-India,,,press_note-AIDIS-240821.pdf,https://www.mospi.gov.in/sites/default/files/press_release/press_note-AIDIS-240821.pdf,"Press note, section B. Household Indebtedness",PDF p.3-4,OK,
D9-00047,9,"Press Note: All India Debt & Investment Survey, NSS 77th round (Jan-Dec 2019), NSS Report No. 588 (MoSPI/NSO)",2021-09-10,"AIDIS 2019, NSS 77th round (January - December 2019)",2019-01-01,2019-12-31,2018-06-30,AOD,Average amount of debt (AOD) per household (cash dues),mean,40432,INR_per_household,current prices (nominal),households,India,,,non-cultivator,rural,All-India,,,press_note-AIDIS-240821.pdf,https://www.mospi.gov.in/sites/default/files/press_release/press_note-AIDIS-240821.pdf,"Press note, section B. Household Indebtedness",PDF p.3-4,OK,
D9-00048,9,"Press Note: All India Debt & Investment Survey, NSS 77th round (Jan-Dec 2019), NSS Report No. 588 (MoSPI/NSO)",2021-09-10,"AIDIS 2019, NSS 77th round (January - December 2019)",2019-01-01,2019-12-31,2018-06-30,AOD,Average amount of debt (AOD) per household (cash dues),mean,120336,INR_per_household,current prices (nominal),households,India,,,all,urban,All-India,,,press_note-AIDIS-240821.pdf,https://www.mospi.gov.in/sites/default/files/press_release/press_note-AIDIS-240821.pdf,"Press note, section B. Household Indebtedness",PDF p.3-4,OK,
D9-00049,9,"Press Note: All India Debt & Investment Survey, NSS 77th round (Jan-Dec 2019), NSS Report No. 588 (MoSPI/NSO)",2021-09-10,"AIDIS 2019, NSS 77th round (January - December 2019)",2019-01-01,2019-12-31,2018-06-30,AOD,Average amount of debt (AOD) per household (cash dues),mean,179765,INR_per_household,current prices (nominal),households,India,,,self-employed,urban,All-India,,,press_note-AIDIS-240821.pdf,https://www.mospi.gov.in/sites/default/files/press_release/press_note-AIDIS-240821.pdf,"Press note, section B. Household Indebtedness",PDF p.3-4,OK,
D9-00050,9,"Press Note: All India Debt & Investment Survey, NSS 77th round (Jan-Dec 2019), NSS Report No. 588 (MoSPI/NSO)",2021-09-10,"AIDIS 2019, NSS 77th round (January - December 2019)",2019-01-01,2019-12-31,2018-06-30,AOD,Average amount of debt (AOD) per household (cash dues),mean,99353,INR_per_household,current prices (nominal),households,India,,,other,urban,All-India,,,press_note-AIDIS-240821.pdf,https://www.mospi.gov.in/sites/default/files/press_release/press_note-AIDIS-240821.pdf,"Press note, section B. Household Indebtedness",PDF p.3-4,OK,
D9-00051,9,"Press Note: All India Debt & Investment Survey, NSS 77th round (Jan-Dec 2019), NSS Report No. 588 (MoSPI/NSO)",2021-09-10,"AIDIS 2019, NSS 77th round (January - December 2019)",2019-01-01,2019-12-31,2018-06-30,AODL,Average amount of debt per indebted household,mean,170533,INR_per_indebted_household,current prices (nominal),indebted households,India,,,all,rural,All-India,,,press_note-AIDIS-240821.pdf,https://www.mospi.gov.in/sites/default/files/press_release/press_note-AIDIS-240821.pdf,"Press note, section B. Household Indebtedness",PDF p.4,OK,
D9-00052,9,"Press Note: All India Debt & Investment Survey, NSS 77th round (Jan-Dec 2019), NSS Report No. 588 (MoSPI/NSO)",2021-09-10,"AIDIS 2019, NSS 77th round (January - December 2019)",2019-01-01,2019-12-31,2018-06-30,AODL,Average amount of debt per indebted household,mean,184903,INR_per_indebted_household,current prices (nominal),indebted households,India,,,cultivator,rural,All-India,,,press_note-AIDIS-240821.pdf,https://www.mospi.gov.in/sites/default/files/press_release/press_note-AIDIS-240821.pdf,"Press note, section B. Household Indebtedness",PDF p.4,OK,
D9-00053,9,"Press Note: All India Debt & Investment Survey, NSS 77th round (Jan-Dec 2019), NSS Report No. 588 (MoSPI/NSO)",2021-09-10,"AIDIS 2019, NSS 77th round (January - December 2019)",2019-01-01,2019-12-31,2018-06-30,AODL,Average amount of debt per indebted household,mean,143557,INR_per_indebted_household,current prices (nominal),indebted households,India,,,non-cultivator,rural,All-India,,,press_note-AIDIS-240821.pdf,https://www.mospi.gov.in/sites/default/files/press_release/press_note-AIDIS-240821.pdf,"Press note, section B. Household Indebtedness",PDF p.4,OK,
D9-00054,9,"Press Note: All India Debt & Investment Survey, NSS 77th round (Jan-Dec 2019), NSS Report No. 588 (MoSPI/NSO)",2021-09-10,"AIDIS 2019, NSS 77th round (January - December 2019)",2019-01-01,2019-12-31,2018-06-30,AODL,Average amount of debt per indebted household,mean,536861,INR_per_indebted_household,current prices (nominal),indebted households,India,,,all,urban,All-India,,,press_note-AIDIS-240821.pdf,https://www.mospi.gov.in/sites/default/files/press_release/press_note-AIDIS-240821.pdf,"Press note, section B. Household Indebtedness",PDF p.4,OK,
D9-00055,9,"Press Note: All India Debt & Investment Survey, NSS 77th round (Jan-Dec 2019), NSS Report No. 588 (MoSPI/NSO)",2021-09-10,"AIDIS 2019, NSS 77th round (January - December 2019)",2019-01-01,2019-12-31,2018-06-30,AODL,Average amount of debt per indebted household,mean,652768,INR_per_indebted_household,current prices (nominal),indebted households,India,,,self-employed,urban,All-India,,,press_note-AIDIS-240821.pdf,https://www.mospi.gov.in/sites/default/files/press_release/press_note-AIDIS-240821.pdf,"Press note, section B. Household Indebtedness",PDF p.4,OK,
D9-00056,9,"Press Note: All India Debt & Investment Survey, NSS 77th round (Jan-Dec 2019), NSS Report No. 588 (MoSPI/NSO)",2021-09-10,"AIDIS 2019, NSS 77th round (January - December 2019)",2019-01-01,2019-12-31,2018-06-30,AODL,Average amount of debt per indebted household,mean,482162,INR_per_indebted_household,current prices (nominal),indebted households,India,,,other,urban,All-India,,,press_note-AIDIS-240821.pdf,https://www.mospi.gov.in/sites/default/files/press_release/press_note-AIDIS-240821.pdf,"Press note, section B. Household Indebtedness",PDF p.4,OK,
D9-00057,9,"Press Note: All India Debt & Investment Survey, NSS 77th round (Jan-Dec 2019), NSS Report No. 588 (MoSPI/NSO)",2021-09-10,"AIDIS 2019, NSS 77th round (January - December 2019)",2019-01-01,2019-12-31,2018-06-30,DEBT_SHARE_BY_AGENCY,Share of outstanding cash debt by credit agency type,share,66,percent,current prices (nominal),outstanding cash debt (Rs value),India,,,all,rural,All-India,institutional credit agencies,,press_note-AIDIS-240821.pdf,https://www.mospi.gov.in/sites/default/files/press_release/press_note-AIDIS-240821.pdf,"Press note, section B. Household Indebtedness",PDF p.4,OK,Rounded to whole percent as published.
D9-00058,9,"Press Note: All India Debt & Investment Survey, NSS 77th round (Jan-Dec 2019), NSS Report No. 588 (MoSPI/NSO)",2021-09-10,"AIDIS 2019, NSS 77th round (January - December 2019)",2019-01-01,2019-12-31,2018-06-30,DEBT_SHARE_BY_AGENCY,Share of outstanding cash debt by credit agency type,share,34,percent,current prices (nominal),outstanding cash debt (Rs value),India,,,all,rural,All-India,non-institutional credit agencies,,press_note-AIDIS-240821.pdf,https://www.mospi.gov.in/sites/default/files/press_release/press_note-AIDIS-240821.pdf,"Press note, section B. Household Indebtedness",PDF p.4,OK,Rounded to whole percent as published.
D9-00059,9,"Press Note: All India Debt & Investment Survey, NSS 77th round (Jan-Dec 2019), NSS Report No. 588 (MoSPI/NSO)",2021-09-10,"AIDIS 2019, NSS 77th round (January - December 2019)",2019-01-01,2019-12-31,2018-06-30,DEBT_SHARE_BY_AGENCY,Share of outstanding cash debt by credit agency type,share,87,percent,current prices (nominal),outstanding cash debt (Rs value),India,,,all,urban,All-India,institutional credit agencies,,press_note-AIDIS-240821.pdf,https://www.mospi.gov.in/sites/default/files/press_release/press_note-AIDIS-240821.pdf,"Press note, section B. Household Indebtedness",PDF p.4,OK,Rounded to whole percent as published.
D9-00060,9,"Press Note: All India Debt & Investment Survey, NSS 77th round (Jan-Dec 2019), NSS Report No. 588 (MoSPI/NSO)",2021-09-10,"AIDIS 2019, NSS 77th round (January - December 2019)",2019-01-01,2019-12-31,2018-06-30,DEBT_SHARE_BY_AGENCY,Share of outstanding cash debt by credit agency type,share,13,percent,current prices (nominal),outstanding cash debt (Rs value),India,,,all,urban,All-India,non-institutional credit agencies,,press_note-AIDIS-240821.pdf,https://www.mospi.gov.in/sites/default/files/press_release/press_note-AIDIS-240821.pdf,"Press note, section B. Household Indebtedness",PDF p.4,OK,Rounded to whole percent as published.
D9-00061,9,"Press Note: All India Debt & Investment Survey, NSS 77th round (Jan-Dec 2019), NSS Report No. 588 (MoSPI/NSO)",2021-09-10,"AIDIS 2019, NSS 77th round (January - December 2019)",2019-01-01,2019-12-31,2018-06-30,ASSET_SHARE,Share of asset component in total value of assets,share,69,percent,current prices (nominal),value of assets,India,,,all,rural,All-India,land,,press_note-AIDIS-240821.pdf,https://www.mospi.gov.in/sites/default/files/press_release/press_note-AIDIS-240821.pdf,"Press note, section A. Percentage share of different components of assets",PDF p.3,OK,"Whole percent as published. ""Other assets"" = livestock, transport equipment, agricultural machinery, non-farm business equipment and shares (press note footnote). Same figures on MoSPI portal table."
D9-00062,9,"Press Note: All India Debt & Investment Survey, NSS 77th round (Jan-Dec 2019), NSS Report No. 588 (MoSPI/NSO)",2021-09-10,"AIDIS 2019, NSS 77th round (January - December 2019)",2019-01-01,2019-12-31,2018-06-30,ASSET_SHARE,Share of asset component in total value of assets,share,22,percent,current prices (nominal),value of assets,India,,,all,rural,All-India,buildings,,press_note-AIDIS-240821.pdf,https://www.mospi.gov.in/sites/default/files/press_release/press_note-AIDIS-240821.pdf,"Press note, section A. Percentage share of different components of assets",PDF p.3,OK,"Whole percent as published. ""Other assets"" = livestock, transport equipment, agricultural machinery, non-farm business equipment and shares (press note footnote). Same figures on MoSPI portal table."
D9-00063,9,"Press Note: All India Debt & Investment Survey, NSS 77th round (Jan-Dec 2019), NSS Report No. 588 (MoSPI/NSO)",2021-09-10,"AIDIS 2019, NSS 77th round (January - December 2019)",2019-01-01,2019-12-31,2018-06-30,ASSET_SHARE,Share of asset component in total value of assets,share,5,percent,current prices (nominal),value of assets,India,,,all,rural,All-India,deposits,,press_note-AIDIS-240821.pdf,https://www.mospi.gov.in/sites/default/files/press_release/press_note-AIDIS-240821.pdf,"Press note, section A. Percentage share of different components of assets",PDF p.3,OK,"Whole percent as published. ""Other assets"" = livestock, transport equipment, agricultural machinery, non-farm business equipment and shares (press note footnote). Same figures on MoSPI portal table."
D9-00064,9,"Press Note: All India Debt & Investment Survey, NSS 77th round (Jan-Dec 2019), NSS Report No. 588 (MoSPI/NSO)",2021-09-10,"AIDIS 2019, NSS 77th round (January - December 2019)",2019-01-01,2019-12-31,2018-06-30,ASSET_SHARE,Share of asset component in total value of assets,share,4,percent,current prices (nominal),value of assets,India,,,all,rural,All-India,other assets,,press_note-AIDIS-240821.pdf,https://www.mospi.gov.in/sites/default/files/press_release/press_note-AIDIS-240821.pdf,"Press note, section A. Percentage share of different components of assets",PDF p.3,OK,"Whole percent as published. ""Other assets"" = livestock, transport equipment, agricultural machinery, non-farm business equipment and shares (press note footnote). Same figures on MoSPI portal table."
D9-00065,9,"Press Note: All India Debt & Investment Survey, NSS 77th round (Jan-Dec 2019), NSS Report No. 588 (MoSPI/NSO)",2021-09-10,"AIDIS 2019, NSS 77th round (January - December 2019)",2019-01-01,2019-12-31,2018-06-30,ASSET_SHARE,Share of asset component in total value of assets,share,49,percent,current prices (nominal),value of assets,India,,,all,urban,All-India,land,,press_note-AIDIS-240821.pdf,https://www.mospi.gov.in/sites/default/files/press_release/press_note-AIDIS-240821.pdf,"Press note, section A. Percentage share of different components of assets",PDF p.3,OK,"Whole percent as published. ""Other assets"" = livestock, transport equipment, agricultural machinery, non-farm business equipment and shares (press note footnote). Same figures on MoSPI portal table."
D9-00066,9,"Press Note: All India Debt & Investment Survey, NSS 77th round (Jan-Dec 2019), NSS Report No. 588 (MoSPI/NSO)",2021-09-10,"AIDIS 2019, NSS 77th round (January - December 2019)",2019-01-01,2019-12-31,2018-06-30,ASSET_SHARE,Share of asset component in total value of assets,share,38,percent,current prices (nominal),value of assets,India,,,all,urban,All-India,buildings,,press_note-AIDIS-240821.pdf,https://www.mospi.gov.in/sites/default/files/press_release/press_note-AIDIS-240821.pdf,"Press note, section A. Percentage share of different components of assets",PDF p.3,OK,"Whole percent as published. ""Other assets"" = livestock, transport equipment, agricultural machinery, non-farm business equipment and shares (press note footnote). Same figures on MoSPI portal table."
D9-00067,9,"Press Note: All India Debt & Investment Survey, NSS 77th round (Jan-Dec 2019), NSS Report No. 588 (MoSPI/NSO)",2021-09-10,"AIDIS 2019, NSS 77th round (January - December 2019)",2019-01-01,2019-12-31,2018-06-30,ASSET_SHARE,Share of asset component in total value of assets,share,9,percent,current prices (nominal),value of assets,India,,,all,urban,All-India,deposits,,press_note-AIDIS-240821.pdf,https://www.mospi.gov.in/sites/default/files/press_release/press_note-AIDIS-240821.pdf,"Press note, section A. Percentage share of different components of assets",PDF p.3,OK,"Whole percent as published. ""Other assets"" = livestock, transport equipment, agricultural machinery, non-farm business equipment and shares (press note footnote). Same figures on MoSPI portal table."
D9-00068,9,"Press Note: All India Debt & Investment Survey, NSS 77th round (Jan-Dec 2019), NSS Report No. 588 (MoSPI/NSO)",2021-09-10,"AIDIS 2019, NSS 77th round (January - December 2019)",2019-01-01,2019-12-31,2018-06-30,ASSET_SHARE,Share of asset component in total value of assets,share,4,percent,current prices (nominal),value of assets,India,,,all,urban,All-India,other assets,,press_note-AIDIS-240821.pdf,https://www.mospi.gov.in/sites/default/files/press_release/press_note-AIDIS-240821.pdf,"Press note, section A. Percentage share of different components of assets",PDF p.3,OK,"Whole percent as published. ""Other assets"" = livestock, transport equipment, agricultural machinery, non-farm business equipment and shares (press note footnote). Same figures on MoSPI portal table."
D9-00069,9,"Press Note: All India Debt & Investment Survey, NSS 77th round (Jan-Dec 2019), NSS Report No. 588 (MoSPI/NSO)",2021-09-10,"AIDIS 2019, NSS 77th round (January - December 2019)",2019-01-01,2019-12-31,,FCE_PCT_HH,Households reporting fixed capital expenditure (FCE) during 01/07/2018-30/06/2019,rate,35,percent,current prices (nominal),households,India,,,all,rural,All-India,,flow over agricultural year 01/07/2018-30/06/2019 (not a stock at the 30/06/2018 reference date),press_note-AIDIS-240821.pdf,https://www.mospi.gov.in/sites/default/files/press_release/press_note-AIDIS-240821.pdf,"Press note, section C. Capital Expenditure",PDF p.3-5,OK,"Flow measure; reference_date left blank because the figure is a one-year flow, not a stock at 30/06/2018. Rural all-household share quoted as ""about 35%"" and urban ""about 15%"" in press note."
D9-00070,9,"Press Note: All India Debt & Investment Survey, NSS 77th round (Jan-Dec 2019), NSS Report No. 588 (MoSPI/NSO)",2021-09-10,"AIDIS 2019, NSS 77th round (January - December 2019)",2019-01-01,2019-12-31,,FCE_PCT_HH,Households reporting fixed capital expenditure (FCE) during 01/07/2018-30/06/2019,rate,45.1,percent,current prices (nominal),households,India,,,cultivator,rural,All-India,,flow over agricultural year 01/07/2018-30/06/2019 (not a stock at the 30/06/2018 reference date),press_note-AIDIS-240821.pdf,https://www.mospi.gov.in/sites/default/files/press_release/press_note-AIDIS-240821.pdf,"Press note, section C. Capital Expenditure",PDF p.3-5,OK,"Flow measure; reference_date left blank because the figure is a one-year flow, not a stock at 30/06/2018. Rural all-household share quoted as ""about 35%"" and urban ""about 15%"" in press note."
D9-00071,9,"Press Note: All India Debt & Investment Survey, NSS 77th round (Jan-Dec 2019), NSS Report No. 588 (MoSPI/NSO)",2021-09-10,"AIDIS 2019, NSS 77th round (January - December 2019)",2019-01-01,2019-12-31,,FCE_PCT_HH,Households reporting fixed capital expenditure (FCE) during 01/07/2018-30/06/2019,rate,21.5,percent,current prices (nominal),households,India,,,non-cultivator,rural,All-India,,flow over agricultural year 01/07/2018-30/06/2019 (not a stock at the 30/06/2018 reference date),press_note-AIDIS-240821.pdf,https://www.mospi.gov.in/sites/default/files/press_release/press_note-AIDIS-240821.pdf,"Press note, section C. Capital Expenditure",PDF p.3-5,OK,"Flow measure; reference_date left blank because the figure is a one-year flow, not a stock at 30/06/2018. Rural all-household share quoted as ""about 35%"" and urban ""about 15%"" in press note."
D9-00072,9,"Press Note: All India Debt & Investment Survey, NSS 77th round (Jan-Dec 2019), NSS Report No. 588 (MoSPI/NSO)",2021-09-10,"AIDIS 2019, NSS 77th round (January - December 2019)",2019-01-01,2019-12-31,,FCE_PCT_HH,Households reporting fixed capital expenditure (FCE) during 01/07/2018-30/06/2019,rate,15,percent,current prices (nominal),households,India,,,all,urban,All-India,,flow over agricultural year 01/07/2018-30/06/2019 (not a stock at the 30/06/2018 reference date),press_note-AIDIS-240821.pdf,https://www.mospi.gov.in/sites/default/files/press_release/press_note-AIDIS-240821.pdf,"Press note, section C. Capital Expenditure",PDF p.3-5,OK,"Flow measure; reference_date left blank because the figure is a one-year flow, not a stock at 30/06/2018. Rural all-household share quoted as ""about 35%"" and urban ""about 15%"" in press note."
D9-00073,9,"Press Note: All India Debt & Investment Survey, NSS 77th round (Jan-Dec 2019), NSS Report No. 588 (MoSPI/NSO)",2021-09-10,"AIDIS 2019, NSS 77th round (January - December 2019)",2019-01-01,2019-12-31,,FCE_PCT_HH,Households reporting fixed capital expenditure (FCE) during 01/07/2018-30/06/2019,rate,25.3,percent,current prices (nominal),households,India,,,self-employed,urban,All-India,,flow over agricultural year 01/07/2018-30/06/2019 (not a stock at the 30/06/2018 reference date),press_note-AIDIS-240821.pdf,https://www.mospi.gov.in/sites/default/files/press_release/press_note-AIDIS-240821.pdf,"Press note, section C. Capital Expenditure",PDF p.3-5,OK,"Flow measure; reference_date left blank because the figure is a one-year flow, not a stock at 30/06/2018. Rural all-household share quoted as ""about 35%"" and urban ""about 15%"" in press note."
D9-00074,9,"Press Note: All India Debt & Investment Survey, NSS 77th round (Jan-Dec 2019), NSS Report No. 588 (MoSPI/NSO)",2021-09-10,"AIDIS 2019, NSS 77th round (January - December 2019)",2019-01-01,2019-12-31,,FCE_PCT_HH,Households reporting fixed capital expenditure (FCE) during 01/07/2018-30/06/2019,rate,11,percent,current prices (nominal),households,India,,,other,urban,All-India,,flow over agricultural year 01/07/2018-30/06/2019 (not a stock at the 30/06/2018 reference date),press_note-AIDIS-240821.pdf,https://www.mospi.gov.in/sites/default/files/press_release/press_note-AIDIS-240821.pdf,"Press note, section C. Capital Expenditure",PDF p.3-5,OK,"Flow measure; reference_date left blank because the figure is a one-year flow, not a stock at 30/06/2018. Rural all-household share quoted as ""about 35%"" and urban ""about 15%"" in press note."
D9-00075,9,"Press Note: All India Debt & Investment Survey, NSS 77th round (Jan-Dec 2019), NSS Report No. 588 (MoSPI/NSO)",2021-09-10,"AIDIS 2019, NSS 77th round (January - December 2019)",2019-01-01,2019-12-31,,FCE_AVG,Average fixed capital expenditure per household during 01/07/2018-30/06/2019,mean,8966,INR_per_household,current prices (nominal),households,India,,,all,rural,All-India,,flow over agricultural year 01/07/2018-30/06/2019 (not a stock at the 30/06/2018 reference date),press_note-AIDIS-240821.pdf,https://www.mospi.gov.in/sites/default/files/press_release/press_note-AIDIS-240821.pdf,"Press note, section C. Capital Expenditure",PDF p.3-5,OK,"Flow measure; reference_date left blank because the figure is a one-year flow, not a stock at 30/06/2018. Rural all-household share quoted as ""about 35%"" and urban ""about 15%"" in press note."
D9-00076,9,"Press Note: All India Debt & Investment Survey, NSS 77th round (Jan-Dec 2019), NSS Report No. 588 (MoSPI/NSO)",2021-09-10,"AIDIS 2019, NSS 77th round (January - December 2019)",2019-01-01,2019-12-31,,FCE_AVG,Average fixed capital expenditure per household during 01/07/2018-30/06/2019,mean,10689,INR_per_household,current prices (nominal),households,India,,,cultivator,rural,All-India,,flow over agricultural year 01/07/2018-30/06/2019 (not a stock at the 30/06/2018 reference date),press_note-AIDIS-240821.pdf,https://www.mospi.gov.in/sites/default/files/press_release/press_note-AIDIS-240821.pdf,"Press note, section C. Capital Expenditure",PDF p.3-5,OK,"Flow measure; reference_date left blank because the figure is a one-year flow, not a stock at 30/06/2018. Rural all-household share quoted as ""about 35%"" and urban ""about 15%"" in press note."
D9-00077,9,"Press Note: All India Debt & Investment Survey, NSS 77th round (Jan-Dec 2019), NSS Report No. 588 (MoSPI/NSO)",2021-09-10,"AIDIS 2019, NSS 77th round (January - December 2019)",2019-01-01,2019-12-31,,FCE_AVG,Average fixed capital expenditure per household during 01/07/2018-30/06/2019,mean,6712,INR_per_household,current prices (nominal),households,India,,,non-cultivator,rural,All-India,,flow over agricultural year 01/07/2018-30/06/2019 (not a stock at the 30/06/2018 reference date),press_note-AIDIS-240821.pdf,https://www.mospi.gov.in/sites/default/files/press_release/press_note-AIDIS-240821.pdf,"Press note, section C. Capital Expenditure",PDF p.3-5,OK,"Flow measure; reference_date left blank because the figure is a one-year flow, not a stock at 30/06/2018. Rural all-household share quoted as ""about 35%"" and urban ""about 15%"" in press note."
D9-00078,9,"Press Note: All India Debt & Investment Survey, NSS 77th round (Jan-Dec 2019), NSS Report No. 588 (MoSPI/NSO)",2021-09-10,"AIDIS 2019, NSS 77th round (January - December 2019)",2019-01-01,2019-12-31,,FCE_AVG,Average fixed capital expenditure per household during 01/07/2018-30/06/2019,mean,10863,INR_per_household,current prices (nominal),households,India,,,all,urban,All-India,,flow over agricultural year 01/07/2018-30/06/2019 (not a stock at the 30/06/2018 reference date),press_note-AIDIS-240821.pdf,https://www.mospi.gov.in/sites/default/files/press_release/press_note-AIDIS-240821.pdf,"Press note, section C. Capital Expenditure",PDF p.3-5,OK,"Flow measure; reference_date left blank because the figure is a one-year flow, not a stock at 30/06/2018. Rural all-household share quoted as ""about 35%"" and urban ""about 15%"" in press note."
D9-00079,9,"Press Note: All India Debt & Investment Survey, NSS 77th round (Jan-Dec 2019), NSS Report No. 588 (MoSPI/NSO)",2021-09-10,"AIDIS 2019, NSS 77th round (January - December 2019)",2019-01-01,2019-12-31,,FCE_AVG,Average fixed capital expenditure per household during 01/07/2018-30/06/2019,mean,15899,INR_per_household,current prices (nominal),households,India,,,self-employed,urban,All-India,,flow over agricultural year 01/07/2018-30/06/2019 (not a stock at the 30/06/2018 reference date),press_note-AIDIS-240821.pdf,https://www.mospi.gov.in/sites/default/files/press_release/press_note-AIDIS-240821.pdf,"Press note, section C. Capital Expenditure",PDF p.3-5,OK,"Flow measure; reference_date left blank because the figure is a one-year flow, not a stock at 30/06/2018. Rural all-household share quoted as ""about 35%"" and urban ""about 15%"" in press note."
D9-00080,9,"Press Note: All India Debt & Investment Survey, NSS 77th round (Jan-Dec 2019), NSS Report No. 588 (MoSPI/NSO)",2021-09-10,"AIDIS 2019, NSS 77th round (January - December 2019)",2019-01-01,2019-12-31,,FCE_AVG,Average fixed capital expenditure per household during 01/07/2018-30/06/2019,mean,9070,INR_per_household,current prices (nominal),households,India,,,other,urban,All-India,,flow over agricultural year 01/07/2018-30/06/2019 (not a stock at the 30/06/2018 reference date),press_note-AIDIS-240821.pdf,https://www.mospi.gov.in/sites/default/files/press_release/press_note-AIDIS-240821.pdf,"Press note, section C. Capital Expenditure",PDF p.3-5,OK,"Flow measure; reference_date left blank because the figure is a one-year flow, not a stock at 30/06/2018. Rural all-household share quoted as ""about 35%"" and urban ""about 15%"" in press note."
D9-00081,9,"Press Note: All India Debt & Investment Survey, NSS 77th round (Jan-Dec 2019), NSS Report No. 588 (MoSPI/NSO)",2021-09-10,"AIDIS 2019, NSS 77th round (January - December 2019)",2019-01-01,2019-12-31,,ADULT_BANK_DEPOSIT_ACCOUNT_PCT,Persons aged 18 years and above having a deposit account in a bank,rate,84.4,percent,current prices (nominal),persons aged 18+,India,18+,all,,rural,All-India,,,press_note-AIDIS-240821.pdf,https://www.mospi.gov.in/sites/default/files/press_release/press_note-AIDIS-240821.pdf,"Press note, section D. Deposit accounts in Bank",PDF p.5,OK,"Press note states ""about"" for the all-sex figure; reference date for this item not stated in the press note (left blank)."
D9-00082,9,"Press Note: All India Debt & Investment Survey, NSS 77th round (Jan-Dec 2019), NSS Report No. 588 (MoSPI/NSO)",2021-09-10,"AIDIS 2019, NSS 77th round (January - December 2019)",2019-01-01,2019-12-31,,ADULT_BANK_DEPOSIT_ACCOUNT_PCT,Persons aged 18 years and above having a deposit account in a bank,rate,88.1,percent,current prices (nominal),persons aged 18+,India,18+,male,,rural,All-India,,,press_note-AIDIS-240821.pdf,https://www.mospi.gov.in/sites/default/files/press_release/press_note-AIDIS-240821.pdf,"Press note, section D. Deposit accounts in Bank",PDF p.5,OK,"Press note states ""about"" for the all-sex figure; reference date for this item not stated in the press note (left blank)."
D9-00083,9,"Press Note: All India Debt & Investment Survey, NSS 77th round (Jan-Dec 2019), NSS Report No. 588 (MoSPI/NSO)",2021-09-10,"AIDIS 2019, NSS 77th round (January - December 2019)",2019-01-01,2019-12-31,,ADULT_BANK_DEPOSIT_ACCOUNT_PCT,Persons aged 18 years and above having a deposit account in a bank,rate,80.7,percent,current prices (nominal),persons aged 18+,India,18+,female,,rural,All-India,,,press_note-AIDIS-240821.pdf,https://www.mospi.gov.in/sites/default/files/press_release/press_note-AIDIS-240821.pdf,"Press note, section D. Deposit accounts in Bank",PDF p.5,OK,"Press note states ""about"" for the all-sex figure; reference date for this item not stated in the press note (left blank)."
D9-00084,9,"Press Note: All India Debt & Investment Survey, NSS 77th round (Jan-Dec 2019), NSS Report No. 588 (MoSPI/NSO)",2021-09-10,"AIDIS 2019, NSS 77th round (January - December 2019)",2019-01-01,2019-12-31,,ADULT_BANK_DEPOSIT_ACCOUNT_PCT,Persons aged 18 years and above having a deposit account in a bank,rate,85.2,percent,current prices (nominal),persons aged 18+,India,18+,all,,urban,All-India,,,press_note-AIDIS-240821.pdf,https://www.mospi.gov.in/sites/default/files/press_release/press_note-AIDIS-240821.pdf,"Press note, section D. Deposit accounts in Bank",PDF p.5,OK,"Press note states ""about"" for the all-sex figure; reference date for this item not stated in the press note (left blank)."
D9-00085,9,"Press Note: All India Debt & Investment Survey, NSS 77th round (Jan-Dec 2019), NSS Report No. 588 (MoSPI/NSO)",2021-09-10,"AIDIS 2019, NSS 77th round (January - December 2019)",2019-01-01,2019-12-31,,ADULT_BANK_DEPOSIT_ACCOUNT_PCT,Persons aged 18 years and above having a deposit account in a bank,rate,89,percent,current prices (nominal),persons aged 18+,India,18+,male,,urban,All-India,,,press_note-AIDIS-240821.pdf,https://www.mospi.gov.in/sites/default/files/press_release/press_note-AIDIS-240821.pdf,"Press note, section D. Deposit accounts in Bank",PDF p.5,OK,"Press note states ""about"" for the all-sex figure; reference date for this item not stated in the press note (left blank)."
D9-00086,9,"Press Note: All India Debt & Investment Survey, NSS 77th round (Jan-Dec 2019), NSS Report No. 588 (MoSPI/NSO)",2021-09-10,"AIDIS 2019, NSS 77th round (January - December 2019)",2019-01-01,2019-12-31,,ADULT_BANK_DEPOSIT_ACCOUNT_PCT,Persons aged 18 years and above having a deposit account in a bank,rate,81.3,percent,current prices (nominal),persons aged 18+,India,18+,female,,urban,All-India,,,press_note-AIDIS-240821.pdf,https://www.mospi.gov.in/sites/default/files/press_release/press_note-AIDIS-240821.pdf,"Press note, section D. Deposit accounts in Bank",PDF p.5,OK,"Press note states ""about"" for the all-sex figure; reference date for this item not stated in the press note (left blank)."
D9-00087,9,MoSPI AIDIS theme page dashboard (read 03/10/2026; reproduces NSS Report No. 588 indicators),2026-10-03,"AIDIS 2019, NSS 77th round (January - December 2019)",2019-01-01,2019-12-31,2018-06-30,IOI,Incidence of indebtedness (IOI): % of households indebted,rate,22,percent,current prices (nominal),households,India,,,all,urban,All-India,,,mospi_aidis_theme_dashboard_capture_2026-10-03.txt,https://www.mospi.gov.in/themes/product/70--,Theme page > Latest release > Key highlights,MoSPI portal highlight text (captured 03/10/2026),NEEDS_MANUAL_CHECK,"Conflicts with press note value 22.4% for urban all households; the Report No. 588 table was not obtained, so the discrepancy is unresolved. Prefer 22.4 (press note) until checked."
D9-00088,9,MoSPI AIDIS theme page dashboard (read 03/10/2026; reproduces NSS Report No. 588 indicators),2026-10-03,"AIDIS 2019, NSS 77th round (January - December 2019)",2019-01-01,2019-12-31,2018-06-30,AVA_TOTAL,Average value of assets (AVA) owned per household,mean,884000,INR_per_household,current prices (nominal),households,India,,,all,rural,All-India,,social group=Scheduled Tribe (ST),mospi_aidis_theme_dashboard_capture_2026-10-03.txt,https://www.mospi.gov.in/themes/product/70--,"Dashboard table: AVA, AOD and DAR as on 30.06.2018 by Social groups",MoSPI portal table (capture file),OK,Portal table shows Rs thousand rounded to nearest thousand; value converted to Rs by x1000 (precision limited to +-Rs 500). Social group = household social group.
D9-00089,9,MoSPI AIDIS theme page dashboard (read 03/10/2026; reproduces NSS Report No. 588 indicators),2026-10-03,"AIDIS 2019, NSS 77th round (January - December 2019)",2019-01-01,2019-12-31,2018-06-30,AOD,Average amount of debt (AOD) per household (cash dues),mean,24000,INR_per_household,current prices (nominal),households,India,,,all,rural,All-India,,social group=Scheduled Tribe (ST),mospi_aidis_theme_dashboard_capture_2026-10-03.txt,https://www.mospi.gov.in/themes/product/70--,"Dashboard table: AVA, AOD and DAR as on 30.06.2018 by Social groups",MoSPI portal table (capture file),OK,Portal table shows Rs thousand rounded to nearest thousand; value converted to Rs by x1000 (precision limited to +-Rs 500). Social group = household social group.
D9-00090,9,MoSPI AIDIS theme page dashboard (read 03/10/2026; reproduces NSS Report No. 588 indicators),2026-10-03,"AIDIS 2019, NSS 77th round (January - December 2019)",2019-01-01,2019-12-31,2018-06-30,DAR,"Debt-asset ratio (DAR), % (AOD as % of AVA)",rate,2.7,percent,current prices (nominal),households,India,,,all,rural,All-India,,social group=Scheduled Tribe (ST),mospi_aidis_theme_dashboard_capture_2026-10-03.txt,https://www.mospi.gov.in/themes/product/70--,"Dashboard table: AVA, AOD and DAR as on 30.06.2018 by Social groups",MoSPI portal table (capture file),OK,"DAR as displayed to one decimal on the portal (e.g. rural All 3.8 = AOD 59,748 / AVA 1,592,379)."
D9-00091,9,MoSPI AIDIS theme page dashboard (read 03/10/2026; reproduces NSS Report No. 588 indicators),2026-10-03,"AIDIS 2019, NSS 77th round (January - December 2019)",2019-01-01,2019-12-31,2018-06-30,AVA_TOTAL,Average value of assets (AVA) owned per household,mean,879000,INR_per_household,current prices (nominal),households,India,,,all,rural,All-India,,social group=Scheduled Caste (SC),mospi_aidis_theme_dashboard_capture_2026-10-03.txt,https://www.mospi.gov.in/themes/product/70--,"Dashboard table: AVA, AOD and DAR as on 30.06.2018 by Social groups",MoSPI portal table (capture file),OK,Portal table shows Rs thousand rounded to nearest thousand; value converted to Rs by x1000 (precision limited to +-Rs 500). Social group = household social group.
D9-00092,9,MoSPI AIDIS theme page dashboard (read 03/10/2026; reproduces NSS Report No. 588 indicators),2026-10-03,"AIDIS 2019, NSS 77th round (January - December 2019)",2019-01-01,2019-12-31,2018-06-30,AOD,Average amount of debt (AOD) per household (cash dues),mean,37000,INR_per_household,current prices (nominal),households,India,,,all,rural,All-India,,social group=Scheduled Caste (SC),mospi_aidis_theme_dashboard_capture_2026-10-03.txt,https://www.mospi.gov.in/themes/product/70--,"Dashboard table: AVA, AOD and DAR as on 30.06.2018 by Social groups",MoSPI portal table (capture file),OK,Portal table shows Rs thousand rounded to nearest thousand; value converted to Rs by x1000 (precision limited to +-Rs 500). Social group = household social group.
D9-00093,9,MoSPI AIDIS theme page dashboard (read 03/10/2026; reproduces NSS Report No. 588 indicators),2026-10-03,"AIDIS 2019, NSS 77th round (January - December 2019)",2019-01-01,2019-12-31,2018-06-30,DAR,"Debt-asset ratio (DAR), % (AOD as % of AVA)",rate,4.2,percent,current prices (nominal),households,India,,,all,rural,All-India,,social group=Scheduled Caste (SC),mospi_aidis_theme_dashboard_capture_2026-10-03.txt,https://www.mospi.gov.in/themes/product/70--,"Dashboard table: AVA, AOD and DAR as on 30.06.2018 by Social groups",MoSPI portal table (capture file),OK,"DAR as displayed to one decimal on the portal (e.g. rural All 3.8 = AOD 59,748 / AVA 1,592,379)."
D9-00094,9,MoSPI AIDIS theme page dashboard (read 03/10/2026; reproduces NSS Report No. 588 indicators),2026-10-03,"AIDIS 2019, NSS 77th round (January - December 2019)",2019-01-01,2019-12-31,2018-06-30,AVA_TOTAL,Average value of assets (AVA) owned per household,mean,1645000,INR_per_household,current prices (nominal),households,India,,,all,rural,All-India,,social group=Other Backward Classes (OBC),mospi_aidis_theme_dashboard_capture_2026-10-03.txt,https://www.mospi.gov.in/themes/product/70--,"Dashboard table: AVA, AOD and DAR as on 30.06.2018 by Social groups",MoSPI portal table (capture file),OK,Portal table shows Rs thousand rounded to nearest thousand; value converted to Rs by x1000 (precision limited to +-Rs 500). Social group = household social group.
D9-00095,9,MoSPI AIDIS theme page dashboard (read 03/10/2026; reproduces NSS Report No. 588 indicators),2026-10-03,"AIDIS 2019, NSS 77th round (January - December 2019)",2019-01-01,2019-12-31,2018-06-30,AOD,Average amount of debt (AOD) per household (cash dues),mean,66000,INR_per_household,current prices (nominal),households,India,,,all,rural,All-India,,social group=Other Backward Classes (OBC),mospi_aidis_theme_dashboard_capture_2026-10-03.txt,https://www.mospi.gov.in/themes/product/70--,"Dashboard table: AVA, AOD and DAR as on 30.06.2018 by Social groups",MoSPI portal table (capture file),OK,Portal table shows Rs thousand rounded to nearest thousand; value converted to Rs by x1000 (precision limited to +-Rs 500). Social group = household social group.
D9-00096,9,MoSPI AIDIS theme page dashboard (read 03/10/2026; reproduces NSS Report No. 588 indicators),2026-10-03,"AIDIS 2019, NSS 77th round (January - December 2019)",2019-01-01,2019-12-31,2018-06-30,DAR,"Debt-asset ratio (DAR), % (AOD as % of AVA)",rate,4,percent,current prices (nominal),households,India,,,all,rural,All-India,,social group=Other Backward Classes (OBC),mospi_aidis_theme_dashboard_capture_2026-10-03.txt,https://www.mospi.gov.in/themes/product/70--,"Dashboard table: AVA, AOD and DAR as on 30.06.2018 by Social groups",MoSPI portal table (capture file),OK,"DAR as displayed to one decimal on the portal (e.g. rural All 3.8 = AOD 59,748 / AVA 1,592,379)."
D9-00097,9,MoSPI AIDIS theme page dashboard (read 03/10/2026; reproduces NSS Report No. 588 indicators),2026-10-03,"AIDIS 2019, NSS 77th round (January - December 2019)",2019-01-01,2019-12-31,2018-06-30,AVA_TOTAL,Average value of assets (AVA) owned per household,mean,2603000,INR_per_household,current prices (nominal),households,India,,,all,rural,All-India,,social group=Others,mospi_aidis_theme_dashboard_capture_2026-10-03.txt,https://www.mospi.gov.in/themes/product/70--,"Dashboard table: AVA, AOD and DAR as on 30.06.2018 by Social groups",MoSPI portal table (capture file),OK,Portal table shows Rs thousand rounded to nearest thousand; value converted to Rs by x1000 (precision limited to +-Rs 500). Social group = household social group.
D9-00098,9,MoSPI AIDIS theme page dashboard (read 03/10/2026; reproduces NSS Report No. 588 indicators),2026-10-03,"AIDIS 2019, NSS 77th round (January - December 2019)",2019-01-01,2019-12-31,2018-06-30,AOD,Average amount of debt (AOD) per household (cash dues),mean,90000,INR_per_household,current prices (nominal),households,India,,,all,rural,All-India,,social group=Others,mospi_aidis_theme_dashboard_capture_2026-10-03.txt,https://www.mospi.gov.in/themes/product/70--,"Dashboard table: AVA, AOD and DAR as on 30.06.2018 by Social groups",MoSPI portal table (capture file),OK,Portal table shows Rs thousand rounded to nearest thousand; value converted to Rs by x1000 (precision limited to +-Rs 500). Social group = household social group.
D9-00099,9,MoSPI AIDIS theme page dashboard (read 03/10/2026; reproduces NSS Report No. 588 indicators),2026-10-03,"AIDIS 2019, NSS 77th round (January - December 2019)",2019-01-01,2019-12-31,2018-06-30,DAR,"Debt-asset ratio (DAR), % (AOD as % of AVA)",rate,3.5,percent,current prices (nominal),households,India,,,all,rural,All-India,,social group=Others,mospi_aidis_theme_dashboard_capture_2026-10-03.txt,https://www.mospi.gov.in/themes/product/70--,"Dashboard table: AVA, AOD and DAR as on 30.06.2018 by Social groups",MoSPI portal table (capture file),OK,"DAR as displayed to one decimal on the portal (e.g. rural All 3.8 = AOD 59,748 / AVA 1,592,379)."
D9-00100,9,MoSPI AIDIS theme page dashboard (read 03/10/2026; reproduces NSS Report No. 588 indicators),2026-10-03,"AIDIS 2019, NSS 77th round (January - December 2019)",2019-01-01,2019-12-31,2018-06-30,AVA_TOTAL,Average value of assets (AVA) owned per household,mean,1592000,INR_per_household,current prices (nominal),households,India,,,all,rural,All-India,,social group=All,mospi_aidis_theme_dashboard_capture_2026-10-03.txt,https://www.mospi.gov.in/themes/product/70--,"Dashboard table: AVA, AOD and DAR as on 30.06.2018 by Social groups",MoSPI portal table (capture file),OK,Portal table shows Rs thousand rounded to nearest thousand; value converted to Rs by x1000 (precision limited to +-Rs 500). Social group = household social group.
D9-00101,9,MoSPI AIDIS theme page dashboard (read 03/10/2026; reproduces NSS Report No. 588 indicators),2026-10-03,"AIDIS 2019, NSS 77th round (January - December 2019)",2019-01-01,2019-12-31,2018-06-30,AOD,Average amount of debt (AOD) per household (cash dues),mean,60000,INR_per_household,current prices (nominal),households,India,,,all,rural,All-India,,social group=All,mospi_aidis_theme_dashboard_capture_2026-10-03.txt,https://www.mospi.gov.in/themes/product/70--,"Dashboard table: AVA, AOD and DAR as on 30.06.2018 by Social groups",MoSPI portal table (capture file),OK,Portal table shows Rs thousand rounded to nearest thousand; value converted to Rs by x1000 (precision limited to +-Rs 500). Social group = household social group.
D9-00102,9,MoSPI AIDIS theme page dashboard (read 03/10/2026; reproduces NSS Report No. 588 indicators),2026-10-03,"AIDIS 2019, NSS 77th round (January - December 2019)",2019-01-01,2019-12-31,2018-06-30,DAR,"Debt-asset ratio (DAR), % (AOD as % of AVA)",rate,3.8,percent,current prices (nominal),households,India,,,all,rural,All-India,,social group=All,mospi_aidis_theme_dashboard_capture_2026-10-03.txt,https://www.mospi.gov.in/themes/product/70--,"Dashboard table: AVA, AOD and DAR as on 30.06.2018 by Social groups",MoSPI portal table (capture file),OK,"DAR as displayed to one decimal on the portal (e.g. rural All 3.8 = AOD 59,748 / AVA 1,592,379)."
D9-00103,9,MoSPI AIDIS theme page dashboard (read 03/10/2026; reproduces NSS Report No. 588 indicators),2026-10-03,"AIDIS 2019, NSS 77th round (January - December 2019)",2019-01-01,2019-12-31,2018-06-30,AVA_TOTAL,Average value of assets (AVA) owned per household,mean,1890000,INR_per_household,current prices (nominal),households,India,,,all,urban,All-India,,social group=Scheduled Tribe (ST),mospi_aidis_theme_dashboard_capture_2026-10-03.txt,https://www.mospi.gov.in/themes/product/70--,"Dashboard table: AVA, AOD and DAR as on 30.06.2018 by Social groups",MoSPI portal table (capture file),OK,Portal table shows Rs thousand rounded to nearest thousand; value converted to Rs by x1000 (precision limited to +-Rs 500). Social group = household social group.
D9-00104,9,MoSPI AIDIS theme page dashboard (read 03/10/2026; reproduces NSS Report No. 588 indicators),2026-10-03,"AIDIS 2019, NSS 77th round (January - December 2019)",2019-01-01,2019-12-31,2018-06-30,AOD,Average amount of debt (AOD) per household (cash dues),mean,80000,INR_per_household,current prices (nominal),households,India,,,all,urban,All-India,,social group=Scheduled Tribe (ST),mospi_aidis_theme_dashboard_capture_2026-10-03.txt,https://www.mospi.gov.in/themes/product/70--,"Dashboard table: AVA, AOD and DAR as on 30.06.2018 by Social groups",MoSPI portal table (capture file),OK,Portal table shows Rs thousand rounded to nearest thousand; value converted to Rs by x1000 (precision limited to +-Rs 500). Social group = household social group.
D9-00105,9,MoSPI AIDIS theme page dashboard (read 03/10/2026; reproduces NSS Report No. 588 indicators),2026-10-03,"AIDIS 2019, NSS 77th round (January - December 2019)",2019-01-01,2019-12-31,2018-06-30,DAR,"Debt-asset ratio (DAR), % (AOD as % of AVA)",rate,4.2,percent,current prices (nominal),households,India,,,all,urban,All-India,,social group=Scheduled Tribe (ST),mospi_aidis_theme_dashboard_capture_2026-10-03.txt,https://www.mospi.gov.in/themes/product/70--,"Dashboard table: AVA, AOD and DAR as on 30.06.2018 by Social groups",MoSPI portal table (capture file),OK,"DAR as displayed to one decimal on the portal (e.g. rural All 3.8 = AOD 59,748 / AVA 1,592,379)."
D9-00106,9,MoSPI AIDIS theme page dashboard (read 03/10/2026; reproduces NSS Report No. 588 indicators),2026-10-03,"AIDIS 2019, NSS 77th round (January - December 2019)",2019-01-01,2019-12-31,2018-06-30,AVA_TOTAL,Average value of assets (AVA) owned per household,mean,1315000,INR_per_household,current prices (nominal),households,India,,,all,urban,All-India,,social group=Scheduled Caste (SC),mospi_aidis_theme_dashboard_capture_2026-10-03.txt,https://www.mospi.gov.in/themes/product/70--,"Dashboard table: AVA, AOD and DAR as on 30.06.2018 by Social groups",MoSPI portal table (capture file),OK,Portal table shows Rs thousand rounded to nearest thousand; value converted to Rs by x1000 (precision limited to +-Rs 500). Social group = household social group.
D9-00107,9,MoSPI AIDIS theme page dashboard (read 03/10/2026; reproduces NSS Report No. 588 indicators),2026-10-03,"AIDIS 2019, NSS 77th round (January - December 2019)",2019-01-01,2019-12-31,2018-06-30,AOD,Average amount of debt (AOD) per household (cash dues),mean,69000,INR_per_household,current prices (nominal),households,India,,,all,urban,All-India,,social group=Scheduled Caste (SC),mospi_aidis_theme_dashboard_capture_2026-10-03.txt,https://www.mospi.gov.in/themes/product/70--,"Dashboard table: AVA, AOD and DAR as on 30.06.2018 by Social groups",MoSPI portal table (capture file),OK,Portal table shows Rs thousand rounded to nearest thousand; value converted to Rs by x1000 (precision limited to +-Rs 500). Social group = household social group.
D9-00108,9,MoSPI AIDIS theme page dashboard (read 03/10/2026; reproduces NSS Report No. 588 indicators),2026-10-03,"AIDIS 2019, NSS 77th round (January - December 2019)",2019-01-01,2019-12-31,2018-06-30,DAR,"Debt-asset ratio (DAR), % (AOD as % of AVA)",rate,5.2,percent,current prices (nominal),households,India,,,all,urban,All-India,,social group=Scheduled Caste (SC),mospi_aidis_theme_dashboard_capture_2026-10-03.txt,https://www.mospi.gov.in/themes/product/70--,"Dashboard table: AVA, AOD and DAR as on 30.06.2018 by Social groups",MoSPI portal table (capture file),OK,"DAR as displayed to one decimal on the portal (e.g. rural All 3.8 = AOD 59,748 / AVA 1,592,379)."
D9-00109,9,MoSPI AIDIS theme page dashboard (read 03/10/2026; reproduces NSS Report No. 588 indicators),2026-10-03,"AIDIS 2019, NSS 77th round (January - December 2019)",2019-01-01,2019-12-31,2018-06-30,AVA_TOTAL,Average value of assets (AVA) owned per household,mean,2120000,INR_per_household,current prices (nominal),households,India,,,all,urban,All-India,,social group=Other Backward Classes (OBC),mospi_aidis_theme_dashboard_capture_2026-10-03.txt,https://www.mospi.gov.in/themes/product/70--,"Dashboard table: AVA, AOD and DAR as on 30.06.2018 by Social groups",MoSPI portal table (capture file),OK,Portal table shows Rs thousand rounded to nearest thousand; value converted to Rs by x1000 (precision limited to +-Rs 500). Social group = household social group.
D9-00110,9,MoSPI AIDIS theme page dashboard (read 03/10/2026; reproduces NSS Report No. 588 indicators),2026-10-03,"AIDIS 2019, NSS 77th round (January - December 2019)",2019-01-01,2019-12-31,2018-06-30,AOD,Average amount of debt (AOD) per household (cash dues),mean,115000,INR_per_household,current prices (nominal),households,India,,,all,urban,All-India,,social group=Other Backward Classes (OBC),mospi_aidis_theme_dashboard_capture_2026-10-03.txt,https://www.mospi.gov.in/themes/product/70--,"Dashboard table: AVA, AOD and DAR as on 30.06.2018 by Social groups",MoSPI portal table (capture file),OK,Portal table shows Rs thousand rounded to nearest thousand; value converted to Rs by x1000 (precision limited to +-Rs 500). Social group = household social group.
D9-00111,9,MoSPI AIDIS theme page dashboard (read 03/10/2026; reproduces NSS Report No. 588 indicators),2026-10-03,"AIDIS 2019, NSS 77th round (January - December 2019)",2019-01-01,2019-12-31,2018-06-30,DAR,"Debt-asset ratio (DAR), % (AOD as % of AVA)",rate,5.4,percent,current prices (nominal),households,India,,,all,urban,All-India,,social group=Other Backward Classes (OBC),mospi_aidis_theme_dashboard_capture_2026-10-03.txt,https://www.mospi.gov.in/themes/product/70--,"Dashboard table: AVA, AOD and DAR as on 30.06.2018 by Social groups",MoSPI portal table (capture file),OK,"DAR as displayed to one decimal on the portal (e.g. rural All 3.8 = AOD 59,748 / AVA 1,592,379)."
D9-00112,9,MoSPI AIDIS theme page dashboard (read 03/10/2026; reproduces NSS Report No. 588 indicators),2026-10-03,"AIDIS 2019, NSS 77th round (January - December 2019)",2019-01-01,2019-12-31,2018-06-30,AVA_TOTAL,Average value of assets (AVA) owned per household,mean,4054000,INR_per_household,current prices (nominal),households,India,,,all,urban,All-India,,social group=Others,mospi_aidis_theme_dashboard_capture_2026-10-03.txt,https://www.mospi.gov.in/themes/product/70--,"Dashboard table: AVA, AOD and DAR as on 30.06.2018 by Social groups",MoSPI portal table (capture file),OK,Portal table shows Rs thousand rounded to nearest thousand; value converted to Rs by x1000 (precision limited to +-Rs 500). Social group = household social group.
D9-00113,9,MoSPI AIDIS theme page dashboard (read 03/10/2026; reproduces NSS Report No. 588 indicators),2026-10-03,"AIDIS 2019, NSS 77th round (January - December 2019)",2019-01-01,2019-12-31,2018-06-30,AOD,Average amount of debt (AOD) per household (cash dues),mean,152000,INR_per_household,current prices (nominal),households,India,,,all,urban,All-India,,social group=Others,mospi_aidis_theme_dashboard_capture_2026-10-03.txt,https://www.mospi.gov.in/themes/product/70--,"Dashboard table: AVA, AOD and DAR as on 30.06.2018 by Social groups",MoSPI portal table (capture file),OK,Portal table shows Rs thousand rounded to nearest thousand; value converted to Rs by x1000 (precision limited to +-Rs 500). Social group = household social group.
D9-00114,9,MoSPI AIDIS theme page dashboard (read 03/10/2026; reproduces NSS Report No. 588 indicators),2026-10-03,"AIDIS 2019, NSS 77th round (January - December 2019)",2019-01-01,2019-12-31,2018-06-30,DAR,"Debt-asset ratio (DAR), % (AOD as % of AVA)",rate,3.7,percent,current prices (nominal),households,India,,,all,urban,All-India,,social group=Others,mospi_aidis_theme_dashboard_capture_2026-10-03.txt,https://www.mospi.gov.in/themes/product/70--,"Dashboard table: AVA, AOD and DAR as on 30.06.2018 by Social groups",MoSPI portal table (capture file),OK,"DAR as displayed to one decimal on the portal (e.g. rural All 3.8 = AOD 59,748 / AVA 1,592,379)."
D9-00115,9,MoSPI AIDIS theme page dashboard (read 03/10/2026; reproduces NSS Report No. 588 indicators),2026-10-03,"AIDIS 2019, NSS 77th round (January - December 2019)",2019-01-01,2019-12-31,2018-06-30,AVA_TOTAL,Average value of assets (AVA) owned per household,mean,2717000,INR_per_household,current prices (nominal),households,India,,,all,urban,All-India,,social group=All,mospi_aidis_theme_dashboard_capture_2026-10-03.txt,https://www.mospi.gov.in/themes/product/70--,"Dashboard table: AVA, AOD and DAR as on 30.06.2018 by Social groups",MoSPI portal table (capture file),OK,Portal table shows Rs thousand rounded to nearest thousand; value converted to Rs by x1000 (precision limited to +-Rs 500). Social group = household social group.
D9-00116,9,MoSPI AIDIS theme page dashboard (read 03/10/2026; reproduces NSS Report No. 588 indicators),2026-10-03,"AIDIS 2019, NSS 77th round (January - December 2019)",2019-01-01,2019-12-31,2018-06-30,AOD,Average amount of debt (AOD) per household (cash dues),mean,120000,INR_per_household,current prices (nominal),households,India,,,all,urban,All-India,,social group=All,mospi_aidis_theme_dashboard_capture_2026-10-03.txt,https://www.mospi.gov.in/themes/product/70--,"Dashboard table: AVA, AOD and DAR as on 30.06.2018 by Social groups",MoSPI portal table (capture file),OK,Portal table shows Rs thousand rounded to nearest thousand; value converted to Rs by x1000 (precision limited to +-Rs 500). Social group = household social group.
D9-00117,9,MoSPI AIDIS theme page dashboard (read 03/10/2026; reproduces NSS Report No. 588 indicators),2026-10-03,"AIDIS 2019, NSS 77th round (January - December 2019)",2019-01-01,2019-12-31,2018-06-30,DAR,"Debt-asset ratio (DAR), % (AOD as % of AVA)",rate,4.4,percent,current prices (nominal),households,India,,,all,urban,All-India,,social group=All,mospi_aidis_theme_dashboard_capture_2026-10-03.txt,https://www.mospi.gov.in/themes/product/70--,"Dashboard table: AVA, AOD and DAR as on 30.06.2018 by Social groups",MoSPI portal table (capture file),OK,"DAR as displayed to one decimal on the portal (e.g. rural All 3.8 = AOD 59,748 / AVA 1,592,379)."
D9-00118,9,"NSS 70th round Key Indicators of Debt and Investment in India, NSS KI (70/18.2), December 2014 (exact day not stated on cover)",,"AIDIS 2013, NSS 70th round (January - December 2013)",2013-01-01,2013-12-31,2012-06-30,PCT_HH_OWNING_ANY_ASSET,Households owning any asset (physical or financial),rate,100,percent,current prices (nominal),households,India,,,cultivator,rural,All-India,,,KI_70_18.2_19dec14.pdf,https://www.mospi.gov.in/sites/default/files/publication_reports/KI_70_18.2_19dec14.pdf,Statement 3.1: Percentage of households owning assets and average value of total assets (AVA) owned: all-India,PDF p.16 (printed p.10),OK,
D9-00119,9,"NSS 70th round Key Indicators of Debt and Investment in India, NSS KI (70/18.2), December 2014 (exact day not stated on cover)",,"AIDIS 2013, NSS 70th round (January - December 2013)",2013-01-01,2013-12-31,2012-06-30,AVA_TOTAL,Average value of assets (AVA) owned per household,mean,2872956,INR_per_household,current prices (nominal),households,India,,,cultivator,rural,All-India,,,KI_70_18.2_19dec14.pdf,https://www.mospi.gov.in/sites/default/files/publication_reports/KI_70_18.2_19dec14.pdf,Statement 3.1: Percentage of households owning assets and average value of total assets (AVA) owned: all-India,PDF p.16 (printed p.10),OK,"Land and buildings valued at normative/guideline values; durables, bullion and ornaments excluded (see NOTES.md)."
D9-00120,9,"NSS 70th round Key Indicators of Debt and Investment in India, NSS KI (70/18.2), December 2014 (exact day not stated on cover)",,"AIDIS 2013, NSS 70th round (January - December 2013)",2013-01-01,2013-12-31,2012-06-30,PCT_HH_OWNING_ANY_ASSET,Households owning any asset (physical or financial),rate,98,percent,current prices (nominal),households,India,,,non-cultivator,rural,All-India,,,KI_70_18.2_19dec14.pdf,https://www.mospi.gov.in/sites/default/files/publication_reports/KI_70_18.2_19dec14.pdf,Statement 3.1: Percentage of households owning assets and average value of total assets (AVA) owned: all-India,PDF p.16 (printed p.10),OK,
D9-00121,9,"NSS 70th round Key Indicators of Debt and Investment in India, NSS KI (70/18.2), December 2014 (exact day not stated on cover)",,"AIDIS 2013, NSS 70th round (January - December 2013)",2013-01-01,2013-12-31,2012-06-30,AVA_TOTAL,Average value of assets (AVA) owned per household,mean,674527,INR_per_household,current prices (nominal),households,India,,,non-cultivator,rural,All-India,,,KI_70_18.2_19dec14.pdf,https://www.mospi.gov.in/sites/default/files/publication_reports/KI_70_18.2_19dec14.pdf,Statement 3.1: Percentage of households owning assets and average value of total assets (AVA) owned: all-India,PDF p.16 (printed p.10),OK,"Land and buildings valued at normative/guideline values; durables, bullion and ornaments excluded (see NOTES.md)."
D9-00122,9,"NSS 70th round Key Indicators of Debt and Investment in India, NSS KI (70/18.2), December 2014 (exact day not stated on cover)",,"AIDIS 2013, NSS 70th round (January - December 2013)",2013-01-01,2013-12-31,2012-06-30,PCT_HH_OWNING_ANY_ASSET,Households owning any asset (physical or financial),rate,98.3,percent,current prices (nominal),households,India,,,all,rural,All-India,,,KI_70_18.2_19dec14.pdf,https://www.mospi.gov.in/sites/default/files/publication_reports/KI_70_18.2_19dec14.pdf,Statement 3.1: Percentage of households owning assets and average value of total assets (AVA) owned: all-India,PDF p.16 (printed p.10),OK,
D9-00123,9,"NSS 70th round Key Indicators of Debt and Investment in India, NSS KI (70/18.2), December 2014 (exact day not stated on cover)",,"AIDIS 2013, NSS 70th round (January - December 2013)",2013-01-01,2013-12-31,2012-06-30,AVA_TOTAL,Average value of assets (AVA) owned per household,mean,1006985,INR_per_household,current prices (nominal),households,India,,,all,rural,All-India,,,KI_70_18.2_19dec14.pdf,https://www.mospi.gov.in/sites/default/files/publication_reports/KI_70_18.2_19dec14.pdf,Statement 3.1: Percentage of households owning assets and average value of total assets (AVA) owned: all-India,PDF p.16 (printed p.10),OK,"Land and buildings valued at normative/guideline values; durables, bullion and ornaments excluded (see NOTES.md)."
D9-00124,9,"NSS 70th round Key Indicators of Debt and Investment in India, NSS KI (70/18.2), December 2014 (exact day not stated on cover)",,"AIDIS 2013, NSS 70th round (January - December 2013)",2013-01-01,2013-12-31,2012-06-30,PCT_HH_OWNING_ANY_ASSET,Households owning any asset (physical or financial),rate,100,percent,current prices (nominal),households,India,,,self-employed,urban,All-India,,,KI_70_18.2_19dec14.pdf,https://www.mospi.gov.in/sites/default/files/publication_reports/KI_70_18.2_19dec14.pdf,Statement 3.1: Percentage of households owning assets and average value of total assets (AVA) owned: all-India,PDF p.16 (printed p.10),OK,
D9-00125,9,"NSS 70th round Key Indicators of Debt and Investment in India, NSS KI (70/18.2), December 2014 (exact day not stated on cover)",,"AIDIS 2013, NSS 70th round (January - December 2013)",2013-01-01,2013-12-31,2012-06-30,AVA_TOTAL,Average value of assets (AVA) owned per household,mean,5079429,INR_per_household,current prices (nominal),households,India,,,self-employed,urban,All-India,,,KI_70_18.2_19dec14.pdf,https://www.mospi.gov.in/sites/default/files/publication_reports/KI_70_18.2_19dec14.pdf,Statement 3.1: Percentage of households owning assets and average value of total assets (AVA) owned: all-India,PDF p.16 (printed p.10),OK,"Land and buildings valued at normative/guideline values; durables, bullion and ornaments excluded (see NOTES.md)."
D9-00126,9,"NSS 70th round Key Indicators of Debt and Investment in India, NSS KI (70/18.2), December 2014 (exact day not stated on cover)",,"AIDIS 2013, NSS 70th round (January - December 2013)",2013-01-01,2013-12-31,2012-06-30,PCT_HH_OWNING_ANY_ASSET,Households owning any asset (physical or financial),rate,92.8,percent,current prices (nominal),households,India,,,other,urban,All-India,,,KI_70_18.2_19dec14.pdf,https://www.mospi.gov.in/sites/default/files/publication_reports/KI_70_18.2_19dec14.pdf,Statement 3.1: Percentage of households owning assets and average value of total assets (AVA) owned: all-India,PDF p.16 (printed p.10),OK,
D9-00127,9,"NSS 70th round Key Indicators of Debt and Investment in India, NSS KI (70/18.2), December 2014 (exact day not stated on cover)",,"AIDIS 2013, NSS 70th round (January - December 2013)",2013-01-01,2013-12-31,2012-06-30,AVA_TOTAL,Average value of assets (AVA) owned per household,mean,1991505,INR_per_household,current prices (nominal),households,India,,,other,urban,All-India,,,KI_70_18.2_19dec14.pdf,https://www.mospi.gov.in/sites/default/files/publication_reports/KI_70_18.2_19dec14.pdf,Statement 3.1: Percentage of households owning assets and average value of total assets (AVA) owned: all-India,PDF p.16 (printed p.10),OK,"Land and buildings valued at normative/guideline values; durables, bullion and ornaments excluded (see NOTES.md)."
D9-00128,9,"NSS 70th round Key Indicators of Debt and Investment in India, NSS KI (70/18.2), December 2014 (exact day not stated on cover)",,"AIDIS 2013, NSS 70th round (January - December 2013)",2013-01-01,2013-12-31,2012-06-30,PCT_HH_OWNING_ANY_ASSET,Households owning any asset (physical or financial),rate,93.5,percent,current prices (nominal),households,India,,,all,urban,All-India,,,KI_70_18.2_19dec14.pdf,https://www.mospi.gov.in/sites/default/files/publication_reports/KI_70_18.2_19dec14.pdf,Statement 3.1: Percentage of households owning assets and average value of total assets (AVA) owned: all-India,PDF p.16 (printed p.10),OK,
D9-00129,9,"NSS 70th round Key Indicators of Debt and Investment in India, NSS KI (70/18.2), December 2014 (exact day not stated on cover)",,"AIDIS 2013, NSS 70th round (January - December 2013)",2013-01-01,2013-12-31,2012-06-30,AVA_TOTAL,Average value of assets (AVA) owned per household,mean,2285135,INR_per_household,current prices (nominal),households,India,,,all,urban,All-India,,,KI_70_18.2_19dec14.pdf,https://www.mospi.gov.in/sites/default/files/publication_reports/KI_70_18.2_19dec14.pdf,Statement 3.1: Percentage of households owning assets and average value of total assets (AVA) owned: all-India,PDF p.16 (printed p.10),OK,"Land and buildings valued at normative/guideline values; durables, bullion and ornaments excluded (see NOTES.md)."
D9-00130,9,"NSS 70th round Key Indicators of Debt and Investment in India, NSS KI (70/18.2), December 2014 (exact day not stated on cover)",,"AIDIS 2013, NSS 70th round (January - December 2013)",2013-01-01,2013-12-31,2012-06-30,AVA_BY_DECILE,Average value of assets by decile class of household asset holding,mean,25071,INR_per_household,current prices (nominal),households,India,,,all,rural,All-India,,"decile class 1 (1=lowest asset holding, 10=highest; all-India rural/urban asset distribution)",KI_70_18.2_19dec14.pdf,https://www.mospi.gov.in/sites/default/files/publication_reports/KI_70_18.2_19dec14.pdf,Statement 3.2: Average value of assets across decile classes of household asset holding: all-India,PDF p.17 (printed p.11),OK,
D9-00131,9,"NSS 70th round Key Indicators of Debt and Investment in India, NSS KI (70/18.2), December 2014 (exact day not stated on cover)",,"AIDIS 2013, NSS 70th round (January - December 2013)",2013-01-01,2013-12-31,2012-06-30,AVA_DECILE_UPPER_LIMIT,Upper limit of asset holding decile class,threshold,60600,INR_per_household,current prices (nominal),households,India,,,all,rural,All-India,,decile class 1,KI_70_18.2_19dec14.pdf,https://www.mospi.gov.in/sites/default/files/publication_reports/KI_70_18.2_19dec14.pdf,Statement 3.2: Average value of assets across decile classes of household asset holding: all-India,PDF p.17 (printed p.11),OK,
D9-00132,9,"NSS 70th round Key Indicators of Debt and Investment in India, NSS KI (70/18.2), December 2014 (exact day not stated on cover)",,"AIDIS 2013, NSS 70th round (January - December 2013)",2013-01-01,2013-12-31,2012-06-30,AVA_BY_DECILE,Average value of assets by decile class of household asset holding,mean,291,INR_per_household,current prices (nominal),households,India,,,all,urban,All-India,,"decile class 1 (1=lowest asset holding, 10=highest; all-India rural/urban asset distribution)",KI_70_18.2_19dec14.pdf,https://www.mospi.gov.in/sites/default/files/publication_reports/KI_70_18.2_19dec14.pdf,Statement 3.2: Average value of assets across decile classes of household asset holding: all-India,PDF p.17 (printed p.11),OK,
D9-00133,9,"NSS 70th round Key Indicators of Debt and Investment in India, NSS KI (70/18.2), December 2014 (exact day not stated on cover)",,"AIDIS 2013, NSS 70th round (January - December 2013)",2013-01-01,2013-12-31,2012-06-30,AVA_DECILE_UPPER_LIMIT,Upper limit of asset holding decile class,threshold,1500,INR_per_household,current prices (nominal),households,India,,,all,urban,All-India,,decile class 1,KI_70_18.2_19dec14.pdf,https://www.mospi.gov.in/sites/default/files/publication_reports/KI_70_18.2_19dec14.pdf,Statement 3.2: Average value of assets across decile classes of household asset holding: all-India,PDF p.17 (printed p.11),OK,
D9-00134,9,"NSS 70th round Key Indicators of Debt and Investment in India, NSS KI (70/18.2), December 2014 (exact day not stated on cover)",,"AIDIS 2013, NSS 70th round (January - December 2013)",2013-01-01,2013-12-31,2012-06-30,AVA_BY_DECILE,Average value of assets by decile class of household asset holding,mean,89593,INR_per_household,current prices (nominal),households,India,,,all,rural,All-India,,"decile class 2 (1=lowest asset holding, 10=highest; all-India rural/urban asset distribution)",KI_70_18.2_19dec14.pdf,https://www.mospi.gov.in/sites/default/files/publication_reports/KI_70_18.2_19dec14.pdf,Statement 3.2: Average value of assets across decile classes of household asset holding: all-India,PDF p.17 (printed p.11),OK,
D9-00135,9,"NSS 70th round Key Indicators of Debt and Investment in India, NSS KI (70/18.2), December 2014 (exact day not stated on cover)",,"AIDIS 2013, NSS 70th round (January - December 2013)",2013-01-01,2013-12-31,2012-06-30,AVA_DECILE_UPPER_LIMIT,Upper limit of asset holding decile class,threshold,118120,INR_per_household,current prices (nominal),households,India,,,all,rural,All-India,,decile class 2,KI_70_18.2_19dec14.pdf,https://www.mospi.gov.in/sites/default/files/publication_reports/KI_70_18.2_19dec14.pdf,Statement 3.2: Average value of assets across decile classes of household asset holding: all-India,PDF p.17 (printed p.11),OK,
D9-00136,9,"NSS 70th round Key Indicators of Debt and Investment in India, NSS KI (70/18.2), December 2014 (exact day not stated on cover)",,"AIDIS 2013, NSS 70th round (January - December 2013)",2013-01-01,2013-12-31,2012-06-30,AVA_BY_DECILE,Average value of assets by decile class of household asset holding,mean,9565,INR_per_household,current prices (nominal),households,India,,,all,urban,All-India,,"decile class 2 (1=lowest asset holding, 10=highest; all-India rural/urban asset distribution)",KI_70_18.2_19dec14.pdf,https://www.mospi.gov.in/sites/default/files/publication_reports/KI_70_18.2_19dec14.pdf,Statement 3.2: Average value of assets across decile classes of household asset holding: all-India,PDF p.17 (printed p.11),OK,
D9-00137,9,"NSS 70th round Key Indicators of Debt and Investment in India, NSS KI (70/18.2), December 2014 (exact day not stated on cover)",,"AIDIS 2013, NSS 70th round (January - December 2013)",2013-01-01,2013-12-31,2012-06-30,AVA_DECILE_UPPER_LIMIT,Upper limit of asset holding decile class,threshold,25500,INR_per_household,current prices (nominal),households,India,,,all,urban,All-India,,decile class 2,KI_70_18.2_19dec14.pdf,https://www.mospi.gov.in/sites/default/files/publication_reports/KI_70_18.2_19dec14.pdf,Statement 3.2: Average value of assets across decile classes of household asset holding: all-India,PDF p.17 (printed p.11),OK,
D9-00138,9,"NSS 70th round Key Indicators of Debt and Investment in India, NSS KI (70/18.2), December 2014 (exact day not stated on cover)",,"AIDIS 2013, NSS 70th round (January - December 2013)",2013-01-01,2013-12-31,2012-06-30,AVA_BY_DECILE,Average value of assets by decile class of household asset holding,mean,151460,INR_per_household,current prices (nominal),households,India,,,all,rural,All-India,,"decile class 3 (1=lowest asset holding, 10=highest; all-India rural/urban asset distribution)",KI_70_18.2_19dec14.pdf,https://www.mospi.gov.in/sites/default/files/publication_reports/KI_70_18.2_19dec14.pdf,Statement 3.2: Average value of assets across decile classes of household asset holding: all-India,PDF p.17 (printed p.11),OK,
D9-00139,9,"NSS 70th round Key Indicators of Debt and Investment in India, NSS KI (70/18.2), December 2014 (exact day not stated on cover)",,"AIDIS 2013, NSS 70th round (January - December 2013)",2013-01-01,2013-12-31,2012-06-30,AVA_DECILE_UPPER_LIMIT,Upper limit of asset holding decile class,threshold,185750,INR_per_household,current prices (nominal),households,India,,,all,rural,All-India,,decile class 3,KI_70_18.2_19dec14.pdf,https://www.mospi.gov.in/sites/default/files/publication_reports/KI_70_18.2_19dec14.pdf,Statement 3.2: Average value of assets across decile classes of household asset holding: all-India,PDF p.17 (printed p.11),OK,
D9-00140,9,"NSS 70th round Key Indicators of Debt and Investment in India, NSS KI (70/18.2), December 2014 (exact day not stated on cover)",,"AIDIS 2013, NSS 70th round (January - December 2013)",2013-01-01,2013-12-31,2012-06-30,AVA_BY_DECILE,Average value of assets by decile class of household asset holding,mean,67428,INR_per_household,current prices (nominal),households,India,,,all,urban,All-India,,"decile class 3 (1=lowest asset holding, 10=highest; all-India rural/urban asset distribution)",KI_70_18.2_19dec14.pdf,https://www.mospi.gov.in/sites/default/files/publication_reports/KI_70_18.2_19dec14.pdf,Statement 3.2: Average value of assets across decile classes of household asset holding: all-India,PDF p.17 (printed p.11),OK,
D9-00141,9,"NSS 70th round Key Indicators of Debt and Investment in India, NSS KI (70/18.2), December 2014 (exact day not stated on cover)",,"AIDIS 2013, NSS 70th round (January - December 2013)",2013-01-01,2013-12-31,2012-06-30,AVA_DECILE_UPPER_LIMIT,Upper limit of asset holding decile class,threshold,130000,INR_per_household,current prices (nominal),households,India,,,all,urban,All-India,,decile class 3,KI_70_18.2_19dec14.pdf,https://www.mospi.gov.in/sites/default/files/publication_reports/KI_70_18.2_19dec14.pdf,Statement 3.2: Average value of assets across decile classes of household asset holding: all-India,PDF p.17 (printed p.11),OK,
D9-00142,9,"NSS 70th round Key Indicators of Debt and Investment in India, NSS KI (70/18.2), December 2014 (exact day not stated on cover)",,"AIDIS 2013, NSS 70th round (January - December 2013)",2013-01-01,2013-12-31,2012-06-30,AVA_BY_DECILE,Average value of assets by decile class of household asset holding,mean,227415,INR_per_household,current prices (nominal),households,India,,,all,rural,All-India,,"decile class 4 (1=lowest asset holding, 10=highest; all-India rural/urban asset distribution)",KI_70_18.2_19dec14.pdf,https://www.mospi.gov.in/sites/default/files/publication_reports/KI_70_18.2_19dec14.pdf,Statement 3.2: Average value of assets across decile classes of household asset holding: all-India,PDF p.17 (printed p.11),OK,
D9-00143,9,"NSS 70th round Key Indicators of Debt and Investment in India, NSS KI (70/18.2), December 2014 (exact day not stated on cover)",,"AIDIS 2013, NSS 70th round (January - December 2013)",2013-01-01,2013-12-31,2012-06-30,AVA_DECILE_UPPER_LIMIT,Upper limit of asset holding decile class,threshold,272850,INR_per_household,current prices (nominal),households,India,,,all,rural,All-India,,decile class 4,KI_70_18.2_19dec14.pdf,https://www.mospi.gov.in/sites/default/files/publication_reports/KI_70_18.2_19dec14.pdf,Statement 3.2: Average value of assets across decile classes of household asset holding: all-India,PDF p.17 (printed p.11),OK,
D9-00144,9,"NSS 70th round Key Indicators of Debt and Investment in India, NSS KI (70/18.2), December 2014 (exact day not stated on cover)",,"AIDIS 2013, NSS 70th round (January - December 2013)",2013-01-01,2013-12-31,2012-06-30,AVA_BY_DECILE,Average value of assets by decile class of household asset holding,mean,224760,INR_per_household,current prices (nominal),households,India,,,all,urban,All-India,,"decile class 4 (1=lowest asset holding, 10=highest; all-India rural/urban asset distribution)",KI_70_18.2_19dec14.pdf,https://www.mospi.gov.in/sites/default/files/publication_reports/KI_70_18.2_19dec14.pdf,Statement 3.2: Average value of assets across decile classes of household asset holding: all-India,PDF p.17 (printed p.11),OK,
D9-00145,9,"NSS 70th round Key Indicators of Debt and Investment in India, NSS KI (70/18.2), December 2014 (exact day not stated on cover)",,"AIDIS 2013, NSS 70th round (January - December 2013)",2013-01-01,2013-12-31,2012-06-30,AVA_DECILE_UPPER_LIMIT,Upper limit of asset holding decile class,threshold,328000,INR_per_household,current prices (nominal),households,India,,,all,urban,All-India,,decile class 4,KI_70_18.2_19dec14.pdf,https://www.mospi.gov.in/sites/default/files/publication_reports/KI_70_18.2_19dec14.pdf,Statement 3.2: Average value of assets across decile classes of household asset holding: all-India,PDF p.17 (printed p.11),OK,
D9-00146,9,"NSS 70th round Key Indicators of Debt and Investment in India, NSS KI (70/18.2), December 2014 (exact day not stated on cover)",,"AIDIS 2013, NSS 70th round (January - December 2013)",2013-01-01,2013-12-31,2012-06-30,AVA_BY_DECILE,Average value of assets by decile class of household asset holding,mean,325385,INR_per_household,current prices (nominal),households,India,,,all,rural,All-India,,"decile class 5 (1=lowest asset holding, 10=highest; all-India rural/urban asset distribution)",KI_70_18.2_19dec14.pdf,https://www.mospi.gov.in/sites/default/files/publication_reports/KI_70_18.2_19dec14.pdf,Statement 3.2: Average value of assets across decile classes of household asset holding: all-India,PDF p.17 (printed p.11),OK,
D9-00147,9,"NSS 70th round Key Indicators of Debt and Investment in India, NSS KI (70/18.2), December 2014 (exact day not stated on cover)",,"AIDIS 2013, NSS 70th round (January - December 2013)",2013-01-01,2013-12-31,2012-06-30,AVA_DECILE_UPPER_LIMIT,Upper limit of asset holding decile class,threshold,384350,INR_per_household,current prices (nominal),households,India,,,all,rural,All-India,,decile class 5,KI_70_18.2_19dec14.pdf,https://www.mospi.gov.in/sites/default/files/publication_reports/KI_70_18.2_19dec14.pdf,Statement 3.2: Average value of assets across decile classes of household asset holding: all-India,PDF p.17 (printed p.11),OK,
D9-00148,9,"NSS 70th round Key Indicators of Debt and Investment in India, NSS KI (70/18.2), December 2014 (exact day not stated on cover)",,"AIDIS 2013, NSS 70th round (January - December 2013)",2013-01-01,2013-12-31,2012-06-30,AVA_BY_DECILE,Average value of assets by decile class of household asset holding,mean,447719,INR_per_household,current prices (nominal),households,India,,,all,urban,All-India,,"decile class 5 (1=lowest asset holding, 10=highest; all-India rural/urban asset distribution)",KI_70_18.2_19dec14.pdf,https://www.mospi.gov.in/sites/default/files/publication_reports/KI_70_18.2_19dec14.pdf,Statement 3.2: Average value of assets across decile classes of household asset holding: all-India,PDF p.17 (printed p.11),OK,
D9-00149,9,"NSS 70th round Key Indicators of Debt and Investment in India, NSS KI (70/18.2), December 2014 (exact day not stated on cover)",,"AIDIS 2013, NSS 70th round (January - December 2013)",2013-01-01,2013-12-31,2012-06-30,AVA_DECILE_UPPER_LIMIT,Upper limit of asset holding decile class,threshold,590300,INR_per_household,current prices (nominal),households,India,,,all,urban,All-India,,decile class 5,KI_70_18.2_19dec14.pdf,https://www.mospi.gov.in/sites/default/files/publication_reports/KI_70_18.2_19dec14.pdf,Statement 3.2: Average value of assets across decile classes of household asset holding: all-India,PDF p.17 (printed p.11),OK,
D9-00150,9,"NSS 70th round Key Indicators of Debt and Investment in India, NSS KI (70/18.2), December 2014 (exact day not stated on cover)",,"AIDIS 2013, NSS 70th round (January - December 2013)",2013-01-01,2013-12-31,2012-06-30,AVA_BY_DECILE,Average value of assets by decile class of household asset holding,mean,454192,INR_per_household,current prices (nominal),households,India,,,all,rural,All-India,,"decile class 6 (1=lowest asset holding, 10=highest; all-India rural/urban asset distribution)",KI_70_18.2_19dec14.pdf,https://www.mospi.gov.in/sites/default/files/publication_reports/KI_70_18.2_19dec14.pdf,Statement 3.2: Average value of assets across decile classes of household asset holding: all-India,PDF p.17 (printed p.11),OK,
D9-00151,9,"NSS 70th round Key Indicators of Debt and Investment in India, NSS KI (70/18.2), December 2014 (exact day not stated on cover)",,"AIDIS 2013, NSS 70th round (January - December 2013)",2013-01-01,2013-12-31,2012-06-30,AVA_DECILE_UPPER_LIMIT,Upper limit of asset holding decile class,threshold,536800,INR_per_household,current prices (nominal),households,India,,,all,rural,All-India,,decile class 6,KI_70_18.2_19dec14.pdf,https://www.mospi.gov.in/sites/default/files/publication_reports/KI_70_18.2_19dec14.pdf,Statement 3.2: Average value of assets across decile classes of household asset holding: all-India,PDF p.17 (printed p.11),OK,
D9-00152,9,"NSS 70th round Key Indicators of Debt and Investment in India, NSS KI (70/18.2), December 2014 (exact day not stated on cover)",,"AIDIS 2013, NSS 70th round (January - December 2013)",2013-01-01,2013-12-31,2012-06-30,AVA_BY_DECILE,Average value of assets by decile class of household asset holding,mean,777591,INR_per_household,current prices (nominal),households,India,,,all,urban,All-India,,"decile class 6 (1=lowest asset holding, 10=highest; all-India rural/urban asset distribution)",KI_70_18.2_19dec14.pdf,https://www.mospi.gov.in/sites/default/files/publication_reports/KI_70_18.2_19dec14.pdf,Statement 3.2: Average value of assets across decile classes of household asset holding: all-India,PDF p.17 (printed p.11),OK,
D9-00153,9,"NSS 70th round Key Indicators of Debt and Investment in India, NSS KI (70/18.2), December 2014 (exact day not stated on cover)",,"AIDIS 2013, NSS 70th round (January - December 2013)",2013-01-01,2013-12-31,2012-06-30,AVA_DECILE_UPPER_LIMIT,Upper limit of asset holding decile class,threshold,989763,INR_per_household,current prices (nominal),households,India,,,all,urban,All-India,,decile class 6,KI_70_18.2_19dec14.pdf,https://www.mospi.gov.in/sites/default/files/publication_reports/KI_70_18.2_19dec14.pdf,Statement 3.2: Average value of assets across decile classes of household asset holding: all-India,PDF p.17 (printed p.11),OK,
D9-00154,9,"NSS 70th round Key Indicators of Debt and Investment in India, NSS KI (70/18.2), December 2014 (exact day not stated on cover)",,"AIDIS 2013, NSS 70th round (January - December 2013)",2013-01-01,2013-12-31,2012-06-30,AVA_BY_DECILE,Average value of assets by decile class of household asset holding,mean,635506,INR_per_household,current prices (nominal),households,India,,,all,rural,All-India,,"decile class 7 (1=lowest asset holding, 10=highest; all-India rural/urban asset distribution)",KI_70_18.2_19dec14.pdf,https://www.mospi.gov.in/sites/default/files/publication_reports/KI_70_18.2_19dec14.pdf,Statement 3.2: Average value of assets across decile classes of household asset holding: all-India,PDF p.17 (printed p.11),OK,
D9-00155,9,"NSS 70th round Key Indicators of Debt and Investment in India, NSS KI (70/18.2), December 2014 (exact day not stated on cover)",,"AIDIS 2013, NSS 70th round (January - December 2013)",2013-01-01,2013-12-31,2012-06-30,AVA_DECILE_UPPER_LIMIT,Upper limit of asset holding decile class,threshold,750575,INR_per_household,current prices (nominal),households,India,,,all,rural,All-India,,decile class 7,KI_70_18.2_19dec14.pdf,https://www.mospi.gov.in/sites/default/files/publication_reports/KI_70_18.2_19dec14.pdf,Statement 3.2: Average value of assets across decile classes of household asset holding: all-India,PDF p.17 (printed p.11),OK,
D9-00156,9,"NSS 70th round Key Indicators of Debt and Investment in India, NSS KI (70/18.2), December 2014 (exact day not stated on cover)",,"AIDIS 2013, NSS 70th round (January - December 2013)",2013-01-01,2013-12-31,2012-06-30,AVA_BY_DECILE,Average value of assets by decile class of household asset holding,mean,1248347,INR_per_household,current prices (nominal),households,India,,,all,urban,All-India,,"decile class 7 (1=lowest asset holding, 10=highest; all-India rural/urban asset distribution)",KI_70_18.2_19dec14.pdf,https://www.mospi.gov.in/sites/default/files/publication_reports/KI_70_18.2_19dec14.pdf,Statement 3.2: Average value of assets across decile classes of household asset holding: all-India,PDF p.17 (printed p.11),OK,
D9-00157,9,"NSS 70th round Key Indicators of Debt and Investment in India, NSS KI (70/18.2), December 2014 (exact day not stated on cover)",,"AIDIS 2013, NSS 70th round (January - December 2013)",2013-01-01,2013-12-31,2012-06-30,AVA_DECILE_UPPER_LIMIT,Upper limit of asset holding decile class,threshold,1550350,INR_per_household,current prices (nominal),households,India,,,all,urban,All-India,,decile class 7,KI_70_18.2_19dec14.pdf,https://www.mospi.gov.in/sites/default/files/publication_reports/KI_70_18.2_19dec14.pdf,Statement 3.2: Average value of assets across decile classes of household asset holding: all-India,PDF p.17 (printed p.11),OK,
D9-00158,9,"NSS 70th round Key Indicators of Debt and Investment in India, NSS KI (70/18.2), December 2014 (exact day not stated on cover)",,"AIDIS 2013, NSS 70th round (January - December 2013)",2013-01-01,2013-12-31,2012-06-30,AVA_BY_DECILE,Average value of assets by decile class of household asset holding,mean,922870,INR_per_household,current prices (nominal),households,India,,,all,rural,All-India,,"decile class 8 (1=lowest asset holding, 10=highest; all-India rural/urban asset distribution)",KI_70_18.2_19dec14.pdf,https://www.mospi.gov.in/sites/default/files/publication_reports/KI_70_18.2_19dec14.pdf,Statement 3.2: Average value of assets across decile classes of household asset holding: all-India,PDF p.17 (printed p.11),OK,
D9-00159,9,"NSS 70th round Key Indicators of Debt and Investment in India, NSS KI (70/18.2), December 2014 (exact day not stated on cover)",,"AIDIS 2013, NSS 70th round (January - December 2013)",2013-01-01,2013-12-31,2012-06-30,AVA_DECILE_UPPER_LIMIT,Upper limit of asset holding decile class,threshold,1139900,INR_per_household,current prices (nominal),households,India,,,all,rural,All-India,,decile class 8,KI_70_18.2_19dec14.pdf,https://www.mospi.gov.in/sites/default/files/publication_reports/KI_70_18.2_19dec14.pdf,Statement 3.2: Average value of assets across decile classes of household asset holding: all-India,PDF p.17 (printed p.11),OK,
D9-00160,9,"NSS 70th round Key Indicators of Debt and Investment in India, NSS KI (70/18.2), December 2014 (exact day not stated on cover)",,"AIDIS 2013, NSS 70th round (January - December 2013)",2013-01-01,2013-12-31,2012-06-30,AVA_BY_DECILE,Average value of assets by decile class of household asset holding,mean,2001390,INR_per_household,current prices (nominal),households,India,,,all,urban,All-India,,"decile class 8 (1=lowest asset holding, 10=highest; all-India rural/urban asset distribution)",KI_70_18.2_19dec14.pdf,https://www.mospi.gov.in/sites/default/files/publication_reports/KI_70_18.2_19dec14.pdf,Statement 3.2: Average value of assets across decile classes of household asset holding: all-India,PDF p.17 (printed p.11),OK,
D9-00161,9,"NSS 70th round Key Indicators of Debt and Investment in India, NSS KI (70/18.2), December 2014 (exact day not stated on cover)",,"AIDIS 2013, NSS 70th round (January - December 2013)",2013-01-01,2013-12-31,2012-06-30,AVA_DECILE_UPPER_LIMIT,Upper limit of asset holding decile class,threshold,2554450,INR_per_household,current prices (nominal),households,India,,,all,urban,All-India,,decile class 8,KI_70_18.2_19dec14.pdf,https://www.mospi.gov.in/sites/default/files/publication_reports/KI_70_18.2_19dec14.pdf,Statement 3.2: Average value of assets across decile classes of household asset holding: all-India,PDF p.17 (printed p.11),OK,
D9-00162,9,"NSS 70th round Key Indicators of Debt and Investment in India, NSS KI (70/18.2), December 2014 (exact day not stated on cover)",,"AIDIS 2013, NSS 70th round (January - December 2013)",2013-01-01,2013-12-31,2012-06-30,AVA_BY_DECILE,Average value of assets by decile class of household asset holding,mean,1548889,INR_per_household,current prices (nominal),households,India,,,all,rural,All-India,,"decile class 9 (1=lowest asset holding, 10=highest; all-India rural/urban asset distribution)",KI_70_18.2_19dec14.pdf,https://www.mospi.gov.in/sites/default/files/publication_reports/KI_70_18.2_19dec14.pdf,Statement 3.2: Average value of assets across decile classes of household asset holding: all-India,PDF p.17 (printed p.11),OK,
D9-00163,9,"NSS 70th round Key Indicators of Debt and Investment in India, NSS KI (70/18.2), December 2014 (exact day not stated on cover)",,"AIDIS 2013, NSS 70th round (January - December 2013)",2013-01-01,2013-12-31,2012-06-30,AVA_DECILE_UPPER_LIMIT,Upper limit of asset holding decile class,threshold,2175100,INR_per_household,current prices (nominal),households,India,,,all,rural,All-India,,decile class 9,KI_70_18.2_19dec14.pdf,https://www.mospi.gov.in/sites/default/files/publication_reports/KI_70_18.2_19dec14.pdf,Statement 3.2: Average value of assets across decile classes of household asset holding: all-India,PDF p.17 (printed p.11),OK,
D9-00164,9,"NSS 70th round Key Indicators of Debt and Investment in India, NSS KI (70/18.2), December 2014 (exact day not stated on cover)",,"AIDIS 2013, NSS 70th round (January - December 2013)",2013-01-01,2013-12-31,2012-06-30,AVA_BY_DECILE,Average value of assets by decile class of household asset holding,mean,3513327,INR_per_household,current prices (nominal),households,India,,,all,urban,All-India,,"decile class 9 (1=lowest asset holding, 10=highest; all-India rural/urban asset distribution)",KI_70_18.2_19dec14.pdf,https://www.mospi.gov.in/sites/default/files/publication_reports/KI_70_18.2_19dec14.pdf,Statement 3.2: Average value of assets across decile classes of household asset holding: all-India,PDF p.17 (printed p.11),OK,
D9-00165,9,"NSS 70th round Key Indicators of Debt and Investment in India, NSS KI (70/18.2), December 2014 (exact day not stated on cover)",,"AIDIS 2013, NSS 70th round (January - December 2013)",2013-01-01,2013-12-31,2012-06-30,AVA_DECILE_UPPER_LIMIT,Upper limit of asset holding decile class,threshold,4784700,INR_per_household,current prices (nominal),households,India,,,all,urban,All-India,,decile class 9,KI_70_18.2_19dec14.pdf,https://www.mospi.gov.in/sites/default/files/publication_reports/KI_70_18.2_19dec14.pdf,Statement 3.2: Average value of assets across decile classes of household asset holding: all-India,PDF p.17 (printed p.11),OK,
D9-00166,9,"NSS 70th round Key Indicators of Debt and Investment in India, NSS KI (70/18.2), December 2014 (exact day not stated on cover)",,"AIDIS 2013, NSS 70th round (January - December 2013)",2013-01-01,2013-12-31,2012-06-30,AVA_BY_DECILE,Average value of assets by decile class of household asset holding,mean,5689385,INR_per_household,current prices (nominal),households,India,,,all,rural,All-India,,"decile class 10 (1=lowest asset holding, 10=highest; all-India rural/urban asset distribution)",KI_70_18.2_19dec14.pdf,https://www.mospi.gov.in/sites/default/files/publication_reports/KI_70_18.2_19dec14.pdf,Statement 3.2: Average value of assets across decile classes of household asset holding: all-India,PDF p.17 (printed p.11),OK,
D9-00167,9,"NSS 70th round Key Indicators of Debt and Investment in India, NSS KI (70/18.2), December 2014 (exact day not stated on cover)",,"AIDIS 2013, NSS 70th round (January - December 2013)",2013-01-01,2013-12-31,2012-06-30,AVA_BY_DECILE,Average value of assets by decile class of household asset holding,mean,14559978,INR_per_household,current prices (nominal),households,India,,,all,urban,All-India,,"decile class 10 (1=lowest asset holding, 10=highest; all-India rural/urban asset distribution)",KI_70_18.2_19dec14.pdf,https://www.mospi.gov.in/sites/default/files/publication_reports/KI_70_18.2_19dec14.pdf,Statement 3.2: Average value of assets across decile classes of household asset holding: all-India,PDF p.17 (printed p.11),OK,
D9-00168,9,"NSS 70th round Key Indicators of Debt and Investment in India, NSS KI (70/18.2), December 2014 (exact day not stated on cover)",,"AIDIS 2013, NSS 70th round (January - December 2013)",2013-01-01,2013-12-31,2012-06-30,ASSET_SHARE,Share of asset component in total value of assets,share,83.14,percent,current prices (nominal),value of assets,India,,,cultivator,rural,All-India,land,,KI_70_18.2_19dec14.pdf,https://www.mospi.gov.in/sites/default/files/publication_reports/KI_70_18.2_19dec14.pdf,Statement 3.3: Percentage share of different components of assets in the total value of assets for each occupational category of households: all-India,PDF p.20 (printed p.14),OK,
D9-00169,9,"NSS 70th round Key Indicators of Debt and Investment in India, NSS KI (70/18.2), December 2014 (exact day not stated on cover)",,"AIDIS 2013, NSS 70th round (January - December 2013)",2013-01-01,2013-12-31,2012-06-30,ASSET_SHARE,Share of asset component in total value of assets,share,64.6,percent,current prices (nominal),value of assets,India,,,non-cultivator,rural,All-India,land,,KI_70_18.2_19dec14.pdf,https://www.mospi.gov.in/sites/default/files/publication_reports/KI_70_18.2_19dec14.pdf,Statement 3.3: Percentage share of different components of assets in the total value of assets for each occupational category of households: all-India,PDF p.20 (printed p.14),OK,
D9-00170,9,"NSS 70th round Key Indicators of Debt and Investment in India, NSS KI (70/18.2), December 2014 (exact day not stated on cover)",,"AIDIS 2013, NSS 70th round (January - December 2013)",2013-01-01,2013-12-31,2012-06-30,ASSET_SHARE,Share of asset component in total value of assets,share,72.6,percent,current prices (nominal),value of assets,India,,,all,rural,All-India,land,,KI_70_18.2_19dec14.pdf,https://www.mospi.gov.in/sites/default/files/publication_reports/KI_70_18.2_19dec14.pdf,Statement 3.3: Percentage share of different components of assets in the total value of assets for each occupational category of households: all-India,PDF p.20 (printed p.14),OK,
D9-00171,9,"NSS 70th round Key Indicators of Debt and Investment in India, NSS KI (70/18.2), December 2014 (exact day not stated on cover)",,"AIDIS 2013, NSS 70th round (January - December 2013)",2013-01-01,2013-12-31,2012-06-30,ASSET_SHARE,Share of asset component in total value of assets,share,76.77,percent,current prices (nominal),value of assets,India,,,self-employed,urban,All-India,land,,KI_70_18.2_19dec14.pdf,https://www.mospi.gov.in/sites/default/files/publication_reports/KI_70_18.2_19dec14.pdf,Statement 3.3: Percentage share of different components of assets in the total value of assets for each occupational category of households: all-India,PDF p.20 (printed p.14),OK,
D9-00172,9,"NSS 70th round Key Indicators of Debt and Investment in India, NSS KI (70/18.2), December 2014 (exact day not stated on cover)",,"AIDIS 2013, NSS 70th round (January - December 2013)",2013-01-01,2013-12-31,2012-06-30,ASSET_SHARE,Share of asset component in total value of assets,share,38.95,percent,current prices (nominal),value of assets,India,,,other,urban,All-India,land,,KI_70_18.2_19dec14.pdf,https://www.mospi.gov.in/sites/default/files/publication_reports/KI_70_18.2_19dec14.pdf,Statement 3.3: Percentage share of different components of assets in the total value of assets for each occupational category of households: all-India,PDF p.20 (printed p.14),OK,
D9-00173,9,"NSS 70th round Key Indicators of Debt and Investment in India, NSS KI (70/18.2), December 2014 (exact day not stated on cover)",,"AIDIS 2013, NSS 70th round (January - December 2013)",2013-01-01,2013-12-31,2012-06-30,ASSET_SHARE,Share of asset component in total value of assets,share,46.95,percent,current prices (nominal),value of assets,India,,,all,urban,All-India,land,,KI_70_18.2_19dec14.pdf,https://www.mospi.gov.in/sites/default/files/publication_reports/KI_70_18.2_19dec14.pdf,Statement 3.3: Percentage share of different components of assets in the total value of assets for each occupational category of households: all-India,PDF p.20 (printed p.14),OK,
D9-00174,9,"NSS 70th round Key Indicators of Debt and Investment in India, NSS KI (70/18.2), December 2014 (exact day not stated on cover)",,"AIDIS 2013, NSS 70th round (January - December 2013)",2013-01-01,2013-12-31,2012-06-30,ASSET_SHARE,Share of asset component in total value of assets,share,11.57,percent,current prices (nominal),value of assets,India,,,cultivator,rural,All-India,building,,KI_70_18.2_19dec14.pdf,https://www.mospi.gov.in/sites/default/files/publication_reports/KI_70_18.2_19dec14.pdf,Statement 3.3: Percentage share of different components of assets in the total value of assets for each occupational category of households: all-India,PDF p.20 (printed p.14),OK,
D9-00175,9,"NSS 70th round Key Indicators of Debt and Investment in India, NSS KI (70/18.2), December 2014 (exact day not stated on cover)",,"AIDIS 2013, NSS 70th round (January - December 2013)",2013-01-01,2013-12-31,2012-06-30,ASSET_SHARE,Share of asset component in total value of assets,share,28.39,percent,current prices (nominal),value of assets,India,,,non-cultivator,rural,All-India,building,,KI_70_18.2_19dec14.pdf,https://www.mospi.gov.in/sites/default/files/publication_reports/KI_70_18.2_19dec14.pdf,Statement 3.3: Percentage share of different components of assets in the total value of assets for each occupational category of households: all-India,PDF p.20 (printed p.14),OK,
D9-00176,9,"NSS 70th round Key Indicators of Debt and Investment in India, NSS KI (70/18.2), December 2014 (exact day not stated on cover)",,"AIDIS 2013, NSS 70th round (January - December 2013)",2013-01-01,2013-12-31,2012-06-30,ASSET_SHARE,Share of asset component in total value of assets,share,21.13,percent,current prices (nominal),value of assets,India,,,all,rural,All-India,building,,KI_70_18.2_19dec14.pdf,https://www.mospi.gov.in/sites/default/files/publication_reports/KI_70_18.2_19dec14.pdf,Statement 3.3: Percentage share of different components of assets in the total value of assets for each occupational category of households: all-India,PDF p.20 (printed p.14),OK,
D9-00177,9,"NSS 70th round Key Indicators of Debt and Investment in India, NSS KI (70/18.2), December 2014 (exact day not stated on cover)",,"AIDIS 2013, NSS 70th round (January - December 2013)",2013-01-01,2013-12-31,2012-06-30,ASSET_SHARE,Share of asset component in total value of assets,share,18.11,percent,current prices (nominal),value of assets,India,,,self-employed,urban,All-India,building,,KI_70_18.2_19dec14.pdf,https://www.mospi.gov.in/sites/default/files/publication_reports/KI_70_18.2_19dec14.pdf,Statement 3.3: Percentage share of different components of assets in the total value of assets for each occupational category of households: all-India,PDF p.20 (printed p.14),OK,
D9-00178,9,"NSS 70th round Key Indicators of Debt and Investment in India, NSS KI (70/18.2), December 2014 (exact day not stated on cover)",,"AIDIS 2013, NSS 70th round (January - December 2013)",2013-01-01,2013-12-31,2012-06-30,ASSET_SHARE,Share of asset component in total value of assets,share,52.03,percent,current prices (nominal),value of assets,India,,,other,urban,All-India,building,,KI_70_18.2_19dec14.pdf,https://www.mospi.gov.in/sites/default/files/publication_reports/KI_70_18.2_19dec14.pdf,Statement 3.3: Percentage share of different components of assets in the total value of assets for each occupational category of households: all-India,PDF p.20 (printed p.14),OK,
D9-00179,9,"NSS 70th round Key Indicators of Debt and Investment in India, NSS KI (70/18.2), December 2014 (exact day not stated on cover)",,"AIDIS 2013, NSS 70th round (January - December 2013)",2013-01-01,2013-12-31,2012-06-30,ASSET_SHARE,Share of asset component in total value of assets,share,44.86,percent,current prices (nominal),value of assets,India,,,all,urban,All-India,building,,KI_70_18.2_19dec14.pdf,https://www.mospi.gov.in/sites/default/files/publication_reports/KI_70_18.2_19dec14.pdf,Statement 3.3: Percentage share of different components of assets in the total value of assets for each occupational category of households: all-India,PDF p.20 (printed p.14),OK,
D9-00180,9,"NSS 70th round Key Indicators of Debt and Investment in India, NSS KI (70/18.2), December 2014 (exact day not stated on cover)",,"AIDIS 2013, NSS 70th round (January - December 2013)",2013-01-01,2013-12-31,2012-06-30,ASSET_SHARE,Share of asset component in total value of assets,share,1.46,percent,current prices (nominal),value of assets,India,,,cultivator,rural,All-India,livestock & poultry,,KI_70_18.2_19dec14.pdf,https://www.mospi.gov.in/sites/default/files/publication_reports/KI_70_18.2_19dec14.pdf,Statement 3.3: Percentage share of different components of assets in the total value of assets for each occupational category of households: all-India,PDF p.20 (printed p.14),OK,
D9-00181,9,"NSS 70th round Key Indicators of Debt and Investment in India, NSS KI (70/18.2), December 2014 (exact day not stated on cover)",,"AIDIS 2013, NSS 70th round (January - December 2013)",2013-01-01,2013-12-31,2012-06-30,ASSET_SHARE,Share of asset component in total value of assets,share,1.72,percent,current prices (nominal),value of assets,India,,,non-cultivator,rural,All-India,livestock & poultry,,KI_70_18.2_19dec14.pdf,https://www.mospi.gov.in/sites/default/files/publication_reports/KI_70_18.2_19dec14.pdf,Statement 3.3: Percentage share of different components of assets in the total value of assets for each occupational category of households: all-India,PDF p.20 (printed p.14),OK,
D9-00182,9,"NSS 70th round Key Indicators of Debt and Investment in India, NSS KI (70/18.2), December 2014 (exact day not stated on cover)",,"AIDIS 2013, NSS 70th round (January - December 2013)",2013-01-01,2013-12-31,2012-06-30,ASSET_SHARE,Share of asset component in total value of assets,share,1.61,percent,current prices (nominal),value of assets,India,,,all,rural,All-India,livestock & poultry,,KI_70_18.2_19dec14.pdf,https://www.mospi.gov.in/sites/default/files/publication_reports/KI_70_18.2_19dec14.pdf,Statement 3.3: Percentage share of different components of assets in the total value of assets for each occupational category of households: all-India,PDF p.20 (printed p.14),OK,
D9-00183,9,"NSS 70th round Key Indicators of Debt and Investment in India, NSS KI (70/18.2), December 2014 (exact day not stated on cover)",,"AIDIS 2013, NSS 70th round (January - December 2013)",2013-01-01,2013-12-31,2012-06-30,ASSET_SHARE,Share of asset component in total value of assets,share,0.34,percent,current prices (nominal),value of assets,India,,,self-employed,urban,All-India,livestock & poultry,,KI_70_18.2_19dec14.pdf,https://www.mospi.gov.in/sites/default/files/publication_reports/KI_70_18.2_19dec14.pdf,Statement 3.3: Percentage share of different components of assets in the total value of assets for each occupational category of households: all-India,PDF p.20 (printed p.14),OK,
D9-00184,9,"NSS 70th round Key Indicators of Debt and Investment in India, NSS KI (70/18.2), December 2014 (exact day not stated on cover)",,"AIDIS 2013, NSS 70th round (January - December 2013)",2013-01-01,2013-12-31,2012-06-30,ASSET_SHARE,Share of asset component in total value of assets,share,0.04,percent,current prices (nominal),value of assets,India,,,other,urban,All-India,livestock & poultry,,KI_70_18.2_19dec14.pdf,https://www.mospi.gov.in/sites/default/files/publication_reports/KI_70_18.2_19dec14.pdf,Statement 3.3: Percentage share of different components of assets in the total value of assets for each occupational category of households: all-India,PDF p.20 (printed p.14),OK,
D9-00185,9,"NSS 70th round Key Indicators of Debt and Investment in India, NSS KI (70/18.2), December 2014 (exact day not stated on cover)",,"AIDIS 2013, NSS 70th round (January - December 2013)",2013-01-01,2013-12-31,2012-06-30,ASSET_SHARE,Share of asset component in total value of assets,share,0.1,percent,current prices (nominal),value of assets,India,,,all,urban,All-India,livestock & poultry,,KI_70_18.2_19dec14.pdf,https://www.mospi.gov.in/sites/default/files/publication_reports/KI_70_18.2_19dec14.pdf,Statement 3.3: Percentage share of different components of assets in the total value of assets for each occupational category of households: all-India,PDF p.20 (printed p.14),OK,
D9-00186,9,"NSS 70th round Key Indicators of Debt and Investment in India, NSS KI (70/18.2), December 2014 (exact day not stated on cover)",,"AIDIS 2013, NSS 70th round (January - December 2013)",2013-01-01,2013-12-31,2012-06-30,ASSET_SHARE,Share of asset component in total value of assets,share,0.62,percent,current prices (nominal),value of assets,India,,,cultivator,rural,All-India,agri. machinery & equip.,,KI_70_18.2_19dec14.pdf,https://www.mospi.gov.in/sites/default/files/publication_reports/KI_70_18.2_19dec14.pdf,Statement 3.3: Percentage share of different components of assets in the total value of assets for each occupational category of households: all-India,PDF p.20 (printed p.14),OK,
D9-00187,9,"NSS 70th round Key Indicators of Debt and Investment in India, NSS KI (70/18.2), December 2014 (exact day not stated on cover)",,"AIDIS 2013, NSS 70th round (January - December 2013)",2013-01-01,2013-12-31,2012-06-30,ASSET_SHARE,Share of asset component in total value of assets,share,0.3,percent,current prices (nominal),value of assets,India,,,non-cultivator,rural,All-India,agri. machinery & equip.,,KI_70_18.2_19dec14.pdf,https://www.mospi.gov.in/sites/default/files/publication_reports/KI_70_18.2_19dec14.pdf,Statement 3.3: Percentage share of different components of assets in the total value of assets for each occupational category of households: all-India,PDF p.20 (printed p.14),OK,
D9-00188,9,"NSS 70th round Key Indicators of Debt and Investment in India, NSS KI (70/18.2), December 2014 (exact day not stated on cover)",,"AIDIS 2013, NSS 70th round (January - December 2013)",2013-01-01,2013-12-31,2012-06-30,ASSET_SHARE,Share of asset component in total value of assets,share,0.44,percent,current prices (nominal),value of assets,India,,,all,rural,All-India,agri. machinery & equip.,,KI_70_18.2_19dec14.pdf,https://www.mospi.gov.in/sites/default/files/publication_reports/KI_70_18.2_19dec14.pdf,Statement 3.3: Percentage share of different components of assets in the total value of assets for each occupational category of households: all-India,PDF p.20 (printed p.14),OK,
D9-00189,9,"NSS 70th round Key Indicators of Debt and Investment in India, NSS KI (70/18.2), December 2014 (exact day not stated on cover)",,"AIDIS 2013, NSS 70th round (January - December 2013)",2013-01-01,2013-12-31,2012-06-30,ASSET_SHARE,Share of asset component in total value of assets,share,0.14,percent,current prices (nominal),value of assets,India,,,self-employed,urban,All-India,agri. machinery & equip.,,KI_70_18.2_19dec14.pdf,https://www.mospi.gov.in/sites/default/files/publication_reports/KI_70_18.2_19dec14.pdf,Statement 3.3: Percentage share of different components of assets in the total value of assets for each occupational category of households: all-India,PDF p.20 (printed p.14),OK,
D9-00190,9,"NSS 70th round Key Indicators of Debt and Investment in India, NSS KI (70/18.2), December 2014 (exact day not stated on cover)",,"AIDIS 2013, NSS 70th round (January - December 2013)",2013-01-01,2013-12-31,2012-06-30,ASSET_SHARE,Share of asset component in total value of assets,share,0.01,percent,current prices (nominal),value of assets,India,,,other,urban,All-India,agri. machinery & equip.,,KI_70_18.2_19dec14.pdf,https://www.mospi.gov.in/sites/default/files/publication_reports/KI_70_18.2_19dec14.pdf,Statement 3.3: Percentage share of different components of assets in the total value of assets for each occupational category of households: all-India,PDF p.20 (printed p.14),OK,
D9-00191,9,"NSS 70th round Key Indicators of Debt and Investment in India, NSS KI (70/18.2), December 2014 (exact day not stated on cover)",,"AIDIS 2013, NSS 70th round (January - December 2013)",2013-01-01,2013-12-31,2012-06-30,ASSET_SHARE,Share of asset component in total value of assets,share,0.04,percent,current prices (nominal),value of assets,India,,,all,urban,All-India,agri. machinery & equip.,,KI_70_18.2_19dec14.pdf,https://www.mospi.gov.in/sites/default/files/publication_reports/KI_70_18.2_19dec14.pdf,Statement 3.3: Percentage share of different components of assets in the total value of assets for each occupational category of households: all-India,PDF p.20 (printed p.14),OK,
D9-00192,9,"NSS 70th round Key Indicators of Debt and Investment in India, NSS KI (70/18.2), December 2014 (exact day not stated on cover)",,"AIDIS 2013, NSS 70th round (January - December 2013)",2013-01-01,2013-12-31,2012-06-30,ASSET_SHARE,Share of asset component in total value of assets,share,0.14,percent,current prices (nominal),value of assets,India,,,cultivator,rural,All-India,non-farm business equip.,,KI_70_18.2_19dec14.pdf,https://www.mospi.gov.in/sites/default/files/publication_reports/KI_70_18.2_19dec14.pdf,Statement 3.3: Percentage share of different components of assets in the total value of assets for each occupational category of households: all-India,PDF p.20 (printed p.14),OK,
D9-00193,9,"NSS 70th round Key Indicators of Debt and Investment in India, NSS KI (70/18.2), December 2014 (exact day not stated on cover)",,"AIDIS 2013, NSS 70th round (January - December 2013)",2013-01-01,2013-12-31,2012-06-30,ASSET_SHARE,Share of asset component in total value of assets,share,0.33,percent,current prices (nominal),value of assets,India,,,non-cultivator,rural,All-India,non-farm business equip.,,KI_70_18.2_19dec14.pdf,https://www.mospi.gov.in/sites/default/files/publication_reports/KI_70_18.2_19dec14.pdf,Statement 3.3: Percentage share of different components of assets in the total value of assets for each occupational category of households: all-India,PDF p.20 (printed p.14),OK,
D9-00194,9,"NSS 70th round Key Indicators of Debt and Investment in India, NSS KI (70/18.2), December 2014 (exact day not stated on cover)",,"AIDIS 2013, NSS 70th round (January - December 2013)",2013-01-01,2013-12-31,2012-06-30,ASSET_SHARE,Share of asset component in total value of assets,share,0.25,percent,current prices (nominal),value of assets,India,,,all,rural,All-India,non-farm business equip.,,KI_70_18.2_19dec14.pdf,https://www.mospi.gov.in/sites/default/files/publication_reports/KI_70_18.2_19dec14.pdf,Statement 3.3: Percentage share of different components of assets in the total value of assets for each occupational category of households: all-India,PDF p.20 (printed p.14),OK,
D9-00195,9,"NSS 70th round Key Indicators of Debt and Investment in India, NSS KI (70/18.2), December 2014 (exact day not stated on cover)",,"AIDIS 2013, NSS 70th round (January - December 2013)",2013-01-01,2013-12-31,2012-06-30,ASSET_SHARE,Share of asset component in total value of assets,share,0.62,percent,current prices (nominal),value of assets,India,,,self-employed,urban,All-India,non-farm business equip.,,KI_70_18.2_19dec14.pdf,https://www.mospi.gov.in/sites/default/files/publication_reports/KI_70_18.2_19dec14.pdf,Statement 3.3: Percentage share of different components of assets in the total value of assets for each occupational category of households: all-India,PDF p.20 (printed p.14),OK,
D9-00196,9,"NSS 70th round Key Indicators of Debt and Investment in India, NSS KI (70/18.2), December 2014 (exact day not stated on cover)",,"AIDIS 2013, NSS 70th round (January - December 2013)",2013-01-01,2013-12-31,2012-06-30,ASSET_SHARE,Share of asset component in total value of assets,share,0.8,percent,current prices (nominal),value of assets,India,,,other,urban,All-India,non-farm business equip.,,KI_70_18.2_19dec14.pdf,https://www.mospi.gov.in/sites/default/files/publication_reports/KI_70_18.2_19dec14.pdf,Statement 3.3: Percentage share of different components of assets in the total value of assets for each occupational category of households: all-India,PDF p.20 (printed p.14),OK,
D9-00197,9,"NSS 70th round Key Indicators of Debt and Investment in India, NSS KI (70/18.2), December 2014 (exact day not stated on cover)",,"AIDIS 2013, NSS 70th round (January - December 2013)",2013-01-01,2013-12-31,2012-06-30,ASSET_SHARE,Share of asset component in total value of assets,share,0.76,percent,current prices (nominal),value of assets,India,,,all,urban,All-India,non-farm business equip.,,KI_70_18.2_19dec14.pdf,https://www.mospi.gov.in/sites/default/files/publication_reports/KI_70_18.2_19dec14.pdf,Statement 3.3: Percentage share of different components of assets in the total value of assets for each occupational category of households: all-India,PDF p.20 (printed p.14),OK,
D9-00198,9,"NSS 70th round Key Indicators of Debt and Investment in India, NSS KI (70/18.2), December 2014 (exact day not stated on cover)",,"AIDIS 2013, NSS 70th round (January - December 2013)",2013-01-01,2013-12-31,2012-06-30,ASSET_SHARE,Share of asset component in total value of assets,share,2.09,percent,current prices (nominal),value of assets,India,,,cultivator,rural,All-India,all transport equipment,,KI_70_18.2_19dec14.pdf,https://www.mospi.gov.in/sites/default/files/publication_reports/KI_70_18.2_19dec14.pdf,Statement 3.3: Percentage share of different components of assets in the total value of assets for each occupational category of households: all-India,PDF p.20 (printed p.14),OK,
D9-00199,9,"NSS 70th round Key Indicators of Debt and Investment in India, NSS KI (70/18.2), December 2014 (exact day not stated on cover)",,"AIDIS 2013, NSS 70th round (January - December 2013)",2013-01-01,2013-12-31,2012-06-30,ASSET_SHARE,Share of asset component in total value of assets,share,2.14,percent,current prices (nominal),value of assets,India,,,non-cultivator,rural,All-India,all transport equipment,,KI_70_18.2_19dec14.pdf,https://www.mospi.gov.in/sites/default/files/publication_reports/KI_70_18.2_19dec14.pdf,Statement 3.3: Percentage share of different components of assets in the total value of assets for each occupational category of households: all-India,PDF p.20 (printed p.14),OK,
D9-00200,9,"NSS 70th round Key Indicators of Debt and Investment in India, NSS KI (70/18.2), December 2014 (exact day not stated on cover)",,"AIDIS 2013, NSS 70th round (January - December 2013)",2013-01-01,2013-12-31,2012-06-30,ASSET_SHARE,Share of asset component in total value of assets,share,2.12,percent,current prices (nominal),value of assets,India,,,all,rural,All-India,all transport equipment,,KI_70_18.2_19dec14.pdf,https://www.mospi.gov.in/sites/default/files/publication_reports/KI_70_18.2_19dec14.pdf,Statement 3.3: Percentage share of different components of assets in the total value of assets for each occupational category of households: all-India,PDF p.20 (printed p.14),OK,
D9-00201,9,"NSS 70th round Key Indicators of Debt and Investment in India, NSS KI (70/18.2), December 2014 (exact day not stated on cover)",,"AIDIS 2013, NSS 70th round (January - December 2013)",2013-01-01,2013-12-31,2012-06-30,ASSET_SHARE,Share of asset component in total value of assets,share,1.67,percent,current prices (nominal),value of assets,India,,,self-employed,urban,All-India,all transport equipment,,KI_70_18.2_19dec14.pdf,https://www.mospi.gov.in/sites/default/files/publication_reports/KI_70_18.2_19dec14.pdf,Statement 3.3: Percentage share of different components of assets in the total value of assets for each occupational category of households: all-India,PDF p.20 (printed p.14),OK,
D9-00202,9,"NSS 70th round Key Indicators of Debt and Investment in India, NSS KI (70/18.2), December 2014 (exact day not stated on cover)",,"AIDIS 2013, NSS 70th round (January - December 2013)",2013-01-01,2013-12-31,2012-06-30,ASSET_SHARE,Share of asset component in total value of assets,share,2.71,percent,current prices (nominal),value of assets,India,,,other,urban,All-India,all transport equipment,,KI_70_18.2_19dec14.pdf,https://www.mospi.gov.in/sites/default/files/publication_reports/KI_70_18.2_19dec14.pdf,Statement 3.3: Percentage share of different components of assets in the total value of assets for each occupational category of households: all-India,PDF p.20 (printed p.14),OK,
D9-00203,9,"NSS 70th round Key Indicators of Debt and Investment in India, NSS KI (70/18.2), December 2014 (exact day not stated on cover)",,"AIDIS 2013, NSS 70th round (January - December 2013)",2013-01-01,2013-12-31,2012-06-30,ASSET_SHARE,Share of asset component in total value of assets,share,2.49,percent,current prices (nominal),value of assets,India,,,all,urban,All-India,all transport equipment,,KI_70_18.2_19dec14.pdf,https://www.mospi.gov.in/sites/default/files/publication_reports/KI_70_18.2_19dec14.pdf,Statement 3.3: Percentage share of different components of assets in the total value of assets for each occupational category of households: all-India,PDF p.20 (printed p.14),OK,
D9-00204,9,"NSS 70th round Key Indicators of Debt and Investment in India, NSS KI (70/18.2), December 2014 (exact day not stated on cover)",,"AIDIS 2013, NSS 70th round (January - December 2013)",2013-01-01,2013-12-31,2012-06-30,ASSET_SHARE,Share of asset component in total value of assets,share,0.02,percent,current prices (nominal),value of assets,India,,,cultivator,rural,All-India,shares etc.,,KI_70_18.2_19dec14.pdf,https://www.mospi.gov.in/sites/default/files/publication_reports/KI_70_18.2_19dec14.pdf,Statement 3.3: Percentage share of different components of assets in the total value of assets for each occupational category of households: all-India,PDF p.20 (printed p.14),OK,
D9-00205,9,"NSS 70th round Key Indicators of Debt and Investment in India, NSS KI (70/18.2), December 2014 (exact day not stated on cover)",,"AIDIS 2013, NSS 70th round (January - December 2013)",2013-01-01,2013-12-31,2012-06-30,ASSET_SHARE,Share of asset component in total value of assets,share,0.12,percent,current prices (nominal),value of assets,India,,,non-cultivator,rural,All-India,shares etc.,,KI_70_18.2_19dec14.pdf,https://www.mospi.gov.in/sites/default/files/publication_reports/KI_70_18.2_19dec14.pdf,Statement 3.3: Percentage share of different components of assets in the total value of assets for each occupational category of households: all-India,PDF p.20 (printed p.14),OK,
D9-00206,9,"NSS 70th round Key Indicators of Debt and Investment in India, NSS KI (70/18.2), December 2014 (exact day not stated on cover)",,"AIDIS 2013, NSS 70th round (January - December 2013)",2013-01-01,2013-12-31,2012-06-30,ASSET_SHARE,Share of asset component in total value of assets,share,0.07,percent,current prices (nominal),value of assets,India,,,all,rural,All-India,shares etc.,,KI_70_18.2_19dec14.pdf,https://www.mospi.gov.in/sites/default/files/publication_reports/KI_70_18.2_19dec14.pdf,Statement 3.3: Percentage share of different components of assets in the total value of assets for each occupational category of households: all-India,PDF p.20 (printed p.14),OK,
D9-00207,9,"NSS 70th round Key Indicators of Debt and Investment in India, NSS KI (70/18.2), December 2014 (exact day not stated on cover)",,"AIDIS 2013, NSS 70th round (January - December 2013)",2013-01-01,2013-12-31,2012-06-30,ASSET_SHARE,Share of asset component in total value of assets,share,0.18,percent,current prices (nominal),value of assets,India,,,self-employed,urban,All-India,shares etc.,,KI_70_18.2_19dec14.pdf,https://www.mospi.gov.in/sites/default/files/publication_reports/KI_70_18.2_19dec14.pdf,Statement 3.3: Percentage share of different components of assets in the total value of assets for each occupational category of households: all-India,PDF p.20 (printed p.14),OK,
D9-00208,9,"NSS 70th round Key Indicators of Debt and Investment in India, NSS KI (70/18.2), December 2014 (exact day not stated on cover)",,"AIDIS 2013, NSS 70th round (January - December 2013)",2013-01-01,2013-12-31,2012-06-30,ASSET_SHARE,Share of asset component in total value of assets,share,0.17,percent,current prices (nominal),value of assets,India,,,other,urban,All-India,shares etc.,,KI_70_18.2_19dec14.pdf,https://www.mospi.gov.in/sites/default/files/publication_reports/KI_70_18.2_19dec14.pdf,Statement 3.3: Percentage share of different components of assets in the total value of assets for each occupational category of households: all-India,PDF p.20 (printed p.14),OK,
D9-00209,9,"NSS 70th round Key Indicators of Debt and Investment in India, NSS KI (70/18.2), December 2014 (exact day not stated on cover)",,"AIDIS 2013, NSS 70th round (January - December 2013)",2013-01-01,2013-12-31,2012-06-30,ASSET_SHARE,Share of asset component in total value of assets,share,0.17,percent,current prices (nominal),value of assets,India,,,all,urban,All-India,shares etc.,,KI_70_18.2_19dec14.pdf,https://www.mospi.gov.in/sites/default/files/publication_reports/KI_70_18.2_19dec14.pdf,Statement 3.3: Percentage share of different components of assets in the total value of assets for each occupational category of households: all-India,PDF p.20 (printed p.14),OK,
D9-00210,9,"NSS 70th round Key Indicators of Debt and Investment in India, NSS KI (70/18.2), December 2014 (exact day not stated on cover)",,"AIDIS 2013, NSS 70th round (January - December 2013)",2013-01-01,2013-12-31,2012-06-30,ASSET_SHARE,Share of asset component in total value of assets,share,0.9,percent,current prices (nominal),value of assets,India,,,cultivator,rural,All-India,deposits* etc.,,KI_70_18.2_19dec14.pdf,https://www.mospi.gov.in/sites/default/files/publication_reports/KI_70_18.2_19dec14.pdf,Statement 3.3: Percentage share of different components of assets in the total value of assets for each occupational category of households: all-India,PDF p.20 (printed p.14),OK,"""deposits etc."" includes government deposits, NSC, KVP, savings bonds, post office/bank/NBFC/MFI/SHG/PF deposits, insurance (excl. bullion and ornaments)."
D9-00211,9,"NSS 70th round Key Indicators of Debt and Investment in India, NSS KI (70/18.2), December 2014 (exact day not stated on cover)",,"AIDIS 2013, NSS 70th round (January - December 2013)",2013-01-01,2013-12-31,2012-06-30,ASSET_SHARE,Share of asset component in total value of assets,share,2.23,percent,current prices (nominal),value of assets,India,,,non-cultivator,rural,All-India,deposits* etc.,,KI_70_18.2_19dec14.pdf,https://www.mospi.gov.in/sites/default/files/publication_reports/KI_70_18.2_19dec14.pdf,Statement 3.3: Percentage share of different components of assets in the total value of assets for each occupational category of households: all-India,PDF p.20 (printed p.14),OK,"""deposits etc."" includes government deposits, NSC, KVP, savings bonds, post office/bank/NBFC/MFI/SHG/PF deposits, insurance (excl. bullion and ornaments)."
D9-00212,9,"NSS 70th round Key Indicators of Debt and Investment in India, NSS KI (70/18.2), December 2014 (exact day not stated on cover)",,"AIDIS 2013, NSS 70th round (January - December 2013)",2013-01-01,2013-12-31,2012-06-30,ASSET_SHARE,Share of asset component in total value of assets,share,1.65,percent,current prices (nominal),value of assets,India,,,all,rural,All-India,deposits* etc.,,KI_70_18.2_19dec14.pdf,https://www.mospi.gov.in/sites/default/files/publication_reports/KI_70_18.2_19dec14.pdf,Statement 3.3: Percentage share of different components of assets in the total value of assets for each occupational category of households: all-India,PDF p.20 (printed p.14),OK,"""deposits etc."" includes government deposits, NSC, KVP, savings bonds, post office/bank/NBFC/MFI/SHG/PF deposits, insurance (excl. bullion and ornaments)."
D9-00213,9,"NSS 70th round Key Indicators of Debt and Investment in India, NSS KI (70/18.2), December 2014 (exact day not stated on cover)",,"AIDIS 2013, NSS 70th round (January - December 2013)",2013-01-01,2013-12-31,2012-06-30,ASSET_SHARE,Share of asset component in total value of assets,share,1.98,percent,current prices (nominal),value of assets,India,,,self-employed,urban,All-India,deposits* etc.,,KI_70_18.2_19dec14.pdf,https://www.mospi.gov.in/sites/default/files/publication_reports/KI_70_18.2_19dec14.pdf,Statement 3.3: Percentage share of different components of assets in the total value of assets for each occupational category of households: all-India,PDF p.20 (printed p.14),OK,"""deposits etc."" includes government deposits, NSC, KVP, savings bonds, post office/bank/NBFC/MFI/SHG/PF deposits, insurance (excl. bullion and ornaments)."
D9-00214,9,"NSS 70th round Key Indicators of Debt and Investment in India, NSS KI (70/18.2), December 2014 (exact day not stated on cover)",,"AIDIS 2013, NSS 70th round (January - December 2013)",2013-01-01,2013-12-31,2012-06-30,ASSET_SHARE,Share of asset component in total value of assets,share,4.98,percent,current prices (nominal),value of assets,India,,,other,urban,All-India,deposits* etc.,,KI_70_18.2_19dec14.pdf,https://www.mospi.gov.in/sites/default/files/publication_reports/KI_70_18.2_19dec14.pdf,Statement 3.3: Percentage share of different components of assets in the total value of assets for each occupational category of households: all-India,PDF p.20 (printed p.14),OK,"""deposits etc."" includes government deposits, NSC, KVP, savings bonds, post office/bank/NBFC/MFI/SHG/PF deposits, insurance (excl. bullion and ornaments)."
D9-00215,9,"NSS 70th round Key Indicators of Debt and Investment in India, NSS KI (70/18.2), December 2014 (exact day not stated on cover)",,"AIDIS 2013, NSS 70th round (January - December 2013)",2013-01-01,2013-12-31,2012-06-30,ASSET_SHARE,Share of asset component in total value of assets,share,4.35,percent,current prices (nominal),value of assets,India,,,all,urban,All-India,deposits* etc.,,KI_70_18.2_19dec14.pdf,https://www.mospi.gov.in/sites/default/files/publication_reports/KI_70_18.2_19dec14.pdf,Statement 3.3: Percentage share of different components of assets in the total value of assets for each occupational category of households: all-India,PDF p.20 (printed p.14),OK,"""deposits etc."" includes government deposits, NSC, KVP, savings bonds, post office/bank/NBFC/MFI/SHG/PF deposits, insurance (excl. bullion and ornaments)."
D9-00216,9,"NSS 70th round Key Indicators of Debt and Investment in India, NSS KI (70/18.2), December 2014 (exact day not stated on cover)",,"AIDIS 2013, NSS 70th round (January - December 2013)",2013-01-01,2013-12-31,2012-06-30,ASSET_SHARE,Share of asset component in total value of assets,share,0.07,percent,current prices (nominal),value of assets,India,,,cultivator,rural,All-India,amount receivable,,KI_70_18.2_19dec14.pdf,https://www.mospi.gov.in/sites/default/files/publication_reports/KI_70_18.2_19dec14.pdf,Statement 3.3: Percentage share of different components of assets in the total value of assets for each occupational category of households: all-India,PDF p.20 (printed p.14),OK,
D9-00217,9,"NSS 70th round Key Indicators of Debt and Investment in India, NSS KI (70/18.2), December 2014 (exact day not stated on cover)",,"AIDIS 2013, NSS 70th round (January - December 2013)",2013-01-01,2013-12-31,2012-06-30,ASSET_SHARE,Share of asset component in total value of assets,share,0.17,percent,current prices (nominal),value of assets,India,,,non-cultivator,rural,All-India,amount receivable,,KI_70_18.2_19dec14.pdf,https://www.mospi.gov.in/sites/default/files/publication_reports/KI_70_18.2_19dec14.pdf,Statement 3.3: Percentage share of different components of assets in the total value of assets for each occupational category of households: all-India,PDF p.20 (printed p.14),OK,
D9-00218,9,"NSS 70th round Key Indicators of Debt and Investment in India, NSS KI (70/18.2), December 2014 (exact day not stated on cover)",,"AIDIS 2013, NSS 70th round (January - December 2013)",2013-01-01,2013-12-31,2012-06-30,ASSET_SHARE,Share of asset component in total value of assets,share,0.13,percent,current prices (nominal),value of assets,India,,,all,rural,All-India,amount receivable,,KI_70_18.2_19dec14.pdf,https://www.mospi.gov.in/sites/default/files/publication_reports/KI_70_18.2_19dec14.pdf,Statement 3.3: Percentage share of different components of assets in the total value of assets for each occupational category of households: all-India,PDF p.20 (printed p.14),OK,
D9-00219,9,"NSS 70th round Key Indicators of Debt and Investment in India, NSS KI (70/18.2), December 2014 (exact day not stated on cover)",,"AIDIS 2013, NSS 70th round (January - December 2013)",2013-01-01,2013-12-31,2012-06-30,ASSET_SHARE,Share of asset component in total value of assets,share,0.19,percent,current prices (nominal),value of assets,India,,,self-employed,urban,All-India,amount receivable,,KI_70_18.2_19dec14.pdf,https://www.mospi.gov.in/sites/default/files/publication_reports/KI_70_18.2_19dec14.pdf,Statement 3.3: Percentage share of different components of assets in the total value of assets for each occupational category of households: all-India,PDF p.20 (printed p.14),OK,
D9-00220,9,"NSS 70th round Key Indicators of Debt and Investment in India, NSS KI (70/18.2), December 2014 (exact day not stated on cover)",,"AIDIS 2013, NSS 70th round (January - December 2013)",2013-01-01,2013-12-31,2012-06-30,ASSET_SHARE,Share of asset component in total value of assets,share,0.31,percent,current prices (nominal),value of assets,India,,,other,urban,All-India,amount receivable,,KI_70_18.2_19dec14.pdf,https://www.mospi.gov.in/sites/default/files/publication_reports/KI_70_18.2_19dec14.pdf,Statement 3.3: Percentage share of different components of assets in the total value of assets for each occupational category of households: all-India,PDF p.20 (printed p.14),OK,
D9-00221,9,"NSS 70th round Key Indicators of Debt and Investment in India, NSS KI (70/18.2), December 2014 (exact day not stated on cover)",,"AIDIS 2013, NSS 70th round (January - December 2013)",2013-01-01,2013-12-31,2012-06-30,ASSET_SHARE,Share of asset component in total value of assets,share,0.29,percent,current prices (nominal),value of assets,India,,,all,urban,All-India,amount receivable,,KI_70_18.2_19dec14.pdf,https://www.mospi.gov.in/sites/default/files/publication_reports/KI_70_18.2_19dec14.pdf,Statement 3.3: Percentage share of different components of assets in the total value of assets for each occupational category of households: all-India,PDF p.20 (printed p.14),OK,
D9-00222,9,"NSS 70th round Key Indicators of Debt and Investment in India, NSS KI (70/18.2), December 2014 (exact day not stated on cover)",,"AIDIS 2013, NSS 70th round (January - December 2013)",2013-01-01,2013-12-31,2012-06-30,IOI,Incidence of indebtedness (IOI): % of households indebted,rate,45.94,percent,current prices (nominal),households,India,,,cultivator,rural,All-India,,,KI_70_18.2_19dec14.pdf,https://www.mospi.gov.in/sites/default/files/publication_reports/KI_70_18.2_19dec14.pdf,Statement 3.4: IOI and AOD for different occupational categories of rural and urban households: all-India,PDF p.21 (printed p.15),OK,Indebted = any cash loan outstanding on 30/06/2012.
D9-00223,9,"NSS 70th round Key Indicators of Debt and Investment in India, NSS KI (70/18.2), December 2014 (exact day not stated on cover)",,"AIDIS 2013, NSS 70th round (January - December 2013)",2013-01-01,2013-12-31,2012-06-30,AOD,Average amount of debt (AOD) per household (cash dues),mean,70580,INR_per_household,current prices (nominal),households,India,,,cultivator,rural,All-India,,,KI_70_18.2_19dec14.pdf,https://www.mospi.gov.in/sites/default/files/publication_reports/KI_70_18.2_19dec14.pdf,Statement 3.4: IOI and AOD for different occupational categories of rural and urban households: all-India,PDF p.21 (printed p.15),OK,
D9-00224,9,"NSS 70th round Key Indicators of Debt and Investment in India, NSS KI (70/18.2), December 2014 (exact day not stated on cover)",,"AIDIS 2013, NSS 70th round (January - December 2013)",2013-01-01,2013-12-31,2012-06-30,AODL,Average amount of debt per indebted household,mean,153640,INR_per_indebted_household,current prices (nominal),indebted households,India,,,cultivator,rural,All-India,,,KI_70_18.2_19dec14.pdf,https://www.mospi.gov.in/sites/default/files/publication_reports/KI_70_18.2_19dec14.pdf,Statement 3.4: IOI and AOD for different occupational categories of rural and urban households: all-India,PDF p.21 (printed p.15),OK,
D9-00225,9,"NSS 70th round Key Indicators of Debt and Investment in India, NSS KI (70/18.2), December 2014 (exact day not stated on cover)",,"AIDIS 2013, NSS 70th round (January - December 2013)",2013-01-01,2013-12-31,2012-06-30,IOI,Incidence of indebtedness (IOI): % of households indebted,rate,28.85,percent,current prices (nominal),households,India,,,non-cultivator,rural,All-India,,,KI_70_18.2_19dec14.pdf,https://www.mospi.gov.in/sites/default/files/publication_reports/KI_70_18.2_19dec14.pdf,Statement 3.4: IOI and AOD for different occupational categories of rural and urban households: all-India,PDF p.21 (printed p.15),OK,Indebted = any cash loan outstanding on 30/06/2012.
D9-00226,9,"NSS 70th round Key Indicators of Debt and Investment in India, NSS KI (70/18.2), December 2014 (exact day not stated on cover)",,"AIDIS 2013, NSS 70th round (January - December 2013)",2013-01-01,2013-12-31,2012-06-30,AOD,Average amount of debt (AOD) per household (cash dues),mean,25741,INR_per_household,current prices (nominal),households,India,,,non-cultivator,rural,All-India,,,KI_70_18.2_19dec14.pdf,https://www.mospi.gov.in/sites/default/files/publication_reports/KI_70_18.2_19dec14.pdf,Statement 3.4: IOI and AOD for different occupational categories of rural and urban households: all-India,PDF p.21 (printed p.15),OK,
D9-00227,9,"NSS 70th round Key Indicators of Debt and Investment in India, NSS KI (70/18.2), December 2014 (exact day not stated on cover)",,"AIDIS 2013, NSS 70th round (January - December 2013)",2013-01-01,2013-12-31,2012-06-30,AODL,Average amount of debt per indebted household,mean,89221,INR_per_indebted_household,current prices (nominal),indebted households,India,,,non-cultivator,rural,All-India,,,KI_70_18.2_19dec14.pdf,https://www.mospi.gov.in/sites/default/files/publication_reports/KI_70_18.2_19dec14.pdf,Statement 3.4: IOI and AOD for different occupational categories of rural and urban households: all-India,PDF p.21 (printed p.15),OK,
D9-00228,9,"NSS 70th round Key Indicators of Debt and Investment in India, NSS KI (70/18.2), December 2014 (exact day not stated on cover)",,"AIDIS 2013, NSS 70th round (January - December 2013)",2013-01-01,2013-12-31,2012-06-30,IOI,Incidence of indebtedness (IOI): % of households indebted,rate,31.44,percent,current prices (nominal),households,India,,,all,rural,All-India,,,KI_70_18.2_19dec14.pdf,https://www.mospi.gov.in/sites/default/files/publication_reports/KI_70_18.2_19dec14.pdf,Statement 3.4: IOI and AOD for different occupational categories of rural and urban households: all-India,PDF p.21 (printed p.15),OK,Indebted = any cash loan outstanding on 30/06/2012.
D9-00229,9,"NSS 70th round Key Indicators of Debt and Investment in India, NSS KI (70/18.2), December 2014 (exact day not stated on cover)",,"AIDIS 2013, NSS 70th round (January - December 2013)",2013-01-01,2013-12-31,2012-06-30,AOD,Average amount of debt (AOD) per household (cash dues),mean,32522,INR_per_household,current prices (nominal),households,India,,,all,rural,All-India,,,KI_70_18.2_19dec14.pdf,https://www.mospi.gov.in/sites/default/files/publication_reports/KI_70_18.2_19dec14.pdf,Statement 3.4: IOI and AOD for different occupational categories of rural and urban households: all-India,PDF p.21 (printed p.15),OK,
D9-00230,9,"NSS 70th round Key Indicators of Debt and Investment in India, NSS KI (70/18.2), December 2014 (exact day not stated on cover)",,"AIDIS 2013, NSS 70th round (January - December 2013)",2013-01-01,2013-12-31,2012-06-30,AODL,Average amount of debt per indebted household,mean,103457,INR_per_indebted_household,current prices (nominal),indebted households,India,,,all,rural,All-India,,,KI_70_18.2_19dec14.pdf,https://www.mospi.gov.in/sites/default/files/publication_reports/KI_70_18.2_19dec14.pdf,Statement 3.4: IOI and AOD for different occupational categories of rural and urban households: all-India,PDF p.21 (printed p.15),OK,
D9-00231,9,"NSS 70th round Key Indicators of Debt and Investment in India, NSS KI (70/18.2), December 2014 (exact day not stated on cover)",,"AIDIS 2013, NSS 70th round (January - December 2013)",2013-01-01,2013-12-31,2012-06-30,IOI,Incidence of indebtedness (IOI): % of households indebted,rate,35.85,percent,current prices (nominal),households,India,,,self-employed,urban,All-India,,,KI_70_18.2_19dec14.pdf,https://www.mospi.gov.in/sites/default/files/publication_reports/KI_70_18.2_19dec14.pdf,Statement 3.4: IOI and AOD for different occupational categories of rural and urban households: all-India,PDF p.21 (printed p.15),OK,Indebted = any cash loan outstanding on 30/06/2012.
D9-00232,9,"NSS 70th round Key Indicators of Debt and Investment in India, NSS KI (70/18.2), December 2014 (exact day not stated on cover)",,"AIDIS 2013, NSS 70th round (January - December 2013)",2013-01-01,2013-12-31,2012-06-30,AOD,Average amount of debt (AOD) per household (cash dues),mean,108714,INR_per_household,current prices (nominal),households,India,,,self-employed,urban,All-India,,,KI_70_18.2_19dec14.pdf,https://www.mospi.gov.in/sites/default/files/publication_reports/KI_70_18.2_19dec14.pdf,Statement 3.4: IOI and AOD for different occupational categories of rural and urban households: all-India,PDF p.21 (printed p.15),OK,
D9-00233,9,"NSS 70th round Key Indicators of Debt and Investment in India, NSS KI (70/18.2), December 2014 (exact day not stated on cover)",,"AIDIS 2013, NSS 70th round (January - December 2013)",2013-01-01,2013-12-31,2012-06-30,AODL,Average amount of debt per indebted household,mean,303221,INR_per_indebted_household,current prices (nominal),indebted households,India,,,self-employed,urban,All-India,,,KI_70_18.2_19dec14.pdf,https://www.mospi.gov.in/sites/default/files/publication_reports/KI_70_18.2_19dec14.pdf,Statement 3.4: IOI and AOD for different occupational categories of rural and urban households: all-India,PDF p.21 (printed p.15),OK,
D9-00234,9,"NSS 70th round Key Indicators of Debt and Investment in India, NSS KI (70/18.2), December 2014 (exact day not stated on cover)",,"AIDIS 2013, NSS 70th round (January - December 2013)",2013-01-01,2013-12-31,2012-06-30,IOI,Incidence of indebtedness (IOI): % of households indebted,rate,20.96,percent,current prices (nominal),households,India,,,other,urban,All-India,,,KI_70_18.2_19dec14.pdf,https://www.mospi.gov.in/sites/default/files/publication_reports/KI_70_18.2_19dec14.pdf,Statement 3.4: IOI and AOD for different occupational categories of rural and urban households: all-India,PDF p.21 (printed p.15),OK,Indebted = any cash loan outstanding on 30/06/2012.
D9-00235,9,"NSS 70th round Key Indicators of Debt and Investment in India, NSS KI (70/18.2), December 2014 (exact day not stated on cover)",,"AIDIS 2013, NSS 70th round (January - December 2013)",2013-01-01,2013-12-31,2012-06-30,AOD,Average amount of debt (AOD) per household (cash dues),mean,82094,INR_per_household,current prices (nominal),households,India,,,other,urban,All-India,,,KI_70_18.2_19dec14.pdf,https://www.mospi.gov.in/sites/default/files/publication_reports/KI_70_18.2_19dec14.pdf,Statement 3.4: IOI and AOD for different occupational categories of rural and urban households: all-India,PDF p.21 (printed p.15),OK,
D9-00236,9,"NSS 70th round Key Indicators of Debt and Investment in India, NSS KI (70/18.2), December 2014 (exact day not stated on cover)",,"AIDIS 2013, NSS 70th round (January - December 2013)",2013-01-01,2013-12-31,2012-06-30,AODL,Average amount of debt per indebted household,mean,391724,INR_per_indebted_household,current prices (nominal),indebted households,India,,,other,urban,All-India,,,KI_70_18.2_19dec14.pdf,https://www.mospi.gov.in/sites/default/files/publication_reports/KI_70_18.2_19dec14.pdf,Statement 3.4: IOI and AOD for different occupational categories of rural and urban households: all-India,PDF p.21 (printed p.15),OK,
D9-00237,9,"NSS 70th round Key Indicators of Debt and Investment in India, NSS KI (70/18.2), December 2014 (exact day not stated on cover)",,"AIDIS 2013, NSS 70th round (January - December 2013)",2013-01-01,2013-12-31,2012-06-30,IOI,Incidence of indebtedness (IOI): % of households indebted,rate,22.37,percent,current prices (nominal),households,India,,,all,urban,All-India,,,KI_70_18.2_19dec14.pdf,https://www.mospi.gov.in/sites/default/files/publication_reports/KI_70_18.2_19dec14.pdf,Statement 3.4: IOI and AOD for different occupational categories of rural and urban households: all-India,PDF p.21 (printed p.15),OK,Indebted = any cash loan outstanding on 30/06/2012.
D9-00238,9,"NSS 70th round Key Indicators of Debt and Investment in India, NSS KI (70/18.2), December 2014 (exact day not stated on cover)",,"AIDIS 2013, NSS 70th round (January - December 2013)",2013-01-01,2013-12-31,2012-06-30,AOD,Average amount of debt (AOD) per household (cash dues),mean,84625,INR_per_household,current prices (nominal),households,India,,,all,urban,All-India,,,KI_70_18.2_19dec14.pdf,https://www.mospi.gov.in/sites/default/files/publication_reports/KI_70_18.2_19dec14.pdf,Statement 3.4: IOI and AOD for different occupational categories of rural and urban households: all-India,PDF p.21 (printed p.15),OK,
D9-00239,9,"NSS 70th round Key Indicators of Debt and Investment in India, NSS KI (70/18.2), December 2014 (exact day not stated on cover)",,"AIDIS 2013, NSS 70th round (January - December 2013)",2013-01-01,2013-12-31,2012-06-30,AODL,Average amount of debt per indebted household,mean,378238,INR_per_indebted_household,current prices (nominal),indebted households,India,,,all,urban,All-India,,,KI_70_18.2_19dec14.pdf,https://www.mospi.gov.in/sites/default/files/publication_reports/KI_70_18.2_19dec14.pdf,Statement 3.4: IOI and AOD for different occupational categories of rural and urban households: all-India,PDF p.21 (printed p.15),OK,
D9-00240,9,"NSS 70th round Key Indicators of Debt and Investment in India, NSS KI (70/18.2), December 2014 (exact day not stated on cover)",,"AIDIS 2013, NSS 70th round (January - December 2013)",2013-01-01,2013-12-31,2012-06-30,IOI_BY_DECILE,Incidence of indebtedness by asset-holding decile class,rate,19.62,percent,current prices (nominal),households,India,,,all,rural,All-India,,decile class 1 of household asset holding (1=lowest),KI_70_18.2_19dec14.pdf,https://www.mospi.gov.in/sites/default/files/publication_reports/KI_70_18.2_19dec14.pdf,Statement 3.5: Incidence of indebtedness (IOI) and average debt per household (AOD) by asset holding class: all-India,PDF p.22 (printed p.16),OK,
D9-00241,9,"NSS 70th round Key Indicators of Debt and Investment in India, NSS KI (70/18.2), December 2014 (exact day not stated on cover)",,"AIDIS 2013, NSS 70th round (January - December 2013)",2013-01-01,2013-12-31,2012-06-30,AOD_BY_DECILE,Average amount of debt per household by asset-holding decile class,mean,9705,INR_per_household,current prices (nominal),households,India,,,all,rural,All-India,,decile class 1 of household asset holding (1=lowest),KI_70_18.2_19dec14.pdf,https://www.mospi.gov.in/sites/default/files/publication_reports/KI_70_18.2_19dec14.pdf,Statement 3.5: Incidence of indebtedness (IOI) and average debt per household (AOD) by asset holding class: all-India,PDF p.22 (printed p.16),OK,
D9-00242,9,"NSS 70th round Key Indicators of Debt and Investment in India, NSS KI (70/18.2), December 2014 (exact day not stated on cover)",,"AIDIS 2013, NSS 70th round (January - December 2013)",2013-01-01,2013-12-31,2012-06-30,AODL_BY_DECILE,Average amount of debt per indebted household by asset-holding decile class,mean,49478,INR_per_indebted_household,current prices (nominal),indebted households,India,,,all,rural,All-India,,decile class 1 of household asset holding (1=lowest),KI_70_18.2_19dec14.pdf,https://www.mospi.gov.in/sites/default/files/publication_reports/KI_70_18.2_19dec14.pdf,Statement 3.5: Incidence of indebtedness (IOI) and average debt per household (AOD) by asset holding class: all-India,PDF p.22 (printed p.16),OK,
D9-00243,9,"NSS 70th round Key Indicators of Debt and Investment in India, NSS KI (70/18.2), December 2014 (exact day not stated on cover)",,"AIDIS 2013, NSS 70th round (January - December 2013)",2013-01-01,2013-12-31,2012-06-30,IOI_BY_DECILE,Incidence of indebtedness by asset-holding decile class,rate,9.34,percent,current prices (nominal),households,India,,,all,urban,All-India,,decile class 1 of household asset holding (1=lowest),KI_70_18.2_19dec14.pdf,https://www.mospi.gov.in/sites/default/files/publication_reports/KI_70_18.2_19dec14.pdf,Statement 3.5: Incidence of indebtedness (IOI) and average debt per household (AOD) by asset holding class: all-India,PDF p.22 (printed p.16),OK,
D9-00244,9,"NSS 70th round Key Indicators of Debt and Investment in India, NSS KI (70/18.2), December 2014 (exact day not stated on cover)",,"AIDIS 2013, NSS 70th round (January - December 2013)",2013-01-01,2013-12-31,2012-06-30,AOD_BY_DECILE,Average amount of debt per household by asset-holding decile class,mean,5587,INR_per_household,current prices (nominal),households,India,,,all,urban,All-India,,decile class 1 of household asset holding (1=lowest),KI_70_18.2_19dec14.pdf,https://www.mospi.gov.in/sites/default/files/publication_reports/KI_70_18.2_19dec14.pdf,Statement 3.5: Incidence of indebtedness (IOI) and average debt per household (AOD) by asset holding class: all-India,PDF p.22 (printed p.16),OK,
D9-00245,9,"NSS 70th round Key Indicators of Debt and Investment in India, NSS KI (70/18.2), December 2014 (exact day not stated on cover)",,"AIDIS 2013, NSS 70th round (January - December 2013)",2013-01-01,2013-12-31,2012-06-30,AODL_BY_DECILE,Average amount of debt per indebted household by asset-holding decile class,mean,59808,INR_per_indebted_household,current prices (nominal),indebted households,India,,,all,urban,All-India,,decile class 1 of household asset holding (1=lowest),KI_70_18.2_19dec14.pdf,https://www.mospi.gov.in/sites/default/files/publication_reports/KI_70_18.2_19dec14.pdf,Statement 3.5: Incidence of indebtedness (IOI) and average debt per household (AOD) by asset holding class: all-India,PDF p.22 (printed p.16),OK,
D9-00246,9,"NSS 70th round Key Indicators of Debt and Investment in India, NSS KI (70/18.2), December 2014 (exact day not stated on cover)",,"AIDIS 2013, NSS 70th round (January - December 2013)",2013-01-01,2013-12-31,2012-06-30,IOI_BY_DECILE,Incidence of indebtedness by asset-holding decile class,rate,22.3,percent,current prices (nominal),households,India,,,all,rural,All-India,,decile class 2 of household asset holding (1=lowest),KI_70_18.2_19dec14.pdf,https://www.mospi.gov.in/sites/default/files/publication_reports/KI_70_18.2_19dec14.pdf,Statement 3.5: Incidence of indebtedness (IOI) and average debt per household (AOD) by asset holding class: all-India,PDF p.22 (printed p.16),OK,
D9-00247,9,"NSS 70th round Key Indicators of Debt and Investment in India, NSS KI (70/18.2), December 2014 (exact day not stated on cover)",,"AIDIS 2013, NSS 70th round (January - December 2013)",2013-01-01,2013-12-31,2012-06-30,AOD_BY_DECILE,Average amount of debt per household by asset-holding decile class,mean,8819,INR_per_household,current prices (nominal),households,India,,,all,rural,All-India,,decile class 2 of household asset holding (1=lowest),KI_70_18.2_19dec14.pdf,https://www.mospi.gov.in/sites/default/files/publication_reports/KI_70_18.2_19dec14.pdf,Statement 3.5: Incidence of indebtedness (IOI) and average debt per household (AOD) by asset holding class: all-India,PDF p.22 (printed p.16),OK,
D9-00248,9,"NSS 70th round Key Indicators of Debt and Investment in India, NSS KI (70/18.2), December 2014 (exact day not stated on cover)",,"AIDIS 2013, NSS 70th round (January - December 2013)",2013-01-01,2013-12-31,2012-06-30,AODL_BY_DECILE,Average amount of debt per indebted household by asset-holding decile class,mean,39554,INR_per_indebted_household,current prices (nominal),indebted households,India,,,all,rural,All-India,,decile class 2 of household asset holding (1=lowest),KI_70_18.2_19dec14.pdf,https://www.mospi.gov.in/sites/default/files/publication_reports/KI_70_18.2_19dec14.pdf,Statement 3.5: Incidence of indebtedness (IOI) and average debt per household (AOD) by asset holding class: all-India,PDF p.22 (printed p.16),OK,
D9-00249,9,"NSS 70th round Key Indicators of Debt and Investment in India, NSS KI (70/18.2), December 2014 (exact day not stated on cover)",,"AIDIS 2013, NSS 70th round (January - December 2013)",2013-01-01,2013-12-31,2012-06-30,IOI_BY_DECILE,Incidence of indebtedness by asset-holding decile class,rate,14.63,percent,current prices (nominal),households,India,,,all,urban,All-India,,decile class 2 of household asset holding (1=lowest),KI_70_18.2_19dec14.pdf,https://www.mospi.gov.in/sites/default/files/publication_reports/KI_70_18.2_19dec14.pdf,Statement 3.5: Incidence of indebtedness (IOI) and average debt per household (AOD) by asset holding class: all-India,PDF p.22 (printed p.16),OK,
D9-00250,9,"NSS 70th round Key Indicators of Debt and Investment in India, NSS KI (70/18.2), December 2014 (exact day not stated on cover)",,"AIDIS 2013, NSS 70th round (January - December 2013)",2013-01-01,2013-12-31,2012-06-30,AOD_BY_DECILE,Average amount of debt per household by asset-holding decile class,mean,11934,INR_per_household,current prices (nominal),households,India,,,all,urban,All-India,,decile class 2 of household asset holding (1=lowest),KI_70_18.2_19dec14.pdf,https://www.mospi.gov.in/sites/default/files/publication_reports/KI_70_18.2_19dec14.pdf,Statement 3.5: Incidence of indebtedness (IOI) and average debt per household (AOD) by asset holding class: all-India,PDF p.22 (printed p.16),OK,
D9-00251,9,"NSS 70th round Key Indicators of Debt and Investment in India, NSS KI (70/18.2), December 2014 (exact day not stated on cover)",,"AIDIS 2013, NSS 70th round (January - December 2013)",2013-01-01,2013-12-31,2012-06-30,AODL_BY_DECILE,Average amount of debt per indebted household by asset-holding decile class,mean,81587,INR_per_indebted_household,current prices (nominal),indebted households,India,,,all,urban,All-India,,decile class 2 of household asset holding (1=lowest),KI_70_18.2_19dec14.pdf,https://www.mospi.gov.in/sites/default/files/publication_reports/KI_70_18.2_19dec14.pdf,Statement 3.5: Incidence of indebtedness (IOI) and average debt per household (AOD) by asset holding class: all-India,PDF p.22 (printed p.16),OK,
D9-00252,9,"NSS 70th round Key Indicators of Debt and Investment in India, NSS KI (70/18.2), December 2014 (exact day not stated on cover)",,"AIDIS 2013, NSS 70th round (January - December 2013)",2013-01-01,2013-12-31,2012-06-30,IOI_BY_DECILE,Incidence of indebtedness by asset-holding decile class,rate,27.05,percent,current prices (nominal),households,India,,,all,rural,All-India,,decile class 3 of household asset holding (1=lowest),KI_70_18.2_19dec14.pdf,https://www.mospi.gov.in/sites/default/files/publication_reports/KI_70_18.2_19dec14.pdf,Statement 3.5: Incidence of indebtedness (IOI) and average debt per household (AOD) by asset holding class: all-India,PDF p.22 (printed p.16),OK,
D9-00253,9,"NSS 70th round Key Indicators of Debt and Investment in India, NSS KI (70/18.2), December 2014 (exact day not stated on cover)",,"AIDIS 2013, NSS 70th round (January - December 2013)",2013-01-01,2013-12-31,2012-06-30,AOD_BY_DECILE,Average amount of debt per household by asset-holding decile class,mean,13811,INR_per_household,current prices (nominal),households,India,,,all,rural,All-India,,decile class 3 of household asset holding (1=lowest),KI_70_18.2_19dec14.pdf,https://www.mospi.gov.in/sites/default/files/publication_reports/KI_70_18.2_19dec14.pdf,Statement 3.5: Incidence of indebtedness (IOI) and average debt per household (AOD) by asset holding class: all-India,PDF p.22 (printed p.16),OK,
D9-00254,9,"NSS 70th round Key Indicators of Debt and Investment in India, NSS KI (70/18.2), December 2014 (exact day not stated on cover)",,"AIDIS 2013, NSS 70th round (January - December 2013)",2013-01-01,2013-12-31,2012-06-30,AODL_BY_DECILE,Average amount of debt per indebted household by asset-holding decile class,mean,51053,INR_per_indebted_household,current prices (nominal),indebted households,India,,,all,rural,All-India,,decile class 3 of household asset holding (1=lowest),KI_70_18.2_19dec14.pdf,https://www.mospi.gov.in/sites/default/files/publication_reports/KI_70_18.2_19dec14.pdf,Statement 3.5: Incidence of indebtedness (IOI) and average debt per household (AOD) by asset holding class: all-India,PDF p.22 (printed p.16),OK,
D9-00255,9,"NSS 70th round Key Indicators of Debt and Investment in India, NSS KI (70/18.2), December 2014 (exact day not stated on cover)",,"AIDIS 2013, NSS 70th round (January - December 2013)",2013-01-01,2013-12-31,2012-06-30,IOI_BY_DECILE,Incidence of indebtedness by asset-holding decile class,rate,20.16,percent,current prices (nominal),households,India,,,all,urban,All-India,,decile class 3 of household asset holding (1=lowest),KI_70_18.2_19dec14.pdf,https://www.mospi.gov.in/sites/default/files/publication_reports/KI_70_18.2_19dec14.pdf,Statement 3.5: Incidence of indebtedness (IOI) and average debt per household (AOD) by asset holding class: all-India,PDF p.22 (printed p.16),OK,
D9-00256,9,"NSS 70th round Key Indicators of Debt and Investment in India, NSS KI (70/18.2), December 2014 (exact day not stated on cover)",,"AIDIS 2013, NSS 70th round (January - December 2013)",2013-01-01,2013-12-31,2012-06-30,AOD_BY_DECILE,Average amount of debt per household by asset-holding decile class,mean,20075,INR_per_household,current prices (nominal),households,India,,,all,urban,All-India,,decile class 3 of household asset holding (1=lowest),KI_70_18.2_19dec14.pdf,https://www.mospi.gov.in/sites/default/files/publication_reports/KI_70_18.2_19dec14.pdf,Statement 3.5: Incidence of indebtedness (IOI) and average debt per household (AOD) by asset holding class: all-India,PDF p.22 (printed p.16),OK,
D9-00257,9,"NSS 70th round Key Indicators of Debt and Investment in India, NSS KI (70/18.2), December 2014 (exact day not stated on cover)",,"AIDIS 2013, NSS 70th round (January - December 2013)",2013-01-01,2013-12-31,2012-06-30,AODL_BY_DECILE,Average amount of debt per indebted household by asset-holding decile class,mean,99572,INR_per_indebted_household,current prices (nominal),indebted households,India,,,all,urban,All-India,,decile class 3 of household asset holding (1=lowest),KI_70_18.2_19dec14.pdf,https://www.mospi.gov.in/sites/default/files/publication_reports/KI_70_18.2_19dec14.pdf,Statement 3.5: Incidence of indebtedness (IOI) and average debt per household (AOD) by asset holding class: all-India,PDF p.22 (printed p.16),OK,
D9-00258,9,"NSS 70th round Key Indicators of Debt and Investment in India, NSS KI (70/18.2), December 2014 (exact day not stated on cover)",,"AIDIS 2013, NSS 70th round (January - December 2013)",2013-01-01,2013-12-31,2012-06-30,IOI_BY_DECILE,Incidence of indebtedness by asset-holding decile class,rate,27.46,percent,current prices (nominal),households,India,,,all,rural,All-India,,decile class 4 of household asset holding (1=lowest),KI_70_18.2_19dec14.pdf,https://www.mospi.gov.in/sites/default/files/publication_reports/KI_70_18.2_19dec14.pdf,Statement 3.5: Incidence of indebtedness (IOI) and average debt per household (AOD) by asset holding class: all-India,PDF p.22 (printed p.16),OK,
D9-00259,9,"NSS 70th round Key Indicators of Debt and Investment in India, NSS KI (70/18.2), December 2014 (exact day not stated on cover)",,"AIDIS 2013, NSS 70th round (January - December 2013)",2013-01-01,2013-12-31,2012-06-30,AOD_BY_DECILE,Average amount of debt per household by asset-holding decile class,mean,15673,INR_per_household,current prices (nominal),households,India,,,all,rural,All-India,,decile class 4 of household asset holding (1=lowest),KI_70_18.2_19dec14.pdf,https://www.mospi.gov.in/sites/default/files/publication_reports/KI_70_18.2_19dec14.pdf,Statement 3.5: Incidence of indebtedness (IOI) and average debt per household (AOD) by asset holding class: all-India,PDF p.22 (printed p.16),OK,
D9-00260,9,"NSS 70th round Key Indicators of Debt and Investment in India, NSS KI (70/18.2), December 2014 (exact day not stated on cover)",,"AIDIS 2013, NSS 70th round (January - December 2013)",2013-01-01,2013-12-31,2012-06-30,AODL_BY_DECILE,Average amount of debt per indebted household by asset-holding decile class,mean,57077,INR_per_indebted_household,current prices (nominal),indebted households,India,,,all,rural,All-India,,decile class 4 of household asset holding (1=lowest),KI_70_18.2_19dec14.pdf,https://www.mospi.gov.in/sites/default/files/publication_reports/KI_70_18.2_19dec14.pdf,Statement 3.5: Incidence of indebtedness (IOI) and average debt per household (AOD) by asset holding class: all-India,PDF p.22 (printed p.16),OK,
D9-00261,9,"NSS 70th round Key Indicators of Debt and Investment in India, NSS KI (70/18.2), December 2014 (exact day not stated on cover)",,"AIDIS 2013, NSS 70th round (January - December 2013)",2013-01-01,2013-12-31,2012-06-30,IOI_BY_DECILE,Incidence of indebtedness by asset-holding decile class,rate,24.16,percent,current prices (nominal),households,India,,,all,urban,All-India,,decile class 4 of household asset holding (1=lowest),KI_70_18.2_19dec14.pdf,https://www.mospi.gov.in/sites/default/files/publication_reports/KI_70_18.2_19dec14.pdf,Statement 3.5: Incidence of indebtedness (IOI) and average debt per household (AOD) by asset holding class: all-India,PDF p.22 (printed p.16),OK,
D9-00262,9,"NSS 70th round Key Indicators of Debt and Investment in India, NSS KI (70/18.2), December 2014 (exact day not stated on cover)",,"AIDIS 2013, NSS 70th round (January - December 2013)",2013-01-01,2013-12-31,2012-06-30,AOD_BY_DECILE,Average amount of debt per household by asset-holding decile class,mean,28430,INR_per_household,current prices (nominal),households,India,,,all,urban,All-India,,decile class 4 of household asset holding (1=lowest),KI_70_18.2_19dec14.pdf,https://www.mospi.gov.in/sites/default/files/publication_reports/KI_70_18.2_19dec14.pdf,Statement 3.5: Incidence of indebtedness (IOI) and average debt per household (AOD) by asset holding class: all-India,PDF p.22 (printed p.16),OK,
D9-00263,9,"NSS 70th round Key Indicators of Debt and Investment in India, NSS KI (70/18.2), December 2014 (exact day not stated on cover)",,"AIDIS 2013, NSS 70th round (January - December 2013)",2013-01-01,2013-12-31,2012-06-30,AODL_BY_DECILE,Average amount of debt per indebted household by asset-holding decile class,mean,117662,INR_per_indebted_household,current prices (nominal),indebted households,India,,,all,urban,All-India,,decile class 4 of household asset holding (1=lowest),KI_70_18.2_19dec14.pdf,https://www.mospi.gov.in/sites/default/files/publication_reports/KI_70_18.2_19dec14.pdf,Statement 3.5: Incidence of indebtedness (IOI) and average debt per household (AOD) by asset holding class: all-India,PDF p.22 (printed p.16),OK,
D9-00264,9,"NSS 70th round Key Indicators of Debt and Investment in India, NSS KI (70/18.2), December 2014 (exact day not stated on cover)",,"AIDIS 2013, NSS 70th round (January - December 2013)",2013-01-01,2013-12-31,2012-06-30,IOI_BY_DECILE,Incidence of indebtedness by asset-holding decile class,rate,30.95,percent,current prices (nominal),households,India,,,all,rural,All-India,,decile class 5 of household asset holding (1=lowest),KI_70_18.2_19dec14.pdf,https://www.mospi.gov.in/sites/default/files/publication_reports/KI_70_18.2_19dec14.pdf,Statement 3.5: Incidence of indebtedness (IOI) and average debt per household (AOD) by asset holding class: all-India,PDF p.22 (printed p.16),OK,
D9-00265,9,"NSS 70th round Key Indicators of Debt and Investment in India, NSS KI (70/18.2), December 2014 (exact day not stated on cover)",,"AIDIS 2013, NSS 70th round (January - December 2013)",2013-01-01,2013-12-31,2012-06-30,AOD_BY_DECILE,Average amount of debt per household by asset-holding decile class,mean,18800,INR_per_household,current prices (nominal),households,India,,,all,rural,All-India,,decile class 5 of household asset holding (1=lowest),KI_70_18.2_19dec14.pdf,https://www.mospi.gov.in/sites/default/files/publication_reports/KI_70_18.2_19dec14.pdf,Statement 3.5: Incidence of indebtedness (IOI) and average debt per household (AOD) by asset holding class: all-India,PDF p.22 (printed p.16),OK,
D9-00266,9,"NSS 70th round Key Indicators of Debt and Investment in India, NSS KI (70/18.2), December 2014 (exact day not stated on cover)",,"AIDIS 2013, NSS 70th round (January - December 2013)",2013-01-01,2013-12-31,2012-06-30,AODL_BY_DECILE,Average amount of debt per indebted household by asset-holding decile class,mean,60746,INR_per_indebted_household,current prices (nominal),indebted households,India,,,all,rural,All-India,,decile class 5 of household asset holding (1=lowest),KI_70_18.2_19dec14.pdf,https://www.mospi.gov.in/sites/default/files/publication_reports/KI_70_18.2_19dec14.pdf,Statement 3.5: Incidence of indebtedness (IOI) and average debt per household (AOD) by asset holding class: all-India,PDF p.22 (printed p.16),OK,
D9-00267,9,"NSS 70th round Key Indicators of Debt and Investment in India, NSS KI (70/18.2), December 2014 (exact day not stated on cover)",,"AIDIS 2013, NSS 70th round (January - December 2013)",2013-01-01,2013-12-31,2012-06-30,IOI_BY_DECILE,Incidence of indebtedness by asset-holding decile class,rate,21.67,percent,current prices (nominal),households,India,,,all,urban,All-India,,decile class 5 of household asset holding (1=lowest),KI_70_18.2_19dec14.pdf,https://www.mospi.gov.in/sites/default/files/publication_reports/KI_70_18.2_19dec14.pdf,Statement 3.5: Incidence of indebtedness (IOI) and average debt per household (AOD) by asset holding class: all-India,PDF p.22 (printed p.16),OK,
D9-00268,9,"NSS 70th round Key Indicators of Debt and Investment in India, NSS KI (70/18.2), December 2014 (exact day not stated on cover)",,"AIDIS 2013, NSS 70th round (January - December 2013)",2013-01-01,2013-12-31,2012-06-30,AOD_BY_DECILE,Average amount of debt per household by asset-holding decile class,mean,29915,INR_per_household,current prices (nominal),households,India,,,all,urban,All-India,,decile class 5 of household asset holding (1=lowest),KI_70_18.2_19dec14.pdf,https://www.mospi.gov.in/sites/default/files/publication_reports/KI_70_18.2_19dec14.pdf,Statement 3.5: Incidence of indebtedness (IOI) and average debt per household (AOD) by asset holding class: all-India,PDF p.22 (printed p.16),OK,
D9-00269,9,"NSS 70th round Key Indicators of Debt and Investment in India, NSS KI (70/18.2), December 2014 (exact day not stated on cover)",,"AIDIS 2013, NSS 70th round (January - December 2013)",2013-01-01,2013-12-31,2012-06-30,AODL_BY_DECILE,Average amount of debt per indebted household by asset-holding decile class,mean,138076,INR_per_indebted_household,current prices (nominal),indebted households,India,,,all,urban,All-India,,decile class 5 of household asset holding (1=lowest),KI_70_18.2_19dec14.pdf,https://www.mospi.gov.in/sites/default/files/publication_reports/KI_70_18.2_19dec14.pdf,Statement 3.5: Incidence of indebtedness (IOI) and average debt per household (AOD) by asset holding class: all-India,PDF p.22 (printed p.16),OK,
D9-00270,9,"NSS 70th round Key Indicators of Debt and Investment in India, NSS KI (70/18.2), December 2014 (exact day not stated on cover)",,"AIDIS 2013, NSS 70th round (January - December 2013)",2013-01-01,2013-12-31,2012-06-30,IOI_BY_DECILE,Incidence of indebtedness by asset-holding decile class,rate,32.99,percent,current prices (nominal),households,India,,,all,rural,All-India,,decile class 6 of household asset holding (1=lowest),KI_70_18.2_19dec14.pdf,https://www.mospi.gov.in/sites/default/files/publication_reports/KI_70_18.2_19dec14.pdf,Statement 3.5: Incidence of indebtedness (IOI) and average debt per household (AOD) by asset holding class: all-India,PDF p.22 (printed p.16),OK,
D9-00271,9,"NSS 70th round Key Indicators of Debt and Investment in India, NSS KI (70/18.2), December 2014 (exact day not stated on cover)",,"AIDIS 2013, NSS 70th round (January - December 2013)",2013-01-01,2013-12-31,2012-06-30,AOD_BY_DECILE,Average amount of debt per household by asset-holding decile class,mean,23441,INR_per_household,current prices (nominal),households,India,,,all,rural,All-India,,decile class 6 of household asset holding (1=lowest),KI_70_18.2_19dec14.pdf,https://www.mospi.gov.in/sites/default/files/publication_reports/KI_70_18.2_19dec14.pdf,Statement 3.5: Incidence of indebtedness (IOI) and average debt per household (AOD) by asset holding class: all-India,PDF p.22 (printed p.16),OK,
D9-00272,9,"NSS 70th round Key Indicators of Debt and Investment in India, NSS KI (70/18.2), December 2014 (exact day not stated on cover)",,"AIDIS 2013, NSS 70th round (January - December 2013)",2013-01-01,2013-12-31,2012-06-30,AODL_BY_DECILE,Average amount of debt per indebted household by asset-holding decile class,mean,71047,INR_per_indebted_household,current prices (nominal),indebted households,India,,,all,rural,All-India,,decile class 6 of household asset holding (1=lowest),KI_70_18.2_19dec14.pdf,https://www.mospi.gov.in/sites/default/files/publication_reports/KI_70_18.2_19dec14.pdf,Statement 3.5: Incidence of indebtedness (IOI) and average debt per household (AOD) by asset holding class: all-India,PDF p.22 (printed p.16),OK,
D9-00273,9,"NSS 70th round Key Indicators of Debt and Investment in India, NSS KI (70/18.2), December 2014 (exact day not stated on cover)",,"AIDIS 2013, NSS 70th round (January - December 2013)",2013-01-01,2013-12-31,2012-06-30,IOI_BY_DECILE,Incidence of indebtedness by asset-holding decile class,rate,23.44,percent,current prices (nominal),households,India,,,all,urban,All-India,,decile class 6 of household asset holding (1=lowest),KI_70_18.2_19dec14.pdf,https://www.mospi.gov.in/sites/default/files/publication_reports/KI_70_18.2_19dec14.pdf,Statement 3.5: Incidence of indebtedness (IOI) and average debt per household (AOD) by asset holding class: all-India,PDF p.22 (printed p.16),OK,
D9-00274,9,"NSS 70th round Key Indicators of Debt and Investment in India, NSS KI (70/18.2), December 2014 (exact day not stated on cover)",,"AIDIS 2013, NSS 70th round (January - December 2013)",2013-01-01,2013-12-31,2012-06-30,AOD_BY_DECILE,Average amount of debt per household by asset-holding decile class,mean,36751,INR_per_household,current prices (nominal),households,India,,,all,urban,All-India,,decile class 6 of household asset holding (1=lowest),KI_70_18.2_19dec14.pdf,https://www.mospi.gov.in/sites/default/files/publication_reports/KI_70_18.2_19dec14.pdf,Statement 3.5: Incidence of indebtedness (IOI) and average debt per household (AOD) by asset holding class: all-India,PDF p.22 (printed p.16),OK,
D9-00275,9,"NSS 70th round Key Indicators of Debt and Investment in India, NSS KI (70/18.2), December 2014 (exact day not stated on cover)",,"AIDIS 2013, NSS 70th round (January - December 2013)",2013-01-01,2013-12-31,2012-06-30,AODL_BY_DECILE,Average amount of debt per indebted household by asset-holding decile class,mean,156807,INR_per_indebted_household,current prices (nominal),indebted households,India,,,all,urban,All-India,,decile class 6 of household asset holding (1=lowest),KI_70_18.2_19dec14.pdf,https://www.mospi.gov.in/sites/default/files/publication_reports/KI_70_18.2_19dec14.pdf,Statement 3.5: Incidence of indebtedness (IOI) and average debt per household (AOD) by asset holding class: all-India,PDF p.22 (printed p.16),OK,
D9-00276,9,"NSS 70th round Key Indicators of Debt and Investment in India, NSS KI (70/18.2), December 2014 (exact day not stated on cover)",,"AIDIS 2013, NSS 70th round (January - December 2013)",2013-01-01,2013-12-31,2012-06-30,IOI_BY_DECILE,Incidence of indebtedness by asset-holding decile class,rate,32.69,percent,current prices (nominal),households,India,,,all,rural,All-India,,decile class 7 of household asset holding (1=lowest),KI_70_18.2_19dec14.pdf,https://www.mospi.gov.in/sites/default/files/publication_reports/KI_70_18.2_19dec14.pdf,Statement 3.5: Incidence of indebtedness (IOI) and average debt per household (AOD) by asset holding class: all-India,PDF p.22 (printed p.16),OK,
D9-00277,9,"NSS 70th round Key Indicators of Debt and Investment in India, NSS KI (70/18.2), December 2014 (exact day not stated on cover)",,"AIDIS 2013, NSS 70th round (January - December 2013)",2013-01-01,2013-12-31,2012-06-30,AOD_BY_DECILE,Average amount of debt per household by asset-holding decile class,mean,28770,INR_per_household,current prices (nominal),households,India,,,all,rural,All-India,,decile class 7 of household asset holding (1=lowest),KI_70_18.2_19dec14.pdf,https://www.mospi.gov.in/sites/default/files/publication_reports/KI_70_18.2_19dec14.pdf,Statement 3.5: Incidence of indebtedness (IOI) and average debt per household (AOD) by asset holding class: all-India,PDF p.22 (printed p.16),OK,
D9-00278,9,"NSS 70th round Key Indicators of Debt and Investment in India, NSS KI (70/18.2), December 2014 (exact day not stated on cover)",,"AIDIS 2013, NSS 70th round (January - December 2013)",2013-01-01,2013-12-31,2012-06-30,AODL_BY_DECILE,Average amount of debt per indebted household by asset-holding decile class,mean,88006,INR_per_indebted_household,current prices (nominal),indebted households,India,,,all,rural,All-India,,decile class 7 of household asset holding (1=lowest),KI_70_18.2_19dec14.pdf,https://www.mospi.gov.in/sites/default/files/publication_reports/KI_70_18.2_19dec14.pdf,Statement 3.5: Incidence of indebtedness (IOI) and average debt per household (AOD) by asset holding class: all-India,PDF p.22 (printed p.16),OK,
D9-00279,9,"NSS 70th round Key Indicators of Debt and Investment in India, NSS KI (70/18.2), December 2014 (exact day not stated on cover)",,"AIDIS 2013, NSS 70th round (January - December 2013)",2013-01-01,2013-12-31,2012-06-30,IOI_BY_DECILE,Incidence of indebtedness by asset-holding decile class,rate,23.77,percent,current prices (nominal),households,India,,,all,urban,All-India,,decile class 7 of household asset holding (1=lowest),KI_70_18.2_19dec14.pdf,https://www.mospi.gov.in/sites/default/files/publication_reports/KI_70_18.2_19dec14.pdf,Statement 3.5: Incidence of indebtedness (IOI) and average debt per household (AOD) by asset holding class: all-India,PDF p.22 (printed p.16),OK,
D9-00280,9,"NSS 70th round Key Indicators of Debt and Investment in India, NSS KI (70/18.2), December 2014 (exact day not stated on cover)",,"AIDIS 2013, NSS 70th round (January - December 2013)",2013-01-01,2013-12-31,2012-06-30,AOD_BY_DECILE,Average amount of debt per household by asset-holding decile class,mean,55519,INR_per_household,current prices (nominal),households,India,,,all,urban,All-India,,decile class 7 of household asset holding (1=lowest),KI_70_18.2_19dec14.pdf,https://www.mospi.gov.in/sites/default/files/publication_reports/KI_70_18.2_19dec14.pdf,Statement 3.5: Incidence of indebtedness (IOI) and average debt per household (AOD) by asset holding class: all-India,PDF p.22 (printed p.16),OK,
D9-00281,9,"NSS 70th round Key Indicators of Debt and Investment in India, NSS KI (70/18.2), December 2014 (exact day not stated on cover)",,"AIDIS 2013, NSS 70th round (January - December 2013)",2013-01-01,2013-12-31,2012-06-30,AODL_BY_DECILE,Average amount of debt per indebted household by asset-holding decile class,mean,233609,INR_per_indebted_household,current prices (nominal),indebted households,India,,,all,urban,All-India,,decile class 7 of household asset holding (1=lowest),KI_70_18.2_19dec14.pdf,https://www.mospi.gov.in/sites/default/files/publication_reports/KI_70_18.2_19dec14.pdf,Statement 3.5: Incidence of indebtedness (IOI) and average debt per household (AOD) by asset holding class: all-India,PDF p.22 (printed p.16),OK,
D9-00282,9,"NSS 70th round Key Indicators of Debt and Investment in India, NSS KI (70/18.2), December 2014 (exact day not stated on cover)",,"AIDIS 2013, NSS 70th round (January - December 2013)",2013-01-01,2013-12-31,2012-06-30,IOI_BY_DECILE,Incidence of indebtedness by asset-holding decile class,rate,37.33,percent,current prices (nominal),households,India,,,all,rural,All-India,,decile class 8 of household asset holding (1=lowest),KI_70_18.2_19dec14.pdf,https://www.mospi.gov.in/sites/default/files/publication_reports/KI_70_18.2_19dec14.pdf,Statement 3.5: Incidence of indebtedness (IOI) and average debt per household (AOD) by asset holding class: all-India,PDF p.22 (printed p.16),OK,
D9-00283,9,"NSS 70th round Key Indicators of Debt and Investment in India, NSS KI (70/18.2), December 2014 (exact day not stated on cover)",,"AIDIS 2013, NSS 70th round (January - December 2013)",2013-01-01,2013-12-31,2012-06-30,AOD_BY_DECILE,Average amount of debt per household by asset-holding decile class,mean,37662,INR_per_household,current prices (nominal),households,India,,,all,rural,All-India,,decile class 8 of household asset holding (1=lowest),KI_70_18.2_19dec14.pdf,https://www.mospi.gov.in/sites/default/files/publication_reports/KI_70_18.2_19dec14.pdf,Statement 3.5: Incidence of indebtedness (IOI) and average debt per household (AOD) by asset holding class: all-India,PDF p.22 (printed p.16),OK,
D9-00284,9,"NSS 70th round Key Indicators of Debt and Investment in India, NSS KI (70/18.2), December 2014 (exact day not stated on cover)",,"AIDIS 2013, NSS 70th round (January - December 2013)",2013-01-01,2013-12-31,2012-06-30,AODL_BY_DECILE,Average amount of debt per indebted household by asset-holding decile class,mean,100877,INR_per_indebted_household,current prices (nominal),indebted households,India,,,all,rural,All-India,,decile class 8 of household asset holding (1=lowest),KI_70_18.2_19dec14.pdf,https://www.mospi.gov.in/sites/default/files/publication_reports/KI_70_18.2_19dec14.pdf,Statement 3.5: Incidence of indebtedness (IOI) and average debt per household (AOD) by asset holding class: all-India,PDF p.22 (printed p.16),OK,
D9-00285,9,"NSS 70th round Key Indicators of Debt and Investment in India, NSS KI (70/18.2), December 2014 (exact day not stated on cover)",,"AIDIS 2013, NSS 70th round (January - December 2013)",2013-01-01,2013-12-31,2012-06-30,IOI_BY_DECILE,Incidence of indebtedness by asset-holding decile class,rate,25.42,percent,current prices (nominal),households,India,,,all,urban,All-India,,decile class 8 of household asset holding (1=lowest),KI_70_18.2_19dec14.pdf,https://www.mospi.gov.in/sites/default/files/publication_reports/KI_70_18.2_19dec14.pdf,Statement 3.5: Incidence of indebtedness (IOI) and average debt per household (AOD) by asset holding class: all-India,PDF p.22 (printed p.16),OK,
D9-00286,9,"NSS 70th round Key Indicators of Debt and Investment in India, NSS KI (70/18.2), December 2014 (exact day not stated on cover)",,"AIDIS 2013, NSS 70th round (January - December 2013)",2013-01-01,2013-12-31,2012-06-30,AOD_BY_DECILE,Average amount of debt per household by asset-holding decile class,mean,91069,INR_per_household,current prices (nominal),households,India,,,all,urban,All-India,,decile class 8 of household asset holding (1=lowest),KI_70_18.2_19dec14.pdf,https://www.mospi.gov.in/sites/default/files/publication_reports/KI_70_18.2_19dec14.pdf,Statement 3.5: Incidence of indebtedness (IOI) and average debt per household (AOD) by asset holding class: all-India,PDF p.22 (printed p.16),OK,
D9-00287,9,"NSS 70th round Key Indicators of Debt and Investment in India, NSS KI (70/18.2), December 2014 (exact day not stated on cover)",,"AIDIS 2013, NSS 70th round (January - December 2013)",2013-01-01,2013-12-31,2012-06-30,AODL_BY_DECILE,Average amount of debt per indebted household by asset-holding decile class,mean,358212,INR_per_indebted_household,current prices (nominal),indebted households,India,,,all,urban,All-India,,decile class 8 of household asset holding (1=lowest),KI_70_18.2_19dec14.pdf,https://www.mospi.gov.in/sites/default/files/publication_reports/KI_70_18.2_19dec14.pdf,Statement 3.5: Incidence of indebtedness (IOI) and average debt per household (AOD) by asset holding class: all-India,PDF p.22 (printed p.16),OK,
D9-00288,9,"NSS 70th round Key Indicators of Debt and Investment in India, NSS KI (70/18.2), December 2014 (exact day not stated on cover)",,"AIDIS 2013, NSS 70th round (January - December 2013)",2013-01-01,2013-12-31,2012-06-30,IOI_BY_DECILE,Incidence of indebtedness by asset-holding decile class,rate,42.64,percent,current prices (nominal),households,India,,,all,rural,All-India,,decile class 9 of household asset holding (1=lowest),KI_70_18.2_19dec14.pdf,https://www.mospi.gov.in/sites/default/files/publication_reports/KI_70_18.2_19dec14.pdf,Statement 3.5: Incidence of indebtedness (IOI) and average debt per household (AOD) by asset holding class: all-India,PDF p.22 (printed p.16),OK,
D9-00289,9,"NSS 70th round Key Indicators of Debt and Investment in India, NSS KI (70/18.2), December 2014 (exact day not stated on cover)",,"AIDIS 2013, NSS 70th round (January - December 2013)",2013-01-01,2013-12-31,2012-06-30,AOD_BY_DECILE,Average amount of debt per household by asset-holding decile class,mean,56658,INR_per_household,current prices (nominal),households,India,,,all,rural,All-India,,decile class 9 of household asset holding (1=lowest),KI_70_18.2_19dec14.pdf,https://www.mospi.gov.in/sites/default/files/publication_reports/KI_70_18.2_19dec14.pdf,Statement 3.5: Incidence of indebtedness (IOI) and average debt per household (AOD) by asset holding class: all-India,PDF p.22 (printed p.16),OK,
D9-00290,9,"NSS 70th round Key Indicators of Debt and Investment in India, NSS KI (70/18.2), December 2014 (exact day not stated on cover)",,"AIDIS 2013, NSS 70th round (January - December 2013)",2013-01-01,2013-12-31,2012-06-30,AODL_BY_DECILE,Average amount of debt per indebted household by asset-holding decile class,mean,132867,INR_per_indebted_household,current prices (nominal),indebted households,India,,,all,rural,All-India,,decile class 9 of household asset holding (1=lowest),KI_70_18.2_19dec14.pdf,https://www.mospi.gov.in/sites/default/files/publication_reports/KI_70_18.2_19dec14.pdf,Statement 3.5: Incidence of indebtedness (IOI) and average debt per household (AOD) by asset holding class: all-India,PDF p.22 (printed p.16),OK,
D9-00291,9,"NSS 70th round Key Indicators of Debt and Investment in India, NSS KI (70/18.2), December 2014 (exact day not stated on cover)",,"AIDIS 2013, NSS 70th round (January - December 2013)",2013-01-01,2013-12-31,2012-06-30,IOI_BY_DECILE,Incidence of indebtedness by asset-holding decile class,rate,29.41,percent,current prices (nominal),households,India,,,all,urban,All-India,,decile class 9 of household asset holding (1=lowest),KI_70_18.2_19dec14.pdf,https://www.mospi.gov.in/sites/default/files/publication_reports/KI_70_18.2_19dec14.pdf,Statement 3.5: Incidence of indebtedness (IOI) and average debt per household (AOD) by asset holding class: all-India,PDF p.22 (printed p.16),OK,
D9-00292,9,"NSS 70th round Key Indicators of Debt and Investment in India, NSS KI (70/18.2), December 2014 (exact day not stated on cover)",,"AIDIS 2013, NSS 70th round (January - December 2013)",2013-01-01,2013-12-31,2012-06-30,AOD_BY_DECILE,Average amount of debt per household by asset-holding decile class,mean,168470,INR_per_household,current prices (nominal),households,India,,,all,urban,All-India,,decile class 9 of household asset holding (1=lowest),KI_70_18.2_19dec14.pdf,https://www.mospi.gov.in/sites/default/files/publication_reports/KI_70_18.2_19dec14.pdf,Statement 3.5: Incidence of indebtedness (IOI) and average debt per household (AOD) by asset holding class: all-India,PDF p.22 (printed p.16),OK,
D9-00293,9,"NSS 70th round Key Indicators of Debt and Investment in India, NSS KI (70/18.2), December 2014 (exact day not stated on cover)",,"AIDIS 2013, NSS 70th round (January - December 2013)",2013-01-01,2013-12-31,2012-06-30,AODL_BY_DECILE,Average amount of debt per indebted household by asset-holding decile class,mean,572822,INR_per_indebted_household,current prices (nominal),indebted households,India,,,all,urban,All-India,,decile class 9 of household asset holding (1=lowest),KI_70_18.2_19dec14.pdf,https://www.mospi.gov.in/sites/default/files/publication_reports/KI_70_18.2_19dec14.pdf,Statement 3.5: Incidence of indebtedness (IOI) and average debt per household (AOD) by asset holding class: all-India,PDF p.22 (printed p.16),OK,
D9-00294,9,"NSS 70th round Key Indicators of Debt and Investment in India, NSS KI (70/18.2), December 2014 (exact day not stated on cover)",,"AIDIS 2013, NSS 70th round (January - December 2013)",2013-01-01,2013-12-31,2012-06-30,IOI_BY_DECILE,Incidence of indebtedness by asset-holding decile class,rate,41.32,percent,current prices (nominal),households,India,,,all,rural,All-India,,decile class 10 of household asset holding (1=lowest),KI_70_18.2_19dec14.pdf,https://www.mospi.gov.in/sites/default/files/publication_reports/KI_70_18.2_19dec14.pdf,Statement 3.5: Incidence of indebtedness (IOI) and average debt per household (AOD) by asset holding class: all-India,PDF p.22 (printed p.16),OK,
D9-00295,9,"NSS 70th round Key Indicators of Debt and Investment in India, NSS KI (70/18.2), December 2014 (exact day not stated on cover)",,"AIDIS 2013, NSS 70th round (January - December 2013)",2013-01-01,2013-12-31,2012-06-30,AOD_BY_DECILE,Average amount of debt per household by asset-holding decile class,mean,111884,INR_per_household,current prices (nominal),households,India,,,all,rural,All-India,,decile class 10 of household asset holding (1=lowest),KI_70_18.2_19dec14.pdf,https://www.mospi.gov.in/sites/default/files/publication_reports/KI_70_18.2_19dec14.pdf,Statement 3.5: Incidence of indebtedness (IOI) and average debt per household (AOD) by asset holding class: all-India,PDF p.22 (printed p.16),OK,
D9-00296,9,"NSS 70th round Key Indicators of Debt and Investment in India, NSS KI (70/18.2), December 2014 (exact day not stated on cover)",,"AIDIS 2013, NSS 70th round (January - December 2013)",2013-01-01,2013-12-31,2012-06-30,AODL_BY_DECILE,Average amount of debt per indebted household by asset-holding decile class,mean,270747,INR_per_indebted_household,current prices (nominal),indebted households,India,,,all,rural,All-India,,decile class 10 of household asset holding (1=lowest),KI_70_18.2_19dec14.pdf,https://www.mospi.gov.in/sites/default/files/publication_reports/KI_70_18.2_19dec14.pdf,Statement 3.5: Incidence of indebtedness (IOI) and average debt per household (AOD) by asset holding class: all-India,PDF p.22 (printed p.16),OK,
D9-00297,9,"NSS 70th round Key Indicators of Debt and Investment in India, NSS KI (70/18.2), December 2014 (exact day not stated on cover)",,"AIDIS 2013, NSS 70th round (January - December 2013)",2013-01-01,2013-12-31,2012-06-30,IOI_BY_DECILE,Incidence of indebtedness by asset-holding decile class,rate,31.74,percent,current prices (nominal),households,India,,,all,urban,All-India,,decile class 10 of household asset holding (1=lowest),KI_70_18.2_19dec14.pdf,https://www.mospi.gov.in/sites/default/files/publication_reports/KI_70_18.2_19dec14.pdf,Statement 3.5: Incidence of indebtedness (IOI) and average debt per household (AOD) by asset holding class: all-India,PDF p.22 (printed p.16),OK,
D9-00298,9,"NSS 70th round Key Indicators of Debt and Investment in India, NSS KI (70/18.2), December 2014 (exact day not stated on cover)",,"AIDIS 2013, NSS 70th round (January - December 2013)",2013-01-01,2013-12-31,2012-06-30,AOD_BY_DECILE,Average amount of debt per household by asset-holding decile class,mean,398457,INR_per_household,current prices (nominal),households,India,,,all,urban,All-India,,decile class 10 of household asset holding (1=lowest),KI_70_18.2_19dec14.pdf,https://www.mospi.gov.in/sites/default/files/publication_reports/KI_70_18.2_19dec14.pdf,Statement 3.5: Incidence of indebtedness (IOI) and average debt per household (AOD) by asset holding class: all-India,PDF p.22 (printed p.16),OK,
D9-00299,9,"NSS 70th round Key Indicators of Debt and Investment in India, NSS KI (70/18.2), December 2014 (exact day not stated on cover)",,"AIDIS 2013, NSS 70th round (January - December 2013)",2013-01-01,2013-12-31,2012-06-30,AODL_BY_DECILE,Average amount of debt per indebted household by asset-holding decile class,mean,1255405,INR_per_indebted_household,current prices (nominal),indebted households,India,,,all,urban,All-India,,decile class 10 of household asset holding (1=lowest),KI_70_18.2_19dec14.pdf,https://www.mospi.gov.in/sites/default/files/publication_reports/KI_70_18.2_19dec14.pdf,Statement 3.5: Incidence of indebtedness (IOI) and average debt per household (AOD) by asset holding class: all-India,PDF p.22 (printed p.16),OK,
D9-00300,9,"NSS 70th round Key Indicators of Debt and Investment in India, NSS KI (70/18.2), December 2014 (exact day not stated on cover)",,"AIDIS 2013, NSS 70th round (January - December 2013)",2013-01-01,2013-12-31,2012-06-30,AVA_COMPONENT,Average value of asset category per household,mean,731047,INR_per_household,current prices (nominal),households,India,,,all,rural,All-India,land,,KI_70_18.2_19dec14.pdf,https://www.mospi.gov.in/sites/default/files/publication_reports/KI_70_18.2_19dec14.pdf,Table 3-R: Average value of asset category (Rs.) and average value of cash loan outstanding (Rs.) as on 30.06.12 in each State/UT: Rural (all-India row),"PDF p.43 (Appendix A, A-7)",OK,All households of the sector.
D9-00301,9,"NSS 70th round Key Indicators of Debt and Investment in India, NSS KI (70/18.2), December 2014 (exact day not stated on cover)",,"AIDIS 2013, NSS 70th round (January - December 2013)",2013-01-01,2013-12-31,2012-06-30,AVA_COMPONENT,Average value of asset category per household,mean,212778,INR_per_household,current prices (nominal),households,India,,,all,rural,All-India,building,,KI_70_18.2_19dec14.pdf,https://www.mospi.gov.in/sites/default/files/publication_reports/KI_70_18.2_19dec14.pdf,Table 3-R: Average value of asset category (Rs.) and average value of cash loan outstanding (Rs.) as on 30.06.12 in each State/UT: Rural (all-India row),"PDF p.43 (Appendix A, A-7)",OK,All households of the sector.
D9-00302,9,"NSS 70th round Key Indicators of Debt and Investment in India, NSS KI (70/18.2), December 2014 (exact day not stated on cover)",,"AIDIS 2013, NSS 70th round (January - December 2013)",2013-01-01,2013-12-31,2012-06-30,AVA_COMPONENT,Average value of asset category per household,mean,16225,INR_per_household,current prices (nominal),households,India,,,all,rural,All-India,livestock & poultry,,KI_70_18.2_19dec14.pdf,https://www.mospi.gov.in/sites/default/files/publication_reports/KI_70_18.2_19dec14.pdf,Table 3-R: Average value of asset category (Rs.) and average value of cash loan outstanding (Rs.) as on 30.06.12 in each State/UT: Rural (all-India row),"PDF p.43 (Appendix A, A-7)",OK,All households of the sector.
D9-00303,9,"NSS 70th round Key Indicators of Debt and Investment in India, NSS KI (70/18.2), December 2014 (exact day not stated on cover)",,"AIDIS 2013, NSS 70th round (January - December 2013)",2013-01-01,2013-12-31,2012-06-30,AVA_COMPONENT,Average value of asset category per household,mean,4426,INR_per_household,current prices (nominal),households,India,,,all,rural,All-India,farm business equipment,,KI_70_18.2_19dec14.pdf,https://www.mospi.gov.in/sites/default/files/publication_reports/KI_70_18.2_19dec14.pdf,Table 3-R: Average value of asset category (Rs.) and average value of cash loan outstanding (Rs.) as on 30.06.12 in each State/UT: Rural (all-India row),"PDF p.43 (Appendix A, A-7)",OK,All households of the sector.
D9-00304,9,"NSS 70th round Key Indicators of Debt and Investment in India, NSS KI (70/18.2), December 2014 (exact day not stated on cover)",,"AIDIS 2013, NSS 70th round (January - December 2013)",2013-01-01,2013-12-31,2012-06-30,AVA_COMPONENT,Average value of asset category per household,mean,2492,INR_per_household,current prices (nominal),households,India,,,all,rural,All-India,non-farm business equipment,,KI_70_18.2_19dec14.pdf,https://www.mospi.gov.in/sites/default/files/publication_reports/KI_70_18.2_19dec14.pdf,Table 3-R: Average value of asset category (Rs.) and average value of cash loan outstanding (Rs.) as on 30.06.12 in each State/UT: Rural (all-India row),"PDF p.43 (Appendix A, A-7)",OK,All households of the sector.
D9-00305,9,"NSS 70th round Key Indicators of Debt and Investment in India, NSS KI (70/18.2), December 2014 (exact day not stated on cover)",,"AIDIS 2013, NSS 70th round (January - December 2013)",2013-01-01,2013-12-31,2012-06-30,AVA_COMPONENT,Average value of asset category per household,mean,21342,INR_per_household,current prices (nominal),households,India,,,all,rural,All-India,transport equipment,,KI_70_18.2_19dec14.pdf,https://www.mospi.gov.in/sites/default/files/publication_reports/KI_70_18.2_19dec14.pdf,Table 3-R: Average value of asset category (Rs.) and average value of cash loan outstanding (Rs.) as on 30.06.12 in each State/UT: Rural (all-India row),"PDF p.43 (Appendix A, A-7)",OK,All households of the sector.
D9-00306,9,"NSS 70th round Key Indicators of Debt and Investment in India, NSS KI (70/18.2), December 2014 (exact day not stated on cover)",,"AIDIS 2013, NSS 70th round (January - December 2013)",2013-01-01,2013-12-31,2012-06-30,AVA_COMPONENT,Average value of asset category per household,mean,746,INR_per_household,current prices (nominal),households,India,,,all,rural,All-India,shares etc.,,KI_70_18.2_19dec14.pdf,https://www.mospi.gov.in/sites/default/files/publication_reports/KI_70_18.2_19dec14.pdf,Table 3-R: Average value of asset category (Rs.) and average value of cash loan outstanding (Rs.) as on 30.06.12 in each State/UT: Rural (all-India row),"PDF p.43 (Appendix A, A-7)",OK,All households of the sector.
D9-00307,9,"NSS 70th round Key Indicators of Debt and Investment in India, NSS KI (70/18.2), December 2014 (exact day not stated on cover)",,"AIDIS 2013, NSS 70th round (January - December 2013)",2013-01-01,2013-12-31,2012-06-30,AVA_COMPONENT,Average value of asset category per household,mean,16642,INR_per_household,current prices (nominal),households,India,,,all,rural,All-India,deposits etc.,,KI_70_18.2_19dec14.pdf,https://www.mospi.gov.in/sites/default/files/publication_reports/KI_70_18.2_19dec14.pdf,Table 3-R: Average value of asset category (Rs.) and average value of cash loan outstanding (Rs.) as on 30.06.12 in each State/UT: Rural (all-India row),"PDF p.43 (Appendix A, A-7)",OK,All households of the sector.
D9-00308,9,"NSS 70th round Key Indicators of Debt and Investment in India, NSS KI (70/18.2), December 2014 (exact day not stated on cover)",,"AIDIS 2013, NSS 70th round (January - December 2013)",2013-01-01,2013-12-31,2012-06-30,AVA_COMPONENT,Average value of asset category per household,mean,1286,INR_per_household,current prices (nominal),households,India,,,all,rural,All-India,amount receivable,,KI_70_18.2_19dec14.pdf,https://www.mospi.gov.in/sites/default/files/publication_reports/KI_70_18.2_19dec14.pdf,Table 3-R: Average value of asset category (Rs.) and average value of cash loan outstanding (Rs.) as on 30.06.12 in each State/UT: Rural (all-India row),"PDF p.43 (Appendix A, A-7)",OK,All households of the sector.
D9-00309,9,"NSS 70th round Key Indicators of Debt and Investment in India, NSS KI (70/18.2), December 2014 (exact day not stated on cover)",,"AIDIS 2013, NSS 70th round (January - December 2013)",2013-01-01,2013-12-31,2012-06-30,AVA_TOTAL,Average value of assets (AVA) owned per household,mean,1006985,INR_per_household,current prices (nominal),households,India,,,all,rural,All-India,,,KI_70_18.2_19dec14.pdf,https://www.mospi.gov.in/sites/default/files/publication_reports/KI_70_18.2_19dec14.pdf,Table 3-R: Average value of asset category (Rs.) and average value of cash loan outstanding (Rs.) as on 30.06.12 in each State/UT: Rural (all-India row),"PDF p.43 (Appendix A, A-7)",OK,Total of categories; equals Statement 3.1.
D9-00310,9,"NSS 70th round Key Indicators of Debt and Investment in India, NSS KI (70/18.2), December 2014 (exact day not stated on cover)",,"AIDIS 2013, NSS 70th round (January - December 2013)",2013-01-01,2013-12-31,2012-06-30,AOD,Average amount of debt (AOD) per household (cash dues),mean,32522,INR_per_household,current prices (nominal),households,India,,,all,rural,All-India,,,KI_70_18.2_19dec14.pdf,https://www.mospi.gov.in/sites/default/files/publication_reports/KI_70_18.2_19dec14.pdf,Table 3-R: Average value of asset category (Rs.) and average value of cash loan outstanding (Rs.) as on 30.06.12 in each State/UT: Rural (all-India row),"PDF p.43 (Appendix A, A-7)",OK,
D9-00311,9,"NSS 70th round Key Indicators of Debt and Investment in India, NSS KI (70/18.2), December 2014 (exact day not stated on cover)",,"AIDIS 2013, NSS 70th round (January - December 2013)",2013-01-01,2013-12-31,2012-06-30,AVA_COMPONENT,Average value of asset category per household,mean,1072822,INR_per_household,current prices (nominal),households,India,,,all,urban,All-India,land,,KI_70_18.2_19dec14.pdf,https://www.mospi.gov.in/sites/default/files/publication_reports/KI_70_18.2_19dec14.pdf,Table 3-U: Average value of asset category (Rs.) and average value of cash loan outstanding (Rs.) as on 30.06.12 in each State/UT: Urban (all-India row),"PDF p.45 (Appendix A, A-9)",OK,All households of the sector.
D9-00312,9,"NSS 70th round Key Indicators of Debt and Investment in India, NSS KI (70/18.2), December 2014 (exact day not stated on cover)",,"AIDIS 2013, NSS 70th round (January - December 2013)",2013-01-01,2013-12-31,2012-06-30,AVA_COMPONENT,Average value of asset category per household,mean,1025036,INR_per_household,current prices (nominal),households,India,,,all,urban,All-India,building,,KI_70_18.2_19dec14.pdf,https://www.mospi.gov.in/sites/default/files/publication_reports/KI_70_18.2_19dec14.pdf,Table 3-U: Average value of asset category (Rs.) and average value of cash loan outstanding (Rs.) as on 30.06.12 in each State/UT: Urban (all-India row),"PDF p.45 (Appendix A, A-9)",OK,All households of the sector.
D9-00313,9,"NSS 70th round Key Indicators of Debt and Investment in India, NSS KI (70/18.2), December 2014 (exact day not stated on cover)",,"AIDIS 2013, NSS 70th round (January - December 2013)",2013-01-01,2013-12-31,2012-06-30,AVA_COMPONENT,Average value of asset category per household,mean,2332,INR_per_household,current prices (nominal),households,India,,,all,urban,All-India,livestock & poultry,,KI_70_18.2_19dec14.pdf,https://www.mospi.gov.in/sites/default/files/publication_reports/KI_70_18.2_19dec14.pdf,Table 3-U: Average value of asset category (Rs.) and average value of cash loan outstanding (Rs.) as on 30.06.12 in each State/UT: Urban (all-India row),"PDF p.45 (Appendix A, A-9)",OK,All households of the sector.
D9-00314,9,"NSS 70th round Key Indicators of Debt and Investment in India, NSS KI (70/18.2), December 2014 (exact day not stated on cover)",,"AIDIS 2013, NSS 70th round (January - December 2013)",2013-01-01,2013-12-31,2012-06-30,AVA_COMPONENT,Average value of asset category per household,mean,816,INR_per_household,current prices (nominal),households,India,,,all,urban,All-India,farm business equipment,,KI_70_18.2_19dec14.pdf,https://www.mospi.gov.in/sites/default/files/publication_reports/KI_70_18.2_19dec14.pdf,Table 3-U: Average value of asset category (Rs.) and average value of cash loan outstanding (Rs.) as on 30.06.12 in each State/UT: Urban (all-India row),"PDF p.45 (Appendix A, A-9)",OK,All households of the sector.
D9-00315,9,"NSS 70th round Key Indicators of Debt and Investment in India, NSS KI (70/18.2), December 2014 (exact day not stated on cover)",,"AIDIS 2013, NSS 70th round (January - December 2013)",2013-01-01,2013-12-31,2012-06-30,AVA_COMPONENT,Average value of asset category per household,mean,17391,INR_per_household,current prices (nominal),households,India,,,all,urban,All-India,non-farm business equipment,,KI_70_18.2_19dec14.pdf,https://www.mospi.gov.in/sites/default/files/publication_reports/KI_70_18.2_19dec14.pdf,Table 3-U: Average value of asset category (Rs.) and average value of cash loan outstanding (Rs.) as on 30.06.12 in each State/UT: Urban (all-India row),"PDF p.45 (Appendix A, A-9)",OK,All households of the sector.
D9-00316,9,"NSS 70th round Key Indicators of Debt and Investment in India, NSS KI (70/18.2), December 2014 (exact day not stated on cover)",,"AIDIS 2013, NSS 70th round (January - December 2013)",2013-01-01,2013-12-31,2012-06-30,AVA_COMPONENT,Average value of asset category per household,mean,56856,INR_per_household,current prices (nominal),households,India,,,all,urban,All-India,transport equipment,,KI_70_18.2_19dec14.pdf,https://www.mospi.gov.in/sites/default/files/publication_reports/KI_70_18.2_19dec14.pdf,Table 3-U: Average value of asset category (Rs.) and average value of cash loan outstanding (Rs.) as on 30.06.12 in each State/UT: Urban (all-India row),"PDF p.45 (Appendix A, A-9)",OK,All households of the sector.
D9-00317,9,"NSS 70th round Key Indicators of Debt and Investment in India, NSS KI (70/18.2), December 2014 (exact day not stated on cover)",,"AIDIS 2013, NSS 70th round (January - December 2013)",2013-01-01,2013-12-31,2012-06-30,AVA_COMPONENT,Average value of asset category per household,mean,3916,INR_per_household,current prices (nominal),households,India,,,all,urban,All-India,shares etc.,,KI_70_18.2_19dec14.pdf,https://www.mospi.gov.in/sites/default/files/publication_reports/KI_70_18.2_19dec14.pdf,Table 3-U: Average value of asset category (Rs.) and average value of cash loan outstanding (Rs.) as on 30.06.12 in each State/UT: Urban (all-India row),"PDF p.45 (Appendix A, A-9)",OK,All households of the sector.
D9-00318,9,"NSS 70th round Key Indicators of Debt and Investment in India, NSS KI (70/18.2), December 2014 (exact day not stated on cover)",,"AIDIS 2013, NSS 70th round (January - December 2013)",2013-01-01,2013-12-31,2012-06-30,AVA_COMPONENT,Average value of asset category per household,mean,99383,INR_per_household,current prices (nominal),households,India,,,all,urban,All-India,deposits etc.,,KI_70_18.2_19dec14.pdf,https://www.mospi.gov.in/sites/default/files/publication_reports/KI_70_18.2_19dec14.pdf,Table 3-U: Average value of asset category (Rs.) and average value of cash loan outstanding (Rs.) as on 30.06.12 in each State/UT: Urban (all-India row),"PDF p.45 (Appendix A, A-9)",OK,All households of the sector.
D9-00319,9,"NSS 70th round Key Indicators of Debt and Investment in India, NSS KI (70/18.2), December 2014 (exact day not stated on cover)",,"AIDIS 2013, NSS 70th round (January - December 2013)",2013-01-01,2013-12-31,2012-06-30,AVA_COMPONENT,Average value of asset category per household,mean,6585,INR_per_household,current prices (nominal),households,India,,,all,urban,All-India,amount receivable,,KI_70_18.2_19dec14.pdf,https://www.mospi.gov.in/sites/default/files/publication_reports/KI_70_18.2_19dec14.pdf,Table 3-U: Average value of asset category (Rs.) and average value of cash loan outstanding (Rs.) as on 30.06.12 in each State/UT: Urban (all-India row),"PDF p.45 (Appendix A, A-9)",OK,All households of the sector.
D9-00320,9,"NSS 70th round Key Indicators of Debt and Investment in India, NSS KI (70/18.2), December 2014 (exact day not stated on cover)",,"AIDIS 2013, NSS 70th round (January - December 2013)",2013-01-01,2013-12-31,2012-06-30,AVA_TOTAL,Average value of assets (AVA) owned per household,mean,2285135,INR_per_household,current prices (nominal),households,India,,,all,urban,All-India,,,KI_70_18.2_19dec14.pdf,https://www.mospi.gov.in/sites/default/files/publication_reports/KI_70_18.2_19dec14.pdf,Table 3-U: Average value of asset category (Rs.) and average value of cash loan outstanding (Rs.) as on 30.06.12 in each State/UT: Urban (all-India row),"PDF p.45 (Appendix A, A-9)",OK,Total of categories; equals Statement 3.1.
D9-00321,9,"NSS 70th round Key Indicators of Debt and Investment in India, NSS KI (70/18.2), December 2014 (exact day not stated on cover)",,"AIDIS 2013, NSS 70th round (January - December 2013)",2013-01-01,2013-12-31,2012-06-30,AOD,Average amount of debt (AOD) per household (cash dues),mean,84625,INR_per_household,current prices (nominal),households,India,,,all,urban,All-India,,,KI_70_18.2_19dec14.pdf,https://www.mospi.gov.in/sites/default/files/publication_reports/KI_70_18.2_19dec14.pdf,Table 3-U: Average value of asset category (Rs.) and average value of cash loan outstanding (Rs.) as on 30.06.12 in each State/UT: Urban (all-India row),"PDF p.45 (Appendix A, A-9)",OK,
D9-00322,9,"NSS 70th round Key Indicators of Debt and Investment in India, NSS KI (70/18.2), December 2014 (exact day not stated on cover)",,"AIDIS 2013, NSS 70th round (January - December 2013)",2013-01-01,2013-12-31,2012-06-30,AVA_TOTAL,Average value of assets (AVA) owned per household,mean,411939,INR_per_household,current prices (nominal),households,Andhra Pradesh,,,all,rural,Andhra Pradesh,,,KI_70_18.2_19dec14.pdf,https://www.mospi.gov.in/sites/default/files/publication_reports/KI_70_18.2_19dec14.pdf,"Table 2-R: AVA, AOD, AOD per household with outstanding loan, IOI for rural India for each State/UT, major household types (columns ""all"")",PDF p.38-39 (Appendix A),OK,
D9-00323,9,"NSS 70th round Key Indicators of Debt and Investment in India, NSS KI (70/18.2), December 2014 (exact day not stated on cover)",,"AIDIS 2013, NSS 70th round (January - December 2013)",2013-01-01,2013-12-31,2012-06-30,IOI,Incidence of indebtedness (IOI): % of households indebted,rate,54.06,percent,current prices (nominal),households,Andhra Pradesh,,,all,rural,Andhra Pradesh,,,KI_70_18.2_19dec14.pdf,https://www.mospi.gov.in/sites/default/files/publication_reports/KI_70_18.2_19dec14.pdf,"Table 2-R: AVA, AOD, AOD per household with outstanding loan, IOI for rural India for each State/UT, major household types (columns ""all"")",PDF p.38-39 (Appendix A),OK,
D9-00324,9,"NSS 70th round Key Indicators of Debt and Investment in India, NSS KI (70/18.2), December 2014 (exact day not stated on cover)",,"AIDIS 2013, NSS 70th round (January - December 2013)",2013-01-01,2013-12-31,2012-06-30,AOD,Average amount of debt (AOD) per household (cash dues),mean,58263,INR_per_household,current prices (nominal),households,Andhra Pradesh,,,all,rural,Andhra Pradesh,,,KI_70_18.2_19dec14.pdf,https://www.mospi.gov.in/sites/default/files/publication_reports/KI_70_18.2_19dec14.pdf,"Table 2-R: AVA, AOD, AOD per household with outstanding loan, IOI for rural India for each State/UT, major household types (columns ""all"")",PDF p.38-39 (Appendix A),OK,
D9-00325,9,"NSS 70th round Key Indicators of Debt and Investment in India, NSS KI (70/18.2), December 2014 (exact day not stated on cover)",,"AIDIS 2013, NSS 70th round (January - December 2013)",2013-01-01,2013-12-31,2012-06-30,AODL,Average amount of debt per indebted household,mean,107773,INR_per_indebted_household,current prices (nominal),indebted households,Andhra Pradesh,,,all,rural,Andhra Pradesh,,,KI_70_18.2_19dec14.pdf,https://www.mospi.gov.in/sites/default/files/publication_reports/KI_70_18.2_19dec14.pdf,"Table 2-R: AVA, AOD, AOD per household with outstanding loan, IOI for rural India for each State/UT, major household types (columns ""all"")",PDF p.38-39 (Appendix A),OK,
D9-00326,9,"NSS 70th round Key Indicators of Debt and Investment in India, NSS KI (70/18.2), December 2014 (exact day not stated on cover)",,"AIDIS 2013, NSS 70th round (January - December 2013)",2013-01-01,2013-12-31,2012-06-30,DAR,"Debt-asset ratio (DAR), % (AOD as % of AVA)",rate,14.14,percent,current prices (nominal),households,Andhra Pradesh,,,all,rural,Andhra Pradesh,,,KI_70_18.2_19dec14.pdf,https://www.mospi.gov.in/sites/default/files/publication_reports/KI_70_18.2_19dec14.pdf,"Table 2-R: AVA, AOD, AOD per household with outstanding loan, IOI for rural India for each State/UT, major household types (columns ""all"")",PDF p.38-39 (Appendix A),OK,
D9-00327,9,"NSS 70th round Key Indicators of Debt and Investment in India, NSS KI (70/18.2), December 2014 (exact day not stated on cover)",,"AIDIS 2013, NSS 70th round (January - December 2013)",2013-01-01,2013-12-31,2012-06-30,AVA_TOTAL,Average value of assets (AVA) owned per household,mean,816195,INR_per_household,current prices (nominal),households,Arunachal Pradesh,,,all,rural,Arunachal Pradesh,,,KI_70_18.2_19dec14.pdf,https://www.mospi.gov.in/sites/default/files/publication_reports/KI_70_18.2_19dec14.pdf,"Table 2-R: AVA, AOD, AOD per household with outstanding loan, IOI for rural India for each State/UT, major household types (columns ""all"")",PDF p.38-39 (Appendix A),OK,
D9-00328,9,"NSS 70th round Key Indicators of Debt and Investment in India, NSS KI (70/18.2), December 2014 (exact day not stated on cover)",,"AIDIS 2013, NSS 70th round (January - December 2013)",2013-01-01,2013-12-31,2012-06-30,IOI,Incidence of indebtedness (IOI): % of households indebted,rate,5.15,percent,current prices (nominal),households,Arunachal Pradesh,,,all,rural,Arunachal Pradesh,,,KI_70_18.2_19dec14.pdf,https://www.mospi.gov.in/sites/default/files/publication_reports/KI_70_18.2_19dec14.pdf,"Table 2-R: AVA, AOD, AOD per household with outstanding loan, IOI for rural India for each State/UT, major household types (columns ""all"")",PDF p.38-39 (Appendix A),OK,
D9-00329,9,"NSS 70th round Key Indicators of Debt and Investment in India, NSS KI (70/18.2), December 2014 (exact day not stated on cover)",,"AIDIS 2013, NSS 70th round (January - December 2013)",2013-01-01,2013-12-31,2012-06-30,AOD,Average amount of debt (AOD) per household (cash dues),mean,4071,INR_per_household,current prices (nominal),households,Arunachal Pradesh,,,all,rural,Arunachal Pradesh,,,KI_70_18.2_19dec14.pdf,https://www.mospi.gov.in/sites/default/files/publication_reports/KI_70_18.2_19dec14.pdf,"Table 2-R: AVA, AOD, AOD per household with outstanding loan, IOI for rural India for each State/UT, major household types (columns ""all"")",PDF p.38-39 (Appendix A),OK,
D9-00330,9,"NSS 70th round Key Indicators of Debt and Investment in India, NSS KI (70/18.2), December 2014 (exact day not stated on cover)",,"AIDIS 2013, NSS 70th round (January - December 2013)",2013-01-01,2013-12-31,2012-06-30,AODL,Average amount of debt per indebted household,mean,78991,INR_per_indebted_household,current prices (nominal),indebted households,Arunachal Pradesh,,,all,rural,Arunachal Pradesh,,,KI_70_18.2_19dec14.pdf,https://www.mospi.gov.in/sites/default/files/publication_reports/KI_70_18.2_19dec14.pdf,"Table 2-R: AVA, AOD, AOD per household with outstanding loan, IOI for rural India for each State/UT, major household types (columns ""all"")",PDF p.38-39 (Appendix A),OK,
D9-00331,9,"NSS 70th round Key Indicators of Debt and Investment in India, NSS KI (70/18.2), December 2014 (exact day not stated on cover)",,"AIDIS 2013, NSS 70th round (January - December 2013)",2013-01-01,2013-12-31,2012-06-30,DAR,"Debt-asset ratio (DAR), % (AOD as % of AVA)",rate,0.5,percent,current prices (nominal),households,Arunachal Pradesh,,,all,rural,Arunachal Pradesh,,,KI_70_18.2_19dec14.pdf,https://www.mospi.gov.in/sites/default/files/publication_reports/KI_70_18.2_19dec14.pdf,"Table 2-R: AVA, AOD, AOD per household with outstanding loan, IOI for rural India for each State/UT, major household types (columns ""all"")",PDF p.38-39 (Appendix A),OK,
D9-00332,9,"NSS 70th round Key Indicators of Debt and Investment in India, NSS KI (70/18.2), December 2014 (exact day not stated on cover)",,"AIDIS 2013, NSS 70th round (January - December 2013)",2013-01-01,2013-12-31,2012-06-30,AVA_TOTAL,Average value of assets (AVA) owned per household,mean,503499,INR_per_household,current prices (nominal),households,Assam,,,all,rural,Assam,,,KI_70_18.2_19dec14.pdf,https://www.mospi.gov.in/sites/default/files/publication_reports/KI_70_18.2_19dec14.pdf,"Table 2-R: AVA, AOD, AOD per household with outstanding loan, IOI for rural India for each State/UT, major household types (columns ""all"")",PDF p.38-39 (Appendix A),OK,
D9-00333,9,"NSS 70th round Key Indicators of Debt and Investment in India, NSS KI (70/18.2), December 2014 (exact day not stated on cover)",,"AIDIS 2013, NSS 70th round (January - December 2013)",2013-01-01,2013-12-31,2012-06-30,IOI,Incidence of indebtedness (IOI): % of households indebted,rate,10.07,percent,current prices (nominal),households,Assam,,,all,rural,Assam,,,KI_70_18.2_19dec14.pdf,https://www.mospi.gov.in/sites/default/files/publication_reports/KI_70_18.2_19dec14.pdf,"Table 2-R: AVA, AOD, AOD per household with outstanding loan, IOI for rural India for each State/UT, major household types (columns ""all"")",PDF p.38-39 (Appendix A),OK,
D9-00334,9,"NSS 70th round Key Indicators of Debt and Investment in India, NSS KI (70/18.2), December 2014 (exact day not stated on cover)",,"AIDIS 2013, NSS 70th round (January - December 2013)",2013-01-01,2013-12-31,2012-06-30,AOD,Average amount of debt (AOD) per household (cash dues),mean,5256,INR_per_household,current prices (nominal),households,Assam,,,all,rural,Assam,,,KI_70_18.2_19dec14.pdf,https://www.mospi.gov.in/sites/default/files/publication_reports/KI_70_18.2_19dec14.pdf,"Table 2-R: AVA, AOD, AOD per household with outstanding loan, IOI for rural India for each State/UT, major household types (columns ""all"")",PDF p.38-39 (Appendix A),OK,
D9-00335,9,"NSS 70th round Key Indicators of Debt and Investment in India, NSS KI (70/18.2), December 2014 (exact day not stated on cover)",,"AIDIS 2013, NSS 70th round (January - December 2013)",2013-01-01,2013-12-31,2012-06-30,AODL,Average amount of debt per indebted household,mean,52200,INR_per_indebted_household,current prices (nominal),indebted households,Assam,,,all,rural,Assam,,,KI_70_18.2_19dec14.pdf,https://www.mospi.gov.in/sites/default/files/publication_reports/KI_70_18.2_19dec14.pdf,"Table 2-R: AVA, AOD, AOD per household with outstanding loan, IOI for rural India for each State/UT, major household types (columns ""all"")",PDF p.38-39 (Appendix A),OK,
D9-00336,9,"NSS 70th round Key Indicators of Debt and Investment in India, NSS KI (70/18.2), December 2014 (exact day not stated on cover)",,"AIDIS 2013, NSS 70th round (January - December 2013)",2013-01-01,2013-12-31,2012-06-30,DAR,"Debt-asset ratio (DAR), % (AOD as % of AVA)",rate,1.04,percent,current prices (nominal),households,Assam,,,all,rural,Assam,,,KI_70_18.2_19dec14.pdf,https://www.mospi.gov.in/sites/default/files/publication_reports/KI_70_18.2_19dec14.pdf,"Table 2-R: AVA, AOD, AOD per household with outstanding loan, IOI for rural India for each State/UT, major household types (columns ""all"")",PDF p.38-39 (Appendix A),OK,
D9-00337,9,"NSS 70th round Key Indicators of Debt and Investment in India, NSS KI (70/18.2), December 2014 (exact day not stated on cover)",,"AIDIS 2013, NSS 70th round (January - December 2013)",2013-01-01,2013-12-31,2012-06-30,AVA_TOTAL,Average value of assets (AVA) owned per household,mean,548464,INR_per_household,current prices (nominal),households,Bihar,,,all,rural,Bihar,,,KI_70_18.2_19dec14.pdf,https://www.mospi.gov.in/sites/default/files/publication_reports/KI_70_18.2_19dec14.pdf,"Table 2-R: AVA, AOD, AOD per household with outstanding loan, IOI for rural India for each State/UT, major household types (columns ""all"")",PDF p.38-39 (Appendix A),OK,
D9-00338,9,"NSS 70th round Key Indicators of Debt and Investment in India, NSS KI (70/18.2), December 2014 (exact day not stated on cover)",,"AIDIS 2013, NSS 70th round (January - December 2013)",2013-01-01,2013-12-31,2012-06-30,IOI,Incidence of indebtedness (IOI): % of households indebted,rate,29.08,percent,current prices (nominal),households,Bihar,,,all,rural,Bihar,,,KI_70_18.2_19dec14.pdf,https://www.mospi.gov.in/sites/default/files/publication_reports/KI_70_18.2_19dec14.pdf,"Table 2-R: AVA, AOD, AOD per household with outstanding loan, IOI for rural India for each State/UT, major household types (columns ""all"")",PDF p.38-39 (Appendix A),OK,
D9-00339,9,"NSS 70th round Key Indicators of Debt and Investment in India, NSS KI (70/18.2), December 2014 (exact day not stated on cover)",,"AIDIS 2013, NSS 70th round (January - December 2013)",2013-01-01,2013-12-31,2012-06-30,AOD,Average amount of debt (AOD) per household (cash dues),mean,16405,INR_per_household,current prices (nominal),households,Bihar,,,all,rural,Bihar,,,KI_70_18.2_19dec14.pdf,https://www.mospi.gov.in/sites/default/files/publication_reports/KI_70_18.2_19dec14.pdf,"Table 2-R: AVA, AOD, AOD per household with outstanding loan, IOI for rural India for each State/UT, major household types (columns ""all"")",PDF p.38-39 (Appendix A),OK,
D9-00340,9,"NSS 70th round Key Indicators of Debt and Investment in India, NSS KI (70/18.2), December 2014 (exact day not stated on cover)",,"AIDIS 2013, NSS 70th round (January - December 2013)",2013-01-01,2013-12-31,2012-06-30,AODL,Average amount of debt per indebted household,mean,56416,INR_per_indebted_household,current prices (nominal),indebted households,Bihar,,,all,rural,Bihar,,,KI_70_18.2_19dec14.pdf,https://www.mospi.gov.in/sites/default/files/publication_reports/KI_70_18.2_19dec14.pdf,"Table 2-R: AVA, AOD, AOD per household with outstanding loan, IOI for rural India for each State/UT, major household types (columns ""all"")",PDF p.38-39 (Appendix A),OK,
D9-00341,9,"NSS 70th round Key Indicators of Debt and Investment in India, NSS KI (70/18.2), December 2014 (exact day not stated on cover)",,"AIDIS 2013, NSS 70th round (January - December 2013)",2013-01-01,2013-12-31,2012-06-30,DAR,"Debt-asset ratio (DAR), % (AOD as % of AVA)",rate,2.99,percent,current prices (nominal),households,Bihar,,,all,rural,Bihar,,,KI_70_18.2_19dec14.pdf,https://www.mospi.gov.in/sites/default/files/publication_reports/KI_70_18.2_19dec14.pdf,"Table 2-R: AVA, AOD, AOD per household with outstanding loan, IOI for rural India for each State/UT, major household types (columns ""all"")",PDF p.38-39 (Appendix A),OK,
D9-00342,9,"NSS 70th round Key Indicators of Debt and Investment in India, NSS KI (70/18.2), December 2014 (exact day not stated on cover)",,"AIDIS 2013, NSS 70th round (January - December 2013)",2013-01-01,2013-12-31,2012-06-30,AVA_TOTAL,Average value of assets (AVA) owned per household,mean,722860,INR_per_household,current prices (nominal),households,Chhattisgarh,,,all,rural,Chhattisgarh,,,KI_70_18.2_19dec14.pdf,https://www.mospi.gov.in/sites/default/files/publication_reports/KI_70_18.2_19dec14.pdf,"Table 2-R: AVA, AOD, AOD per household with outstanding loan, IOI for rural India for each State/UT, major household types (columns ""all"")",PDF p.38-39 (Appendix A),OK,
D9-00343,9,"NSS 70th round Key Indicators of Debt and Investment in India, NSS KI (70/18.2), December 2014 (exact day not stated on cover)",,"AIDIS 2013, NSS 70th round (January - December 2013)",2013-01-01,2013-12-31,2012-06-30,IOI,Incidence of indebtedness (IOI): % of households indebted,rate,13.9,percent,current prices (nominal),households,Chhattisgarh,,,all,rural,Chhattisgarh,,,KI_70_18.2_19dec14.pdf,https://www.mospi.gov.in/sites/default/files/publication_reports/KI_70_18.2_19dec14.pdf,"Table 2-R: AVA, AOD, AOD per household with outstanding loan, IOI for rural India for each State/UT, major household types (columns ""all"")",PDF p.38-39 (Appendix A),OK,
D9-00344,9,"NSS 70th round Key Indicators of Debt and Investment in India, NSS KI (70/18.2), December 2014 (exact day not stated on cover)",,"AIDIS 2013, NSS 70th round (January - December 2013)",2013-01-01,2013-12-31,2012-06-30,AOD,Average amount of debt (AOD) per household (cash dues),mean,10148,INR_per_household,current prices (nominal),households,Chhattisgarh,,,all,rural,Chhattisgarh,,,KI_70_18.2_19dec14.pdf,https://www.mospi.gov.in/sites/default/files/publication_reports/KI_70_18.2_19dec14.pdf,"Table 2-R: AVA, AOD, AOD per household with outstanding loan, IOI for rural India for each State/UT, major household types (columns ""all"")",PDF p.38-39 (Appendix A),OK,
D9-00345,9,"NSS 70th round Key Indicators of Debt and Investment in India, NSS KI (70/18.2), December 2014 (exact day not stated on cover)",,"AIDIS 2013, NSS 70th round (January - December 2013)",2013-01-01,2013-12-31,2012-06-30,AODL,Average amount of debt per indebted household,mean,73020,INR_per_indebted_household,current prices (nominal),indebted households,Chhattisgarh,,,all,rural,Chhattisgarh,,,KI_70_18.2_19dec14.pdf,https://www.mospi.gov.in/sites/default/files/publication_reports/KI_70_18.2_19dec14.pdf,"Table 2-R: AVA, AOD, AOD per household with outstanding loan, IOI for rural India for each State/UT, major household types (columns ""all"")",PDF p.38-39 (Appendix A),OK,
D9-00346,9,"NSS 70th round Key Indicators of Debt and Investment in India, NSS KI (70/18.2), December 2014 (exact day not stated on cover)",,"AIDIS 2013, NSS 70th round (January - December 2013)",2013-01-01,2013-12-31,2012-06-30,DAR,"Debt-asset ratio (DAR), % (AOD as % of AVA)",rate,1.4,percent,current prices (nominal),households,Chhattisgarh,,,all,rural,Chhattisgarh,,,KI_70_18.2_19dec14.pdf,https://www.mospi.gov.in/sites/default/files/publication_reports/KI_70_18.2_19dec14.pdf,"Table 2-R: AVA, AOD, AOD per household with outstanding loan, IOI for rural India for each State/UT, major household types (columns ""all"")",PDF p.38-39 (Appendix A),OK,
D9-00347,9,"NSS 70th round Key Indicators of Debt and Investment in India, NSS KI (70/18.2), December 2014 (exact day not stated on cover)",,"AIDIS 2013, NSS 70th round (January - December 2013)",2013-01-01,2013-12-31,2012-06-30,AVA_TOTAL,Average value of assets (AVA) owned per household,mean,11126311,INR_per_household,current prices (nominal),households,Delhi,,,all,rural,Delhi,,,KI_70_18.2_19dec14.pdf,https://www.mospi.gov.in/sites/default/files/publication_reports/KI_70_18.2_19dec14.pdf,"Table 2-R: AVA, AOD, AOD per household with outstanding loan, IOI for rural India for each State/UT, major household types (columns ""all"")",PDF p.38-39 (Appendix A),OK,
D9-00348,9,"NSS 70th round Key Indicators of Debt and Investment in India, NSS KI (70/18.2), December 2014 (exact day not stated on cover)",,"AIDIS 2013, NSS 70th round (January - December 2013)",2013-01-01,2013-12-31,2012-06-30,IOI,Incidence of indebtedness (IOI): % of households indebted,rate,3.28,percent,current prices (nominal),households,Delhi,,,all,rural,Delhi,,,KI_70_18.2_19dec14.pdf,https://www.mospi.gov.in/sites/default/files/publication_reports/KI_70_18.2_19dec14.pdf,"Table 2-R: AVA, AOD, AOD per household with outstanding loan, IOI for rural India for each State/UT, major household types (columns ""all"")",PDF p.38-39 (Appendix A),OK,
D9-00349,9,"NSS 70th round Key Indicators of Debt and Investment in India, NSS KI (70/18.2), December 2014 (exact day not stated on cover)",,"AIDIS 2013, NSS 70th round (January - December 2013)",2013-01-01,2013-12-31,2012-06-30,AOD,Average amount of debt (AOD) per household (cash dues),mean,4633,INR_per_household,current prices (nominal),households,Delhi,,,all,rural,Delhi,,,KI_70_18.2_19dec14.pdf,https://www.mospi.gov.in/sites/default/files/publication_reports/KI_70_18.2_19dec14.pdf,"Table 2-R: AVA, AOD, AOD per household with outstanding loan, IOI for rural India for each State/UT, major household types (columns ""all"")",PDF p.38-39 (Appendix A),OK,
D9-00350,9,"NSS 70th round Key Indicators of Debt and Investment in India, NSS KI (70/18.2), December 2014 (exact day not stated on cover)",,"AIDIS 2013, NSS 70th round (January - December 2013)",2013-01-01,2013-12-31,2012-06-30,AODL,Average amount of debt per indebted household,mean,141186,INR_per_indebted_household,current prices (nominal),indebted households,Delhi,,,all,rural,Delhi,,,KI_70_18.2_19dec14.pdf,https://www.mospi.gov.in/sites/default/files/publication_reports/KI_70_18.2_19dec14.pdf,"Table 2-R: AVA, AOD, AOD per household with outstanding loan, IOI for rural India for each State/UT, major household types (columns ""all"")",PDF p.38-39 (Appendix A),OK,
D9-00351,9,"NSS 70th round Key Indicators of Debt and Investment in India, NSS KI (70/18.2), December 2014 (exact day not stated on cover)",,"AIDIS 2013, NSS 70th round (January - December 2013)",2013-01-01,2013-12-31,2012-06-30,DAR,"Debt-asset ratio (DAR), % (AOD as % of AVA)",rate,0.04,percent,current prices (nominal),households,Delhi,,,all,rural,Delhi,,,KI_70_18.2_19dec14.pdf,https://www.mospi.gov.in/sites/default/files/publication_reports/KI_70_18.2_19dec14.pdf,"Table 2-R: AVA, AOD, AOD per household with outstanding loan, IOI for rural India for each State/UT, major household types (columns ""all"")",PDF p.38-39 (Appendix A),OK,
D9-00352,9,"NSS 70th round Key Indicators of Debt and Investment in India, NSS KI (70/18.2), December 2014 (exact day not stated on cover)",,"AIDIS 2013, NSS 70th round (January - December 2013)",2013-01-01,2013-12-31,2012-06-30,AVA_TOTAL,Average value of assets (AVA) owned per household,mean,1044089,INR_per_household,current prices (nominal),households,Goa,,,all,rural,Goa,,,KI_70_18.2_19dec14.pdf,https://www.mospi.gov.in/sites/default/files/publication_reports/KI_70_18.2_19dec14.pdf,"Table 2-R: AVA, AOD, AOD per household with outstanding loan, IOI for rural India for each State/UT, major household types (columns ""all"")",PDF p.38-39 (Appendix A),OK,
D9-00353,9,"NSS 70th round Key Indicators of Debt and Investment in India, NSS KI (70/18.2), December 2014 (exact day not stated on cover)",,"AIDIS 2013, NSS 70th round (January - December 2013)",2013-01-01,2013-12-31,2012-06-30,IOI,Incidence of indebtedness (IOI): % of households indebted,rate,16.98,percent,current prices (nominal),households,Goa,,,all,rural,Goa,,,KI_70_18.2_19dec14.pdf,https://www.mospi.gov.in/sites/default/files/publication_reports/KI_70_18.2_19dec14.pdf,"Table 2-R: AVA, AOD, AOD per household with outstanding loan, IOI for rural India for each State/UT, major household types (columns ""all"")",PDF p.38-39 (Appendix A),OK,
D9-00354,9,"NSS 70th round Key Indicators of Debt and Investment in India, NSS KI (70/18.2), December 2014 (exact day not stated on cover)",,"AIDIS 2013, NSS 70th round (January - December 2013)",2013-01-01,2013-12-31,2012-06-30,AOD,Average amount of debt (AOD) per household (cash dues),mean,80113,INR_per_household,current prices (nominal),households,Goa,,,all,rural,Goa,,,KI_70_18.2_19dec14.pdf,https://www.mospi.gov.in/sites/default/files/publication_reports/KI_70_18.2_19dec14.pdf,"Table 2-R: AVA, AOD, AOD per household with outstanding loan, IOI for rural India for each State/UT, major household types (columns ""all"")",PDF p.38-39 (Appendix A),OK,
D9-00355,9,"NSS 70th round Key Indicators of Debt and Investment in India, NSS KI (70/18.2), December 2014 (exact day not stated on cover)",,"AIDIS 2013, NSS 70th round (January - December 2013)",2013-01-01,2013-12-31,2012-06-30,AODL,Average amount of debt per indebted household,mean,471932,INR_per_indebted_household,current prices (nominal),indebted households,Goa,,,all,rural,Goa,,,KI_70_18.2_19dec14.pdf,https://www.mospi.gov.in/sites/default/files/publication_reports/KI_70_18.2_19dec14.pdf,"Table 2-R: AVA, AOD, AOD per household with outstanding loan, IOI for rural India for each State/UT, major household types (columns ""all"")",PDF p.38-39 (Appendix A),OK,
D9-00356,9,"NSS 70th round Key Indicators of Debt and Investment in India, NSS KI (70/18.2), December 2014 (exact day not stated on cover)",,"AIDIS 2013, NSS 70th round (January - December 2013)",2013-01-01,2013-12-31,2012-06-30,DAR,"Debt-asset ratio (DAR), % (AOD as % of AVA)",rate,7.67,percent,current prices (nominal),households,Goa,,,all,rural,Goa,,,KI_70_18.2_19dec14.pdf,https://www.mospi.gov.in/sites/default/files/publication_reports/KI_70_18.2_19dec14.pdf,"Table 2-R: AVA, AOD, AOD per household with outstanding loan, IOI for rural India for each State/UT, major household types (columns ""all"")",PDF p.38-39 (Appendix A),OK,
D9-00357,9,"NSS 70th round Key Indicators of Debt and Investment in India, NSS KI (70/18.2), December 2014 (exact day not stated on cover)",,"AIDIS 2013, NSS 70th round (January - December 2013)",2013-01-01,2013-12-31,2012-06-30,AVA_TOTAL,Average value of assets (AVA) owned per household,mean,1842843,INR_per_household,current prices (nominal),households,Gujarat,,,all,rural,Gujarat,,,KI_70_18.2_19dec14.pdf,https://www.mospi.gov.in/sites/default/files/publication_reports/KI_70_18.2_19dec14.pdf,"Table 2-R: AVA, AOD, AOD per household with outstanding loan, IOI for rural India for each State/UT, major household types (columns ""all"")",PDF p.38-39 (Appendix A),OK,
D9-00358,9,"NSS 70th round Key Indicators of Debt and Investment in India, NSS KI (70/18.2), December 2014 (exact day not stated on cover)",,"AIDIS 2013, NSS 70th round (January - December 2013)",2013-01-01,2013-12-31,2012-06-30,IOI,Incidence of indebtedness (IOI): % of households indebted,rate,25.96,percent,current prices (nominal),households,Gujarat,,,all,rural,Gujarat,,,KI_70_18.2_19dec14.pdf,https://www.mospi.gov.in/sites/default/files/publication_reports/KI_70_18.2_19dec14.pdf,"Table 2-R: AVA, AOD, AOD per household with outstanding loan, IOI for rural India for each State/UT, major household types (columns ""all"")",PDF p.38-39 (Appendix A),OK,
D9-00359,9,"NSS 70th round Key Indicators of Debt and Investment in India, NSS KI (70/18.2), December 2014 (exact day not stated on cover)",,"AIDIS 2013, NSS 70th round (January - December 2013)",2013-01-01,2013-12-31,2012-06-30,AOD,Average amount of debt (AOD) per household (cash dues),mean,25536,INR_per_household,current prices (nominal),households,Gujarat,,,all,rural,Gujarat,,,KI_70_18.2_19dec14.pdf,https://www.mospi.gov.in/sites/default/files/publication_reports/KI_70_18.2_19dec14.pdf,"Table 2-R: AVA, AOD, AOD per household with outstanding loan, IOI for rural India for each State/UT, major household types (columns ""all"")",PDF p.38-39 (Appendix A),OK,
D9-00360,9,"NSS 70th round Key Indicators of Debt and Investment in India, NSS KI (70/18.2), December 2014 (exact day not stated on cover)",,"AIDIS 2013, NSS 70th round (January - December 2013)",2013-01-01,2013-12-31,2012-06-30,AODL,Average amount of debt per indebted household,mean,98382,INR_per_indebted_household,current prices (nominal),indebted households,Gujarat,,,all,rural,Gujarat,,,KI_70_18.2_19dec14.pdf,https://www.mospi.gov.in/sites/default/files/publication_reports/KI_70_18.2_19dec14.pdf,"Table 2-R: AVA, AOD, AOD per household with outstanding loan, IOI for rural India for each State/UT, major household types (columns ""all"")",PDF p.38-39 (Appendix A),OK,
D9-00361,9,"NSS 70th round Key Indicators of Debt and Investment in India, NSS KI (70/18.2), December 2014 (exact day not stated on cover)",,"AIDIS 2013, NSS 70th round (January - December 2013)",2013-01-01,2013-12-31,2012-06-30,DAR,"Debt-asset ratio (DAR), % (AOD as % of AVA)",rate,1.39,percent,current prices (nominal),households,Gujarat,,,all,rural,Gujarat,,,KI_70_18.2_19dec14.pdf,https://www.mospi.gov.in/sites/default/files/publication_reports/KI_70_18.2_19dec14.pdf,"Table 2-R: AVA, AOD, AOD per household with outstanding loan, IOI for rural India for each State/UT, major household types (columns ""all"")",PDF p.38-39 (Appendix A),OK,
D9-00362,9,"NSS 70th round Key Indicators of Debt and Investment in India, NSS KI (70/18.2), December 2014 (exact day not stated on cover)",,"AIDIS 2013, NSS 70th round (January - December 2013)",2013-01-01,2013-12-31,2012-06-30,AVA_TOTAL,Average value of assets (AVA) owned per household,mean,4616859,INR_per_household,current prices (nominal),households,Haryana,,,all,rural,Haryana,,,KI_70_18.2_19dec14.pdf,https://www.mospi.gov.in/sites/default/files/publication_reports/KI_70_18.2_19dec14.pdf,"Table 2-R: AVA, AOD, AOD per household with outstanding loan, IOI for rural India for each State/UT, major household types (columns ""all"")",PDF p.38-39 (Appendix A),OK,
D9-00363,9,"NSS 70th round Key Indicators of Debt and Investment in India, NSS KI (70/18.2), December 2014 (exact day not stated on cover)",,"AIDIS 2013, NSS 70th round (January - December 2013)",2013-01-01,2013-12-31,2012-06-30,IOI,Incidence of indebtedness (IOI): % of households indebted,rate,23.93,percent,current prices (nominal),households,Haryana,,,all,rural,Haryana,,,KI_70_18.2_19dec14.pdf,https://www.mospi.gov.in/sites/default/files/publication_reports/KI_70_18.2_19dec14.pdf,"Table 2-R: AVA, AOD, AOD per household with outstanding loan, IOI for rural India for each State/UT, major household types (columns ""all"")",PDF p.38-39 (Appendix A),OK,
D9-00364,9,"NSS 70th round Key Indicators of Debt and Investment in India, NSS KI (70/18.2), December 2014 (exact day not stated on cover)",,"AIDIS 2013, NSS 70th round (January - December 2013)",2013-01-01,2013-12-31,2012-06-30,AOD,Average amount of debt (AOD) per household (cash dues),mean,46013,INR_per_household,current prices (nominal),households,Haryana,,,all,rural,Haryana,,,KI_70_18.2_19dec14.pdf,https://www.mospi.gov.in/sites/default/files/publication_reports/KI_70_18.2_19dec14.pdf,"Table 2-R: AVA, AOD, AOD per household with outstanding loan, IOI for rural India for each State/UT, major household types (columns ""all"")",PDF p.38-39 (Appendix A),OK,
D9-00365,9,"NSS 70th round Key Indicators of Debt and Investment in India, NSS KI (70/18.2), December 2014 (exact day not stated on cover)",,"AIDIS 2013, NSS 70th round (January - December 2013)",2013-01-01,2013-12-31,2012-06-30,AODL,Average amount of debt per indebted household,mean,192312,INR_per_indebted_household,current prices (nominal),indebted households,Haryana,,,all,rural,Haryana,,,KI_70_18.2_19dec14.pdf,https://www.mospi.gov.in/sites/default/files/publication_reports/KI_70_18.2_19dec14.pdf,"Table 2-R: AVA, AOD, AOD per household with outstanding loan, IOI for rural India for each State/UT, major household types (columns ""all"")",PDF p.38-39 (Appendix A),OK,
D9-00366,9,"NSS 70th round Key Indicators of Debt and Investment in India, NSS KI (70/18.2), December 2014 (exact day not stated on cover)",,"AIDIS 2013, NSS 70th round (January - December 2013)",2013-01-01,2013-12-31,2012-06-30,DAR,"Debt-asset ratio (DAR), % (AOD as % of AVA)",rate,1,percent,current prices (nominal),households,Haryana,,,all,rural,Haryana,,,KI_70_18.2_19dec14.pdf,https://www.mospi.gov.in/sites/default/files/publication_reports/KI_70_18.2_19dec14.pdf,"Table 2-R: AVA, AOD, AOD per household with outstanding loan, IOI for rural India for each State/UT, major household types (columns ""all"")",PDF p.38-39 (Appendix A),OK,
D9-00367,9,"NSS 70th round Key Indicators of Debt and Investment in India, NSS KI (70/18.2), December 2014 (exact day not stated on cover)",,"AIDIS 2013, NSS 70th round (January - December 2013)",2013-01-01,2013-12-31,2012-06-30,AVA_TOTAL,Average value of assets (AVA) owned per household,mean,2071601,INR_per_household,current prices (nominal),households,Himachal Pradesh,,,all,rural,Himachal Pradesh,,,KI_70_18.2_19dec14.pdf,https://www.mospi.gov.in/sites/default/files/publication_reports/KI_70_18.2_19dec14.pdf,"Table 2-R: AVA, AOD, AOD per household with outstanding loan, IOI for rural India for each State/UT, major household types (columns ""all"")",PDF p.38-39 (Appendix A),OK,
D9-00368,9,"NSS 70th round Key Indicators of Debt and Investment in India, NSS KI (70/18.2), December 2014 (exact day not stated on cover)",,"AIDIS 2013, NSS 70th round (January - December 2013)",2013-01-01,2013-12-31,2012-06-30,IOI,Incidence of indebtedness (IOI): % of households indebted,rate,25.95,percent,current prices (nominal),households,Himachal Pradesh,,,all,rural,Himachal Pradesh,,,KI_70_18.2_19dec14.pdf,https://www.mospi.gov.in/sites/default/files/publication_reports/KI_70_18.2_19dec14.pdf,"Table 2-R: AVA, AOD, AOD per household with outstanding loan, IOI for rural India for each State/UT, major household types (columns ""all"")",PDF p.38-39 (Appendix A),OK,
D9-00369,9,"NSS 70th round Key Indicators of Debt and Investment in India, NSS KI (70/18.2), December 2014 (exact day not stated on cover)",,"AIDIS 2013, NSS 70th round (January - December 2013)",2013-01-01,2013-12-31,2012-06-30,AOD,Average amount of debt (AOD) per household (cash dues),mean,46818,INR_per_household,current prices (nominal),households,Himachal Pradesh,,,all,rural,Himachal Pradesh,,,KI_70_18.2_19dec14.pdf,https://www.mospi.gov.in/sites/default/files/publication_reports/KI_70_18.2_19dec14.pdf,"Table 2-R: AVA, AOD, AOD per household with outstanding loan, IOI for rural India for each State/UT, major household types (columns ""all"")",PDF p.38-39 (Appendix A),OK,
D9-00370,9,"NSS 70th round Key Indicators of Debt and Investment in India, NSS KI (70/18.2), December 2014 (exact day not stated on cover)",,"AIDIS 2013, NSS 70th round (January - December 2013)",2013-01-01,2013-12-31,2012-06-30,AODL,Average amount of debt per indebted household,mean,180396,INR_per_indebted_household,current prices (nominal),indebted households,Himachal Pradesh,,,all,rural,Himachal Pradesh,,,KI_70_18.2_19dec14.pdf,https://www.mospi.gov.in/sites/default/files/publication_reports/KI_70_18.2_19dec14.pdf,"Table 2-R: AVA, AOD, AOD per household with outstanding loan, IOI for rural India for each State/UT, major household types (columns ""all"")",PDF p.38-39 (Appendix A),OK,
D9-00371,9,"NSS 70th round Key Indicators of Debt and Investment in India, NSS KI (70/18.2), December 2014 (exact day not stated on cover)",,"AIDIS 2013, NSS 70th round (January - December 2013)",2013-01-01,2013-12-31,2012-06-30,DAR,"Debt-asset ratio (DAR), % (AOD as % of AVA)",rate,2.26,percent,current prices (nominal),households,Himachal Pradesh,,,all,rural,Himachal Pradesh,,,KI_70_18.2_19dec14.pdf,https://www.mospi.gov.in/sites/default/files/publication_reports/KI_70_18.2_19dec14.pdf,"Table 2-R: AVA, AOD, AOD per household with outstanding loan, IOI for rural India for each State/UT, major household types (columns ""all"")",PDF p.38-39 (Appendix A),OK,
D9-00372,9,"NSS 70th round Key Indicators of Debt and Investment in India, NSS KI (70/18.2), December 2014 (exact day not stated on cover)",,"AIDIS 2013, NSS 70th round (January - December 2013)",2013-01-01,2013-12-31,2012-06-30,AVA_TOTAL,Average value of assets (AVA) owned per household,mean,1976131,INR_per_household,current prices (nominal),households,Jammu & Kashmir,,,all,rural,Jammu & Kashmir,,,KI_70_18.2_19dec14.pdf,https://www.mospi.gov.in/sites/default/files/publication_reports/KI_70_18.2_19dec14.pdf,"Table 2-R: AVA, AOD, AOD per household with outstanding loan, IOI for rural India for each State/UT, major household types (columns ""all"")",PDF p.38-39 (Appendix A),OK,
D9-00373,9,"NSS 70th round Key Indicators of Debt and Investment in India, NSS KI (70/18.2), December 2014 (exact day not stated on cover)",,"AIDIS 2013, NSS 70th round (January - December 2013)",2013-01-01,2013-12-31,2012-06-30,IOI,Incidence of indebtedness (IOI): % of households indebted,rate,12.67,percent,current prices (nominal),households,Jammu & Kashmir,,,all,rural,Jammu & Kashmir,,,KI_70_18.2_19dec14.pdf,https://www.mospi.gov.in/sites/default/files/publication_reports/KI_70_18.2_19dec14.pdf,"Table 2-R: AVA, AOD, AOD per household with outstanding loan, IOI for rural India for each State/UT, major household types (columns ""all"")",PDF p.38-39 (Appendix A),OK,
D9-00374,9,"NSS 70th round Key Indicators of Debt and Investment in India, NSS KI (70/18.2), December 2014 (exact day not stated on cover)",,"AIDIS 2013, NSS 70th round (January - December 2013)",2013-01-01,2013-12-31,2012-06-30,AOD,Average amount of debt (AOD) per household (cash dues),mean,12741,INR_per_household,current prices (nominal),households,Jammu & Kashmir,,,all,rural,Jammu & Kashmir,,,KI_70_18.2_19dec14.pdf,https://www.mospi.gov.in/sites/default/files/publication_reports/KI_70_18.2_19dec14.pdf,"Table 2-R: AVA, AOD, AOD per household with outstanding loan, IOI for rural India for each State/UT, major household types (columns ""all"")",PDF p.38-39 (Appendix A),OK,
D9-00375,9,"NSS 70th round Key Indicators of Debt and Investment in India, NSS KI (70/18.2), December 2014 (exact day not stated on cover)",,"AIDIS 2013, NSS 70th round (January - December 2013)",2013-01-01,2013-12-31,2012-06-30,AODL,Average amount of debt per indebted household,mean,100562,INR_per_indebted_household,current prices (nominal),indebted households,Jammu & Kashmir,,,all,rural,Jammu & Kashmir,,,KI_70_18.2_19dec14.pdf,https://www.mospi.gov.in/sites/default/files/publication_reports/KI_70_18.2_19dec14.pdf,"Table 2-R: AVA, AOD, AOD per household with outstanding loan, IOI for rural India for each State/UT, major household types (columns ""all"")",PDF p.38-39 (Appendix A),OK,
D9-00376,9,"NSS 70th round Key Indicators of Debt and Investment in India, NSS KI (70/18.2), December 2014 (exact day not stated on cover)",,"AIDIS 2013, NSS 70th round (January - December 2013)",2013-01-01,2013-12-31,2012-06-30,DAR,"Debt-asset ratio (DAR), % (AOD as % of AVA)",rate,0.64,percent,current prices (nominal),households,Jammu & Kashmir,,,all,rural,Jammu & Kashmir,,,KI_70_18.2_19dec14.pdf,https://www.mospi.gov.in/sites/default/files/publication_reports/KI_70_18.2_19dec14.pdf,"Table 2-R: AVA, AOD, AOD per household with outstanding loan, IOI for rural India for each State/UT, major household types (columns ""all"")",PDF p.38-39 (Appendix A),OK,
D9-00377,9,"NSS 70th round Key Indicators of Debt and Investment in India, NSS KI (70/18.2), December 2014 (exact day not stated on cover)",,"AIDIS 2013, NSS 70th round (January - December 2013)",2013-01-01,2013-12-31,2012-06-30,AVA_TOTAL,Average value of assets (AVA) owned per household,mean,548988,INR_per_household,current prices (nominal),households,Jharkhand,,,all,rural,Jharkhand,,,KI_70_18.2_19dec14.pdf,https://www.mospi.gov.in/sites/default/files/publication_reports/KI_70_18.2_19dec14.pdf,"Table 2-R: AVA, AOD, AOD per household with outstanding loan, IOI for rural India for each State/UT, major household types (columns ""all"")",PDF p.38-39 (Appendix A),OK,
D9-00378,9,"NSS 70th round Key Indicators of Debt and Investment in India, NSS KI (70/18.2), December 2014 (exact day not stated on cover)",,"AIDIS 2013, NSS 70th round (January - December 2013)",2013-01-01,2013-12-31,2012-06-30,IOI,Incidence of indebtedness (IOI): % of households indebted,rate,18.49,percent,current prices (nominal),households,Jharkhand,,,all,rural,Jharkhand,,,KI_70_18.2_19dec14.pdf,https://www.mospi.gov.in/sites/default/files/publication_reports/KI_70_18.2_19dec14.pdf,"Table 2-R: AVA, AOD, AOD per household with outstanding loan, IOI for rural India for each State/UT, major household types (columns ""all"")",PDF p.38-39 (Appendix A),OK,
D9-00379,9,"NSS 70th round Key Indicators of Debt and Investment in India, NSS KI (70/18.2), December 2014 (exact day not stated on cover)",,"AIDIS 2013, NSS 70th round (January - December 2013)",2013-01-01,2013-12-31,2012-06-30,AOD,Average amount of debt (AOD) per household (cash dues),mean,6401,INR_per_household,current prices (nominal),households,Jharkhand,,,all,rural,Jharkhand,,,KI_70_18.2_19dec14.pdf,https://www.mospi.gov.in/sites/default/files/publication_reports/KI_70_18.2_19dec14.pdf,"Table 2-R: AVA, AOD, AOD per household with outstanding loan, IOI for rural India for each State/UT, major household types (columns ""all"")",PDF p.38-39 (Appendix A),OK,
D9-00380,9,"NSS 70th round Key Indicators of Debt and Investment in India, NSS KI (70/18.2), December 2014 (exact day not stated on cover)",,"AIDIS 2013, NSS 70th round (January - December 2013)",2013-01-01,2013-12-31,2012-06-30,AODL,Average amount of debt per indebted household,mean,34624,INR_per_indebted_household,current prices (nominal),indebted households,Jharkhand,,,all,rural,Jharkhand,,,KI_70_18.2_19dec14.pdf,https://www.mospi.gov.in/sites/default/files/publication_reports/KI_70_18.2_19dec14.pdf,"Table 2-R: AVA, AOD, AOD per household with outstanding loan, IOI for rural India for each State/UT, major household types (columns ""all"")",PDF p.38-39 (Appendix A),OK,
D9-00381,9,"NSS 70th round Key Indicators of Debt and Investment in India, NSS KI (70/18.2), December 2014 (exact day not stated on cover)",,"AIDIS 2013, NSS 70th round (January - December 2013)",2013-01-01,2013-12-31,2012-06-30,DAR,"Debt-asset ratio (DAR), % (AOD as % of AVA)",rate,1.17,percent,current prices (nominal),households,Jharkhand,,,all,rural,Jharkhand,,,KI_70_18.2_19dec14.pdf,https://www.mospi.gov.in/sites/default/files/publication_reports/KI_70_18.2_19dec14.pdf,"Table 2-R: AVA, AOD, AOD per household with outstanding loan, IOI for rural India for each State/UT, major household types (columns ""all"")",PDF p.38-39 (Appendix A),OK,
D9-00382,9,"NSS 70th round Key Indicators of Debt and Investment in India, NSS KI (70/18.2), December 2014 (exact day not stated on cover)",,"AIDIS 2013, NSS 70th round (January - December 2013)",2013-01-01,2013-12-31,2012-06-30,AVA_TOTAL,Average value of assets (AVA) owned per household,mean,790654,INR_per_household,current prices (nominal),households,Karnataka,,,all,rural,Karnataka,,,KI_70_18.2_19dec14.pdf,https://www.mospi.gov.in/sites/default/files/publication_reports/KI_70_18.2_19dec14.pdf,"Table 2-R: AVA, AOD, AOD per household with outstanding loan, IOI for rural India for each State/UT, major household types (columns ""all"")",PDF p.38-39 (Appendix A),OK,
D9-00383,9,"NSS 70th round Key Indicators of Debt and Investment in India, NSS KI (70/18.2), December 2014 (exact day not stated on cover)",,"AIDIS 2013, NSS 70th round (January - December 2013)",2013-01-01,2013-12-31,2012-06-30,IOI,Incidence of indebtedness (IOI): % of households indebted,rate,46.43,percent,current prices (nominal),households,Karnataka,,,all,rural,Karnataka,,,KI_70_18.2_19dec14.pdf,https://www.mospi.gov.in/sites/default/files/publication_reports/KI_70_18.2_19dec14.pdf,"Table 2-R: AVA, AOD, AOD per household with outstanding loan, IOI for rural India for each State/UT, major household types (columns ""all"")",PDF p.38-39 (Appendix A),OK,
D9-00384,9,"NSS 70th round Key Indicators of Debt and Investment in India, NSS KI (70/18.2), December 2014 (exact day not stated on cover)",,"AIDIS 2013, NSS 70th round (January - December 2013)",2013-01-01,2013-12-31,2012-06-30,AOD,Average amount of debt (AOD) per household (cash dues),mean,51375,INR_per_household,current prices (nominal),households,Karnataka,,,all,rural,Karnataka,,,KI_70_18.2_19dec14.pdf,https://www.mospi.gov.in/sites/default/files/publication_reports/KI_70_18.2_19dec14.pdf,"Table 2-R: AVA, AOD, AOD per household with outstanding loan, IOI for rural India for each State/UT, major household types (columns ""all"")",PDF p.38-39 (Appendix A),OK,
D9-00385,9,"NSS 70th round Key Indicators of Debt and Investment in India, NSS KI (70/18.2), December 2014 (exact day not stated on cover)",,"AIDIS 2013, NSS 70th round (January - December 2013)",2013-01-01,2013-12-31,2012-06-30,AODL,Average amount of debt per indebted household,mean,110659,INR_per_indebted_household,current prices (nominal),indebted households,Karnataka,,,all,rural,Karnataka,,,KI_70_18.2_19dec14.pdf,https://www.mospi.gov.in/sites/default/files/publication_reports/KI_70_18.2_19dec14.pdf,"Table 2-R: AVA, AOD, AOD per household with outstanding loan, IOI for rural India for each State/UT, major household types (columns ""all"")",PDF p.38-39 (Appendix A),OK,
D9-00386,9,"NSS 70th round Key Indicators of Debt and Investment in India, NSS KI (70/18.2), December 2014 (exact day not stated on cover)",,"AIDIS 2013, NSS 70th round (January - December 2013)",2013-01-01,2013-12-31,2012-06-30,DAR,"Debt-asset ratio (DAR), % (AOD as % of AVA)",rate,6.5,percent,current prices (nominal),households,Karnataka,,,all,rural,Karnataka,,,KI_70_18.2_19dec14.pdf,https://www.mospi.gov.in/sites/default/files/publication_reports/KI_70_18.2_19dec14.pdf,"Table 2-R: AVA, AOD, AOD per household with outstanding loan, IOI for rural India for each State/UT, major household types (columns ""all"")",PDF p.38-39 (Appendix A),OK,
D9-00387,9,"NSS 70th round Key Indicators of Debt and Investment in India, NSS KI (70/18.2), December 2014 (exact day not stated on cover)",,"AIDIS 2013, NSS 70th round (January - December 2013)",2013-01-01,2013-12-31,2012-06-30,AVA_TOTAL,Average value of assets (AVA) owned per household,mean,2730348,INR_per_household,current prices (nominal),households,Kerala,,,all,rural,Kerala,,,KI_70_18.2_19dec14.pdf,https://www.mospi.gov.in/sites/default/files/publication_reports/KI_70_18.2_19dec14.pdf,"Table 2-R: AVA, AOD, AOD per household with outstanding loan, IOI for rural India for each State/UT, major household types (columns ""all"")",PDF p.38-39 (Appendix A),OK,
D9-00388,9,"NSS 70th round Key Indicators of Debt and Investment in India, NSS KI (70/18.2), December 2014 (exact day not stated on cover)",,"AIDIS 2013, NSS 70th round (January - December 2013)",2013-01-01,2013-12-31,2012-06-30,IOI,Incidence of indebtedness (IOI): % of households indebted,rate,49.5,percent,current prices (nominal),households,Kerala,,,all,rural,Kerala,,,KI_70_18.2_19dec14.pdf,https://www.mospi.gov.in/sites/default/files/publication_reports/KI_70_18.2_19dec14.pdf,"Table 2-R: AVA, AOD, AOD per household with outstanding loan, IOI for rural India for each State/UT, major household types (columns ""all"")",PDF p.38-39 (Appendix A),OK,
D9-00389,9,"NSS 70th round Key Indicators of Debt and Investment in India, NSS KI (70/18.2), December 2014 (exact day not stated on cover)",,"AIDIS 2013, NSS 70th round (January - December 2013)",2013-01-01,2013-12-31,2012-06-30,AOD,Average amount of debt (AOD) per household (cash dues),mean,147402,INR_per_household,current prices (nominal),households,Kerala,,,all,rural,Kerala,,,KI_70_18.2_19dec14.pdf,https://www.mospi.gov.in/sites/default/files/publication_reports/KI_70_18.2_19dec14.pdf,"Table 2-R: AVA, AOD, AOD per household with outstanding loan, IOI for rural India for each State/UT, major household types (columns ""all"")",PDF p.38-39 (Appendix A),OK,
D9-00390,9,"NSS 70th round Key Indicators of Debt and Investment in India, NSS KI (70/18.2), December 2014 (exact day not stated on cover)",,"AIDIS 2013, NSS 70th round (January - December 2013)",2013-01-01,2013-12-31,2012-06-30,AODL,Average amount of debt per indebted household,mean,297752,INR_per_indebted_household,current prices (nominal),indebted households,Kerala,,,all,rural,Kerala,,,KI_70_18.2_19dec14.pdf,https://www.mospi.gov.in/sites/default/files/publication_reports/KI_70_18.2_19dec14.pdf,"Table 2-R: AVA, AOD, AOD per household with outstanding loan, IOI for rural India for each State/UT, major household types (columns ""all"")",PDF p.38-39 (Appendix A),OK,
D9-00391,9,"NSS 70th round Key Indicators of Debt and Investment in India, NSS KI (70/18.2), December 2014 (exact day not stated on cover)",,"AIDIS 2013, NSS 70th round (January - December 2013)",2013-01-01,2013-12-31,2012-06-30,DAR,"Debt-asset ratio (DAR), % (AOD as % of AVA)",rate,5.4,percent,current prices (nominal),households,Kerala,,,all,rural,Kerala,,,KI_70_18.2_19dec14.pdf,https://www.mospi.gov.in/sites/default/files/publication_reports/KI_70_18.2_19dec14.pdf,"Table 2-R: AVA, AOD, AOD per household with outstanding loan, IOI for rural India for each State/UT, major household types (columns ""all"")",PDF p.38-39 (Appendix A),OK,
D9-00392,9,"NSS 70th round Key Indicators of Debt and Investment in India, NSS KI (70/18.2), December 2014 (exact day not stated on cover)",,"AIDIS 2013, NSS 70th round (January - December 2013)",2013-01-01,2013-12-31,2012-06-30,AVA_TOTAL,Average value of assets (AVA) owned per household,mean,985249,INR_per_household,current prices (nominal),households,Madhya Pradesh,,,all,rural,Madhya Pradesh,,,KI_70_18.2_19dec14.pdf,https://www.mospi.gov.in/sites/default/files/publication_reports/KI_70_18.2_19dec14.pdf,"Table 2-R: AVA, AOD, AOD per household with outstanding loan, IOI for rural India for each State/UT, major household types (columns ""all"")",PDF p.38-39 (Appendix A),OK,
D9-00393,9,"NSS 70th round Key Indicators of Debt and Investment in India, NSS KI (70/18.2), December 2014 (exact day not stated on cover)",,"AIDIS 2013, NSS 70th round (January - December 2013)",2013-01-01,2013-12-31,2012-06-30,IOI,Incidence of indebtedness (IOI): % of households indebted,rate,24.7,percent,current prices (nominal),households,Madhya Pradesh,,,all,rural,Madhya Pradesh,,,KI_70_18.2_19dec14.pdf,https://www.mospi.gov.in/sites/default/files/publication_reports/KI_70_18.2_19dec14.pdf,"Table 2-R: AVA, AOD, AOD per household with outstanding loan, IOI for rural India for each State/UT, major household types (columns ""all"")",PDF p.38-39 (Appendix A),OK,
D9-00394,9,"NSS 70th round Key Indicators of Debt and Investment in India, NSS KI (70/18.2), December 2014 (exact day not stated on cover)",,"AIDIS 2013, NSS 70th round (January - December 2013)",2013-01-01,2013-12-31,2012-06-30,AOD,Average amount of debt (AOD) per household (cash dues),mean,21294,INR_per_household,current prices (nominal),households,Madhya Pradesh,,,all,rural,Madhya Pradesh,,,KI_70_18.2_19dec14.pdf,https://www.mospi.gov.in/sites/default/files/publication_reports/KI_70_18.2_19dec14.pdf,"Table 2-R: AVA, AOD, AOD per household with outstanding loan, IOI for rural India for each State/UT, major household types (columns ""all"")",PDF p.38-39 (Appendix A),OK,
D9-00395,9,"NSS 70th round Key Indicators of Debt and Investment in India, NSS KI (70/18.2), December 2014 (exact day not stated on cover)",,"AIDIS 2013, NSS 70th round (January - December 2013)",2013-01-01,2013-12-31,2012-06-30,AODL,Average amount of debt per indebted household,mean,86205,INR_per_indebted_household,current prices (nominal),indebted households,Madhya Pradesh,,,all,rural,Madhya Pradesh,,,KI_70_18.2_19dec14.pdf,https://www.mospi.gov.in/sites/default/files/publication_reports/KI_70_18.2_19dec14.pdf,"Table 2-R: AVA, AOD, AOD per household with outstanding loan, IOI for rural India for each State/UT, major household types (columns ""all"")",PDF p.38-39 (Appendix A),OK,
D9-00396,9,"NSS 70th round Key Indicators of Debt and Investment in India, NSS KI (70/18.2), December 2014 (exact day not stated on cover)",,"AIDIS 2013, NSS 70th round (January - December 2013)",2013-01-01,2013-12-31,2012-06-30,DAR,"Debt-asset ratio (DAR), % (AOD as % of AVA)",rate,2.16,percent,current prices (nominal),households,Madhya Pradesh,,,all,rural,Madhya Pradesh,,,KI_70_18.2_19dec14.pdf,https://www.mospi.gov.in/sites/default/files/publication_reports/KI_70_18.2_19dec14.pdf,"Table 2-R: AVA, AOD, AOD per household with outstanding loan, IOI for rural India for each State/UT, major household types (columns ""all"")",PDF p.38-39 (Appendix A),OK,
D9-00397,9,"NSS 70th round Key Indicators of Debt and Investment in India, NSS KI (70/18.2), December 2014 (exact day not stated on cover)",,"AIDIS 2013, NSS 70th round (January - December 2013)",2013-01-01,2013-12-31,2012-06-30,AVA_TOTAL,Average value of assets (AVA) owned per household,mean,1123431,INR_per_household,current prices (nominal),households,Maharashtra,,,all,rural,Maharashtra,,,KI_70_18.2_19dec14.pdf,https://www.mospi.gov.in/sites/default/files/publication_reports/KI_70_18.2_19dec14.pdf,"Table 2-R: AVA, AOD, AOD per household with outstanding loan, IOI for rural India for each State/UT, major household types (columns ""all"")",PDF p.38-39 (Appendix A),OK,
D9-00398,9,"NSS 70th round Key Indicators of Debt and Investment in India, NSS KI (70/18.2), December 2014 (exact day not stated on cover)",,"AIDIS 2013, NSS 70th round (January - December 2013)",2013-01-01,2013-12-31,2012-06-30,IOI,Incidence of indebtedness (IOI): % of households indebted,rate,31.29,percent,current prices (nominal),households,Maharashtra,,,all,rural,Maharashtra,,,KI_70_18.2_19dec14.pdf,https://www.mospi.gov.in/sites/default/files/publication_reports/KI_70_18.2_19dec14.pdf,"Table 2-R: AVA, AOD, AOD per household with outstanding loan, IOI for rural India for each State/UT, major household types (columns ""all"")",PDF p.38-39 (Appendix A),OK,
D9-00399,9,"NSS 70th round Key Indicators of Debt and Investment in India, NSS KI (70/18.2), December 2014 (exact day not stated on cover)",,"AIDIS 2013, NSS 70th round (January - December 2013)",2013-01-01,2013-12-31,2012-06-30,AOD,Average amount of debt (AOD) per household (cash dues),mean,33893,INR_per_household,current prices (nominal),households,Maharashtra,,,all,rural,Maharashtra,,,KI_70_18.2_19dec14.pdf,https://www.mospi.gov.in/sites/default/files/publication_reports/KI_70_18.2_19dec14.pdf,"Table 2-R: AVA, AOD, AOD per household with outstanding loan, IOI for rural India for each State/UT, major household types (columns ""all"")",PDF p.38-39 (Appendix A),OK,
D9-00400,9,"NSS 70th round Key Indicators of Debt and Investment in India, NSS KI (70/18.2), December 2014 (exact day not stated on cover)",,"AIDIS 2013, NSS 70th round (January - December 2013)",2013-01-01,2013-12-31,2012-06-30,AODL,Average amount of debt per indebted household,mean,108336,INR_per_indebted_household,current prices (nominal),indebted households,Maharashtra,,,all,rural,Maharashtra,,,KI_70_18.2_19dec14.pdf,https://www.mospi.gov.in/sites/default/files/publication_reports/KI_70_18.2_19dec14.pdf,"Table 2-R: AVA, AOD, AOD per household with outstanding loan, IOI for rural India for each State/UT, major household types (columns ""all"")",PDF p.38-39 (Appendix A),OK,
D9-00401,9,"NSS 70th round Key Indicators of Debt and Investment in India, NSS KI (70/18.2), December 2014 (exact day not stated on cover)",,"AIDIS 2013, NSS 70th round (January - December 2013)",2013-01-01,2013-12-31,2012-06-30,DAR,"Debt-asset ratio (DAR), % (AOD as % of AVA)",rate,3.02,percent,current prices (nominal),households,Maharashtra,,,all,rural,Maharashtra,,,KI_70_18.2_19dec14.pdf,https://www.mospi.gov.in/sites/default/files/publication_reports/KI_70_18.2_19dec14.pdf,"Table 2-R: AVA, AOD, AOD per household with outstanding loan, IOI for rural India for each State/UT, major household types (columns ""all"")",PDF p.38-39 (Appendix A),OK,
D9-00402,9,"NSS 70th round Key Indicators of Debt and Investment in India, NSS KI (70/18.2), December 2014 (exact day not stated on cover)",,"AIDIS 2013, NSS 70th round (January - December 2013)",2013-01-01,2013-12-31,2012-06-30,AVA_TOTAL,Average value of assets (AVA) owned per household,mean,614259,INR_per_household,current prices (nominal),households,Manipur,,,all,rural,Manipur,,,KI_70_18.2_19dec14.pdf,https://www.mospi.gov.in/sites/default/files/publication_reports/KI_70_18.2_19dec14.pdf,"Table 2-R: AVA, AOD, AOD per household with outstanding loan, IOI for rural India for each State/UT, major household types (columns ""all"")",PDF p.38-39 (Appendix A),OK,
D9-00403,9,"NSS 70th round Key Indicators of Debt and Investment in India, NSS KI (70/18.2), December 2014 (exact day not stated on cover)",,"AIDIS 2013, NSS 70th round (January - December 2013)",2013-01-01,2013-12-31,2012-06-30,IOI,Incidence of indebtedness (IOI): % of households indebted,rate,9.88,percent,current prices (nominal),households,Manipur,,,all,rural,Manipur,,,KI_70_18.2_19dec14.pdf,https://www.mospi.gov.in/sites/default/files/publication_reports/KI_70_18.2_19dec14.pdf,"Table 2-R: AVA, AOD, AOD per household with outstanding loan, IOI for rural India for each State/UT, major household types (columns ""all"")",PDF p.38-39 (Appendix A),OK,
D9-00404,9,"NSS 70th round Key Indicators of Debt and Investment in India, NSS KI (70/18.2), December 2014 (exact day not stated on cover)",,"AIDIS 2013, NSS 70th round (January - December 2013)",2013-01-01,2013-12-31,2012-06-30,AOD,Average amount of debt (AOD) per household (cash dues),mean,5009,INR_per_household,current prices (nominal),households,Manipur,,,all,rural,Manipur,,,KI_70_18.2_19dec14.pdf,https://www.mospi.gov.in/sites/default/files/publication_reports/KI_70_18.2_19dec14.pdf,"Table 2-R: AVA, AOD, AOD per household with outstanding loan, IOI for rural India for each State/UT, major household types (columns ""all"")",PDF p.38-39 (Appendix A),OK,
D9-00405,9,"NSS 70th round Key Indicators of Debt and Investment in India, NSS KI (70/18.2), December 2014 (exact day not stated on cover)",,"AIDIS 2013, NSS 70th round (January - December 2013)",2013-01-01,2013-12-31,2012-06-30,AODL,Average amount of debt per indebted household,mean,50722,INR_per_indebted_household,current prices (nominal),indebted households,Manipur,,,all,rural,Manipur,,,KI_70_18.2_19dec14.pdf,https://www.mospi.gov.in/sites/default/files/publication_reports/KI_70_18.2_19dec14.pdf,"Table 2-R: AVA, AOD, AOD per household with outstanding loan, IOI for rural India for each State/UT, major household types (columns ""all"")",PDF p.38-39 (Appendix A),OK,
D9-00406,9,"NSS 70th round Key Indicators of Debt and Investment in India, NSS KI (70/18.2), December 2014 (exact day not stated on cover)",,"AIDIS 2013, NSS 70th round (January - December 2013)",2013-01-01,2013-12-31,2012-06-30,DAR,"Debt-asset ratio (DAR), % (AOD as % of AVA)",rate,0.82,percent,current prices (nominal),households,Manipur,,,all,rural,Manipur,,,KI_70_18.2_19dec14.pdf,https://www.mospi.gov.in/sites/default/files/publication_reports/KI_70_18.2_19dec14.pdf,"Table 2-R: AVA, AOD, AOD per household with outstanding loan, IOI for rural India for each State/UT, major household types (columns ""all"")",PDF p.38-39 (Appendix A),OK,
D9-00407,9,"NSS 70th round Key Indicators of Debt and Investment in India, NSS KI (70/18.2), December 2014 (exact day not stated on cover)",,"AIDIS 2013, NSS 70th round (January - December 2013)",2013-01-01,2013-12-31,2012-06-30,AVA_TOTAL,Average value of assets (AVA) owned per household,mean,646642,INR_per_household,current prices (nominal),households,Meghalaya,,,all,rural,Meghalaya,,,KI_70_18.2_19dec14.pdf,https://www.mospi.gov.in/sites/default/files/publication_reports/KI_70_18.2_19dec14.pdf,"Table 2-R: AVA, AOD, AOD per household with outstanding loan, IOI for rural India for each State/UT, major household types (columns ""all"")",PDF p.38-39 (Appendix A),OK,
D9-00408,9,"NSS 70th round Key Indicators of Debt and Investment in India, NSS KI (70/18.2), December 2014 (exact day not stated on cover)",,"AIDIS 2013, NSS 70th round (January - December 2013)",2013-01-01,2013-12-31,2012-06-30,IOI,Incidence of indebtedness (IOI): % of households indebted,rate,2.53,percent,current prices (nominal),households,Meghalaya,,,all,rural,Meghalaya,,,KI_70_18.2_19dec14.pdf,https://www.mospi.gov.in/sites/default/files/publication_reports/KI_70_18.2_19dec14.pdf,"Table 2-R: AVA, AOD, AOD per household with outstanding loan, IOI for rural India for each State/UT, major household types (columns ""all"")",PDF p.38-39 (Appendix A),OK,
D9-00409,9,"NSS 70th round Key Indicators of Debt and Investment in India, NSS KI (70/18.2), December 2014 (exact day not stated on cover)",,"AIDIS 2013, NSS 70th round (January - December 2013)",2013-01-01,2013-12-31,2012-06-30,AOD,Average amount of debt (AOD) per household (cash dues),mean,1648,INR_per_household,current prices (nominal),households,Meghalaya,,,all,rural,Meghalaya,,,KI_70_18.2_19dec14.pdf,https://www.mospi.gov.in/sites/default/files/publication_reports/KI_70_18.2_19dec14.pdf,"Table 2-R: AVA, AOD, AOD per household with outstanding loan, IOI for rural India for each State/UT, major household types (columns ""all"")",PDF p.38-39 (Appendix A),OK,
D9-00410,9,"NSS 70th round Key Indicators of Debt and Investment in India, NSS KI (70/18.2), December 2014 (exact day not stated on cover)",,"AIDIS 2013, NSS 70th round (January - December 2013)",2013-01-01,2013-12-31,2012-06-30,AODL,Average amount of debt per indebted household,mean,65244,INR_per_indebted_household,current prices (nominal),indebted households,Meghalaya,,,all,rural,Meghalaya,,,KI_70_18.2_19dec14.pdf,https://www.mospi.gov.in/sites/default/files/publication_reports/KI_70_18.2_19dec14.pdf,"Table 2-R: AVA, AOD, AOD per household with outstanding loan, IOI for rural India for each State/UT, major household types (columns ""all"")",PDF p.38-39 (Appendix A),OK,
D9-00411,9,"NSS 70th round Key Indicators of Debt and Investment in India, NSS KI (70/18.2), December 2014 (exact day not stated on cover)",,"AIDIS 2013, NSS 70th round (January - December 2013)",2013-01-01,2013-12-31,2012-06-30,DAR,"Debt-asset ratio (DAR), % (AOD as % of AVA)",rate,0.25,percent,current prices (nominal),households,Meghalaya,,,all,rural,Meghalaya,,,KI_70_18.2_19dec14.pdf,https://www.mospi.gov.in/sites/default/files/publication_reports/KI_70_18.2_19dec14.pdf,"Table 2-R: AVA, AOD, AOD per household with outstanding loan, IOI for rural India for each State/UT, major household types (columns ""all"")",PDF p.38-39 (Appendix A),OK,
D9-00412,9,"NSS 70th round Key Indicators of Debt and Investment in India, NSS KI (70/18.2), December 2014 (exact day not stated on cover)",,"AIDIS 2013, NSS 70th round (January - December 2013)",2013-01-01,2013-12-31,2012-06-30,AVA_TOTAL,Average value of assets (AVA) owned per household,mean,369845,INR_per_household,current prices (nominal),households,Mizoram,,,all,rural,Mizoram,,,KI_70_18.2_19dec14.pdf,https://www.mospi.gov.in/sites/default/files/publication_reports/KI_70_18.2_19dec14.pdf,"Table 2-R: AVA, AOD, AOD per household with outstanding loan, IOI for rural India for each State/UT, major household types (columns ""all"")",PDF p.38-39 (Appendix A),OK,
D9-00413,9,"NSS 70th round Key Indicators of Debt and Investment in India, NSS KI (70/18.2), December 2014 (exact day not stated on cover)",,"AIDIS 2013, NSS 70th round (January - December 2013)",2013-01-01,2013-12-31,2012-06-30,IOI,Incidence of indebtedness (IOI): % of households indebted,rate,5.32,percent,current prices (nominal),households,Mizoram,,,all,rural,Mizoram,,,KI_70_18.2_19dec14.pdf,https://www.mospi.gov.in/sites/default/files/publication_reports/KI_70_18.2_19dec14.pdf,"Table 2-R: AVA, AOD, AOD per household with outstanding loan, IOI for rural India for each State/UT, major household types (columns ""all"")",PDF p.38-39 (Appendix A),OK,
D9-00414,9,"NSS 70th round Key Indicators of Debt and Investment in India, NSS KI (70/18.2), December 2014 (exact day not stated on cover)",,"AIDIS 2013, NSS 70th round (January - December 2013)",2013-01-01,2013-12-31,2012-06-30,AOD,Average amount of debt (AOD) per household (cash dues),mean,6443,INR_per_household,current prices (nominal),households,Mizoram,,,all,rural,Mizoram,,,KI_70_18.2_19dec14.pdf,https://www.mospi.gov.in/sites/default/files/publication_reports/KI_70_18.2_19dec14.pdf,"Table 2-R: AVA, AOD, AOD per household with outstanding loan, IOI for rural India for each State/UT, major household types (columns ""all"")",PDF p.38-39 (Appendix A),OK,
D9-00415,9,"NSS 70th round Key Indicators of Debt and Investment in India, NSS KI (70/18.2), December 2014 (exact day not stated on cover)",,"AIDIS 2013, NSS 70th round (January - December 2013)",2013-01-01,2013-12-31,2012-06-30,AODL,Average amount of debt per indebted household,mean,120998,INR_per_indebted_household,current prices (nominal),indebted households,Mizoram,,,all,rural,Mizoram,,,KI_70_18.2_19dec14.pdf,https://www.mospi.gov.in/sites/default/files/publication_reports/KI_70_18.2_19dec14.pdf,"Table 2-R: AVA, AOD, AOD per household with outstanding loan, IOI for rural India for each State/UT, major household types (columns ""all"")",PDF p.38-39 (Appendix A),OK,
D9-00416,9,"NSS 70th round Key Indicators of Debt and Investment in India, NSS KI (70/18.2), December 2014 (exact day not stated on cover)",,"AIDIS 2013, NSS 70th round (January - December 2013)",2013-01-01,2013-12-31,2012-06-30,DAR,"Debt-asset ratio (DAR), % (AOD as % of AVA)",rate,1.74,percent,current prices (nominal),households,Mizoram,,,all,rural,Mizoram,,,KI_70_18.2_19dec14.pdf,https://www.mospi.gov.in/sites/default/files/publication_reports/KI_70_18.2_19dec14.pdf,"Table 2-R: AVA, AOD, AOD per household with outstanding loan, IOI for rural India for each State/UT, major household types (columns ""all"")",PDF p.38-39 (Appendix A),OK,
D9-00417,9,"NSS 70th round Key Indicators of Debt and Investment in India, NSS KI (70/18.2), December 2014 (exact day not stated on cover)",,"AIDIS 2013, NSS 70th round (January - December 2013)",2013-01-01,2013-12-31,2012-06-30,AVA_TOTAL,Average value of assets (AVA) owned per household,mean,1226813,INR_per_household,current prices (nominal),households,Nagaland,,,all,rural,Nagaland,,,KI_70_18.2_19dec14.pdf,https://www.mospi.gov.in/sites/default/files/publication_reports/KI_70_18.2_19dec14.pdf,"Table 2-R: AVA, AOD, AOD per household with outstanding loan, IOI for rural India for each State/UT, major household types (columns ""all"")",PDF p.38-39 (Appendix A),OK,
D9-00418,9,"NSS 70th round Key Indicators of Debt and Investment in India, NSS KI (70/18.2), December 2014 (exact day not stated on cover)",,"AIDIS 2013, NSS 70th round (January - December 2013)",2013-01-01,2013-12-31,2012-06-30,IOI,Incidence of indebtedness (IOI): % of households indebted,rate,1.51,percent,current prices (nominal),households,Nagaland,,,all,rural,Nagaland,,,KI_70_18.2_19dec14.pdf,https://www.mospi.gov.in/sites/default/files/publication_reports/KI_70_18.2_19dec14.pdf,"Table 2-R: AVA, AOD, AOD per household with outstanding loan, IOI for rural India for each State/UT, major household types (columns ""all"")",PDF p.38-39 (Appendix A),OK,
D9-00419,9,"NSS 70th round Key Indicators of Debt and Investment in India, NSS KI (70/18.2), December 2014 (exact day not stated on cover)",,"AIDIS 2013, NSS 70th round (January - December 2013)",2013-01-01,2013-12-31,2012-06-30,AOD,Average amount of debt (AOD) per household (cash dues),mean,1934,INR_per_household,current prices (nominal),households,Nagaland,,,all,rural,Nagaland,,,KI_70_18.2_19dec14.pdf,https://www.mospi.gov.in/sites/default/files/publication_reports/KI_70_18.2_19dec14.pdf,"Table 2-R: AVA, AOD, AOD per household with outstanding loan, IOI for rural India for each State/UT, major household types (columns ""all"")",PDF p.38-39 (Appendix A),OK,
D9-00420,9,"NSS 70th round Key Indicators of Debt and Investment in India, NSS KI (70/18.2), December 2014 (exact day not stated on cover)",,"AIDIS 2013, NSS 70th round (January - December 2013)",2013-01-01,2013-12-31,2012-06-30,AODL,Average amount of debt per indebted household,mean,128317,INR_per_indebted_household,current prices (nominal),indebted households,Nagaland,,,all,rural,Nagaland,,,KI_70_18.2_19dec14.pdf,https://www.mospi.gov.in/sites/default/files/publication_reports/KI_70_18.2_19dec14.pdf,"Table 2-R: AVA, AOD, AOD per household with outstanding loan, IOI for rural India for each State/UT, major household types (columns ""all"")",PDF p.38-39 (Appendix A),OK,
D9-00421,9,"NSS 70th round Key Indicators of Debt and Investment in India, NSS KI (70/18.2), December 2014 (exact day not stated on cover)",,"AIDIS 2013, NSS 70th round (January - December 2013)",2013-01-01,2013-12-31,2012-06-30,DAR,"Debt-asset ratio (DAR), % (AOD as % of AVA)",rate,0.16,percent,current prices (nominal),households,Nagaland,,,all,rural,Nagaland,,,KI_70_18.2_19dec14.pdf,https://www.mospi.gov.in/sites/default/files/publication_reports/KI_70_18.2_19dec14.pdf,"Table 2-R: AVA, AOD, AOD per household with outstanding loan, IOI for rural India for each State/UT, major household types (columns ""all"")",PDF p.38-39 (Appendix A),OK,
D9-00422,9,"NSS 70th round Key Indicators of Debt and Investment in India, NSS KI (70/18.2), December 2014 (exact day not stated on cover)",,"AIDIS 2013, NSS 70th round (January - December 2013)",2013-01-01,2013-12-31,2012-06-30,AVA_TOTAL,Average value of assets (AVA) owned per household,mean,281427,INR_per_household,current prices (nominal),households,Odisha,,,all,rural,Odisha,,,KI_70_18.2_19dec14.pdf,https://www.mospi.gov.in/sites/default/files/publication_reports/KI_70_18.2_19dec14.pdf,"Table 2-R: AVA, AOD, AOD per household with outstanding loan, IOI for rural India for each State/UT, major household types (columns ""all"")",PDF p.38-39 (Appendix A),OK,
D9-00423,9,"NSS 70th round Key Indicators of Debt and Investment in India, NSS KI (70/18.2), December 2014 (exact day not stated on cover)",,"AIDIS 2013, NSS 70th round (January - December 2013)",2013-01-01,2013-12-31,2012-06-30,IOI,Incidence of indebtedness (IOI): % of households indebted,rate,25.73,percent,current prices (nominal),households,Odisha,,,all,rural,Odisha,,,KI_70_18.2_19dec14.pdf,https://www.mospi.gov.in/sites/default/files/publication_reports/KI_70_18.2_19dec14.pdf,"Table 2-R: AVA, AOD, AOD per household with outstanding loan, IOI for rural India for each State/UT, major household types (columns ""all"")",PDF p.38-39 (Appendix A),OK,
D9-00424,9,"NSS 70th round Key Indicators of Debt and Investment in India, NSS KI (70/18.2), December 2014 (exact day not stated on cover)",,"AIDIS 2013, NSS 70th round (January - December 2013)",2013-01-01,2013-12-31,2012-06-30,AOD,Average amount of debt (AOD) per household (cash dues),mean,13643,INR_per_household,current prices (nominal),households,Odisha,,,all,rural,Odisha,,,KI_70_18.2_19dec14.pdf,https://www.mospi.gov.in/sites/default/files/publication_reports/KI_70_18.2_19dec14.pdf,"Table 2-R: AVA, AOD, AOD per household with outstanding loan, IOI for rural India for each State/UT, major household types (columns ""all"")",PDF p.38-39 (Appendix A),OK,
D9-00425,9,"NSS 70th round Key Indicators of Debt and Investment in India, NSS KI (70/18.2), December 2014 (exact day not stated on cover)",,"AIDIS 2013, NSS 70th round (January - December 2013)",2013-01-01,2013-12-31,2012-06-30,AODL,Average amount of debt per indebted household,mean,53023,INR_per_indebted_household,current prices (nominal),indebted households,Odisha,,,all,rural,Odisha,,,KI_70_18.2_19dec14.pdf,https://www.mospi.gov.in/sites/default/files/publication_reports/KI_70_18.2_19dec14.pdf,"Table 2-R: AVA, AOD, AOD per household with outstanding loan, IOI for rural India for each State/UT, major household types (columns ""all"")",PDF p.38-39 (Appendix A),OK,
D9-00426,9,"NSS 70th round Key Indicators of Debt and Investment in India, NSS KI (70/18.2), December 2014 (exact day not stated on cover)",,"AIDIS 2013, NSS 70th round (January - December 2013)",2013-01-01,2013-12-31,2012-06-30,DAR,"Debt-asset ratio (DAR), % (AOD as % of AVA)",rate,4.85,percent,current prices (nominal),households,Odisha,,,all,rural,Odisha,,,KI_70_18.2_19dec14.pdf,https://www.mospi.gov.in/sites/default/files/publication_reports/KI_70_18.2_19dec14.pdf,"Table 2-R: AVA, AOD, AOD per household with outstanding loan, IOI for rural India for each State/UT, major household types (columns ""all"")",PDF p.38-39 (Appendix A),OK,
D9-00427,9,"NSS 70th round Key Indicators of Debt and Investment in India, NSS KI (70/18.2), December 2014 (exact day not stated on cover)",,"AIDIS 2013, NSS 70th round (January - December 2013)",2013-01-01,2013-12-31,2012-06-30,AVA_TOTAL,Average value of assets (AVA) owned per household,mean,4295371,INR_per_household,current prices (nominal),households,Punjab,,,all,rural,Punjab,,,KI_70_18.2_19dec14.pdf,https://www.mospi.gov.in/sites/default/files/publication_reports/KI_70_18.2_19dec14.pdf,"Table 2-R: AVA, AOD, AOD per household with outstanding loan, IOI for rural India for each State/UT, major household types (columns ""all"")",PDF p.38-39 (Appendix A),OK,
D9-00428,9,"NSS 70th round Key Indicators of Debt and Investment in India, NSS KI (70/18.2), December 2014 (exact day not stated on cover)",,"AIDIS 2013, NSS 70th round (January - December 2013)",2013-01-01,2013-12-31,2012-06-30,IOI,Incidence of indebtedness (IOI): % of households indebted,rate,33.06,percent,current prices (nominal),households,Punjab,,,all,rural,Punjab,,,KI_70_18.2_19dec14.pdf,https://www.mospi.gov.in/sites/default/files/publication_reports/KI_70_18.2_19dec14.pdf,"Table 2-R: AVA, AOD, AOD per household with outstanding loan, IOI for rural India for each State/UT, major household types (columns ""all"")",PDF p.38-39 (Appendix A),OK,
D9-00429,9,"NSS 70th round Key Indicators of Debt and Investment in India, NSS KI (70/18.2), December 2014 (exact day not stated on cover)",,"AIDIS 2013, NSS 70th round (January - December 2013)",2013-01-01,2013-12-31,2012-06-30,AOD,Average amount of debt (AOD) per household (cash dues),mean,64548,INR_per_household,current prices (nominal),households,Punjab,,,all,rural,Punjab,,,KI_70_18.2_19dec14.pdf,https://www.mospi.gov.in/sites/default/files/publication_reports/KI_70_18.2_19dec14.pdf,"Table 2-R: AVA, AOD, AOD per household with outstanding loan, IOI for rural India for each State/UT, major household types (columns ""all"")",PDF p.38-39 (Appendix A),OK,
D9-00430,9,"NSS 70th round Key Indicators of Debt and Investment in India, NSS KI (70/18.2), December 2014 (exact day not stated on cover)",,"AIDIS 2013, NSS 70th round (January - December 2013)",2013-01-01,2013-12-31,2012-06-30,AODL,Average amount of debt per indebted household,mean,195250,INR_per_indebted_household,current prices (nominal),indebted households,Punjab,,,all,rural,Punjab,,,KI_70_18.2_19dec14.pdf,https://www.mospi.gov.in/sites/default/files/publication_reports/KI_70_18.2_19dec14.pdf,"Table 2-R: AVA, AOD, AOD per household with outstanding loan, IOI for rural India for each State/UT, major household types (columns ""all"")",PDF p.38-39 (Appendix A),OK,
D9-00431,9,"NSS 70th round Key Indicators of Debt and Investment in India, NSS KI (70/18.2), December 2014 (exact day not stated on cover)",,"AIDIS 2013, NSS 70th round (January - December 2013)",2013-01-01,2013-12-31,2012-06-30,DAR,"Debt-asset ratio (DAR), % (AOD as % of AVA)",rate,1.5,percent,current prices (nominal),households,Punjab,,,all,rural,Punjab,,,KI_70_18.2_19dec14.pdf,https://www.mospi.gov.in/sites/default/files/publication_reports/KI_70_18.2_19dec14.pdf,"Table 2-R: AVA, AOD, AOD per household with outstanding loan, IOI for rural India for each State/UT, major household types (columns ""all"")",PDF p.38-39 (Appendix A),OK,
D9-00432,9,"NSS 70th round Key Indicators of Debt and Investment in India, NSS KI (70/18.2), December 2014 (exact day not stated on cover)",,"AIDIS 2013, NSS 70th round (January - December 2013)",2013-01-01,2013-12-31,2012-06-30,AVA_TOTAL,Average value of assets (AVA) owned per household,mean,1068880,INR_per_household,current prices (nominal),households,Rajasthan,,,all,rural,Rajasthan,,,KI_70_18.2_19dec14.pdf,https://www.mospi.gov.in/sites/default/files/publication_reports/KI_70_18.2_19dec14.pdf,"Table 2-R: AVA, AOD, AOD per household with outstanding loan, IOI for rural India for each State/UT, major household types (columns ""all"")",PDF p.38-39 (Appendix A),OK,
D9-00433,9,"NSS 70th round Key Indicators of Debt and Investment in India, NSS KI (70/18.2), December 2014 (exact day not stated on cover)",,"AIDIS 2013, NSS 70th round (January - December 2013)",2013-01-01,2013-12-31,2012-06-30,IOI,Incidence of indebtedness (IOI): % of households indebted,rate,37.39,percent,current prices (nominal),households,Rajasthan,,,all,rural,Rajasthan,,,KI_70_18.2_19dec14.pdf,https://www.mospi.gov.in/sites/default/files/publication_reports/KI_70_18.2_19dec14.pdf,"Table 2-R: AVA, AOD, AOD per household with outstanding loan, IOI for rural India for each State/UT, major household types (columns ""all"")",PDF p.38-39 (Appendix A),OK,
D9-00434,9,"NSS 70th round Key Indicators of Debt and Investment in India, NSS KI (70/18.2), December 2014 (exact day not stated on cover)",,"AIDIS 2013, NSS 70th round (January - December 2013)",2013-01-01,2013-12-31,2012-06-30,AOD,Average amount of debt (AOD) per household (cash dues),mean,47397,INR_per_household,current prices (nominal),households,Rajasthan,,,all,rural,Rajasthan,,,KI_70_18.2_19dec14.pdf,https://www.mospi.gov.in/sites/default/files/publication_reports/KI_70_18.2_19dec14.pdf,"Table 2-R: AVA, AOD, AOD per household with outstanding loan, IOI for rural India for each State/UT, major household types (columns ""all"")",PDF p.38-39 (Appendix A),OK,
D9-00435,9,"NSS 70th round Key Indicators of Debt and Investment in India, NSS KI (70/18.2), December 2014 (exact day not stated on cover)",,"AIDIS 2013, NSS 70th round (January - December 2013)",2013-01-01,2013-12-31,2012-06-30,AODL,Average amount of debt per indebted household,mean,126754,INR_per_indebted_household,current prices (nominal),indebted households,Rajasthan,,,all,rural,Rajasthan,,,KI_70_18.2_19dec14.pdf,https://www.mospi.gov.in/sites/default/files/publication_reports/KI_70_18.2_19dec14.pdf,"Table 2-R: AVA, AOD, AOD per household with outstanding loan, IOI for rural India for each State/UT, major household types (columns ""all"")",PDF p.38-39 (Appendix A),OK,
D9-00436,9,"NSS 70th round Key Indicators of Debt and Investment in India, NSS KI (70/18.2), December 2014 (exact day not stated on cover)",,"AIDIS 2013, NSS 70th round (January - December 2013)",2013-01-01,2013-12-31,2012-06-30,DAR,"Debt-asset ratio (DAR), % (AOD as % of AVA)",rate,4.43,percent,current prices (nominal),households,Rajasthan,,,all,rural,Rajasthan,,,KI_70_18.2_19dec14.pdf,https://www.mospi.gov.in/sites/default/files/publication_reports/KI_70_18.2_19dec14.pdf,"Table 2-R: AVA, AOD, AOD per household with outstanding loan, IOI for rural India for each State/UT, major household types (columns ""all"")",PDF p.38-39 (Appendix A),OK,
D9-00437,9,"NSS 70th round Key Indicators of Debt and Investment in India, NSS KI (70/18.2), December 2014 (exact day not stated on cover)",,"AIDIS 2013, NSS 70th round (January - December 2013)",2013-01-01,2013-12-31,2012-06-30,AVA_TOTAL,Average value of assets (AVA) owned per household,mean,699876,INR_per_household,current prices (nominal),households,Sikkim,,,all,rural,Sikkim,,,KI_70_18.2_19dec14.pdf,https://www.mospi.gov.in/sites/default/files/publication_reports/KI_70_18.2_19dec14.pdf,"Table 2-R: AVA, AOD, AOD per household with outstanding loan, IOI for rural India for each State/UT, major household types (columns ""all"")",PDF p.38-39 (Appendix A),OK,
D9-00438,9,"NSS 70th round Key Indicators of Debt and Investment in India, NSS KI (70/18.2), December 2014 (exact day not stated on cover)",,"AIDIS 2013, NSS 70th round (January - December 2013)",2013-01-01,2013-12-31,2012-06-30,IOI,Incidence of indebtedness (IOI): % of households indebted,rate,7.06,percent,current prices (nominal),households,Sikkim,,,all,rural,Sikkim,,,KI_70_18.2_19dec14.pdf,https://www.mospi.gov.in/sites/default/files/publication_reports/KI_70_18.2_19dec14.pdf,"Table 2-R: AVA, AOD, AOD per household with outstanding loan, IOI for rural India for each State/UT, major household types (columns ""all"")",PDF p.38-39 (Appendix A),OK,
D9-00439,9,"NSS 70th round Key Indicators of Debt and Investment in India, NSS KI (70/18.2), December 2014 (exact day not stated on cover)",,"AIDIS 2013, NSS 70th round (January - December 2013)",2013-01-01,2013-12-31,2012-06-30,AOD,Average amount of debt (AOD) per household (cash dues),mean,42323,INR_per_household,current prices (nominal),households,Sikkim,,,all,rural,Sikkim,,,KI_70_18.2_19dec14.pdf,https://www.mospi.gov.in/sites/default/files/publication_reports/KI_70_18.2_19dec14.pdf,"Table 2-R: AVA, AOD, AOD per household with outstanding loan, IOI for rural India for each State/UT, major household types (columns ""all"")",PDF p.38-39 (Appendix A),OK,
D9-00440,9,"NSS 70th round Key Indicators of Debt and Investment in India, NSS KI (70/18.2), December 2014 (exact day not stated on cover)",,"AIDIS 2013, NSS 70th round (January - December 2013)",2013-01-01,2013-12-31,2012-06-30,AODL,Average amount of debt per indebted household,mean,599491,INR_per_indebted_household,current prices (nominal),indebted households,Sikkim,,,all,rural,Sikkim,,,KI_70_18.2_19dec14.pdf,https://www.mospi.gov.in/sites/default/files/publication_reports/KI_70_18.2_19dec14.pdf,"Table 2-R: AVA, AOD, AOD per household with outstanding loan, IOI for rural India for each State/UT, major household types (columns ""all"")",PDF p.38-39 (Appendix A),OK,
D9-00441,9,"NSS 70th round Key Indicators of Debt and Investment in India, NSS KI (70/18.2), December 2014 (exact day not stated on cover)",,"AIDIS 2013, NSS 70th round (January - December 2013)",2013-01-01,2013-12-31,2012-06-30,DAR,"Debt-asset ratio (DAR), % (AOD as % of AVA)",rate,6.05,percent,current prices (nominal),households,Sikkim,,,all,rural,Sikkim,,,KI_70_18.2_19dec14.pdf,https://www.mospi.gov.in/sites/default/files/publication_reports/KI_70_18.2_19dec14.pdf,"Table 2-R: AVA, AOD, AOD per household with outstanding loan, IOI for rural India for each State/UT, major household types (columns ""all"")",PDF p.38-39 (Appendix A),OK,
D9-00442,9,"NSS 70th round Key Indicators of Debt and Investment in India, NSS KI (70/18.2), December 2014 (exact day not stated on cover)",,"AIDIS 2013, NSS 70th round (January - December 2013)",2013-01-01,2013-12-31,2012-06-30,AVA_TOTAL,Average value of assets (AVA) owned per household,mean,672660,INR_per_household,current prices (nominal),households,Tamil Nadu,,,all,rural,Tamil Nadu,,,KI_70_18.2_19dec14.pdf,https://www.mospi.gov.in/sites/default/files/publication_reports/KI_70_18.2_19dec14.pdf,"Table 2-R: AVA, AOD, AOD per household with outstanding loan, IOI for rural India for each State/UT, major household types (columns ""all"")",PDF p.38-39 (Appendix A),OK,
D9-00443,9,"NSS 70th round Key Indicators of Debt and Investment in India, NSS KI (70/18.2), December 2014 (exact day not stated on cover)",,"AIDIS 2013, NSS 70th round (January - December 2013)",2013-01-01,2013-12-31,2012-06-30,IOI,Incidence of indebtedness (IOI): % of households indebted,rate,39.68,percent,current prices (nominal),households,Tamil Nadu,,,all,rural,Tamil Nadu,,,KI_70_18.2_19dec14.pdf,https://www.mospi.gov.in/sites/default/files/publication_reports/KI_70_18.2_19dec14.pdf,"Table 2-R: AVA, AOD, AOD per household with outstanding loan, IOI for rural India for each State/UT, major household types (columns ""all"")",PDF p.38-39 (Appendix A),OK,
D9-00444,9,"NSS 70th round Key Indicators of Debt and Investment in India, NSS KI (70/18.2), December 2014 (exact day not stated on cover)",,"AIDIS 2013, NSS 70th round (January - December 2013)",2013-01-01,2013-12-31,2012-06-30,AOD,Average amount of debt (AOD) per household (cash dues),mean,45803,INR_per_household,current prices (nominal),households,Tamil Nadu,,,all,rural,Tamil Nadu,,,KI_70_18.2_19dec14.pdf,https://www.mospi.gov.in/sites/default/files/publication_reports/KI_70_18.2_19dec14.pdf,"Table 2-R: AVA, AOD, AOD per household with outstanding loan, IOI for rural India for each State/UT, major household types (columns ""all"")",PDF p.38-39 (Appendix A),OK,
D9-00445,9,"NSS 70th round Key Indicators of Debt and Investment in India, NSS KI (70/18.2), December 2014 (exact day not stated on cover)",,"AIDIS 2013, NSS 70th round (January - December 2013)",2013-01-01,2013-12-31,2012-06-30,AODL,Average amount of debt per indebted household,mean,115420,INR_per_indebted_household,current prices (nominal),indebted households,Tamil Nadu,,,all,rural,Tamil Nadu,,,KI_70_18.2_19dec14.pdf,https://www.mospi.gov.in/sites/default/files/publication_reports/KI_70_18.2_19dec14.pdf,"Table 2-R: AVA, AOD, AOD per household with outstanding loan, IOI for rural India for each State/UT, major household types (columns ""all"")",PDF p.38-39 (Appendix A),OK,
D9-00446,9,"NSS 70th round Key Indicators of Debt and Investment in India, NSS KI (70/18.2), December 2014 (exact day not stated on cover)",,"AIDIS 2013, NSS 70th round (January - December 2013)",2013-01-01,2013-12-31,2012-06-30,DAR,"Debt-asset ratio (DAR), % (AOD as % of AVA)",rate,6.81,percent,current prices (nominal),households,Tamil Nadu,,,all,rural,Tamil Nadu,,,KI_70_18.2_19dec14.pdf,https://www.mospi.gov.in/sites/default/files/publication_reports/KI_70_18.2_19dec14.pdf,"Table 2-R: AVA, AOD, AOD per household with outstanding loan, IOI for rural India for each State/UT, major household types (columns ""all"")",PDF p.38-39 (Appendix A),OK,
D9-00447,9,"NSS 70th round Key Indicators of Debt and Investment in India, NSS KI (70/18.2), December 2014 (exact day not stated on cover)",,"AIDIS 2013, NSS 70th round (January - December 2013)",2013-01-01,2013-12-31,2012-06-30,AVA_TOTAL,Average value of assets (AVA) owned per household,mean,637509,INR_per_household,current prices (nominal),households,Telangana,,,all,rural,Telangana,,,KI_70_18.2_19dec14.pdf,https://www.mospi.gov.in/sites/default/files/publication_reports/KI_70_18.2_19dec14.pdf,"Table 2-R: AVA, AOD, AOD per household with outstanding loan, IOI for rural India for each State/UT, major household types (columns ""all"")",PDF p.38-39 (Appendix A),OK,
D9-00448,9,"NSS 70th round Key Indicators of Debt and Investment in India, NSS KI (70/18.2), December 2014 (exact day not stated on cover)",,"AIDIS 2013, NSS 70th round (January - December 2013)",2013-01-01,2013-12-31,2012-06-30,IOI,Incidence of indebtedness (IOI): % of households indebted,rate,59.06,percent,current prices (nominal),households,Telangana,,,all,rural,Telangana,,,KI_70_18.2_19dec14.pdf,https://www.mospi.gov.in/sites/default/files/publication_reports/KI_70_18.2_19dec14.pdf,"Table 2-R: AVA, AOD, AOD per household with outstanding loan, IOI for rural India for each State/UT, major household types (columns ""all"")",PDF p.38-39 (Appendix A),OK,
D9-00449,9,"NSS 70th round Key Indicators of Debt and Investment in India, NSS KI (70/18.2), December 2014 (exact day not stated on cover)",,"AIDIS 2013, NSS 70th round (January - December 2013)",2013-01-01,2013-12-31,2012-06-30,AOD,Average amount of debt (AOD) per household (cash dues),mean,50692,INR_per_household,current prices (nominal),households,Telangana,,,all,rural,Telangana,,,KI_70_18.2_19dec14.pdf,https://www.mospi.gov.in/sites/default/files/publication_reports/KI_70_18.2_19dec14.pdf,"Table 2-R: AVA, AOD, AOD per household with outstanding loan, IOI for rural India for each State/UT, major household types (columns ""all"")",PDF p.38-39 (Appendix A),OK,
D9-00450,9,"NSS 70th round Key Indicators of Debt and Investment in India, NSS KI (70/18.2), December 2014 (exact day not stated on cover)",,"AIDIS 2013, NSS 70th round (January - December 2013)",2013-01-01,2013-12-31,2012-06-30,AODL,Average amount of debt per indebted household,mean,85836,INR_per_indebted_household,current prices (nominal),indebted households,Telangana,,,all,rural,Telangana,,,KI_70_18.2_19dec14.pdf,https://www.mospi.gov.in/sites/default/files/publication_reports/KI_70_18.2_19dec14.pdf,"Table 2-R: AVA, AOD, AOD per household with outstanding loan, IOI for rural India for each State/UT, major household types (columns ""all"")",PDF p.38-39 (Appendix A),OK,
D9-00451,9,"NSS 70th round Key Indicators of Debt and Investment in India, NSS KI (70/18.2), December 2014 (exact day not stated on cover)",,"AIDIS 2013, NSS 70th round (January - December 2013)",2013-01-01,2013-12-31,2012-06-30,DAR,"Debt-asset ratio (DAR), % (AOD as % of AVA)",rate,7.95,percent,current prices (nominal),households,Telangana,,,all,rural,Telangana,,,KI_70_18.2_19dec14.pdf,https://www.mospi.gov.in/sites/default/files/publication_reports/KI_70_18.2_19dec14.pdf,"Table 2-R: AVA, AOD, AOD per household with outstanding loan, IOI for rural India for each State/UT, major household types (columns ""all"")",PDF p.38-39 (Appendix A),OK,
D9-00452,9,"NSS 70th round Key Indicators of Debt and Investment in India, NSS KI (70/18.2), December 2014 (exact day not stated on cover)",,"AIDIS 2013, NSS 70th round (January - December 2013)",2013-01-01,2013-12-31,2012-06-30,AVA_TOTAL,Average value of assets (AVA) owned per household,mean,278635,INR_per_household,current prices (nominal),households,Tripura,,,all,rural,Tripura,,,KI_70_18.2_19dec14.pdf,https://www.mospi.gov.in/sites/default/files/publication_reports/KI_70_18.2_19dec14.pdf,"Table 2-R: AVA, AOD, AOD per household with outstanding loan, IOI for rural India for each State/UT, major household types (columns ""all"")",PDF p.38-39 (Appendix A),OK,
D9-00453,9,"NSS 70th round Key Indicators of Debt and Investment in India, NSS KI (70/18.2), December 2014 (exact day not stated on cover)",,"AIDIS 2013, NSS 70th round (January - December 2013)",2013-01-01,2013-12-31,2012-06-30,IOI,Incidence of indebtedness (IOI): % of households indebted,rate,10.03,percent,current prices (nominal),households,Tripura,,,all,rural,Tripura,,,KI_70_18.2_19dec14.pdf,https://www.mospi.gov.in/sites/default/files/publication_reports/KI_70_18.2_19dec14.pdf,"Table 2-R: AVA, AOD, AOD per household with outstanding loan, IOI for rural India for each State/UT, major household types (columns ""all"")",PDF p.38-39 (Appendix A),OK,
D9-00454,9,"NSS 70th round Key Indicators of Debt and Investment in India, NSS KI (70/18.2), December 2014 (exact day not stated on cover)",,"AIDIS 2013, NSS 70th round (January - December 2013)",2013-01-01,2013-12-31,2012-06-30,AOD,Average amount of debt (AOD) per household (cash dues),mean,3677,INR_per_household,current prices (nominal),households,Tripura,,,all,rural,Tripura,,,KI_70_18.2_19dec14.pdf,https://www.mospi.gov.in/sites/default/files/publication_reports/KI_70_18.2_19dec14.pdf,"Table 2-R: AVA, AOD, AOD per household with outstanding loan, IOI for rural India for each State/UT, major household types (columns ""all"")",PDF p.38-39 (Appendix A),OK,
D9-00455,9,"NSS 70th round Key Indicators of Debt and Investment in India, NSS KI (70/18.2), December 2014 (exact day not stated on cover)",,"AIDIS 2013, NSS 70th round (January - December 2013)",2013-01-01,2013-12-31,2012-06-30,AODL,Average amount of debt per indebted household,mean,36664,INR_per_indebted_household,current prices (nominal),indebted households,Tripura,,,all,rural,Tripura,,,KI_70_18.2_19dec14.pdf,https://www.mospi.gov.in/sites/default/files/publication_reports/KI_70_18.2_19dec14.pdf,"Table 2-R: AVA, AOD, AOD per household with outstanding loan, IOI for rural India for each State/UT, major household types (columns ""all"")",PDF p.38-39 (Appendix A),OK,
D9-00456,9,"NSS 70th round Key Indicators of Debt and Investment in India, NSS KI (70/18.2), December 2014 (exact day not stated on cover)",,"AIDIS 2013, NSS 70th round (January - December 2013)",2013-01-01,2013-12-31,2012-06-30,DAR,"Debt-asset ratio (DAR), % (AOD as % of AVA)",rate,1.32,percent,current prices (nominal),households,Tripura,,,all,rural,Tripura,,,KI_70_18.2_19dec14.pdf,https://www.mospi.gov.in/sites/default/files/publication_reports/KI_70_18.2_19dec14.pdf,"Table 2-R: AVA, AOD, AOD per household with outstanding loan, IOI for rural India for each State/UT, major household types (columns ""all"")",PDF p.38-39 (Appendix A),OK,
D9-00457,9,"NSS 70th round Key Indicators of Debt and Investment in India, NSS KI (70/18.2), December 2014 (exact day not stated on cover)",,"AIDIS 2013, NSS 70th round (January - December 2013)",2013-01-01,2013-12-31,2012-06-30,AVA_TOTAL,Average value of assets (AVA) owned per household,mean,867938,INR_per_household,current prices (nominal),households,Uttarakhand,,,all,rural,Uttarakhand,,,KI_70_18.2_19dec14.pdf,https://www.mospi.gov.in/sites/default/files/publication_reports/KI_70_18.2_19dec14.pdf,"Table 2-R: AVA, AOD, AOD per household with outstanding loan, IOI for rural India for each State/UT, major household types (columns ""all"")",PDF p.38-39 (Appendix A),OK,
D9-00458,9,"NSS 70th round Key Indicators of Debt and Investment in India, NSS KI (70/18.2), December 2014 (exact day not stated on cover)",,"AIDIS 2013, NSS 70th round (January - December 2013)",2013-01-01,2013-12-31,2012-06-30,IOI,Incidence of indebtedness (IOI): % of households indebted,rate,25.83,percent,current prices (nominal),households,Uttarakhand,,,all,rural,Uttarakhand,,,KI_70_18.2_19dec14.pdf,https://www.mospi.gov.in/sites/default/files/publication_reports/KI_70_18.2_19dec14.pdf,"Table 2-R: AVA, AOD, AOD per household with outstanding loan, IOI for rural India for each State/UT, major household types (columns ""all"")",PDF p.38-39 (Appendix A),OK,
D9-00459,9,"NSS 70th round Key Indicators of Debt and Investment in India, NSS KI (70/18.2), December 2014 (exact day not stated on cover)",,"AIDIS 2013, NSS 70th round (January - December 2013)",2013-01-01,2013-12-31,2012-06-30,AOD,Average amount of debt (AOD) per household (cash dues),mean,38256,INR_per_household,current prices (nominal),households,Uttarakhand,,,all,rural,Uttarakhand,,,KI_70_18.2_19dec14.pdf,https://www.mospi.gov.in/sites/default/files/publication_reports/KI_70_18.2_19dec14.pdf,"Table 2-R: AVA, AOD, AOD per household with outstanding loan, IOI for rural India for each State/UT, major household types (columns ""all"")",PDF p.38-39 (Appendix A),OK,
D9-00460,9,"NSS 70th round Key Indicators of Debt and Investment in India, NSS KI (70/18.2), December 2014 (exact day not stated on cover)",,"AIDIS 2013, NSS 70th round (January - December 2013)",2013-01-01,2013-12-31,2012-06-30,AODL,Average amount of debt per indebted household,mean,148103,INR_per_indebted_household,current prices (nominal),indebted households,Uttarakhand,,,all,rural,Uttarakhand,,,KI_70_18.2_19dec14.pdf,https://www.mospi.gov.in/sites/default/files/publication_reports/KI_70_18.2_19dec14.pdf,"Table 2-R: AVA, AOD, AOD per household with outstanding loan, IOI for rural India for each State/UT, major household types (columns ""all"")",PDF p.38-39 (Appendix A),OK,
D9-00461,9,"NSS 70th round Key Indicators of Debt and Investment in India, NSS KI (70/18.2), December 2014 (exact day not stated on cover)",,"AIDIS 2013, NSS 70th round (January - December 2013)",2013-01-01,2013-12-31,2012-06-30,DAR,"Debt-asset ratio (DAR), % (AOD as % of AVA)",rate,4.41,percent,current prices (nominal),households,Uttarakhand,,,all,rural,Uttarakhand,,,KI_70_18.2_19dec14.pdf,https://www.mospi.gov.in/sites/default/files/publication_reports/KI_70_18.2_19dec14.pdf,"Table 2-R: AVA, AOD, AOD per household with outstanding loan, IOI for rural India for each State/UT, major household types (columns ""all"")",PDF p.38-39 (Appendix A),OK,
D9-00462,9,"NSS 70th round Key Indicators of Debt and Investment in India, NSS KI (70/18.2), December 2014 (exact day not stated on cover)",,"AIDIS 2013, NSS 70th round (January - December 2013)",2013-01-01,2013-12-31,2012-06-30,AVA_TOTAL,Average value of assets (AVA) owned per household,mean,1041901,INR_per_household,current prices (nominal),households,Uttar Pradesh,,,all,rural,Uttar Pradesh,,,KI_70_18.2_19dec14.pdf,https://www.mospi.gov.in/sites/default/files/publication_reports/KI_70_18.2_19dec14.pdf,"Table 2-R: AVA, AOD, AOD per household with outstanding loan, IOI for rural India for each State/UT, major household types (columns ""all"")",PDF p.38-39 (Appendix A),OK,
D9-00463,9,"NSS 70th round Key Indicators of Debt and Investment in India, NSS KI (70/18.2), December 2014 (exact day not stated on cover)",,"AIDIS 2013, NSS 70th round (January - December 2013)",2013-01-01,2013-12-31,2012-06-30,IOI,Incidence of indebtedness (IOI): % of households indebted,rate,29.55,percent,current prices (nominal),households,Uttar Pradesh,,,all,rural,Uttar Pradesh,,,KI_70_18.2_19dec14.pdf,https://www.mospi.gov.in/sites/default/files/publication_reports/KI_70_18.2_19dec14.pdf,"Table 2-R: AVA, AOD, AOD per household with outstanding loan, IOI for rural India for each State/UT, major household types (columns ""all"")",PDF p.38-39 (Appendix A),OK,
D9-00464,9,"NSS 70th round Key Indicators of Debt and Investment in India, NSS KI (70/18.2), December 2014 (exact day not stated on cover)",,"AIDIS 2013, NSS 70th round (January - December 2013)",2013-01-01,2013-12-31,2012-06-30,AOD,Average amount of debt (AOD) per household (cash dues),mean,22199,INR_per_household,current prices (nominal),households,Uttar Pradesh,,,all,rural,Uttar Pradesh,,,KI_70_18.2_19dec14.pdf,https://www.mospi.gov.in/sites/default/files/publication_reports/KI_70_18.2_19dec14.pdf,"Table 2-R: AVA, AOD, AOD per household with outstanding loan, IOI for rural India for each State/UT, major household types (columns ""all"")",PDF p.38-39 (Appendix A),OK,
D9-00465,9,"NSS 70th round Key Indicators of Debt and Investment in India, NSS KI (70/18.2), December 2014 (exact day not stated on cover)",,"AIDIS 2013, NSS 70th round (January - December 2013)",2013-01-01,2013-12-31,2012-06-30,AODL,Average amount of debt per indebted household,mean,75122,INR_per_indebted_household,current prices (nominal),indebted households,Uttar Pradesh,,,all,rural,Uttar Pradesh,,,KI_70_18.2_19dec14.pdf,https://www.mospi.gov.in/sites/default/files/publication_reports/KI_70_18.2_19dec14.pdf,"Table 2-R: AVA, AOD, AOD per household with outstanding loan, IOI for rural India for each State/UT, major household types (columns ""all"")",PDF p.38-39 (Appendix A),OK,
D9-00466,9,"NSS 70th round Key Indicators of Debt and Investment in India, NSS KI (70/18.2), December 2014 (exact day not stated on cover)",,"AIDIS 2013, NSS 70th round (January - December 2013)",2013-01-01,2013-12-31,2012-06-30,DAR,"Debt-asset ratio (DAR), % (AOD as % of AVA)",rate,2.13,percent,current prices (nominal),households,Uttar Pradesh,,,all,rural,Uttar Pradesh,,,KI_70_18.2_19dec14.pdf,https://www.mospi.gov.in/sites/default/files/publication_reports/KI_70_18.2_19dec14.pdf,"Table 2-R: AVA, AOD, AOD per household with outstanding loan, IOI for rural India for each State/UT, major household types (columns ""all"")",PDF p.38-39 (Appendix A),OK,
D9-00467,9,"NSS 70th round Key Indicators of Debt and Investment in India, NSS KI (70/18.2), December 2014 (exact day not stated on cover)",,"AIDIS 2013, NSS 70th round (January - December 2013)",2013-01-01,2013-12-31,2012-06-30,AVA_TOTAL,Average value of assets (AVA) owned per household,mean,407297,INR_per_household,current prices (nominal),households,West Bengal,,,all,rural,West Bengal,,,KI_70_18.2_19dec14.pdf,https://www.mospi.gov.in/sites/default/files/publication_reports/KI_70_18.2_19dec14.pdf,"Table 2-R: AVA, AOD, AOD per household with outstanding loan, IOI for rural India for each State/UT, major household types (columns ""all"")",PDF p.38-39 (Appendix A),OK,
D9-00468,9,"NSS 70th round Key Indicators of Debt and Investment in India, NSS KI (70/18.2), December 2014 (exact day not stated on cover)",,"AIDIS 2013, NSS 70th round (January - December 2013)",2013-01-01,2013-12-31,2012-06-30,IOI,Incidence of indebtedness (IOI): % of households indebted,rate,23.62,percent,current prices (nominal),households,West Bengal,,,all,rural,West Bengal,,,KI_70_18.2_19dec14.pdf,https://www.mospi.gov.in/sites/default/files/publication_reports/KI_70_18.2_19dec14.pdf,"Table 2-R: AVA, AOD, AOD per household with outstanding loan, IOI for rural India for each State/UT, major household types (columns ""all"")",PDF p.38-39 (Appendix A),OK,
D9-00469,9,"NSS 70th round Key Indicators of Debt and Investment in India, NSS KI (70/18.2), December 2014 (exact day not stated on cover)",,"AIDIS 2013, NSS 70th round (January - December 2013)",2013-01-01,2013-12-31,2012-06-30,AOD,Average amount of debt (AOD) per household (cash dues),mean,11253,INR_per_household,current prices (nominal),households,West Bengal,,,all,rural,West Bengal,,,KI_70_18.2_19dec14.pdf,https://www.mospi.gov.in/sites/default/files/publication_reports/KI_70_18.2_19dec14.pdf,"Table 2-R: AVA, AOD, AOD per household with outstanding loan, IOI for rural India for each State/UT, major household types (columns ""all"")",PDF p.38-39 (Appendix A),OK,
D9-00470,9,"NSS 70th round Key Indicators of Debt and Investment in India, NSS KI (70/18.2), December 2014 (exact day not stated on cover)",,"AIDIS 2013, NSS 70th round (January - December 2013)",2013-01-01,2013-12-31,2012-06-30,AODL,Average amount of debt per indebted household,mean,47643,INR_per_indebted_household,current prices (nominal),indebted households,West Bengal,,,all,rural,West Bengal,,,KI_70_18.2_19dec14.pdf,https://www.mospi.gov.in/sites/default/files/publication_reports/KI_70_18.2_19dec14.pdf,"Table 2-R: AVA, AOD, AOD per household with outstanding loan, IOI for rural India for each State/UT, major household types (columns ""all"")",PDF p.38-39 (Appendix A),OK,
D9-00471,9,"NSS 70th round Key Indicators of Debt and Investment in India, NSS KI (70/18.2), December 2014 (exact day not stated on cover)",,"AIDIS 2013, NSS 70th round (January - December 2013)",2013-01-01,2013-12-31,2012-06-30,DAR,"Debt-asset ratio (DAR), % (AOD as % of AVA)",rate,2.76,percent,current prices (nominal),households,West Bengal,,,all,rural,West Bengal,,,KI_70_18.2_19dec14.pdf,https://www.mospi.gov.in/sites/default/files/publication_reports/KI_70_18.2_19dec14.pdf,"Table 2-R: AVA, AOD, AOD per household with outstanding loan, IOI for rural India for each State/UT, major household types (columns ""all"")",PDF p.38-39 (Appendix A),OK,
D9-00472,9,"NSS 70th round Key Indicators of Debt and Investment in India, NSS KI (70/18.2), December 2014 (exact day not stated on cover)",,"AIDIS 2013, NSS 70th round (January - December 2013)",2013-01-01,2013-12-31,2012-06-30,AVA_TOTAL,Average value of assets (AVA) owned per household,mean,693623,INR_per_household,current prices (nominal),households,A & N Islands,,,all,rural,A & N Islands,,,KI_70_18.2_19dec14.pdf,https://www.mospi.gov.in/sites/default/files/publication_reports/KI_70_18.2_19dec14.pdf,"Table 2-R: AVA, AOD, AOD per household with outstanding loan, IOI for rural India for each State/UT, major household types (columns ""all"")",PDF p.38-39 (Appendix A),OK,
D9-00473,9,"NSS 70th round Key Indicators of Debt and Investment in India, NSS KI (70/18.2), December 2014 (exact day not stated on cover)",,"AIDIS 2013, NSS 70th round (January - December 2013)",2013-01-01,2013-12-31,2012-06-30,IOI,Incidence of indebtedness (IOI): % of households indebted,rate,17.72,percent,current prices (nominal),households,A & N Islands,,,all,rural,A & N Islands,,,KI_70_18.2_19dec14.pdf,https://www.mospi.gov.in/sites/default/files/publication_reports/KI_70_18.2_19dec14.pdf,"Table 2-R: AVA, AOD, AOD per household with outstanding loan, IOI for rural India for each State/UT, major household types (columns ""all"")",PDF p.38-39 (Appendix A),OK,
D9-00474,9,"NSS 70th round Key Indicators of Debt and Investment in India, NSS KI (70/18.2), December 2014 (exact day not stated on cover)",,"AIDIS 2013, NSS 70th round (January - December 2013)",2013-01-01,2013-12-31,2012-06-30,AOD,Average amount of debt (AOD) per household (cash dues),mean,19696,INR_per_household,current prices (nominal),households,A & N Islands,,,all,rural,A & N Islands,,,KI_70_18.2_19dec14.pdf,https://www.mospi.gov.in/sites/default/files/publication_reports/KI_70_18.2_19dec14.pdf,"Table 2-R: AVA, AOD, AOD per household with outstanding loan, IOI for rural India for each State/UT, major household types (columns ""all"")",PDF p.38-39 (Appendix A),OK,
D9-00475,9,"NSS 70th round Key Indicators of Debt and Investment in India, NSS KI (70/18.2), December 2014 (exact day not stated on cover)",,"AIDIS 2013, NSS 70th round (January - December 2013)",2013-01-01,2013-12-31,2012-06-30,AODL,Average amount of debt per indebted household,mean,111175,INR_per_indebted_household,current prices (nominal),indebted households,A & N Islands,,,all,rural,A & N Islands,,,KI_70_18.2_19dec14.pdf,https://www.mospi.gov.in/sites/default/files/publication_reports/KI_70_18.2_19dec14.pdf,"Table 2-R: AVA, AOD, AOD per household with outstanding loan, IOI for rural India for each State/UT, major household types (columns ""all"")",PDF p.38-39 (Appendix A),OK,
D9-00476,9,"NSS 70th round Key Indicators of Debt and Investment in India, NSS KI (70/18.2), December 2014 (exact day not stated on cover)",,"AIDIS 2013, NSS 70th round (January - December 2013)",2013-01-01,2013-12-31,2012-06-30,DAR,"Debt-asset ratio (DAR), % (AOD as % of AVA)",rate,2.84,percent,current prices (nominal),households,A & N Islands,,,all,rural,A & N Islands,,,KI_70_18.2_19dec14.pdf,https://www.mospi.gov.in/sites/default/files/publication_reports/KI_70_18.2_19dec14.pdf,"Table 2-R: AVA, AOD, AOD per household with outstanding loan, IOI for rural India for each State/UT, major household types (columns ""all"")",PDF p.38-39 (Appendix A),OK,
D9-00477,9,"NSS 70th round Key Indicators of Debt and Investment in India, NSS KI (70/18.2), December 2014 (exact day not stated on cover)",,"AIDIS 2013, NSS 70th round (January - December 2013)",2013-01-01,2013-12-31,2012-06-30,AVA_TOTAL,Average value of assets (AVA) owned per household,mean,2636497,INR_per_household,current prices (nominal),households,Chandigarh,,,all,rural,Chandigarh,,,KI_70_18.2_19dec14.pdf,https://www.mospi.gov.in/sites/default/files/publication_reports/KI_70_18.2_19dec14.pdf,"Table 2-R: AVA, AOD, AOD per household with outstanding loan, IOI for rural India for each State/UT, major household types (columns ""all"")",PDF p.38-39 (Appendix A),OK,
D9-00478,9,"NSS 70th round Key Indicators of Debt and Investment in India, NSS KI (70/18.2), December 2014 (exact day not stated on cover)",,"AIDIS 2013, NSS 70th round (January - December 2013)",2013-01-01,2013-12-31,2012-06-30,IOI,Incidence of indebtedness (IOI): % of households indebted,rate,3.84,percent,current prices (nominal),households,Chandigarh,,,all,rural,Chandigarh,,,KI_70_18.2_19dec14.pdf,https://www.mospi.gov.in/sites/default/files/publication_reports/KI_70_18.2_19dec14.pdf,"Table 2-R: AVA, AOD, AOD per household with outstanding loan, IOI for rural India for each State/UT, major household types (columns ""all"")",PDF p.38-39 (Appendix A),OK,
D9-00479,9,"NSS 70th round Key Indicators of Debt and Investment in India, NSS KI (70/18.2), December 2014 (exact day not stated on cover)",,"AIDIS 2013, NSS 70th round (January - December 2013)",2013-01-01,2013-12-31,2012-06-30,AOD,Average amount of debt (AOD) per household (cash dues),mean,6495,INR_per_household,current prices (nominal),households,Chandigarh,,,all,rural,Chandigarh,,,KI_70_18.2_19dec14.pdf,https://www.mospi.gov.in/sites/default/files/publication_reports/KI_70_18.2_19dec14.pdf,"Table 2-R: AVA, AOD, AOD per household with outstanding loan, IOI for rural India for each State/UT, major household types (columns ""all"")",PDF p.38-39 (Appendix A),OK,
D9-00480,9,"NSS 70th round Key Indicators of Debt and Investment in India, NSS KI (70/18.2), December 2014 (exact day not stated on cover)",,"AIDIS 2013, NSS 70th round (January - December 2013)",2013-01-01,2013-12-31,2012-06-30,AODL,Average amount of debt per indebted household,mean,169098,INR_per_indebted_household,current prices (nominal),indebted households,Chandigarh,,,all,rural,Chandigarh,,,KI_70_18.2_19dec14.pdf,https://www.mospi.gov.in/sites/default/files/publication_reports/KI_70_18.2_19dec14.pdf,"Table 2-R: AVA, AOD, AOD per household with outstanding loan, IOI for rural India for each State/UT, major household types (columns ""all"")",PDF p.38-39 (Appendix A),OK,
D9-00481,9,"NSS 70th round Key Indicators of Debt and Investment in India, NSS KI (70/18.2), December 2014 (exact day not stated on cover)",,"AIDIS 2013, NSS 70th round (January - December 2013)",2013-01-01,2013-12-31,2012-06-30,DAR,"Debt-asset ratio (DAR), % (AOD as % of AVA)",rate,0.25,percent,current prices (nominal),households,Chandigarh,,,all,rural,Chandigarh,,,KI_70_18.2_19dec14.pdf,https://www.mospi.gov.in/sites/default/files/publication_reports/KI_70_18.2_19dec14.pdf,"Table 2-R: AVA, AOD, AOD per household with outstanding loan, IOI for rural India for each State/UT, major household types (columns ""all"")",PDF p.38-39 (Appendix A),OK,
D9-00482,9,"NSS 70th round Key Indicators of Debt and Investment in India, NSS KI (70/18.2), December 2014 (exact day not stated on cover)",,"AIDIS 2013, NSS 70th round (January - December 2013)",2013-01-01,2013-12-31,2012-06-30,AVA_TOTAL,Average value of assets (AVA) owned per household,mean,1954633,INR_per_household,current prices (nominal),households,Dadra & N. Haveli,,,all,rural,Dadra & N. Haveli,,,KI_70_18.2_19dec14.pdf,https://www.mospi.gov.in/sites/default/files/publication_reports/KI_70_18.2_19dec14.pdf,"Table 2-R: AVA, AOD, AOD per household with outstanding loan, IOI for rural India for each State/UT, major household types (columns ""all"")",PDF p.38-39 (Appendix A),OK,
D9-00483,9,"NSS 70th round Key Indicators of Debt and Investment in India, NSS KI (70/18.2), December 2014 (exact day not stated on cover)",,"AIDIS 2013, NSS 70th round (January - December 2013)",2013-01-01,2013-12-31,2012-06-30,IOI,Incidence of indebtedness (IOI): % of households indebted,rate,4.82,percent,current prices (nominal),households,Dadra & N. Haveli,,,all,rural,Dadra & N. Haveli,,,KI_70_18.2_19dec14.pdf,https://www.mospi.gov.in/sites/default/files/publication_reports/KI_70_18.2_19dec14.pdf,"Table 2-R: AVA, AOD, AOD per household with outstanding loan, IOI for rural India for each State/UT, major household types (columns ""all"")",PDF p.38-39 (Appendix A),OK,
D9-00484,9,"NSS 70th round Key Indicators of Debt and Investment in India, NSS KI (70/18.2), December 2014 (exact day not stated on cover)",,"AIDIS 2013, NSS 70th round (January - December 2013)",2013-01-01,2013-12-31,2012-06-30,AOD,Average amount of debt (AOD) per household (cash dues),mean,4649,INR_per_household,current prices (nominal),households,Dadra & N. Haveli,,,all,rural,Dadra & N. Haveli,,,KI_70_18.2_19dec14.pdf,https://www.mospi.gov.in/sites/default/files/publication_reports/KI_70_18.2_19dec14.pdf,"Table 2-R: AVA, AOD, AOD per household with outstanding loan, IOI for rural India for each State/UT, major household types (columns ""all"")",PDF p.38-39 (Appendix A),OK,
D9-00485,9,"NSS 70th round Key Indicators of Debt and Investment in India, NSS KI (70/18.2), December 2014 (exact day not stated on cover)",,"AIDIS 2013, NSS 70th round (January - December 2013)",2013-01-01,2013-12-31,2012-06-30,AODL,Average amount of debt per indebted household,mean,96510,INR_per_indebted_household,current prices (nominal),indebted households,Dadra & N. Haveli,,,all,rural,Dadra & N. Haveli,,,KI_70_18.2_19dec14.pdf,https://www.mospi.gov.in/sites/default/files/publication_reports/KI_70_18.2_19dec14.pdf,"Table 2-R: AVA, AOD, AOD per household with outstanding loan, IOI for rural India for each State/UT, major household types (columns ""all"")",PDF p.38-39 (Appendix A),OK,
D9-00486,9,"NSS 70th round Key Indicators of Debt and Investment in India, NSS KI (70/18.2), December 2014 (exact day not stated on cover)",,"AIDIS 2013, NSS 70th round (January - December 2013)",2013-01-01,2013-12-31,2012-06-30,DAR,"Debt-asset ratio (DAR), % (AOD as % of AVA)",rate,0.24,percent,current prices (nominal),households,Dadra & N. Haveli,,,all,rural,Dadra & N. Haveli,,,KI_70_18.2_19dec14.pdf,https://www.mospi.gov.in/sites/default/files/publication_reports/KI_70_18.2_19dec14.pdf,"Table 2-R: AVA, AOD, AOD per household with outstanding loan, IOI for rural India for each State/UT, major household types (columns ""all"")",PDF p.38-39 (Appendix A),OK,
D9-00487,9,"NSS 70th round Key Indicators of Debt and Investment in India, NSS KI (70/18.2), December 2014 (exact day not stated on cover)",,"AIDIS 2013, NSS 70th round (January - December 2013)",2013-01-01,2013-12-31,2012-06-30,AVA_TOTAL,Average value of assets (AVA) owned per household,mean,727070,INR_per_household,current prices (nominal),households,Daman & Diu,,,all,rural,Daman & Diu,,,KI_70_18.2_19dec14.pdf,https://www.mospi.gov.in/sites/default/files/publication_reports/KI_70_18.2_19dec14.pdf,"Table 2-R: AVA, AOD, AOD per household with outstanding loan, IOI for rural India for each State/UT, major household types (columns ""all"")",PDF p.38-39 (Appendix A),OK,
D9-00488,9,"NSS 70th round Key Indicators of Debt and Investment in India, NSS KI (70/18.2), December 2014 (exact day not stated on cover)",,"AIDIS 2013, NSS 70th round (January - December 2013)",2013-01-01,2013-12-31,2012-06-30,IOI,Incidence of indebtedness (IOI): % of households indebted,rate,16.71,percent,current prices (nominal),households,Daman & Diu,,,all,rural,Daman & Diu,,,KI_70_18.2_19dec14.pdf,https://www.mospi.gov.in/sites/default/files/publication_reports/KI_70_18.2_19dec14.pdf,"Table 2-R: AVA, AOD, AOD per household with outstanding loan, IOI for rural India for each State/UT, major household types (columns ""all"")",PDF p.38-39 (Appendix A),OK,
D9-00489,9,"NSS 70th round Key Indicators of Debt and Investment in India, NSS KI (70/18.2), December 2014 (exact day not stated on cover)",,"AIDIS 2013, NSS 70th round (January - December 2013)",2013-01-01,2013-12-31,2012-06-30,AOD,Average amount of debt (AOD) per household (cash dues),mean,39196,INR_per_household,current prices (nominal),households,Daman & Diu,,,all,rural,Daman & Diu,,,KI_70_18.2_19dec14.pdf,https://www.mospi.gov.in/sites/default/files/publication_reports/KI_70_18.2_19dec14.pdf,"Table 2-R: AVA, AOD, AOD per household with outstanding loan, IOI for rural India for each State/UT, major household types (columns ""all"")",PDF p.38-39 (Appendix A),OK,
D9-00490,9,"NSS 70th round Key Indicators of Debt and Investment in India, NSS KI (70/18.2), December 2014 (exact day not stated on cover)",,"AIDIS 2013, NSS 70th round (January - December 2013)",2013-01-01,2013-12-31,2012-06-30,AODL,Average amount of debt per indebted household,mean,234579,INR_per_indebted_household,current prices (nominal),indebted households,Daman & Diu,,,all,rural,Daman & Diu,,,KI_70_18.2_19dec14.pdf,https://www.mospi.gov.in/sites/default/files/publication_reports/KI_70_18.2_19dec14.pdf,"Table 2-R: AVA, AOD, AOD per household with outstanding loan, IOI for rural India for each State/UT, major household types (columns ""all"")",PDF p.38-39 (Appendix A),OK,
D9-00491,9,"NSS 70th round Key Indicators of Debt and Investment in India, NSS KI (70/18.2), December 2014 (exact day not stated on cover)",,"AIDIS 2013, NSS 70th round (January - December 2013)",2013-01-01,2013-12-31,2012-06-30,DAR,"Debt-asset ratio (DAR), % (AOD as % of AVA)",rate,5.39,percent,current prices (nominal),households,Daman & Diu,,,all,rural,Daman & Diu,,,KI_70_18.2_19dec14.pdf,https://www.mospi.gov.in/sites/default/files/publication_reports/KI_70_18.2_19dec14.pdf,"Table 2-R: AVA, AOD, AOD per household with outstanding loan, IOI for rural India for each State/UT, major household types (columns ""all"")",PDF p.38-39 (Appendix A),OK,
D9-00492,9,"NSS 70th round Key Indicators of Debt and Investment in India, NSS KI (70/18.2), December 2014 (exact day not stated on cover)",,"AIDIS 2013, NSS 70th round (January - December 2013)",2013-01-01,2013-12-31,2012-06-30,AVA_TOTAL,Average value of assets (AVA) owned per household,mean,2406785,INR_per_household,current prices (nominal),households,Lakshadweep,,,all,rural,Lakshadweep,,,KI_70_18.2_19dec14.pdf,https://www.mospi.gov.in/sites/default/files/publication_reports/KI_70_18.2_19dec14.pdf,"Table 2-R: AVA, AOD, AOD per household with outstanding loan, IOI for rural India for each State/UT, major household types (columns ""all"")",PDF p.38-39 (Appendix A),OK,"Source rural row shows ""-"" for the cultivator columns; the ""all"" columns equal the non-cultivator columns."
D9-00493,9,"NSS 70th round Key Indicators of Debt and Investment in India, NSS KI (70/18.2), December 2014 (exact day not stated on cover)",,"AIDIS 2013, NSS 70th round (January - December 2013)",2013-01-01,2013-12-31,2012-06-30,IOI,Incidence of indebtedness (IOI): % of households indebted,rate,7.68,percent,current prices (nominal),households,Lakshadweep,,,all,rural,Lakshadweep,,,KI_70_18.2_19dec14.pdf,https://www.mospi.gov.in/sites/default/files/publication_reports/KI_70_18.2_19dec14.pdf,"Table 2-R: AVA, AOD, AOD per household with outstanding loan, IOI for rural India for each State/UT, major household types (columns ""all"")",PDF p.38-39 (Appendix A),OK,"Source rural row shows ""-"" for the cultivator columns; the ""all"" columns equal the non-cultivator columns."
D9-00494,9,"NSS 70th round Key Indicators of Debt and Investment in India, NSS KI (70/18.2), December 2014 (exact day not stated on cover)",,"AIDIS 2013, NSS 70th round (January - December 2013)",2013-01-01,2013-12-31,2012-06-30,AOD,Average amount of debt (AOD) per household (cash dues),mean,10955,INR_per_household,current prices (nominal),households,Lakshadweep,,,all,rural,Lakshadweep,,,KI_70_18.2_19dec14.pdf,https://www.mospi.gov.in/sites/default/files/publication_reports/KI_70_18.2_19dec14.pdf,"Table 2-R: AVA, AOD, AOD per household with outstanding loan, IOI for rural India for each State/UT, major household types (columns ""all"")",PDF p.38-39 (Appendix A),OK,"Source rural row shows ""-"" for the cultivator columns; the ""all"" columns equal the non-cultivator columns."
D9-00495,9,"NSS 70th round Key Indicators of Debt and Investment in India, NSS KI (70/18.2), December 2014 (exact day not stated on cover)",,"AIDIS 2013, NSS 70th round (January - December 2013)",2013-01-01,2013-12-31,2012-06-30,AODL,Average amount of debt per indebted household,mean,142604,INR_per_indebted_household,current prices (nominal),indebted households,Lakshadweep,,,all,rural,Lakshadweep,,,KI_70_18.2_19dec14.pdf,https://www.mospi.gov.in/sites/default/files/publication_reports/KI_70_18.2_19dec14.pdf,"Table 2-R: AVA, AOD, AOD per household with outstanding loan, IOI for rural India for each State/UT, major household types (columns ""all"")",PDF p.38-39 (Appendix A),OK,"Source rural row shows ""-"" for the cultivator columns; the ""all"" columns equal the non-cultivator columns."
D9-00496,9,"NSS 70th round Key Indicators of Debt and Investment in India, NSS KI (70/18.2), December 2014 (exact day not stated on cover)",,"AIDIS 2013, NSS 70th round (January - December 2013)",2013-01-01,2013-12-31,2012-06-30,DAR,"Debt-asset ratio (DAR), % (AOD as % of AVA)",rate,0.46,percent,current prices (nominal),households,Lakshadweep,,,all,rural,Lakshadweep,,,KI_70_18.2_19dec14.pdf,https://www.mospi.gov.in/sites/default/files/publication_reports/KI_70_18.2_19dec14.pdf,"Table 2-R: AVA, AOD, AOD per household with outstanding loan, IOI for rural India for each State/UT, major household types (columns ""all"")",PDF p.38-39 (Appendix A),OK,"Source rural row shows ""-"" for the cultivator columns; the ""all"" columns equal the non-cultivator columns."
D9-00497,9,"NSS 70th round Key Indicators of Debt and Investment in India, NSS KI (70/18.2), December 2014 (exact day not stated on cover)",,"AIDIS 2013, NSS 70th round (January - December 2013)",2013-01-01,2013-12-31,2012-06-30,AVA_TOTAL,Average value of assets (AVA) owned per household,mean,5660454,INR_per_household,current prices (nominal),households,Puducherry,,,all,rural,Puducherry,,,KI_70_18.2_19dec14.pdf,https://www.mospi.gov.in/sites/default/files/publication_reports/KI_70_18.2_19dec14.pdf,"Table 2-R: AVA, AOD, AOD per household with outstanding loan, IOI for rural India for each State/UT, major household types (columns ""all"")",PDF p.38-39 (Appendix A),OK,
D9-00498,9,"NSS 70th round Key Indicators of Debt and Investment in India, NSS KI (70/18.2), December 2014 (exact day not stated on cover)",,"AIDIS 2013, NSS 70th round (January - December 2013)",2013-01-01,2013-12-31,2012-06-30,IOI,Incidence of indebtedness (IOI): % of households indebted,rate,40.91,percent,current prices (nominal),households,Puducherry,,,all,rural,Puducherry,,,KI_70_18.2_19dec14.pdf,https://www.mospi.gov.in/sites/default/files/publication_reports/KI_70_18.2_19dec14.pdf,"Table 2-R: AVA, AOD, AOD per household with outstanding loan, IOI for rural India for each State/UT, major household types (columns ""all"")",PDF p.38-39 (Appendix A),OK,
D9-00499,9,"NSS 70th round Key Indicators of Debt and Investment in India, NSS KI (70/18.2), December 2014 (exact day not stated on cover)",,"AIDIS 2013, NSS 70th round (January - December 2013)",2013-01-01,2013-12-31,2012-06-30,AOD,Average amount of debt (AOD) per household (cash dues),mean,71907,INR_per_household,current prices (nominal),households,Puducherry,,,all,rural,Puducherry,,,KI_70_18.2_19dec14.pdf,https://www.mospi.gov.in/sites/default/files/publication_reports/KI_70_18.2_19dec14.pdf,"Table 2-R: AVA, AOD, AOD per household with outstanding loan, IOI for rural India for each State/UT, major household types (columns ""all"")",PDF p.38-39 (Appendix A),OK,
D9-00500,9,"NSS 70th round Key Indicators of Debt and Investment in India, NSS KI (70/18.2), December 2014 (exact day not stated on cover)",,"AIDIS 2013, NSS 70th round (January - December 2013)",2013-01-01,2013-12-31,2012-06-30,AODL,Average amount of debt per indebted household,mean,175784,INR_per_indebted_household,current prices (nominal),indebted households,Puducherry,,,all,rural,Puducherry,,,KI_70_18.2_19dec14.pdf,https://www.mospi.gov.in/sites/default/files/publication_reports/KI_70_18.2_19dec14.pdf,"Table 2-R: AVA, AOD, AOD per household with outstanding loan, IOI for rural India for each State/UT, major household types (columns ""all"")",PDF p.38-39 (Appendix A),OK,
D9-00501,9,"NSS 70th round Key Indicators of Debt and Investment in India, NSS KI (70/18.2), December 2014 (exact day not stated on cover)",,"AIDIS 2013, NSS 70th round (January - December 2013)",2013-01-01,2013-12-31,2012-06-30,DAR,"Debt-asset ratio (DAR), % (AOD as % of AVA)",rate,1.27,percent,current prices (nominal),households,Puducherry,,,all,rural,Puducherry,,,KI_70_18.2_19dec14.pdf,https://www.mospi.gov.in/sites/default/files/publication_reports/KI_70_18.2_19dec14.pdf,"Table 2-R: AVA, AOD, AOD per household with outstanding loan, IOI for rural India for each State/UT, major household types (columns ""all"")",PDF p.38-39 (Appendix A),OK,
D9-00502,9,"NSS 70th round Key Indicators of Debt and Investment in India, NSS KI (70/18.2), December 2014 (exact day not stated on cover)",,"AIDIS 2013, NSS 70th round (January - December 2013)",2013-01-01,2013-12-31,2012-06-30,AVA_TOTAL,Average value of assets (AVA) owned per household,mean,1006985,INR_per_household,current prices (nominal),households,India,,,all,rural,All-India,,,KI_70_18.2_19dec14.pdf,https://www.mospi.gov.in/sites/default/files/publication_reports/KI_70_18.2_19dec14.pdf,"Table 2-R: AVA, AOD, AOD per household with outstanding loan, IOI for rural India for each State/UT, major household types (columns ""all"")",PDF p.38-39 (Appendix A),OK,
D9-00503,9,"NSS 70th round Key Indicators of Debt and Investment in India, NSS KI (70/18.2), December 2014 (exact day not stated on cover)",,"AIDIS 2013, NSS 70th round (January - December 2013)",2013-01-01,2013-12-31,2012-06-30,IOI,Incidence of indebtedness (IOI): % of households indebted,rate,31.44,percent,current prices (nominal),households,India,,,all,rural,All-India,,,KI_70_18.2_19dec14.pdf,https://www.mospi.gov.in/sites/default/files/publication_reports/KI_70_18.2_19dec14.pdf,"Table 2-R: AVA, AOD, AOD per household with outstanding loan, IOI for rural India for each State/UT, major household types (columns ""all"")",PDF p.38-39 (Appendix A),OK,
D9-00504,9,"NSS 70th round Key Indicators of Debt and Investment in India, NSS KI (70/18.2), December 2014 (exact day not stated on cover)",,"AIDIS 2013, NSS 70th round (January - December 2013)",2013-01-01,2013-12-31,2012-06-30,AOD,Average amount of debt (AOD) per household (cash dues),mean,32522,INR_per_household,current prices (nominal),households,India,,,all,rural,All-India,,,KI_70_18.2_19dec14.pdf,https://www.mospi.gov.in/sites/default/files/publication_reports/KI_70_18.2_19dec14.pdf,"Table 2-R: AVA, AOD, AOD per household with outstanding loan, IOI for rural India for each State/UT, major household types (columns ""all"")",PDF p.38-39 (Appendix A),OK,
D9-00505,9,"NSS 70th round Key Indicators of Debt and Investment in India, NSS KI (70/18.2), December 2014 (exact day not stated on cover)",,"AIDIS 2013, NSS 70th round (January - December 2013)",2013-01-01,2013-12-31,2012-06-30,AODL,Average amount of debt per indebted household,mean,103457,INR_per_indebted_household,current prices (nominal),indebted households,India,,,all,rural,All-India,,,KI_70_18.2_19dec14.pdf,https://www.mospi.gov.in/sites/default/files/publication_reports/KI_70_18.2_19dec14.pdf,"Table 2-R: AVA, AOD, AOD per household with outstanding loan, IOI for rural India for each State/UT, major household types (columns ""all"")",PDF p.38-39 (Appendix A),OK,
D9-00506,9,"NSS 70th round Key Indicators of Debt and Investment in India, NSS KI (70/18.2), December 2014 (exact day not stated on cover)",,"AIDIS 2013, NSS 70th round (January - December 2013)",2013-01-01,2013-12-31,2012-06-30,DAR,"Debt-asset ratio (DAR), % (AOD as % of AVA)",rate,3.23,percent,current prices (nominal),households,India,,,all,rural,All-India,,,KI_70_18.2_19dec14.pdf,https://www.mospi.gov.in/sites/default/files/publication_reports/KI_70_18.2_19dec14.pdf,"Table 2-R: AVA, AOD, AOD per household with outstanding loan, IOI for rural India for each State/UT, major household types (columns ""all"")",PDF p.38-39 (Appendix A),OK,
D9-00507,9,"NSS 70th round Key Indicators of Debt and Investment in India, NSS KI (70/18.2), December 2014 (exact day not stated on cover)",,"AIDIS 2013, NSS 70th round (January - December 2013)",2013-01-01,2013-12-31,2012-06-30,AVA_TOTAL,Average value of assets (AVA) owned per household,mean,990821,INR_per_household,current prices (nominal),households,Andhra Pradesh,,,all,urban,Andhra Pradesh,,,KI_70_18.2_19dec14.pdf,https://www.mospi.gov.in/sites/default/files/publication_reports/KI_70_18.2_19dec14.pdf,"Table 2-U: AVA, AOD, AOD per household with outstanding loan, IOI for urban India for each State/UT, major household types (columns ""all"")",PDF p.40-41 (Appendix A),OK,
D9-00508,9,"NSS 70th round Key Indicators of Debt and Investment in India, NSS KI (70/18.2), December 2014 (exact day not stated on cover)",,"AIDIS 2013, NSS 70th round (January - December 2013)",2013-01-01,2013-12-31,2012-06-30,IOI,Incidence of indebtedness (IOI): % of households indebted,rate,39.84,percent,current prices (nominal),households,Andhra Pradesh,,,all,urban,Andhra Pradesh,,,KI_70_18.2_19dec14.pdf,https://www.mospi.gov.in/sites/default/files/publication_reports/KI_70_18.2_19dec14.pdf,"Table 2-U: AVA, AOD, AOD per household with outstanding loan, IOI for urban India for each State/UT, major household types (columns ""all"")",PDF p.40-41 (Appendix A),OK,
D9-00509,9,"NSS 70th round Key Indicators of Debt and Investment in India, NSS KI (70/18.2), December 2014 (exact day not stated on cover)",,"AIDIS 2013, NSS 70th round (January - December 2013)",2013-01-01,2013-12-31,2012-06-30,AOD,Average amount of debt (AOD) per household (cash dues),mean,106289,INR_per_household,current prices (nominal),households,Andhra Pradesh,,,all,urban,Andhra Pradesh,,,KI_70_18.2_19dec14.pdf,https://www.mospi.gov.in/sites/default/files/publication_reports/KI_70_18.2_19dec14.pdf,"Table 2-U: AVA, AOD, AOD per household with outstanding loan, IOI for urban India for each State/UT, major household types (columns ""all"")",PDF p.40-41 (Appendix A),OK,
D9-00510,9,"NSS 70th round Key Indicators of Debt and Investment in India, NSS KI (70/18.2), December 2014 (exact day not stated on cover)",,"AIDIS 2013, NSS 70th round (January - December 2013)",2013-01-01,2013-12-31,2012-06-30,AODL,Average amount of debt per indebted household,mean,266806,INR_per_indebted_household,current prices (nominal),indebted households,Andhra Pradesh,,,all,urban,Andhra Pradesh,,,KI_70_18.2_19dec14.pdf,https://www.mospi.gov.in/sites/default/files/publication_reports/KI_70_18.2_19dec14.pdf,"Table 2-U: AVA, AOD, AOD per household with outstanding loan, IOI for urban India for each State/UT, major household types (columns ""all"")",PDF p.40-41 (Appendix A),OK,
D9-00511,9,"NSS 70th round Key Indicators of Debt and Investment in India, NSS KI (70/18.2), December 2014 (exact day not stated on cover)",,"AIDIS 2013, NSS 70th round (January - December 2013)",2013-01-01,2013-12-31,2012-06-30,DAR,"Debt-asset ratio (DAR), % (AOD as % of AVA)",rate,10.73,percent,current prices (nominal),households,Andhra Pradesh,,,all,urban,Andhra Pradesh,,,KI_70_18.2_19dec14.pdf,https://www.mospi.gov.in/sites/default/files/publication_reports/KI_70_18.2_19dec14.pdf,"Table 2-U: AVA, AOD, AOD per household with outstanding loan, IOI for urban India for each State/UT, major household types (columns ""all"")",PDF p.40-41 (Appendix A),OK,
D9-00512,9,"NSS 70th round Key Indicators of Debt and Investment in India, NSS KI (70/18.2), December 2014 (exact day not stated on cover)",,"AIDIS 2013, NSS 70th round (January - December 2013)",2013-01-01,2013-12-31,2012-06-30,AVA_TOTAL,Average value of assets (AVA) owned per household,mean,793133,INR_per_household,current prices (nominal),households,Arunachal Pradesh,,,all,urban,Arunachal Pradesh,,,KI_70_18.2_19dec14.pdf,https://www.mospi.gov.in/sites/default/files/publication_reports/KI_70_18.2_19dec14.pdf,"Table 2-U: AVA, AOD, AOD per household with outstanding loan, IOI for urban India for each State/UT, major household types (columns ""all"")",PDF p.40-41 (Appendix A),OK,
D9-00513,9,"NSS 70th round Key Indicators of Debt and Investment in India, NSS KI (70/18.2), December 2014 (exact day not stated on cover)",,"AIDIS 2013, NSS 70th round (January - December 2013)",2013-01-01,2013-12-31,2012-06-30,IOI,Incidence of indebtedness (IOI): % of households indebted,rate,14.01,percent,current prices (nominal),households,Arunachal Pradesh,,,all,urban,Arunachal Pradesh,,,KI_70_18.2_19dec14.pdf,https://www.mospi.gov.in/sites/default/files/publication_reports/KI_70_18.2_19dec14.pdf,"Table 2-U: AVA, AOD, AOD per household with outstanding loan, IOI for urban India for each State/UT, major household types (columns ""all"")",PDF p.40-41 (Appendix A),OK,
D9-00514,9,"NSS 70th round Key Indicators of Debt and Investment in India, NSS KI (70/18.2), December 2014 (exact day not stated on cover)",,"AIDIS 2013, NSS 70th round (January - December 2013)",2013-01-01,2013-12-31,2012-06-30,AOD,Average amount of debt (AOD) per household (cash dues),mean,21949,INR_per_household,current prices (nominal),households,Arunachal Pradesh,,,all,urban,Arunachal Pradesh,,,KI_70_18.2_19dec14.pdf,https://www.mospi.gov.in/sites/default/files/publication_reports/KI_70_18.2_19dec14.pdf,"Table 2-U: AVA, AOD, AOD per household with outstanding loan, IOI for urban India for each State/UT, major household types (columns ""all"")",PDF p.40-41 (Appendix A),OK,
D9-00515,9,"NSS 70th round Key Indicators of Debt and Investment in India, NSS KI (70/18.2), December 2014 (exact day not stated on cover)",,"AIDIS 2013, NSS 70th round (January - December 2013)",2013-01-01,2013-12-31,2012-06-30,AODL,Average amount of debt per indebted household,mean,156693,INR_per_indebted_household,current prices (nominal),indebted households,Arunachal Pradesh,,,all,urban,Arunachal Pradesh,,,KI_70_18.2_19dec14.pdf,https://www.mospi.gov.in/sites/default/files/publication_reports/KI_70_18.2_19dec14.pdf,"Table 2-U: AVA, AOD, AOD per household with outstanding loan, IOI for urban India for each State/UT, major household types (columns ""all"")",PDF p.40-41 (Appendix A),OK,
D9-00516,9,"NSS 70th round Key Indicators of Debt and Investment in India, NSS KI (70/18.2), December 2014 (exact day not stated on cover)",,"AIDIS 2013, NSS 70th round (January - December 2013)",2013-01-01,2013-12-31,2012-06-30,DAR,"Debt-asset ratio (DAR), % (AOD as % of AVA)",rate,2.77,percent,current prices (nominal),households,Arunachal Pradesh,,,all,urban,Arunachal Pradesh,,,KI_70_18.2_19dec14.pdf,https://www.mospi.gov.in/sites/default/files/publication_reports/KI_70_18.2_19dec14.pdf,"Table 2-U: AVA, AOD, AOD per household with outstanding loan, IOI for urban India for each State/UT, major household types (columns ""all"")",PDF p.40-41 (Appendix A),OK,
D9-00517,9,"NSS 70th round Key Indicators of Debt and Investment in India, NSS KI (70/18.2), December 2014 (exact day not stated on cover)",,"AIDIS 2013, NSS 70th round (January - December 2013)",2013-01-01,2013-12-31,2012-06-30,AVA_TOTAL,Average value of assets (AVA) owned per household,mean,2848416,INR_per_household,current prices (nominal),households,Assam,,,all,urban,Assam,,,KI_70_18.2_19dec14.pdf,https://www.mospi.gov.in/sites/default/files/publication_reports/KI_70_18.2_19dec14.pdf,"Table 2-U: AVA, AOD, AOD per household with outstanding loan, IOI for urban India for each State/UT, major household types (columns ""all"")",PDF p.40-41 (Appendix A),OK,
D9-00518,9,"NSS 70th round Key Indicators of Debt and Investment in India, NSS KI (70/18.2), December 2014 (exact day not stated on cover)",,"AIDIS 2013, NSS 70th round (January - December 2013)",2013-01-01,2013-12-31,2012-06-30,IOI,Incidence of indebtedness (IOI): % of households indebted,rate,17.61,percent,current prices (nominal),households,Assam,,,all,urban,Assam,,,KI_70_18.2_19dec14.pdf,https://www.mospi.gov.in/sites/default/files/publication_reports/KI_70_18.2_19dec14.pdf,"Table 2-U: AVA, AOD, AOD per household with outstanding loan, IOI for urban India for each State/UT, major household types (columns ""all"")",PDF p.40-41 (Appendix A),OK,
D9-00519,9,"NSS 70th round Key Indicators of Debt and Investment in India, NSS KI (70/18.2), December 2014 (exact day not stated on cover)",,"AIDIS 2013, NSS 70th round (January - December 2013)",2013-01-01,2013-12-31,2012-06-30,AOD,Average amount of debt (AOD) per household (cash dues),mean,36777,INR_per_household,current prices (nominal),households,Assam,,,all,urban,Assam,,,KI_70_18.2_19dec14.pdf,https://www.mospi.gov.in/sites/default/files/publication_reports/KI_70_18.2_19dec14.pdf,"Table 2-U: AVA, AOD, AOD per household with outstanding loan, IOI for urban India for each State/UT, major household types (columns ""all"")",PDF p.40-41 (Appendix A),OK,
D9-00520,9,"NSS 70th round Key Indicators of Debt and Investment in India, NSS KI (70/18.2), December 2014 (exact day not stated on cover)",,"AIDIS 2013, NSS 70th round (January - December 2013)",2013-01-01,2013-12-31,2012-06-30,AODL,Average amount of debt per indebted household,mean,208897,INR_per_indebted_household,current prices (nominal),indebted households,Assam,,,all,urban,Assam,,,KI_70_18.2_19dec14.pdf,https://www.mospi.gov.in/sites/default/files/publication_reports/KI_70_18.2_19dec14.pdf,"Table 2-U: AVA, AOD, AOD per household with outstanding loan, IOI for urban India for each State/UT, major household types (columns ""all"")",PDF p.40-41 (Appendix A),OK,
D9-00521,9,"NSS 70th round Key Indicators of Debt and Investment in India, NSS KI (70/18.2), December 2014 (exact day not stated on cover)",,"AIDIS 2013, NSS 70th round (January - December 2013)",2013-01-01,2013-12-31,2012-06-30,DAR,"Debt-asset ratio (DAR), % (AOD as % of AVA)",rate,1.29,percent,current prices (nominal),households,Assam,,,all,urban,Assam,,,KI_70_18.2_19dec14.pdf,https://www.mospi.gov.in/sites/default/files/publication_reports/KI_70_18.2_19dec14.pdf,"Table 2-U: AVA, AOD, AOD per household with outstanding loan, IOI for urban India for each State/UT, major household types (columns ""all"")",PDF p.40-41 (Appendix A),OK,
D9-00522,9,"NSS 70th round Key Indicators of Debt and Investment in India, NSS KI (70/18.2), December 2014 (exact day not stated on cover)",,"AIDIS 2013, NSS 70th round (January - December 2013)",2013-01-01,2013-12-31,2012-06-30,AVA_TOTAL,Average value of assets (AVA) owned per household,mean,1434693,INR_per_household,current prices (nominal),households,Bihar,,,all,urban,Bihar,,,KI_70_18.2_19dec14.pdf,https://www.mospi.gov.in/sites/default/files/publication_reports/KI_70_18.2_19dec14.pdf,"Table 2-U: AVA, AOD, AOD per household with outstanding loan, IOI for urban India for each State/UT, major household types (columns ""all"")",PDF p.40-41 (Appendix A),OK,
D9-00523,9,"NSS 70th round Key Indicators of Debt and Investment in India, NSS KI (70/18.2), December 2014 (exact day not stated on cover)",,"AIDIS 2013, NSS 70th round (January - December 2013)",2013-01-01,2013-12-31,2012-06-30,IOI,Incidence of indebtedness (IOI): % of households indebted,rate,13.25,percent,current prices (nominal),households,Bihar,,,all,urban,Bihar,,,KI_70_18.2_19dec14.pdf,https://www.mospi.gov.in/sites/default/files/publication_reports/KI_70_18.2_19dec14.pdf,"Table 2-U: AVA, AOD, AOD per household with outstanding loan, IOI for urban India for each State/UT, major household types (columns ""all"")",PDF p.40-41 (Appendix A),OK,
D9-00524,9,"NSS 70th round Key Indicators of Debt and Investment in India, NSS KI (70/18.2), December 2014 (exact day not stated on cover)",,"AIDIS 2013, NSS 70th round (January - December 2013)",2013-01-01,2013-12-31,2012-06-30,AOD,Average amount of debt (AOD) per household (cash dues),mean,21916,INR_per_household,current prices (nominal),households,Bihar,,,all,urban,Bihar,,,KI_70_18.2_19dec14.pdf,https://www.mospi.gov.in/sites/default/files/publication_reports/KI_70_18.2_19dec14.pdf,"Table 2-U: AVA, AOD, AOD per household with outstanding loan, IOI for urban India for each State/UT, major household types (columns ""all"")",PDF p.40-41 (Appendix A),OK,
D9-00525,9,"NSS 70th round Key Indicators of Debt and Investment in India, NSS KI (70/18.2), December 2014 (exact day not stated on cover)",,"AIDIS 2013, NSS 70th round (January - December 2013)",2013-01-01,2013-12-31,2012-06-30,AODL,Average amount of debt per indebted household,mean,165460,INR_per_indebted_household,current prices (nominal),indebted households,Bihar,,,all,urban,Bihar,,,KI_70_18.2_19dec14.pdf,https://www.mospi.gov.in/sites/default/files/publication_reports/KI_70_18.2_19dec14.pdf,"Table 2-U: AVA, AOD, AOD per household with outstanding loan, IOI for urban India for each State/UT, major household types (columns ""all"")",PDF p.40-41 (Appendix A),OK,
D9-00526,9,"NSS 70th round Key Indicators of Debt and Investment in India, NSS KI (70/18.2), December 2014 (exact day not stated on cover)",,"AIDIS 2013, NSS 70th round (January - December 2013)",2013-01-01,2013-12-31,2012-06-30,DAR,"Debt-asset ratio (DAR), % (AOD as % of AVA)",rate,1.53,percent,current prices (nominal),households,Bihar,,,all,urban,Bihar,,,KI_70_18.2_19dec14.pdf,https://www.mospi.gov.in/sites/default/files/publication_reports/KI_70_18.2_19dec14.pdf,"Table 2-U: AVA, AOD, AOD per household with outstanding loan, IOI for urban India for each State/UT, major household types (columns ""all"")",PDF p.40-41 (Appendix A),OK,
D9-00527,9,"NSS 70th round Key Indicators of Debt and Investment in India, NSS KI (70/18.2), December 2014 (exact day not stated on cover)",,"AIDIS 2013, NSS 70th round (January - December 2013)",2013-01-01,2013-12-31,2012-06-30,AVA_TOTAL,Average value of assets (AVA) owned per household,mean,1487957,INR_per_household,current prices (nominal),households,Chhattisgarh,,,all,urban,Chhattisgarh,,,KI_70_18.2_19dec14.pdf,https://www.mospi.gov.in/sites/default/files/publication_reports/KI_70_18.2_19dec14.pdf,"Table 2-U: AVA, AOD, AOD per household with outstanding loan, IOI for urban India for each State/UT, major household types (columns ""all"")",PDF p.40-41 (Appendix A),OK,
D9-00528,9,"NSS 70th round Key Indicators of Debt and Investment in India, NSS KI (70/18.2), December 2014 (exact day not stated on cover)",,"AIDIS 2013, NSS 70th round (January - December 2013)",2013-01-01,2013-12-31,2012-06-30,IOI,Incidence of indebtedness (IOI): % of households indebted,rate,11.75,percent,current prices (nominal),households,Chhattisgarh,,,all,urban,Chhattisgarh,,,KI_70_18.2_19dec14.pdf,https://www.mospi.gov.in/sites/default/files/publication_reports/KI_70_18.2_19dec14.pdf,"Table 2-U: AVA, AOD, AOD per household with outstanding loan, IOI for urban India for each State/UT, major household types (columns ""all"")",PDF p.40-41 (Appendix A),OK,
D9-00529,9,"NSS 70th round Key Indicators of Debt and Investment in India, NSS KI (70/18.2), December 2014 (exact day not stated on cover)",,"AIDIS 2013, NSS 70th round (January - December 2013)",2013-01-01,2013-12-31,2012-06-30,AOD,Average amount of debt (AOD) per household (cash dues),mean,28645,INR_per_household,current prices (nominal),households,Chhattisgarh,,,all,urban,Chhattisgarh,,,KI_70_18.2_19dec14.pdf,https://www.mospi.gov.in/sites/default/files/publication_reports/KI_70_18.2_19dec14.pdf,"Table 2-U: AVA, AOD, AOD per household with outstanding loan, IOI for urban India for each State/UT, major household types (columns ""all"")",PDF p.40-41 (Appendix A),OK,
D9-00530,9,"NSS 70th round Key Indicators of Debt and Investment in India, NSS KI (70/18.2), December 2014 (exact day not stated on cover)",,"AIDIS 2013, NSS 70th round (January - December 2013)",2013-01-01,2013-12-31,2012-06-30,AODL,Average amount of debt per indebted household,mean,243760,INR_per_indebted_household,current prices (nominal),indebted households,Chhattisgarh,,,all,urban,Chhattisgarh,,,KI_70_18.2_19dec14.pdf,https://www.mospi.gov.in/sites/default/files/publication_reports/KI_70_18.2_19dec14.pdf,"Table 2-U: AVA, AOD, AOD per household with outstanding loan, IOI for urban India for each State/UT, major household types (columns ""all"")",PDF p.40-41 (Appendix A),OK,
D9-00531,9,"NSS 70th round Key Indicators of Debt and Investment in India, NSS KI (70/18.2), December 2014 (exact day not stated on cover)",,"AIDIS 2013, NSS 70th round (January - December 2013)",2013-01-01,2013-12-31,2012-06-30,DAR,"Debt-asset ratio (DAR), % (AOD as % of AVA)",rate,1.93,percent,current prices (nominal),households,Chhattisgarh,,,all,urban,Chhattisgarh,,,KI_70_18.2_19dec14.pdf,https://www.mospi.gov.in/sites/default/files/publication_reports/KI_70_18.2_19dec14.pdf,"Table 2-U: AVA, AOD, AOD per household with outstanding loan, IOI for urban India for each State/UT, major household types (columns ""all"")",PDF p.40-41 (Appendix A),OK,
D9-00532,9,"NSS 70th round Key Indicators of Debt and Investment in India, NSS KI (70/18.2), December 2014 (exact day not stated on cover)",,"AIDIS 2013, NSS 70th round (January - December 2013)",2013-01-01,2013-12-31,2012-06-30,AVA_TOTAL,Average value of assets (AVA) owned per household,mean,2481554,INR_per_household,current prices (nominal),households,Delhi,,,all,urban,Delhi,,,KI_70_18.2_19dec14.pdf,https://www.mospi.gov.in/sites/default/files/publication_reports/KI_70_18.2_19dec14.pdf,"Table 2-U: AVA, AOD, AOD per household with outstanding loan, IOI for urban India for each State/UT, major household types (columns ""all"")",PDF p.40-41 (Appendix A),OK,
D9-00533,9,"NSS 70th round Key Indicators of Debt and Investment in India, NSS KI (70/18.2), December 2014 (exact day not stated on cover)",,"AIDIS 2013, NSS 70th round (January - December 2013)",2013-01-01,2013-12-31,2012-06-30,IOI,Incidence of indebtedness (IOI): % of households indebted,rate,5.56,percent,current prices (nominal),households,Delhi,,,all,urban,Delhi,,,KI_70_18.2_19dec14.pdf,https://www.mospi.gov.in/sites/default/files/publication_reports/KI_70_18.2_19dec14.pdf,"Table 2-U: AVA, AOD, AOD per household with outstanding loan, IOI for urban India for each State/UT, major household types (columns ""all"")",PDF p.40-41 (Appendix A),OK,
D9-00534,9,"NSS 70th round Key Indicators of Debt and Investment in India, NSS KI (70/18.2), December 2014 (exact day not stated on cover)",,"AIDIS 2013, NSS 70th round (January - December 2013)",2013-01-01,2013-12-31,2012-06-30,AOD,Average amount of debt (AOD) per household (cash dues),mean,33130,INR_per_household,current prices (nominal),households,Delhi,,,all,urban,Delhi,,,KI_70_18.2_19dec14.pdf,https://www.mospi.gov.in/sites/default/files/publication_reports/KI_70_18.2_19dec14.pdf,"Table 2-U: AVA, AOD, AOD per household with outstanding loan, IOI for urban India for each State/UT, major household types (columns ""all"")",PDF p.40-41 (Appendix A),OK,
D9-00535,9,"NSS 70th round Key Indicators of Debt and Investment in India, NSS KI (70/18.2), December 2014 (exact day not stated on cover)",,"AIDIS 2013, NSS 70th round (January - December 2013)",2013-01-01,2013-12-31,2012-06-30,AODL,Average amount of debt per indebted household,mean,595410,INR_per_indebted_household,current prices (nominal),indebted households,Delhi,,,all,urban,Delhi,,,KI_70_18.2_19dec14.pdf,https://www.mospi.gov.in/sites/default/files/publication_reports/KI_70_18.2_19dec14.pdf,"Table 2-U: AVA, AOD, AOD per household with outstanding loan, IOI for urban India for each State/UT, major household types (columns ""all"")",PDF p.40-41 (Appendix A),OK,
D9-00536,9,"NSS 70th round Key Indicators of Debt and Investment in India, NSS KI (70/18.2), December 2014 (exact day not stated on cover)",,"AIDIS 2013, NSS 70th round (January - December 2013)",2013-01-01,2013-12-31,2012-06-30,DAR,"Debt-asset ratio (DAR), % (AOD as % of AVA)",rate,1.34,percent,current prices (nominal),households,Delhi,,,all,urban,Delhi,,,KI_70_18.2_19dec14.pdf,https://www.mospi.gov.in/sites/default/files/publication_reports/KI_70_18.2_19dec14.pdf,"Table 2-U: AVA, AOD, AOD per household with outstanding loan, IOI for urban India for each State/UT, major household types (columns ""all"")",PDF p.40-41 (Appendix A),OK,
D9-00537,9,"NSS 70th round Key Indicators of Debt and Investment in India, NSS KI (70/18.2), December 2014 (exact day not stated on cover)",,"AIDIS 2013, NSS 70th round (January - December 2013)",2013-01-01,2013-12-31,2012-06-30,AVA_TOTAL,Average value of assets (AVA) owned per household,mean,2372967,INR_per_household,current prices (nominal),households,Goa,,,all,urban,Goa,,,KI_70_18.2_19dec14.pdf,https://www.mospi.gov.in/sites/default/files/publication_reports/KI_70_18.2_19dec14.pdf,"Table 2-U: AVA, AOD, AOD per household with outstanding loan, IOI for urban India for each State/UT, major household types (columns ""all"")",PDF p.40-41 (Appendix A),OK,
D9-00538,9,"NSS 70th round Key Indicators of Debt and Investment in India, NSS KI (70/18.2), December 2014 (exact day not stated on cover)",,"AIDIS 2013, NSS 70th round (January - December 2013)",2013-01-01,2013-12-31,2012-06-30,IOI,Incidence of indebtedness (IOI): % of households indebted,rate,16.74,percent,current prices (nominal),households,Goa,,,all,urban,Goa,,,KI_70_18.2_19dec14.pdf,https://www.mospi.gov.in/sites/default/files/publication_reports/KI_70_18.2_19dec14.pdf,"Table 2-U: AVA, AOD, AOD per household with outstanding loan, IOI for urban India for each State/UT, major household types (columns ""all"")",PDF p.40-41 (Appendix A),OK,
D9-00539,9,"NSS 70th round Key Indicators of Debt and Investment in India, NSS KI (70/18.2), December 2014 (exact day not stated on cover)",,"AIDIS 2013, NSS 70th round (January - December 2013)",2013-01-01,2013-12-31,2012-06-30,AOD,Average amount of debt (AOD) per household (cash dues),mean,108399,INR_per_household,current prices (nominal),households,Goa,,,all,urban,Goa,,,KI_70_18.2_19dec14.pdf,https://www.mospi.gov.in/sites/default/files/publication_reports/KI_70_18.2_19dec14.pdf,"Table 2-U: AVA, AOD, AOD per household with outstanding loan, IOI for urban India for each State/UT, major household types (columns ""all"")",PDF p.40-41 (Appendix A),OK,
D9-00540,9,"NSS 70th round Key Indicators of Debt and Investment in India, NSS KI (70/18.2), December 2014 (exact day not stated on cover)",,"AIDIS 2013, NSS 70th round (January - December 2013)",2013-01-01,2013-12-31,2012-06-30,AODL,Average amount of debt per indebted household,mean,647424,INR_per_indebted_household,current prices (nominal),indebted households,Goa,,,all,urban,Goa,,,KI_70_18.2_19dec14.pdf,https://www.mospi.gov.in/sites/default/files/publication_reports/KI_70_18.2_19dec14.pdf,"Table 2-U: AVA, AOD, AOD per household with outstanding loan, IOI for urban India for each State/UT, major household types (columns ""all"")",PDF p.40-41 (Appendix A),OK,
D9-00541,9,"NSS 70th round Key Indicators of Debt and Investment in India, NSS KI (70/18.2), December 2014 (exact day not stated on cover)",,"AIDIS 2013, NSS 70th round (January - December 2013)",2013-01-01,2013-12-31,2012-06-30,DAR,"Debt-asset ratio (DAR), % (AOD as % of AVA)",rate,4.57,percent,current prices (nominal),households,Goa,,,all,urban,Goa,,,KI_70_18.2_19dec14.pdf,https://www.mospi.gov.in/sites/default/files/publication_reports/KI_70_18.2_19dec14.pdf,"Table 2-U: AVA, AOD, AOD per household with outstanding loan, IOI for urban India for each State/UT, major household types (columns ""all"")",PDF p.40-41 (Appendix A),OK,
D9-00542,9,"NSS 70th round Key Indicators of Debt and Investment in India, NSS KI (70/18.2), December 2014 (exact day not stated on cover)",,"AIDIS 2013, NSS 70th round (January - December 2013)",2013-01-01,2013-12-31,2012-06-30,AVA_TOTAL,Average value of assets (AVA) owned per household,mean,1748175,INR_per_household,current prices (nominal),households,Gujarat,,,all,urban,Gujarat,,,KI_70_18.2_19dec14.pdf,https://www.mospi.gov.in/sites/default/files/publication_reports/KI_70_18.2_19dec14.pdf,"Table 2-U: AVA, AOD, AOD per household with outstanding loan, IOI for urban India for each State/UT, major household types (columns ""all"")",PDF p.40-41 (Appendix A),OK,
D9-00543,9,"NSS 70th round Key Indicators of Debt and Investment in India, NSS KI (70/18.2), December 2014 (exact day not stated on cover)",,"AIDIS 2013, NSS 70th round (January - December 2013)",2013-01-01,2013-12-31,2012-06-30,IOI,Incidence of indebtedness (IOI): % of households indebted,rate,19.39,percent,current prices (nominal),households,Gujarat,,,all,urban,Gujarat,,,KI_70_18.2_19dec14.pdf,https://www.mospi.gov.in/sites/default/files/publication_reports/KI_70_18.2_19dec14.pdf,"Table 2-U: AVA, AOD, AOD per household with outstanding loan, IOI for urban India for each State/UT, major household types (columns ""all"")",PDF p.40-41 (Appendix A),OK,
D9-00544,9,"NSS 70th round Key Indicators of Debt and Investment in India, NSS KI (70/18.2), December 2014 (exact day not stated on cover)",,"AIDIS 2013, NSS 70th round (January - December 2013)",2013-01-01,2013-12-31,2012-06-30,AOD,Average amount of debt (AOD) per household (cash dues),mean,71618,INR_per_household,current prices (nominal),households,Gujarat,,,all,urban,Gujarat,,,KI_70_18.2_19dec14.pdf,https://www.mospi.gov.in/sites/default/files/publication_reports/KI_70_18.2_19dec14.pdf,"Table 2-U: AVA, AOD, AOD per household with outstanding loan, IOI for urban India for each State/UT, major household types (columns ""all"")",PDF p.40-41 (Appendix A),OK,
D9-00545,9,"NSS 70th round Key Indicators of Debt and Investment in India, NSS KI (70/18.2), December 2014 (exact day not stated on cover)",,"AIDIS 2013, NSS 70th round (January - December 2013)",2013-01-01,2013-12-31,2012-06-30,AODL,Average amount of debt per indebted household,mean,369407,INR_per_indebted_household,current prices (nominal),indebted households,Gujarat,,,all,urban,Gujarat,,,KI_70_18.2_19dec14.pdf,https://www.mospi.gov.in/sites/default/files/publication_reports/KI_70_18.2_19dec14.pdf,"Table 2-U: AVA, AOD, AOD per household with outstanding loan, IOI for urban India for each State/UT, major household types (columns ""all"")",PDF p.40-41 (Appendix A),OK,
D9-00546,9,"NSS 70th round Key Indicators of Debt and Investment in India, NSS KI (70/18.2), December 2014 (exact day not stated on cover)",,"AIDIS 2013, NSS 70th round (January - December 2013)",2013-01-01,2013-12-31,2012-06-30,DAR,"Debt-asset ratio (DAR), % (AOD as % of AVA)",rate,4.1,percent,current prices (nominal),households,Gujarat,,,all,urban,Gujarat,,,KI_70_18.2_19dec14.pdf,https://www.mospi.gov.in/sites/default/files/publication_reports/KI_70_18.2_19dec14.pdf,"Table 2-U: AVA, AOD, AOD per household with outstanding loan, IOI for urban India for each State/UT, major household types (columns ""all"")",PDF p.40-41 (Appendix A),OK,
D9-00547,9,"NSS 70th round Key Indicators of Debt and Investment in India, NSS KI (70/18.2), December 2014 (exact day not stated on cover)",,"AIDIS 2013, NSS 70th round (January - December 2013)",2013-01-01,2013-12-31,2012-06-30,AVA_TOTAL,Average value of assets (AVA) owned per household,mean,3678210,INR_per_household,current prices (nominal),households,Haryana,,,all,urban,Haryana,,,KI_70_18.2_19dec14.pdf,https://www.mospi.gov.in/sites/default/files/publication_reports/KI_70_18.2_19dec14.pdf,"Table 2-U: AVA, AOD, AOD per household with outstanding loan, IOI for urban India for each State/UT, major household types (columns ""all"")",PDF p.40-41 (Appendix A),OK,
D9-00548,9,"NSS 70th round Key Indicators of Debt and Investment in India, NSS KI (70/18.2), December 2014 (exact day not stated on cover)",,"AIDIS 2013, NSS 70th round (January - December 2013)",2013-01-01,2013-12-31,2012-06-30,IOI,Incidence of indebtedness (IOI): % of households indebted,rate,12.51,percent,current prices (nominal),households,Haryana,,,all,urban,Haryana,,,KI_70_18.2_19dec14.pdf,https://www.mospi.gov.in/sites/default/files/publication_reports/KI_70_18.2_19dec14.pdf,"Table 2-U: AVA, AOD, AOD per household with outstanding loan, IOI for urban India for each State/UT, major household types (columns ""all"")",PDF p.40-41 (Appendix A),OK,
D9-00549,9,"NSS 70th round Key Indicators of Debt and Investment in India, NSS KI (70/18.2), December 2014 (exact day not stated on cover)",,"AIDIS 2013, NSS 70th round (January - December 2013)",2013-01-01,2013-12-31,2012-06-30,AOD,Average amount of debt (AOD) per household (cash dues),mean,116478,INR_per_household,current prices (nominal),households,Haryana,,,all,urban,Haryana,,,KI_70_18.2_19dec14.pdf,https://www.mospi.gov.in/sites/default/files/publication_reports/KI_70_18.2_19dec14.pdf,"Table 2-U: AVA, AOD, AOD per household with outstanding loan, IOI for urban India for each State/UT, major household types (columns ""all"")",PDF p.40-41 (Appendix A),OK,
D9-00550,9,"NSS 70th round Key Indicators of Debt and Investment in India, NSS KI (70/18.2), December 2014 (exact day not stated on cover)",,"AIDIS 2013, NSS 70th round (January - December 2013)",2013-01-01,2013-12-31,2012-06-30,AODL,Average amount of debt per indebted household,mean,930757,INR_per_indebted_household,current prices (nominal),indebted households,Haryana,,,all,urban,Haryana,,,KI_70_18.2_19dec14.pdf,https://www.mospi.gov.in/sites/default/files/publication_reports/KI_70_18.2_19dec14.pdf,"Table 2-U: AVA, AOD, AOD per household with outstanding loan, IOI for urban India for each State/UT, major household types (columns ""all"")",PDF p.40-41 (Appendix A),OK,
D9-00551,9,"NSS 70th round Key Indicators of Debt and Investment in India, NSS KI (70/18.2), December 2014 (exact day not stated on cover)",,"AIDIS 2013, NSS 70th round (January - December 2013)",2013-01-01,2013-12-31,2012-06-30,DAR,"Debt-asset ratio (DAR), % (AOD as % of AVA)",rate,3.17,percent,current prices (nominal),households,Haryana,,,all,urban,Haryana,,,KI_70_18.2_19dec14.pdf,https://www.mospi.gov.in/sites/default/files/publication_reports/KI_70_18.2_19dec14.pdf,"Table 2-U: AVA, AOD, AOD per household with outstanding loan, IOI for urban India for each State/UT, major household types (columns ""all"")",PDF p.40-41 (Appendix A),OK,
D9-00552,9,"NSS 70th round Key Indicators of Debt and Investment in India, NSS KI (70/18.2), December 2014 (exact day not stated on cover)",,"AIDIS 2013, NSS 70th round (January - December 2013)",2013-01-01,2013-12-31,2012-06-30,AVA_TOTAL,Average value of assets (AVA) owned per household,mean,2978542,INR_per_household,current prices (nominal),households,Himachal Pradesh,,,all,urban,Himachal Pradesh,,,KI_70_18.2_19dec14.pdf,https://www.mospi.gov.in/sites/default/files/publication_reports/KI_70_18.2_19dec14.pdf,"Table 2-U: AVA, AOD, AOD per household with outstanding loan, IOI for urban India for each State/UT, major household types (columns ""all"")",PDF p.40-41 (Appendix A),OK,
D9-00553,9,"NSS 70th round Key Indicators of Debt and Investment in India, NSS KI (70/18.2), December 2014 (exact day not stated on cover)",,"AIDIS 2013, NSS 70th round (January - December 2013)",2013-01-01,2013-12-31,2012-06-30,IOI,Incidence of indebtedness (IOI): % of households indebted,rate,21.88,percent,current prices (nominal),households,Himachal Pradesh,,,all,urban,Himachal Pradesh,,,KI_70_18.2_19dec14.pdf,https://www.mospi.gov.in/sites/default/files/publication_reports/KI_70_18.2_19dec14.pdf,"Table 2-U: AVA, AOD, AOD per household with outstanding loan, IOI for urban India for each State/UT, major household types (columns ""all"")",PDF p.40-41 (Appendix A),OK,
D9-00554,9,"NSS 70th round Key Indicators of Debt and Investment in India, NSS KI (70/18.2), December 2014 (exact day not stated on cover)",,"AIDIS 2013, NSS 70th round (January - December 2013)",2013-01-01,2013-12-31,2012-06-30,AOD,Average amount of debt (AOD) per household (cash dues),mean,112598,INR_per_household,current prices (nominal),households,Himachal Pradesh,,,all,urban,Himachal Pradesh,,,KI_70_18.2_19dec14.pdf,https://www.mospi.gov.in/sites/default/files/publication_reports/KI_70_18.2_19dec14.pdf,"Table 2-U: AVA, AOD, AOD per household with outstanding loan, IOI for urban India for each State/UT, major household types (columns ""all"")",PDF p.40-41 (Appendix A),OK,
D9-00555,9,"NSS 70th round Key Indicators of Debt and Investment in India, NSS KI (70/18.2), December 2014 (exact day not stated on cover)",,"AIDIS 2013, NSS 70th round (January - December 2013)",2013-01-01,2013-12-31,2012-06-30,AODL,Average amount of debt per indebted household,mean,514719,INR_per_indebted_household,current prices (nominal),indebted households,Himachal Pradesh,,,all,urban,Himachal Pradesh,,,KI_70_18.2_19dec14.pdf,https://www.mospi.gov.in/sites/default/files/publication_reports/KI_70_18.2_19dec14.pdf,"Table 2-U: AVA, AOD, AOD per household with outstanding loan, IOI for urban India for each State/UT, major household types (columns ""all"")",PDF p.40-41 (Appendix A),OK,
D9-00556,9,"NSS 70th round Key Indicators of Debt and Investment in India, NSS KI (70/18.2), December 2014 (exact day not stated on cover)",,"AIDIS 2013, NSS 70th round (January - December 2013)",2013-01-01,2013-12-31,2012-06-30,DAR,"Debt-asset ratio (DAR), % (AOD as % of AVA)",rate,3.78,percent,current prices (nominal),households,Himachal Pradesh,,,all,urban,Himachal Pradesh,,,KI_70_18.2_19dec14.pdf,https://www.mospi.gov.in/sites/default/files/publication_reports/KI_70_18.2_19dec14.pdf,"Table 2-U: AVA, AOD, AOD per household with outstanding loan, IOI for urban India for each State/UT, major household types (columns ""all"")",PDF p.40-41 (Appendix A),OK,
D9-00557,9,"NSS 70th round Key Indicators of Debt and Investment in India, NSS KI (70/18.2), December 2014 (exact day not stated on cover)",,"AIDIS 2013, NSS 70th round (January - December 2013)",2013-01-01,2013-12-31,2012-06-30,AVA_TOTAL,Average value of assets (AVA) owned per household,mean,3356102,INR_per_household,current prices (nominal),households,Jammu & Kashmir,,,all,urban,Jammu & Kashmir,,,KI_70_18.2_19dec14.pdf,https://www.mospi.gov.in/sites/default/files/publication_reports/KI_70_18.2_19dec14.pdf,"Table 2-U: AVA, AOD, AOD per household with outstanding loan, IOI for urban India for each State/UT, major household types (columns ""all"")",PDF p.40-41 (Appendix A),OK,
D9-00558,9,"NSS 70th round Key Indicators of Debt and Investment in India, NSS KI (70/18.2), December 2014 (exact day not stated on cover)",,"AIDIS 2013, NSS 70th round (January - December 2013)",2013-01-01,2013-12-31,2012-06-30,IOI,Incidence of indebtedness (IOI): % of households indebted,rate,21.22,percent,current prices (nominal),households,Jammu & Kashmir,,,all,urban,Jammu & Kashmir,,,KI_70_18.2_19dec14.pdf,https://www.mospi.gov.in/sites/default/files/publication_reports/KI_70_18.2_19dec14.pdf,"Table 2-U: AVA, AOD, AOD per household with outstanding loan, IOI for urban India for each State/UT, major household types (columns ""all"")",PDF p.40-41 (Appendix A),OK,
D9-00559,9,"NSS 70th round Key Indicators of Debt and Investment in India, NSS KI (70/18.2), December 2014 (exact day not stated on cover)",,"AIDIS 2013, NSS 70th round (January - December 2013)",2013-01-01,2013-12-31,2012-06-30,AOD,Average amount of debt (AOD) per household (cash dues),mean,87089,INR_per_household,current prices (nominal),households,Jammu & Kashmir,,,all,urban,Jammu & Kashmir,,,KI_70_18.2_19dec14.pdf,https://www.mospi.gov.in/sites/default/files/publication_reports/KI_70_18.2_19dec14.pdf,"Table 2-U: AVA, AOD, AOD per household with outstanding loan, IOI for urban India for each State/UT, major household types (columns ""all"")",PDF p.40-41 (Appendix A),OK,
D9-00560,9,"NSS 70th round Key Indicators of Debt and Investment in India, NSS KI (70/18.2), December 2014 (exact day not stated on cover)",,"AIDIS 2013, NSS 70th round (January - December 2013)",2013-01-01,2013-12-31,2012-06-30,AODL,Average amount of debt per indebted household,mean,410484,INR_per_indebted_household,current prices (nominal),indebted households,Jammu & Kashmir,,,all,urban,Jammu & Kashmir,,,KI_70_18.2_19dec14.pdf,https://www.mospi.gov.in/sites/default/files/publication_reports/KI_70_18.2_19dec14.pdf,"Table 2-U: AVA, AOD, AOD per household with outstanding loan, IOI for urban India for each State/UT, major household types (columns ""all"")",PDF p.40-41 (Appendix A),OK,
D9-00561,9,"NSS 70th round Key Indicators of Debt and Investment in India, NSS KI (70/18.2), December 2014 (exact day not stated on cover)",,"AIDIS 2013, NSS 70th round (January - December 2013)",2013-01-01,2013-12-31,2012-06-30,DAR,"Debt-asset ratio (DAR), % (AOD as % of AVA)",rate,2.59,percent,current prices (nominal),households,Jammu & Kashmir,,,all,urban,Jammu & Kashmir,,,KI_70_18.2_19dec14.pdf,https://www.mospi.gov.in/sites/default/files/publication_reports/KI_70_18.2_19dec14.pdf,"Table 2-U: AVA, AOD, AOD per household with outstanding loan, IOI for urban India for each State/UT, major household types (columns ""all"")",PDF p.40-41 (Appendix A),OK,
D9-00562,9,"NSS 70th round Key Indicators of Debt and Investment in India, NSS KI (70/18.2), December 2014 (exact day not stated on cover)",,"AIDIS 2013, NSS 70th round (January - December 2013)",2013-01-01,2013-12-31,2012-06-30,AVA_TOTAL,Average value of assets (AVA) owned per household,mean,972704,INR_per_household,current prices (nominal),households,Jharkhand,,,all,urban,Jharkhand,,,KI_70_18.2_19dec14.pdf,https://www.mospi.gov.in/sites/default/files/publication_reports/KI_70_18.2_19dec14.pdf,"Table 2-U: AVA, AOD, AOD per household with outstanding loan, IOI for urban India for each State/UT, major household types (columns ""all"")",PDF p.40-41 (Appendix A),OK,
D9-00563,9,"NSS 70th round Key Indicators of Debt and Investment in India, NSS KI (70/18.2), December 2014 (exact day not stated on cover)",,"AIDIS 2013, NSS 70th round (January - December 2013)",2013-01-01,2013-12-31,2012-06-30,IOI,Incidence of indebtedness (IOI): % of households indebted,rate,11.61,percent,current prices (nominal),households,Jharkhand,,,all,urban,Jharkhand,,,KI_70_18.2_19dec14.pdf,https://www.mospi.gov.in/sites/default/files/publication_reports/KI_70_18.2_19dec14.pdf,"Table 2-U: AVA, AOD, AOD per household with outstanding loan, IOI for urban India for each State/UT, major household types (columns ""all"")",PDF p.40-41 (Appendix A),OK,
D9-00564,9,"NSS 70th round Key Indicators of Debt and Investment in India, NSS KI (70/18.2), December 2014 (exact day not stated on cover)",,"AIDIS 2013, NSS 70th round (January - December 2013)",2013-01-01,2013-12-31,2012-06-30,AOD,Average amount of debt (AOD) per household (cash dues),mean,18494,INR_per_household,current prices (nominal),households,Jharkhand,,,all,urban,Jharkhand,,,KI_70_18.2_19dec14.pdf,https://www.mospi.gov.in/sites/default/files/publication_reports/KI_70_18.2_19dec14.pdf,"Table 2-U: AVA, AOD, AOD per household with outstanding loan, IOI for urban India for each State/UT, major household types (columns ""all"")",PDF p.40-41 (Appendix A),OK,
D9-00565,9,"NSS 70th round Key Indicators of Debt and Investment in India, NSS KI (70/18.2), December 2014 (exact day not stated on cover)",,"AIDIS 2013, NSS 70th round (January - December 2013)",2013-01-01,2013-12-31,2012-06-30,AODL,Average amount of debt per indebted household,mean,159295,INR_per_indebted_household,current prices (nominal),indebted households,Jharkhand,,,all,urban,Jharkhand,,,KI_70_18.2_19dec14.pdf,https://www.mospi.gov.in/sites/default/files/publication_reports/KI_70_18.2_19dec14.pdf,"Table 2-U: AVA, AOD, AOD per household with outstanding loan, IOI for urban India for each State/UT, major household types (columns ""all"")",PDF p.40-41 (Appendix A),OK,
D9-00566,9,"NSS 70th round Key Indicators of Debt and Investment in India, NSS KI (70/18.2), December 2014 (exact day not stated on cover)",,"AIDIS 2013, NSS 70th round (January - December 2013)",2013-01-01,2013-12-31,2012-06-30,DAR,"Debt-asset ratio (DAR), % (AOD as % of AVA)",rate,1.9,percent,current prices (nominal),households,Jharkhand,,,all,urban,Jharkhand,,,KI_70_18.2_19dec14.pdf,https://www.mospi.gov.in/sites/default/files/publication_reports/KI_70_18.2_19dec14.pdf,"Table 2-U: AVA, AOD, AOD per household with outstanding loan, IOI for urban India for each State/UT, major household types (columns ""all"")",PDF p.40-41 (Appendix A),OK,
D9-00567,9,"NSS 70th round Key Indicators of Debt and Investment in India, NSS KI (70/18.2), December 2014 (exact day not stated on cover)",,"AIDIS 2013, NSS 70th round (January - December 2013)",2013-01-01,2013-12-31,2012-06-30,AVA_TOTAL,Average value of assets (AVA) owned per household,mean,1412451,INR_per_household,current prices (nominal),households,Karnataka,,,all,urban,Karnataka,,,KI_70_18.2_19dec14.pdf,https://www.mospi.gov.in/sites/default/files/publication_reports/KI_70_18.2_19dec14.pdf,"Table 2-U: AVA, AOD, AOD per household with outstanding loan, IOI for urban India for each State/UT, major household types (columns ""all"")",PDF p.40-41 (Appendix A),OK,
D9-00568,9,"NSS 70th round Key Indicators of Debt and Investment in India, NSS KI (70/18.2), December 2014 (exact day not stated on cover)",,"AIDIS 2013, NSS 70th round (January - December 2013)",2013-01-01,2013-12-31,2012-06-30,IOI,Incidence of indebtedness (IOI): % of households indebted,rate,26.53,percent,current prices (nominal),households,Karnataka,,,all,urban,Karnataka,,,KI_70_18.2_19dec14.pdf,https://www.mospi.gov.in/sites/default/files/publication_reports/KI_70_18.2_19dec14.pdf,"Table 2-U: AVA, AOD, AOD per household with outstanding loan, IOI for urban India for each State/UT, major household types (columns ""all"")",PDF p.40-41 (Appendix A),OK,
D9-00569,9,"NSS 70th round Key Indicators of Debt and Investment in India, NSS KI (70/18.2), December 2014 (exact day not stated on cover)",,"AIDIS 2013, NSS 70th round (January - December 2013)",2013-01-01,2013-12-31,2012-06-30,AOD,Average amount of debt (AOD) per household (cash dues),mean,88822,INR_per_household,current prices (nominal),households,Karnataka,,,all,urban,Karnataka,,,KI_70_18.2_19dec14.pdf,https://www.mospi.gov.in/sites/default/files/publication_reports/KI_70_18.2_19dec14.pdf,"Table 2-U: AVA, AOD, AOD per household with outstanding loan, IOI for urban India for each State/UT, major household types (columns ""all"")",PDF p.40-41 (Appendix A),OK,
D9-00570,9,"NSS 70th round Key Indicators of Debt and Investment in India, NSS KI (70/18.2), December 2014 (exact day not stated on cover)",,"AIDIS 2013, NSS 70th round (January - December 2013)",2013-01-01,2013-12-31,2012-06-30,AODL,Average amount of debt per indebted household,mean,334759,INR_per_indebted_household,current prices (nominal),indebted households,Karnataka,,,all,urban,Karnataka,,,KI_70_18.2_19dec14.pdf,https://www.mospi.gov.in/sites/default/files/publication_reports/KI_70_18.2_19dec14.pdf,"Table 2-U: AVA, AOD, AOD per household with outstanding loan, IOI for urban India for each State/UT, major household types (columns ""all"")",PDF p.40-41 (Appendix A),OK,
D9-00571,9,"NSS 70th round Key Indicators of Debt and Investment in India, NSS KI (70/18.2), December 2014 (exact day not stated on cover)",,"AIDIS 2013, NSS 70th round (January - December 2013)",2013-01-01,2013-12-31,2012-06-30,DAR,"Debt-asset ratio (DAR), % (AOD as % of AVA)",rate,6.29,percent,current prices (nominal),households,Karnataka,,,all,urban,Karnataka,,,KI_70_18.2_19dec14.pdf,https://www.mospi.gov.in/sites/default/files/publication_reports/KI_70_18.2_19dec14.pdf,"Table 2-U: AVA, AOD, AOD per household with outstanding loan, IOI for urban India for each State/UT, major household types (columns ""all"")",PDF p.40-41 (Appendix A),OK,
D9-00572,9,"NSS 70th round Key Indicators of Debt and Investment in India, NSS KI (70/18.2), December 2014 (exact day not stated on cover)",,"AIDIS 2013, NSS 70th round (January - December 2013)",2013-01-01,2013-12-31,2012-06-30,AVA_TOTAL,Average value of assets (AVA) owned per household,mean,4023711,INR_per_household,current prices (nominal),households,Kerala,,,all,urban,Kerala,,,KI_70_18.2_19dec14.pdf,https://www.mospi.gov.in/sites/default/files/publication_reports/KI_70_18.2_19dec14.pdf,"Table 2-U: AVA, AOD, AOD per household with outstanding loan, IOI for urban India for each State/UT, major household types (columns ""all"")",PDF p.40-41 (Appendix A),OK,
D9-00573,9,"NSS 70th round Key Indicators of Debt and Investment in India, NSS KI (70/18.2), December 2014 (exact day not stated on cover)",,"AIDIS 2013, NSS 70th round (January - December 2013)",2013-01-01,2013-12-31,2012-06-30,IOI,Incidence of indebtedness (IOI): % of households indebted,rate,46.95,percent,current prices (nominal),households,Kerala,,,all,urban,Kerala,,,KI_70_18.2_19dec14.pdf,https://www.mospi.gov.in/sites/default/files/publication_reports/KI_70_18.2_19dec14.pdf,"Table 2-U: AVA, AOD, AOD per household with outstanding loan, IOI for urban India for each State/UT, major household types (columns ""all"")",PDF p.40-41 (Appendix A),OK,
D9-00574,9,"NSS 70th round Key Indicators of Debt and Investment in India, NSS KI (70/18.2), December 2014 (exact day not stated on cover)",,"AIDIS 2013, NSS 70th round (January - December 2013)",2013-01-01,2013-12-31,2012-06-30,AOD,Average amount of debt (AOD) per household (cash dues),mean,174320,INR_per_household,current prices (nominal),households,Kerala,,,all,urban,Kerala,,,KI_70_18.2_19dec14.pdf,https://www.mospi.gov.in/sites/default/files/publication_reports/KI_70_18.2_19dec14.pdf,"Table 2-U: AVA, AOD, AOD per household with outstanding loan, IOI for urban India for each State/UT, major household types (columns ""all"")",PDF p.40-41 (Appendix A),OK,
D9-00575,9,"NSS 70th round Key Indicators of Debt and Investment in India, NSS KI (70/18.2), December 2014 (exact day not stated on cover)",,"AIDIS 2013, NSS 70th round (January - December 2013)",2013-01-01,2013-12-31,2012-06-30,AODL,Average amount of debt per indebted household,mean,371277,INR_per_indebted_household,current prices (nominal),indebted households,Kerala,,,all,urban,Kerala,,,KI_70_18.2_19dec14.pdf,https://www.mospi.gov.in/sites/default/files/publication_reports/KI_70_18.2_19dec14.pdf,"Table 2-U: AVA, AOD, AOD per household with outstanding loan, IOI for urban India for each State/UT, major household types (columns ""all"")",PDF p.40-41 (Appendix A),OK,
D9-00576,9,"NSS 70th round Key Indicators of Debt and Investment in India, NSS KI (70/18.2), December 2014 (exact day not stated on cover)",,"AIDIS 2013, NSS 70th round (January - December 2013)",2013-01-01,2013-12-31,2012-06-30,DAR,"Debt-asset ratio (DAR), % (AOD as % of AVA)",rate,4.33,percent,current prices (nominal),households,Kerala,,,all,urban,Kerala,,,KI_70_18.2_19dec14.pdf,https://www.mospi.gov.in/sites/default/files/publication_reports/KI_70_18.2_19dec14.pdf,"Table 2-U: AVA, AOD, AOD per household with outstanding loan, IOI for urban India for each State/UT, major household types (columns ""all"")",PDF p.40-41 (Appendix A),OK,
D9-00577,9,"NSS 70th round Key Indicators of Debt and Investment in India, NSS KI (70/18.2), December 2014 (exact day not stated on cover)",,"AIDIS 2013, NSS 70th round (January - December 2013)",2013-01-01,2013-12-31,2012-06-30,AVA_TOTAL,Average value of assets (AVA) owned per household,mean,2191726,INR_per_household,current prices (nominal),households,Madhya Pradesh,,,all,urban,Madhya Pradesh,,,KI_70_18.2_19dec14.pdf,https://www.mospi.gov.in/sites/default/files/publication_reports/KI_70_18.2_19dec14.pdf,"Table 2-U: AVA, AOD, AOD per household with outstanding loan, IOI for urban India for each State/UT, major household types (columns ""all"")",PDF p.40-41 (Appendix A),OK,
D9-00578,9,"NSS 70th round Key Indicators of Debt and Investment in India, NSS KI (70/18.2), December 2014 (exact day not stated on cover)",,"AIDIS 2013, NSS 70th round (January - December 2013)",2013-01-01,2013-12-31,2012-06-30,IOI,Incidence of indebtedness (IOI): % of households indebted,rate,15.29,percent,current prices (nominal),households,Madhya Pradesh,,,all,urban,Madhya Pradesh,,,KI_70_18.2_19dec14.pdf,https://www.mospi.gov.in/sites/default/files/publication_reports/KI_70_18.2_19dec14.pdf,"Table 2-U: AVA, AOD, AOD per household with outstanding loan, IOI for urban India for each State/UT, major household types (columns ""all"")",PDF p.40-41 (Appendix A),OK,
D9-00579,9,"NSS 70th round Key Indicators of Debt and Investment in India, NSS KI (70/18.2), December 2014 (exact day not stated on cover)",,"AIDIS 2013, NSS 70th round (January - December 2013)",2013-01-01,2013-12-31,2012-06-30,AOD,Average amount of debt (AOD) per household (cash dues),mean,56894,INR_per_household,current prices (nominal),households,Madhya Pradesh,,,all,urban,Madhya Pradesh,,,KI_70_18.2_19dec14.pdf,https://www.mospi.gov.in/sites/default/files/publication_reports/KI_70_18.2_19dec14.pdf,"Table 2-U: AVA, AOD, AOD per household with outstanding loan, IOI for urban India for each State/UT, major household types (columns ""all"")",PDF p.40-41 (Appendix A),OK,
D9-00580,9,"NSS 70th round Key Indicators of Debt and Investment in India, NSS KI (70/18.2), December 2014 (exact day not stated on cover)",,"AIDIS 2013, NSS 70th round (January - December 2013)",2013-01-01,2013-12-31,2012-06-30,AODL,Average amount of debt per indebted household,mean,372093,INR_per_indebted_household,current prices (nominal),indebted households,Madhya Pradesh,,,all,urban,Madhya Pradesh,,,KI_70_18.2_19dec14.pdf,https://www.mospi.gov.in/sites/default/files/publication_reports/KI_70_18.2_19dec14.pdf,"Table 2-U: AVA, AOD, AOD per household with outstanding loan, IOI for urban India for each State/UT, major household types (columns ""all"")",PDF p.40-41 (Appendix A),OK,
D9-00581,9,"NSS 70th round Key Indicators of Debt and Investment in India, NSS KI (70/18.2), December 2014 (exact day not stated on cover)",,"AIDIS 2013, NSS 70th round (January - December 2013)",2013-01-01,2013-12-31,2012-06-30,DAR,"Debt-asset ratio (DAR), % (AOD as % of AVA)",rate,2.6,percent,current prices (nominal),households,Madhya Pradesh,,,all,urban,Madhya Pradesh,,,KI_70_18.2_19dec14.pdf,https://www.mospi.gov.in/sites/default/files/publication_reports/KI_70_18.2_19dec14.pdf,"Table 2-U: AVA, AOD, AOD per household with outstanding loan, IOI for urban India for each State/UT, major household types (columns ""all"")",PDF p.40-41 (Appendix A),OK,
D9-00582,9,"NSS 70th round Key Indicators of Debt and Investment in India, NSS KI (70/18.2), December 2014 (exact day not stated on cover)",,"AIDIS 2013, NSS 70th round (January - December 2013)",2013-01-01,2013-12-31,2012-06-30,AVA_TOTAL,Average value of assets (AVA) owned per household,mean,4337061,INR_per_household,current prices (nominal),households,Maharashtra,,,all,urban,Maharashtra,,,KI_70_18.2_19dec14.pdf,https://www.mospi.gov.in/sites/default/files/publication_reports/KI_70_18.2_19dec14.pdf,"Table 2-U: AVA, AOD, AOD per household with outstanding loan, IOI for urban India for each State/UT, major household types (columns ""all"")",PDF p.40-41 (Appendix A),OK,
D9-00583,9,"NSS 70th round Key Indicators of Debt and Investment in India, NSS KI (70/18.2), December 2014 (exact day not stated on cover)",,"AIDIS 2013, NSS 70th round (January - December 2013)",2013-01-01,2013-12-31,2012-06-30,IOI,Incidence of indebtedness (IOI): % of households indebted,rate,18.86,percent,current prices (nominal),households,Maharashtra,,,all,urban,Maharashtra,,,KI_70_18.2_19dec14.pdf,https://www.mospi.gov.in/sites/default/files/publication_reports/KI_70_18.2_19dec14.pdf,"Table 2-U: AVA, AOD, AOD per household with outstanding loan, IOI for urban India for each State/UT, major household types (columns ""all"")",PDF p.40-41 (Appendix A),OK,
D9-00584,9,"NSS 70th round Key Indicators of Debt and Investment in India, NSS KI (70/18.2), December 2014 (exact day not stated on cover)",,"AIDIS 2013, NSS 70th round (January - December 2013)",2013-01-01,2013-12-31,2012-06-30,AOD,Average amount of debt (AOD) per household (cash dues),mean,99428,INR_per_household,current prices (nominal),households,Maharashtra,,,all,urban,Maharashtra,,,KI_70_18.2_19dec14.pdf,https://www.mospi.gov.in/sites/default/files/publication_reports/KI_70_18.2_19dec14.pdf,"Table 2-U: AVA, AOD, AOD per household with outstanding loan, IOI for urban India for each State/UT, major household types (columns ""all"")",PDF p.40-41 (Appendix A),OK,
D9-00585,9,"NSS 70th round Key Indicators of Debt and Investment in India, NSS KI (70/18.2), December 2014 (exact day not stated on cover)",,"AIDIS 2013, NSS 70th round (January - December 2013)",2013-01-01,2013-12-31,2012-06-30,AODL,Average amount of debt per indebted household,mean,527178,INR_per_indebted_household,current prices (nominal),indebted households,Maharashtra,,,all,urban,Maharashtra,,,KI_70_18.2_19dec14.pdf,https://www.mospi.gov.in/sites/default/files/publication_reports/KI_70_18.2_19dec14.pdf,"Table 2-U: AVA, AOD, AOD per household with outstanding loan, IOI for urban India for each State/UT, major household types (columns ""all"")",PDF p.40-41 (Appendix A),OK,
D9-00586,9,"NSS 70th round Key Indicators of Debt and Investment in India, NSS KI (70/18.2), December 2014 (exact day not stated on cover)",,"AIDIS 2013, NSS 70th round (January - December 2013)",2013-01-01,2013-12-31,2012-06-30,DAR,"Debt-asset ratio (DAR), % (AOD as % of AVA)",rate,2.29,percent,current prices (nominal),households,Maharashtra,,,all,urban,Maharashtra,,,KI_70_18.2_19dec14.pdf,https://www.mospi.gov.in/sites/default/files/publication_reports/KI_70_18.2_19dec14.pdf,"Table 2-U: AVA, AOD, AOD per household with outstanding loan, IOI for urban India for each State/UT, major household types (columns ""all"")",PDF p.40-41 (Appendix A),OK,
D9-00587,9,"NSS 70th round Key Indicators of Debt and Investment in India, NSS KI (70/18.2), December 2014 (exact day not stated on cover)",,"AIDIS 2013, NSS 70th round (January - December 2013)",2013-01-01,2013-12-31,2012-06-30,AVA_TOTAL,Average value of assets (AVA) owned per household,mean,1493531,INR_per_household,current prices (nominal),households,Manipur,,,all,urban,Manipur,,,KI_70_18.2_19dec14.pdf,https://www.mospi.gov.in/sites/default/files/publication_reports/KI_70_18.2_19dec14.pdf,"Table 2-U: AVA, AOD, AOD per household with outstanding loan, IOI for urban India for each State/UT, major household types (columns ""all"")",PDF p.40-41 (Appendix A),OK,
D9-00588,9,"NSS 70th round Key Indicators of Debt and Investment in India, NSS KI (70/18.2), December 2014 (exact day not stated on cover)",,"AIDIS 2013, NSS 70th round (January - December 2013)",2013-01-01,2013-12-31,2012-06-30,IOI,Incidence of indebtedness (IOI): % of households indebted,rate,6.8,percent,current prices (nominal),households,Manipur,,,all,urban,Manipur,,,KI_70_18.2_19dec14.pdf,https://www.mospi.gov.in/sites/default/files/publication_reports/KI_70_18.2_19dec14.pdf,"Table 2-U: AVA, AOD, AOD per household with outstanding loan, IOI for urban India for each State/UT, major household types (columns ""all"")",PDF p.40-41 (Appendix A),OK,
D9-00589,9,"NSS 70th round Key Indicators of Debt and Investment in India, NSS KI (70/18.2), December 2014 (exact day not stated on cover)",,"AIDIS 2013, NSS 70th round (January - December 2013)",2013-01-01,2013-12-31,2012-06-30,AOD,Average amount of debt (AOD) per household (cash dues),mean,7596,INR_per_household,current prices (nominal),households,Manipur,,,all,urban,Manipur,,,KI_70_18.2_19dec14.pdf,https://www.mospi.gov.in/sites/default/files/publication_reports/KI_70_18.2_19dec14.pdf,"Table 2-U: AVA, AOD, AOD per household with outstanding loan, IOI for urban India for each State/UT, major household types (columns ""all"")",PDF p.40-41 (Appendix A),OK,
D9-00590,9,"NSS 70th round Key Indicators of Debt and Investment in India, NSS KI (70/18.2), December 2014 (exact day not stated on cover)",,"AIDIS 2013, NSS 70th round (January - December 2013)",2013-01-01,2013-12-31,2012-06-30,AODL,Average amount of debt per indebted household,mean,111697,INR_per_indebted_household,current prices (nominal),indebted households,Manipur,,,all,urban,Manipur,,,KI_70_18.2_19dec14.pdf,https://www.mospi.gov.in/sites/default/files/publication_reports/KI_70_18.2_19dec14.pdf,"Table 2-U: AVA, AOD, AOD per household with outstanding loan, IOI for urban India for each State/UT, major household types (columns ""all"")",PDF p.40-41 (Appendix A),OK,
D9-00591,9,"NSS 70th round Key Indicators of Debt and Investment in India, NSS KI (70/18.2), December 2014 (exact day not stated on cover)",,"AIDIS 2013, NSS 70th round (January - December 2013)",2013-01-01,2013-12-31,2012-06-30,DAR,"Debt-asset ratio (DAR), % (AOD as % of AVA)",rate,0.51,percent,current prices (nominal),households,Manipur,,,all,urban,Manipur,,,KI_70_18.2_19dec14.pdf,https://www.mospi.gov.in/sites/default/files/publication_reports/KI_70_18.2_19dec14.pdf,"Table 2-U: AVA, AOD, AOD per household with outstanding loan, IOI for urban India for each State/UT, major household types (columns ""all"")",PDF p.40-41 (Appendix A),OK,
D9-00592,9,"NSS 70th round Key Indicators of Debt and Investment in India, NSS KI (70/18.2), December 2014 (exact day not stated on cover)",,"AIDIS 2013, NSS 70th round (January - December 2013)",2013-01-01,2013-12-31,2012-06-30,AVA_TOTAL,Average value of assets (AVA) owned per household,mean,2224904,INR_per_household,current prices (nominal),households,Meghalaya,,,all,urban,Meghalaya,,,KI_70_18.2_19dec14.pdf,https://www.mospi.gov.in/sites/default/files/publication_reports/KI_70_18.2_19dec14.pdf,"Table 2-U: AVA, AOD, AOD per household with outstanding loan, IOI for urban India for each State/UT, major household types (columns ""all"")",PDF p.40-41 (Appendix A),OK,
D9-00593,9,"NSS 70th round Key Indicators of Debt and Investment in India, NSS KI (70/18.2), December 2014 (exact day not stated on cover)",,"AIDIS 2013, NSS 70th round (January - December 2013)",2013-01-01,2013-12-31,2012-06-30,IOI,Incidence of indebtedness (IOI): % of households indebted,rate,7.72,percent,current prices (nominal),households,Meghalaya,,,all,urban,Meghalaya,,,KI_70_18.2_19dec14.pdf,https://www.mospi.gov.in/sites/default/files/publication_reports/KI_70_18.2_19dec14.pdf,"Table 2-U: AVA, AOD, AOD per household with outstanding loan, IOI for urban India for each State/UT, major household types (columns ""all"")",PDF p.40-41 (Appendix A),OK,
D9-00594,9,"NSS 70th round Key Indicators of Debt and Investment in India, NSS KI (70/18.2), December 2014 (exact day not stated on cover)",,"AIDIS 2013, NSS 70th round (January - December 2013)",2013-01-01,2013-12-31,2012-06-30,AOD,Average amount of debt (AOD) per household (cash dues),mean,15259,INR_per_household,current prices (nominal),households,Meghalaya,,,all,urban,Meghalaya,,,KI_70_18.2_19dec14.pdf,https://www.mospi.gov.in/sites/default/files/publication_reports/KI_70_18.2_19dec14.pdf,"Table 2-U: AVA, AOD, AOD per household with outstanding loan, IOI for urban India for each State/UT, major household types (columns ""all"")",PDF p.40-41 (Appendix A),OK,
D9-00595,9,"NSS 70th round Key Indicators of Debt and Investment in India, NSS KI (70/18.2), December 2014 (exact day not stated on cover)",,"AIDIS 2013, NSS 70th round (January - December 2013)",2013-01-01,2013-12-31,2012-06-30,AODL,Average amount of debt per indebted household,mean,197644,INR_per_indebted_household,current prices (nominal),indebted households,Meghalaya,,,all,urban,Meghalaya,,,KI_70_18.2_19dec14.pdf,https://www.mospi.gov.in/sites/default/files/publication_reports/KI_70_18.2_19dec14.pdf,"Table 2-U: AVA, AOD, AOD per household with outstanding loan, IOI for urban India for each State/UT, major household types (columns ""all"")",PDF p.40-41 (Appendix A),OK,
D9-00596,9,"NSS 70th round Key Indicators of Debt and Investment in India, NSS KI (70/18.2), December 2014 (exact day not stated on cover)",,"AIDIS 2013, NSS 70th round (January - December 2013)",2013-01-01,2013-12-31,2012-06-30,DAR,"Debt-asset ratio (DAR), % (AOD as % of AVA)",rate,0.69,percent,current prices (nominal),households,Meghalaya,,,all,urban,Meghalaya,,,KI_70_18.2_19dec14.pdf,https://www.mospi.gov.in/sites/default/files/publication_reports/KI_70_18.2_19dec14.pdf,"Table 2-U: AVA, AOD, AOD per household with outstanding loan, IOI for urban India for each State/UT, major household types (columns ""all"")",PDF p.40-41 (Appendix A),OK,
D9-00597,9,"NSS 70th round Key Indicators of Debt and Investment in India, NSS KI (70/18.2), December 2014 (exact day not stated on cover)",,"AIDIS 2013, NSS 70th round (January - December 2013)",2013-01-01,2013-12-31,2012-06-30,AVA_TOTAL,Average value of assets (AVA) owned per household,mean,2067778,INR_per_household,current prices (nominal),households,Mizoram,,,all,urban,Mizoram,,,KI_70_18.2_19dec14.pdf,https://www.mospi.gov.in/sites/default/files/publication_reports/KI_70_18.2_19dec14.pdf,"Table 2-U: AVA, AOD, AOD per household with outstanding loan, IOI for urban India for each State/UT, major household types (columns ""all"")",PDF p.40-41 (Appendix A),OK,
D9-00598,9,"NSS 70th round Key Indicators of Debt and Investment in India, NSS KI (70/18.2), December 2014 (exact day not stated on cover)",,"AIDIS 2013, NSS 70th round (January - December 2013)",2013-01-01,2013-12-31,2012-06-30,IOI,Incidence of indebtedness (IOI): % of households indebted,rate,15.91,percent,current prices (nominal),households,Mizoram,,,all,urban,Mizoram,,,KI_70_18.2_19dec14.pdf,https://www.mospi.gov.in/sites/default/files/publication_reports/KI_70_18.2_19dec14.pdf,"Table 2-U: AVA, AOD, AOD per household with outstanding loan, IOI for urban India for each State/UT, major household types (columns ""all"")",PDF p.40-41 (Appendix A),OK,
D9-00599,9,"NSS 70th round Key Indicators of Debt and Investment in India, NSS KI (70/18.2), December 2014 (exact day not stated on cover)",,"AIDIS 2013, NSS 70th round (January - December 2013)",2013-01-01,2013-12-31,2012-06-30,AOD,Average amount of debt (AOD) per household (cash dues),mean,40185,INR_per_household,current prices (nominal),households,Mizoram,,,all,urban,Mizoram,,,KI_70_18.2_19dec14.pdf,https://www.mospi.gov.in/sites/default/files/publication_reports/KI_70_18.2_19dec14.pdf,"Table 2-U: AVA, AOD, AOD per household with outstanding loan, IOI for urban India for each State/UT, major household types (columns ""all"")",PDF p.40-41 (Appendix A),OK,
D9-00600,9,"NSS 70th round Key Indicators of Debt and Investment in India, NSS KI (70/18.2), December 2014 (exact day not stated on cover)",,"AIDIS 2013, NSS 70th round (January - December 2013)",2013-01-01,2013-12-31,2012-06-30,AODL,Average amount of debt per indebted household,mean,252577,INR_per_indebted_household,current prices (nominal),indebted households,Mizoram,,,all,urban,Mizoram,,,KI_70_18.2_19dec14.pdf,https://www.mospi.gov.in/sites/default/files/publication_reports/KI_70_18.2_19dec14.pdf,"Table 2-U: AVA, AOD, AOD per household with outstanding loan, IOI for urban India for each State/UT, major household types (columns ""all"")",PDF p.40-41 (Appendix A),OK,
D9-00601,9,"NSS 70th round Key Indicators of Debt and Investment in India, NSS KI (70/18.2), December 2014 (exact day not stated on cover)",,"AIDIS 2013, NSS 70th round (January - December 2013)",2013-01-01,2013-12-31,2012-06-30,DAR,"Debt-asset ratio (DAR), % (AOD as % of AVA)",rate,1.94,percent,current prices (nominal),households,Mizoram,,,all,urban,Mizoram,,,KI_70_18.2_19dec14.pdf,https://www.mospi.gov.in/sites/default/files/publication_reports/KI_70_18.2_19dec14.pdf,"Table 2-U: AVA, AOD, AOD per household with outstanding loan, IOI for urban India for each State/UT, major household types (columns ""all"")",PDF p.40-41 (Appendix A),OK,
D9-00602,9,"NSS 70th round Key Indicators of Debt and Investment in India, NSS KI (70/18.2), December 2014 (exact day not stated on cover)",,"AIDIS 2013, NSS 70th round (January - December 2013)",2013-01-01,2013-12-31,2012-06-30,AVA_TOTAL,Average value of assets (AVA) owned per household,mean,1932720,INR_per_household,current prices (nominal),households,Nagaland,,,all,urban,Nagaland,,,KI_70_18.2_19dec14.pdf,https://www.mospi.gov.in/sites/default/files/publication_reports/KI_70_18.2_19dec14.pdf,"Table 2-U: AVA, AOD, AOD per household with outstanding loan, IOI for urban India for each State/UT, major household types (columns ""all"")",PDF p.40-41 (Appendix A),OK,
D9-00603,9,"NSS 70th round Key Indicators of Debt and Investment in India, NSS KI (70/18.2), December 2014 (exact day not stated on cover)",,"AIDIS 2013, NSS 70th round (January - December 2013)",2013-01-01,2013-12-31,2012-06-30,IOI,Incidence of indebtedness (IOI): % of households indebted,rate,2.96,percent,current prices (nominal),households,Nagaland,,,all,urban,Nagaland,,,KI_70_18.2_19dec14.pdf,https://www.mospi.gov.in/sites/default/files/publication_reports/KI_70_18.2_19dec14.pdf,"Table 2-U: AVA, AOD, AOD per household with outstanding loan, IOI for urban India for each State/UT, major household types (columns ""all"")",PDF p.40-41 (Appendix A),OK,
D9-00604,9,"NSS 70th round Key Indicators of Debt and Investment in India, NSS KI (70/18.2), December 2014 (exact day not stated on cover)",,"AIDIS 2013, NSS 70th round (January - December 2013)",2013-01-01,2013-12-31,2012-06-30,AOD,Average amount of debt (AOD) per household (cash dues),mean,5522,INR_per_household,current prices (nominal),households,Nagaland,,,all,urban,Nagaland,,,KI_70_18.2_19dec14.pdf,https://www.mospi.gov.in/sites/default/files/publication_reports/KI_70_18.2_19dec14.pdf,"Table 2-U: AVA, AOD, AOD per household with outstanding loan, IOI for urban India for each State/UT, major household types (columns ""all"")",PDF p.40-41 (Appendix A),OK,
D9-00605,9,"NSS 70th round Key Indicators of Debt and Investment in India, NSS KI (70/18.2), December 2014 (exact day not stated on cover)",,"AIDIS 2013, NSS 70th round (January - December 2013)",2013-01-01,2013-12-31,2012-06-30,AODL,Average amount of debt per indebted household,mean,186730,INR_per_indebted_household,current prices (nominal),indebted households,Nagaland,,,all,urban,Nagaland,,,KI_70_18.2_19dec14.pdf,https://www.mospi.gov.in/sites/default/files/publication_reports/KI_70_18.2_19dec14.pdf,"Table 2-U: AVA, AOD, AOD per household with outstanding loan, IOI for urban India for each State/UT, major household types (columns ""all"")",PDF p.40-41 (Appendix A),OK,
D9-00606,9,"NSS 70th round Key Indicators of Debt and Investment in India, NSS KI (70/18.2), December 2014 (exact day not stated on cover)",,"AIDIS 2013, NSS 70th round (January - December 2013)",2013-01-01,2013-12-31,2012-06-30,DAR,"Debt-asset ratio (DAR), % (AOD as % of AVA)",rate,0.29,percent,current prices (nominal),households,Nagaland,,,all,urban,Nagaland,,,KI_70_18.2_19dec14.pdf,https://www.mospi.gov.in/sites/default/files/publication_reports/KI_70_18.2_19dec14.pdf,"Table 2-U: AVA, AOD, AOD per household with outstanding loan, IOI for urban India for each State/UT, major household types (columns ""all"")",PDF p.40-41 (Appendix A),OK,
D9-00607,9,"NSS 70th round Key Indicators of Debt and Investment in India, NSS KI (70/18.2), December 2014 (exact day not stated on cover)",,"AIDIS 2013, NSS 70th round (January - December 2013)",2013-01-01,2013-12-31,2012-06-30,AVA_TOTAL,Average value of assets (AVA) owned per household,mean,786640,INR_per_household,current prices (nominal),households,Odisha,,,all,urban,Odisha,,,KI_70_18.2_19dec14.pdf,https://www.mospi.gov.in/sites/default/files/publication_reports/KI_70_18.2_19dec14.pdf,"Table 2-U: AVA, AOD, AOD per household with outstanding loan, IOI for urban India for each State/UT, major household types (columns ""all"")",PDF p.40-41 (Appendix A),OK,
D9-00608,9,"NSS 70th round Key Indicators of Debt and Investment in India, NSS KI (70/18.2), December 2014 (exact day not stated on cover)",,"AIDIS 2013, NSS 70th round (January - December 2013)",2013-01-01,2013-12-31,2012-06-30,IOI,Incidence of indebtedness (IOI): % of households indebted,rate,18.7,percent,current prices (nominal),households,Odisha,,,all,urban,Odisha,,,KI_70_18.2_19dec14.pdf,https://www.mospi.gov.in/sites/default/files/publication_reports/KI_70_18.2_19dec14.pdf,"Table 2-U: AVA, AOD, AOD per household with outstanding loan, IOI for urban India for each State/UT, major household types (columns ""all"")",PDF p.40-41 (Appendix A),OK,
D9-00609,9,"NSS 70th round Key Indicators of Debt and Investment in India, NSS KI (70/18.2), December 2014 (exact day not stated on cover)",,"AIDIS 2013, NSS 70th round (January - December 2013)",2013-01-01,2013-12-31,2012-06-30,AOD,Average amount of debt (AOD) per household (cash dues),mean,115598,INR_per_household,current prices (nominal),households,Odisha,,,all,urban,Odisha,,,KI_70_18.2_19dec14.pdf,https://www.mospi.gov.in/sites/default/files/publication_reports/KI_70_18.2_19dec14.pdf,"Table 2-U: AVA, AOD, AOD per household with outstanding loan, IOI for urban India for each State/UT, major household types (columns ""all"")",PDF p.40-41 (Appendix A),OK,
D9-00610,9,"NSS 70th round Key Indicators of Debt and Investment in India, NSS KI (70/18.2), December 2014 (exact day not stated on cover)",,"AIDIS 2013, NSS 70th round (January - December 2013)",2013-01-01,2013-12-31,2012-06-30,AODL,Average amount of debt per indebted household,mean,618089,INR_per_indebted_household,current prices (nominal),indebted households,Odisha,,,all,urban,Odisha,,,KI_70_18.2_19dec14.pdf,https://www.mospi.gov.in/sites/default/files/publication_reports/KI_70_18.2_19dec14.pdf,"Table 2-U: AVA, AOD, AOD per household with outstanding loan, IOI for urban India for each State/UT, major household types (columns ""all"")",PDF p.40-41 (Appendix A),OK,
D9-00611,9,"NSS 70th round Key Indicators of Debt and Investment in India, NSS KI (70/18.2), December 2014 (exact day not stated on cover)",,"AIDIS 2013, NSS 70th round (January - December 2013)",2013-01-01,2013-12-31,2012-06-30,DAR,"Debt-asset ratio (DAR), % (AOD as % of AVA)",rate,14.7,percent,current prices (nominal),households,Odisha,,,all,urban,Odisha,,,KI_70_18.2_19dec14.pdf,https://www.mospi.gov.in/sites/default/files/publication_reports/KI_70_18.2_19dec14.pdf,"Table 2-U: AVA, AOD, AOD per household with outstanding loan, IOI for urban India for each State/UT, major household types (columns ""all"")",PDF p.40-41 (Appendix A),OK,
D9-00612,9,"NSS 70th round Key Indicators of Debt and Investment in India, NSS KI (70/18.2), December 2014 (exact day not stated on cover)",,"AIDIS 2013, NSS 70th round (January - December 2013)",2013-01-01,2013-12-31,2012-06-30,AVA_TOTAL,Average value of assets (AVA) owned per household,mean,2638002,INR_per_household,current prices (nominal),households,Punjab,,,all,urban,Punjab,,,KI_70_18.2_19dec14.pdf,https://www.mospi.gov.in/sites/default/files/publication_reports/KI_70_18.2_19dec14.pdf,"Table 2-U: AVA, AOD, AOD per household with outstanding loan, IOI for urban India for each State/UT, major household types (columns ""all"")",PDF p.40-41 (Appendix A),OK,
D9-00613,9,"NSS 70th round Key Indicators of Debt and Investment in India, NSS KI (70/18.2), December 2014 (exact day not stated on cover)",,"AIDIS 2013, NSS 70th round (January - December 2013)",2013-01-01,2013-12-31,2012-06-30,IOI,Incidence of indebtedness (IOI): % of households indebted,rate,18.29,percent,current prices (nominal),households,Punjab,,,all,urban,Punjab,,,KI_70_18.2_19dec14.pdf,https://www.mospi.gov.in/sites/default/files/publication_reports/KI_70_18.2_19dec14.pdf,"Table 2-U: AVA, AOD, AOD per household with outstanding loan, IOI for urban India for each State/UT, major household types (columns ""all"")",PDF p.40-41 (Appendix A),OK,
D9-00614,9,"NSS 70th round Key Indicators of Debt and Investment in India, NSS KI (70/18.2), December 2014 (exact day not stated on cover)",,"AIDIS 2013, NSS 70th round (January - December 2013)",2013-01-01,2013-12-31,2012-06-30,AOD,Average amount of debt (AOD) per household (cash dues),mean,48818,INR_per_household,current prices (nominal),households,Punjab,,,all,urban,Punjab,,,KI_70_18.2_19dec14.pdf,https://www.mospi.gov.in/sites/default/files/publication_reports/KI_70_18.2_19dec14.pdf,"Table 2-U: AVA, AOD, AOD per household with outstanding loan, IOI for urban India for each State/UT, major household types (columns ""all"")",PDF p.40-41 (Appendix A),OK,
D9-00615,9,"NSS 70th round Key Indicators of Debt and Investment in India, NSS KI (70/18.2), December 2014 (exact day not stated on cover)",,"AIDIS 2013, NSS 70th round (January - December 2013)",2013-01-01,2013-12-31,2012-06-30,AODL,Average amount of debt per indebted household,mean,266905,INR_per_indebted_household,current prices (nominal),indebted households,Punjab,,,all,urban,Punjab,,,KI_70_18.2_19dec14.pdf,https://www.mospi.gov.in/sites/default/files/publication_reports/KI_70_18.2_19dec14.pdf,"Table 2-U: AVA, AOD, AOD per household with outstanding loan, IOI for urban India for each State/UT, major household types (columns ""all"")",PDF p.40-41 (Appendix A),OK,
D9-00616,9,"NSS 70th round Key Indicators of Debt and Investment in India, NSS KI (70/18.2), December 2014 (exact day not stated on cover)",,"AIDIS 2013, NSS 70th round (January - December 2013)",2013-01-01,2013-12-31,2012-06-30,DAR,"Debt-asset ratio (DAR), % (AOD as % of AVA)",rate,1.85,percent,current prices (nominal),households,Punjab,,,all,urban,Punjab,,,KI_70_18.2_19dec14.pdf,https://www.mospi.gov.in/sites/default/files/publication_reports/KI_70_18.2_19dec14.pdf,"Table 2-U: AVA, AOD, AOD per household with outstanding loan, IOI for urban India for each State/UT, major household types (columns ""all"")",PDF p.40-41 (Appendix A),OK,
D9-00617,9,"NSS 70th round Key Indicators of Debt and Investment in India, NSS KI (70/18.2), December 2014 (exact day not stated on cover)",,"AIDIS 2013, NSS 70th round (January - December 2013)",2013-01-01,2013-12-31,2012-06-30,AVA_TOTAL,Average value of assets (AVA) owned per household,mean,1943393,INR_per_household,current prices (nominal),households,Rajasthan,,,all,urban,Rajasthan,,,KI_70_18.2_19dec14.pdf,https://www.mospi.gov.in/sites/default/files/publication_reports/KI_70_18.2_19dec14.pdf,"Table 2-U: AVA, AOD, AOD per household with outstanding loan, IOI for urban India for each State/UT, major household types (columns ""all"")",PDF p.40-41 (Appendix A),OK,
D9-00618,9,"NSS 70th round Key Indicators of Debt and Investment in India, NSS KI (70/18.2), December 2014 (exact day not stated on cover)",,"AIDIS 2013, NSS 70th round (January - December 2013)",2013-01-01,2013-12-31,2012-06-30,IOI,Incidence of indebtedness (IOI): % of households indebted,rate,22.55,percent,current prices (nominal),households,Rajasthan,,,all,urban,Rajasthan,,,KI_70_18.2_19dec14.pdf,https://www.mospi.gov.in/sites/default/files/publication_reports/KI_70_18.2_19dec14.pdf,"Table 2-U: AVA, AOD, AOD per household with outstanding loan, IOI for urban India for each State/UT, major household types (columns ""all"")",PDF p.40-41 (Appendix A),OK,
D9-00619,9,"NSS 70th round Key Indicators of Debt and Investment in India, NSS KI (70/18.2), December 2014 (exact day not stated on cover)",,"AIDIS 2013, NSS 70th round (January - December 2013)",2013-01-01,2013-12-31,2012-06-30,AOD,Average amount of debt (AOD) per household (cash dues),mean,54107,INR_per_household,current prices (nominal),households,Rajasthan,,,all,urban,Rajasthan,,,KI_70_18.2_19dec14.pdf,https://www.mospi.gov.in/sites/default/files/publication_reports/KI_70_18.2_19dec14.pdf,"Table 2-U: AVA, AOD, AOD per household with outstanding loan, IOI for urban India for each State/UT, major household types (columns ""all"")",PDF p.40-41 (Appendix A),OK,
D9-00620,9,"NSS 70th round Key Indicators of Debt and Investment in India, NSS KI (70/18.2), December 2014 (exact day not stated on cover)",,"AIDIS 2013, NSS 70th round (January - December 2013)",2013-01-01,2013-12-31,2012-06-30,AODL,Average amount of debt per indebted household,mean,239941,INR_per_indebted_household,current prices (nominal),indebted households,Rajasthan,,,all,urban,Rajasthan,,,KI_70_18.2_19dec14.pdf,https://www.mospi.gov.in/sites/default/files/publication_reports/KI_70_18.2_19dec14.pdf,"Table 2-U: AVA, AOD, AOD per household with outstanding loan, IOI for urban India for each State/UT, major household types (columns ""all"")",PDF p.40-41 (Appendix A),OK,
D9-00621,9,"NSS 70th round Key Indicators of Debt and Investment in India, NSS KI (70/18.2), December 2014 (exact day not stated on cover)",,"AIDIS 2013, NSS 70th round (January - December 2013)",2013-01-01,2013-12-31,2012-06-30,DAR,"Debt-asset ratio (DAR), % (AOD as % of AVA)",rate,2.78,percent,current prices (nominal),households,Rajasthan,,,all,urban,Rajasthan,,,KI_70_18.2_19dec14.pdf,https://www.mospi.gov.in/sites/default/files/publication_reports/KI_70_18.2_19dec14.pdf,"Table 2-U: AVA, AOD, AOD per household with outstanding loan, IOI for urban India for each State/UT, major household types (columns ""all"")",PDF p.40-41 (Appendix A),OK,
D9-00622,9,"NSS 70th round Key Indicators of Debt and Investment in India, NSS KI (70/18.2), December 2014 (exact day not stated on cover)",,"AIDIS 2013, NSS 70th round (January - December 2013)",2013-01-01,2013-12-31,2012-06-30,AVA_TOTAL,Average value of assets (AVA) owned per household,mean,1676966,INR_per_household,current prices (nominal),households,Sikkim,,,all,urban,Sikkim,,,KI_70_18.2_19dec14.pdf,https://www.mospi.gov.in/sites/default/files/publication_reports/KI_70_18.2_19dec14.pdf,"Table 2-U: AVA, AOD, AOD per household with outstanding loan, IOI for urban India for each State/UT, major household types (columns ""all"")",PDF p.40-41 (Appendix A),OK,
D9-00623,9,"NSS 70th round Key Indicators of Debt and Investment in India, NSS KI (70/18.2), December 2014 (exact day not stated on cover)",,"AIDIS 2013, NSS 70th round (January - December 2013)",2013-01-01,2013-12-31,2012-06-30,IOI,Incidence of indebtedness (IOI): % of households indebted,rate,10.26,percent,current prices (nominal),households,Sikkim,,,all,urban,Sikkim,,,KI_70_18.2_19dec14.pdf,https://www.mospi.gov.in/sites/default/files/publication_reports/KI_70_18.2_19dec14.pdf,"Table 2-U: AVA, AOD, AOD per household with outstanding loan, IOI for urban India for each State/UT, major household types (columns ""all"")",PDF p.40-41 (Appendix A),OK,
D9-00624,9,"NSS 70th round Key Indicators of Debt and Investment in India, NSS KI (70/18.2), December 2014 (exact day not stated on cover)",,"AIDIS 2013, NSS 70th round (January - December 2013)",2013-01-01,2013-12-31,2012-06-30,AOD,Average amount of debt (AOD) per household (cash dues),mean,60903,INR_per_household,current prices (nominal),households,Sikkim,,,all,urban,Sikkim,,,KI_70_18.2_19dec14.pdf,https://www.mospi.gov.in/sites/default/files/publication_reports/KI_70_18.2_19dec14.pdf,"Table 2-U: AVA, AOD, AOD per household with outstanding loan, IOI for urban India for each State/UT, major household types (columns ""all"")",PDF p.40-41 (Appendix A),OK,
D9-00625,9,"NSS 70th round Key Indicators of Debt and Investment in India, NSS KI (70/18.2), December 2014 (exact day not stated on cover)",,"AIDIS 2013, NSS 70th round (January - December 2013)",2013-01-01,2013-12-31,2012-06-30,AODL,Average amount of debt per indebted household,mean,593632,INR_per_indebted_household,current prices (nominal),indebted households,Sikkim,,,all,urban,Sikkim,,,KI_70_18.2_19dec14.pdf,https://www.mospi.gov.in/sites/default/files/publication_reports/KI_70_18.2_19dec14.pdf,"Table 2-U: AVA, AOD, AOD per household with outstanding loan, IOI for urban India for each State/UT, major household types (columns ""all"")",PDF p.40-41 (Appendix A),OK,
D9-00626,9,"NSS 70th round Key Indicators of Debt and Investment in India, NSS KI (70/18.2), December 2014 (exact day not stated on cover)",,"AIDIS 2013, NSS 70th round (January - December 2013)",2013-01-01,2013-12-31,2012-06-30,DAR,"Debt-asset ratio (DAR), % (AOD as % of AVA)",rate,3.63,percent,current prices (nominal),households,Sikkim,,,all,urban,Sikkim,,,KI_70_18.2_19dec14.pdf,https://www.mospi.gov.in/sites/default/files/publication_reports/KI_70_18.2_19dec14.pdf,"Table 2-U: AVA, AOD, AOD per household with outstanding loan, IOI for urban India for each State/UT, major household types (columns ""all"")",PDF p.40-41 (Appendix A),OK,
D9-00627,9,"NSS 70th round Key Indicators of Debt and Investment in India, NSS KI (70/18.2), December 2014 (exact day not stated on cover)",,"AIDIS 2013, NSS 70th round (January - December 2013)",2013-01-01,2013-12-31,2012-06-30,AVA_TOTAL,Average value of assets (AVA) owned per household,mean,1674056,INR_per_household,current prices (nominal),households,Tamil Nadu,,,all,urban,Tamil Nadu,,,KI_70_18.2_19dec14.pdf,https://www.mospi.gov.in/sites/default/files/publication_reports/KI_70_18.2_19dec14.pdf,"Table 2-U: AVA, AOD, AOD per household with outstanding loan, IOI for urban India for each State/UT, major household types (columns ""all"")",PDF p.40-41 (Appendix A),OK,
D9-00628,9,"NSS 70th round Key Indicators of Debt and Investment in India, NSS KI (70/18.2), December 2014 (exact day not stated on cover)",,"AIDIS 2013, NSS 70th round (January - December 2013)",2013-01-01,2013-12-31,2012-06-30,IOI,Incidence of indebtedness (IOI): % of households indebted,rate,34.79,percent,current prices (nominal),households,Tamil Nadu,,,all,urban,Tamil Nadu,,,KI_70_18.2_19dec14.pdf,https://www.mospi.gov.in/sites/default/files/publication_reports/KI_70_18.2_19dec14.pdf,"Table 2-U: AVA, AOD, AOD per household with outstanding loan, IOI for urban India for each State/UT, major household types (columns ""all"")",PDF p.40-41 (Appendix A),OK,
D9-00629,9,"NSS 70th round Key Indicators of Debt and Investment in India, NSS KI (70/18.2), December 2014 (exact day not stated on cover)",,"AIDIS 2013, NSS 70th round (January - December 2013)",2013-01-01,2013-12-31,2012-06-30,AOD,Average amount of debt (AOD) per household (cash dues),mean,116404,INR_per_household,current prices (nominal),households,Tamil Nadu,,,all,urban,Tamil Nadu,,,KI_70_18.2_19dec14.pdf,https://www.mospi.gov.in/sites/default/files/publication_reports/KI_70_18.2_19dec14.pdf,"Table 2-U: AVA, AOD, AOD per household with outstanding loan, IOI for urban India for each State/UT, major household types (columns ""all"")",PDF p.40-41 (Appendix A),OK,
D9-00630,9,"NSS 70th round Key Indicators of Debt and Investment in India, NSS KI (70/18.2), December 2014 (exact day not stated on cover)",,"AIDIS 2013, NSS 70th round (January - December 2013)",2013-01-01,2013-12-31,2012-06-30,AODL,Average amount of debt per indebted household,mean,334607,INR_per_indebted_household,current prices (nominal),indebted households,Tamil Nadu,,,all,urban,Tamil Nadu,,,KI_70_18.2_19dec14.pdf,https://www.mospi.gov.in/sites/default/files/publication_reports/KI_70_18.2_19dec14.pdf,"Table 2-U: AVA, AOD, AOD per household with outstanding loan, IOI for urban India for each State/UT, major household types (columns ""all"")",PDF p.40-41 (Appendix A),OK,
D9-00631,9,"NSS 70th round Key Indicators of Debt and Investment in India, NSS KI (70/18.2), December 2014 (exact day not stated on cover)",,"AIDIS 2013, NSS 70th round (January - December 2013)",2013-01-01,2013-12-31,2012-06-30,DAR,"Debt-asset ratio (DAR), % (AOD as % of AVA)",rate,6.95,percent,current prices (nominal),households,Tamil Nadu,,,all,urban,Tamil Nadu,,,KI_70_18.2_19dec14.pdf,https://www.mospi.gov.in/sites/default/files/publication_reports/KI_70_18.2_19dec14.pdf,"Table 2-U: AVA, AOD, AOD per household with outstanding loan, IOI for urban India for each State/UT, major household types (columns ""all"")",PDF p.40-41 (Appendix A),OK,
D9-00632,9,"NSS 70th round Key Indicators of Debt and Investment in India, NSS KI (70/18.2), December 2014 (exact day not stated on cover)",,"AIDIS 2013, NSS 70th round (January - December 2013)",2013-01-01,2013-12-31,2012-06-30,AVA_TOTAL,Average value of assets (AVA) owned per household,mean,1843466,INR_per_household,current prices (nominal),households,Telangana,,,all,urban,Telangana,,,KI_70_18.2_19dec14.pdf,https://www.mospi.gov.in/sites/default/files/publication_reports/KI_70_18.2_19dec14.pdf,"Table 2-U: AVA, AOD, AOD per household with outstanding loan, IOI for urban India for each State/UT, major household types (columns ""all"")",PDF p.40-41 (Appendix A),OK,
D9-00633,9,"NSS 70th round Key Indicators of Debt and Investment in India, NSS KI (70/18.2), December 2014 (exact day not stated on cover)",,"AIDIS 2013, NSS 70th round (January - December 2013)",2013-01-01,2013-12-31,2012-06-30,IOI,Incidence of indebtedness (IOI): % of households indebted,rate,30.51,percent,current prices (nominal),households,Telangana,,,all,urban,Telangana,,,KI_70_18.2_19dec14.pdf,https://www.mospi.gov.in/sites/default/files/publication_reports/KI_70_18.2_19dec14.pdf,"Table 2-U: AVA, AOD, AOD per household with outstanding loan, IOI for urban India for each State/UT, major household types (columns ""all"")",PDF p.40-41 (Appendix A),OK,
D9-00634,9,"NSS 70th round Key Indicators of Debt and Investment in India, NSS KI (70/18.2), December 2014 (exact day not stated on cover)",,"AIDIS 2013, NSS 70th round (January - December 2013)",2013-01-01,2013-12-31,2012-06-30,AOD,Average amount of debt (AOD) per household (cash dues),mean,158224,INR_per_household,current prices (nominal),households,Telangana,,,all,urban,Telangana,,,KI_70_18.2_19dec14.pdf,https://www.mospi.gov.in/sites/default/files/publication_reports/KI_70_18.2_19dec14.pdf,"Table 2-U: AVA, AOD, AOD per household with outstanding loan, IOI for urban India for each State/UT, major household types (columns ""all"")",PDF p.40-41 (Appendix A),OK,
D9-00635,9,"NSS 70th round Key Indicators of Debt and Investment in India, NSS KI (70/18.2), December 2014 (exact day not stated on cover)",,"AIDIS 2013, NSS 70th round (January - December 2013)",2013-01-01,2013-12-31,2012-06-30,AODL,Average amount of debt per indebted household,mean,518555,INR_per_indebted_household,current prices (nominal),indebted households,Telangana,,,all,urban,Telangana,,,KI_70_18.2_19dec14.pdf,https://www.mospi.gov.in/sites/default/files/publication_reports/KI_70_18.2_19dec14.pdf,"Table 2-U: AVA, AOD, AOD per household with outstanding loan, IOI for urban India for each State/UT, major household types (columns ""all"")",PDF p.40-41 (Appendix A),OK,
D9-00636,9,"NSS 70th round Key Indicators of Debt and Investment in India, NSS KI (70/18.2), December 2014 (exact day not stated on cover)",,"AIDIS 2013, NSS 70th round (January - December 2013)",2013-01-01,2013-12-31,2012-06-30,DAR,"Debt-asset ratio (DAR), % (AOD as % of AVA)",rate,8.58,percent,current prices (nominal),households,Telangana,,,all,urban,Telangana,,,KI_70_18.2_19dec14.pdf,https://www.mospi.gov.in/sites/default/files/publication_reports/KI_70_18.2_19dec14.pdf,"Table 2-U: AVA, AOD, AOD per household with outstanding loan, IOI for urban India for each State/UT, major household types (columns ""all"")",PDF p.40-41 (Appendix A),OK,
D9-00637,9,"NSS 70th round Key Indicators of Debt and Investment in India, NSS KI (70/18.2), December 2014 (exact day not stated on cover)",,"AIDIS 2013, NSS 70th round (January - December 2013)",2013-01-01,2013-12-31,2012-06-30,AVA_TOTAL,Average value of assets (AVA) owned per household,mean,668593,INR_per_household,current prices (nominal),households,Tripura,,,all,urban,Tripura,,,KI_70_18.2_19dec14.pdf,https://www.mospi.gov.in/sites/default/files/publication_reports/KI_70_18.2_19dec14.pdf,"Table 2-U: AVA, AOD, AOD per household with outstanding loan, IOI for urban India for each State/UT, major household types (columns ""all"")",PDF p.40-41 (Appendix A),OK,
D9-00638,9,"NSS 70th round Key Indicators of Debt and Investment in India, NSS KI (70/18.2), December 2014 (exact day not stated on cover)",,"AIDIS 2013, NSS 70th round (January - December 2013)",2013-01-01,2013-12-31,2012-06-30,IOI,Incidence of indebtedness (IOI): % of households indebted,rate,12.65,percent,current prices (nominal),households,Tripura,,,all,urban,Tripura,,,KI_70_18.2_19dec14.pdf,https://www.mospi.gov.in/sites/default/files/publication_reports/KI_70_18.2_19dec14.pdf,"Table 2-U: AVA, AOD, AOD per household with outstanding loan, IOI for urban India for each State/UT, major household types (columns ""all"")",PDF p.40-41 (Appendix A),OK,
D9-00639,9,"NSS 70th round Key Indicators of Debt and Investment in India, NSS KI (70/18.2), December 2014 (exact day not stated on cover)",,"AIDIS 2013, NSS 70th round (January - December 2013)",2013-01-01,2013-12-31,2012-06-30,AOD,Average amount of debt (AOD) per household (cash dues),mean,18647,INR_per_household,current prices (nominal),households,Tripura,,,all,urban,Tripura,,,KI_70_18.2_19dec14.pdf,https://www.mospi.gov.in/sites/default/files/publication_reports/KI_70_18.2_19dec14.pdf,"Table 2-U: AVA, AOD, AOD per household with outstanding loan, IOI for urban India for each State/UT, major household types (columns ""all"")",PDF p.40-41 (Appendix A),OK,
D9-00640,9,"NSS 70th round Key Indicators of Debt and Investment in India, NSS KI (70/18.2), December 2014 (exact day not stated on cover)",,"AIDIS 2013, NSS 70th round (January - December 2013)",2013-01-01,2013-12-31,2012-06-30,AODL,Average amount of debt per indebted household,mean,147379,INR_per_indebted_household,current prices (nominal),indebted households,Tripura,,,all,urban,Tripura,,,KI_70_18.2_19dec14.pdf,https://www.mospi.gov.in/sites/default/files/publication_reports/KI_70_18.2_19dec14.pdf,"Table 2-U: AVA, AOD, AOD per household with outstanding loan, IOI for urban India for each State/UT, major household types (columns ""all"")",PDF p.40-41 (Appendix A),OK,
D9-00641,9,"NSS 70th round Key Indicators of Debt and Investment in India, NSS KI (70/18.2), December 2014 (exact day not stated on cover)",,"AIDIS 2013, NSS 70th round (January - December 2013)",2013-01-01,2013-12-31,2012-06-30,DAR,"Debt-asset ratio (DAR), % (AOD as % of AVA)",rate,2.79,percent,current prices (nominal),households,Tripura,,,all,urban,Tripura,,,KI_70_18.2_19dec14.pdf,https://www.mospi.gov.in/sites/default/files/publication_reports/KI_70_18.2_19dec14.pdf,"Table 2-U: AVA, AOD, AOD per household with outstanding loan, IOI for urban India for each State/UT, major household types (columns ""all"")",PDF p.40-41 (Appendix A),OK,
D9-00642,9,"NSS 70th round Key Indicators of Debt and Investment in India, NSS KI (70/18.2), December 2014 (exact day not stated on cover)",,"AIDIS 2013, NSS 70th round (January - December 2013)",2013-01-01,2013-12-31,2012-06-30,AVA_TOTAL,Average value of assets (AVA) owned per household,mean,2764654,INR_per_household,current prices (nominal),households,Uttarakhand,,,all,urban,Uttarakhand,,,KI_70_18.2_19dec14.pdf,https://www.mospi.gov.in/sites/default/files/publication_reports/KI_70_18.2_19dec14.pdf,"Table 2-U: AVA, AOD, AOD per household with outstanding loan, IOI for urban India for each State/UT, major household types (columns ""all"")",PDF p.40-41 (Appendix A),OK,
D9-00643,9,"NSS 70th round Key Indicators of Debt and Investment in India, NSS KI (70/18.2), December 2014 (exact day not stated on cover)",,"AIDIS 2013, NSS 70th round (January - December 2013)",2013-01-01,2013-12-31,2012-06-30,IOI,Incidence of indebtedness (IOI): % of households indebted,rate,13.91,percent,current prices (nominal),households,Uttarakhand,,,all,urban,Uttarakhand,,,KI_70_18.2_19dec14.pdf,https://www.mospi.gov.in/sites/default/files/publication_reports/KI_70_18.2_19dec14.pdf,"Table 2-U: AVA, AOD, AOD per household with outstanding loan, IOI for urban India for each State/UT, major household types (columns ""all"")",PDF p.40-41 (Appendix A),OK,
D9-00644,9,"NSS 70th round Key Indicators of Debt and Investment in India, NSS KI (70/18.2), December 2014 (exact day not stated on cover)",,"AIDIS 2013, NSS 70th round (January - December 2013)",2013-01-01,2013-12-31,2012-06-30,AOD,Average amount of debt (AOD) per household (cash dues),mean,75335,INR_per_household,current prices (nominal),households,Uttarakhand,,,all,urban,Uttarakhand,,,KI_70_18.2_19dec14.pdf,https://www.mospi.gov.in/sites/default/files/publication_reports/KI_70_18.2_19dec14.pdf,"Table 2-U: AVA, AOD, AOD per household with outstanding loan, IOI for urban India for each State/UT, major household types (columns ""all"")",PDF p.40-41 (Appendix A),OK,
D9-00645,9,"NSS 70th round Key Indicators of Debt and Investment in India, NSS KI (70/18.2), December 2014 (exact day not stated on cover)",,"AIDIS 2013, NSS 70th round (January - December 2013)",2013-01-01,2013-12-31,2012-06-30,AODL,Average amount of debt per indebted household,mean,541499,INR_per_indebted_household,current prices (nominal),indebted households,Uttarakhand,,,all,urban,Uttarakhand,,,KI_70_18.2_19dec14.pdf,https://www.mospi.gov.in/sites/default/files/publication_reports/KI_70_18.2_19dec14.pdf,"Table 2-U: AVA, AOD, AOD per household with outstanding loan, IOI for urban India for each State/UT, major household types (columns ""all"")",PDF p.40-41 (Appendix A),OK,
D9-00646,9,"NSS 70th round Key Indicators of Debt and Investment in India, NSS KI (70/18.2), December 2014 (exact day not stated on cover)",,"AIDIS 2013, NSS 70th round (January - December 2013)",2013-01-01,2013-12-31,2012-06-30,DAR,"Debt-asset ratio (DAR), % (AOD as % of AVA)",rate,2.72,percent,current prices (nominal),households,Uttarakhand,,,all,urban,Uttarakhand,,,KI_70_18.2_19dec14.pdf,https://www.mospi.gov.in/sites/default/files/publication_reports/KI_70_18.2_19dec14.pdf,"Table 2-U: AVA, AOD, AOD per household with outstanding loan, IOI for urban India for each State/UT, major household types (columns ""all"")",PDF p.40-41 (Appendix A),OK,
D9-00647,9,"NSS 70th round Key Indicators of Debt and Investment in India, NSS KI (70/18.2), December 2014 (exact day not stated on cover)",,"AIDIS 2013, NSS 70th round (January - December 2013)",2013-01-01,2013-12-31,2012-06-30,AVA_TOTAL,Average value of assets (AVA) owned per household,mean,1937938,INR_per_household,current prices (nominal),households,Uttar Pradesh,,,all,urban,Uttar Pradesh,,,KI_70_18.2_19dec14.pdf,https://www.mospi.gov.in/sites/default/files/publication_reports/KI_70_18.2_19dec14.pdf,"Table 2-U: AVA, AOD, AOD per household with outstanding loan, IOI for urban India for each State/UT, major household types (columns ""all"")",PDF p.40-41 (Appendix A),OK,
D9-00648,9,"NSS 70th round Key Indicators of Debt and Investment in India, NSS KI (70/18.2), December 2014 (exact day not stated on cover)",,"AIDIS 2013, NSS 70th round (January - December 2013)",2013-01-01,2013-12-31,2012-06-30,IOI,Incidence of indebtedness (IOI): % of households indebted,rate,18.91,percent,current prices (nominal),households,Uttar Pradesh,,,all,urban,Uttar Pradesh,,,KI_70_18.2_19dec14.pdf,https://www.mospi.gov.in/sites/default/files/publication_reports/KI_70_18.2_19dec14.pdf,"Table 2-U: AVA, AOD, AOD per household with outstanding loan, IOI for urban India for each State/UT, major household types (columns ""all"")",PDF p.40-41 (Appendix A),OK,
D9-00649,9,"NSS 70th round Key Indicators of Debt and Investment in India, NSS KI (70/18.2), December 2014 (exact day not stated on cover)",,"AIDIS 2013, NSS 70th round (January - December 2013)",2013-01-01,2013-12-31,2012-06-30,AOD,Average amount of debt (AOD) per household (cash dues),mean,87038,INR_per_household,current prices (nominal),households,Uttar Pradesh,,,all,urban,Uttar Pradesh,,,KI_70_18.2_19dec14.pdf,https://www.mospi.gov.in/sites/default/files/publication_reports/KI_70_18.2_19dec14.pdf,"Table 2-U: AVA, AOD, AOD per household with outstanding loan, IOI for urban India for each State/UT, major household types (columns ""all"")",PDF p.40-41 (Appendix A),OK,
D9-00650,9,"NSS 70th round Key Indicators of Debt and Investment in India, NSS KI (70/18.2), December 2014 (exact day not stated on cover)",,"AIDIS 2013, NSS 70th round (January - December 2013)",2013-01-01,2013-12-31,2012-06-30,AODL,Average amount of debt per indebted household,mean,460199,INR_per_indebted_household,current prices (nominal),indebted households,Uttar Pradesh,,,all,urban,Uttar Pradesh,,,KI_70_18.2_19dec14.pdf,https://www.mospi.gov.in/sites/default/files/publication_reports/KI_70_18.2_19dec14.pdf,"Table 2-U: AVA, AOD, AOD per household with outstanding loan, IOI for urban India for each State/UT, major household types (columns ""all"")",PDF p.40-41 (Appendix A),OK,
D9-00651,9,"NSS 70th round Key Indicators of Debt and Investment in India, NSS KI (70/18.2), December 2014 (exact day not stated on cover)",,"AIDIS 2013, NSS 70th round (January - December 2013)",2013-01-01,2013-12-31,2012-06-30,DAR,"Debt-asset ratio (DAR), % (AOD as % of AVA)",rate,4.49,percent,current prices (nominal),households,Uttar Pradesh,,,all,urban,Uttar Pradesh,,,KI_70_18.2_19dec14.pdf,https://www.mospi.gov.in/sites/default/files/publication_reports/KI_70_18.2_19dec14.pdf,"Table 2-U: AVA, AOD, AOD per household with outstanding loan, IOI for urban India for each State/UT, major household types (columns ""all"")",PDF p.40-41 (Appendix A),OK,
D9-00652,9,"NSS 70th round Key Indicators of Debt and Investment in India, NSS KI (70/18.2), December 2014 (exact day not stated on cover)",,"AIDIS 2013, NSS 70th round (January - December 2013)",2013-01-01,2013-12-31,2012-06-30,AVA_TOTAL,Average value of assets (AVA) owned per household,mean,1936885,INR_per_household,current prices (nominal),households,West Bengal,,,all,urban,West Bengal,,,KI_70_18.2_19dec14.pdf,https://www.mospi.gov.in/sites/default/files/publication_reports/KI_70_18.2_19dec14.pdf,"Table 2-U: AVA, AOD, AOD per household with outstanding loan, IOI for urban India for each State/UT, major household types (columns ""all"")",PDF p.40-41 (Appendix A),OK,
D9-00653,9,"NSS 70th round Key Indicators of Debt and Investment in India, NSS KI (70/18.2), December 2014 (exact day not stated on cover)",,"AIDIS 2013, NSS 70th round (January - December 2013)",2013-01-01,2013-12-31,2012-06-30,IOI,Incidence of indebtedness (IOI): % of households indebted,rate,14.7,percent,current prices (nominal),households,West Bengal,,,all,urban,West Bengal,,,KI_70_18.2_19dec14.pdf,https://www.mospi.gov.in/sites/default/files/publication_reports/KI_70_18.2_19dec14.pdf,"Table 2-U: AVA, AOD, AOD per household with outstanding loan, IOI for urban India for each State/UT, major household types (columns ""all"")",PDF p.40-41 (Appendix A),OK,
D9-00654,9,"NSS 70th round Key Indicators of Debt and Investment in India, NSS KI (70/18.2), December 2014 (exact day not stated on cover)",,"AIDIS 2013, NSS 70th round (January - December 2013)",2013-01-01,2013-12-31,2012-06-30,AOD,Average amount of debt (AOD) per household (cash dues),mean,34279,INR_per_household,current prices (nominal),households,West Bengal,,,all,urban,West Bengal,,,KI_70_18.2_19dec14.pdf,https://www.mospi.gov.in/sites/default/files/publication_reports/KI_70_18.2_19dec14.pdf,"Table 2-U: AVA, AOD, AOD per household with outstanding loan, IOI for urban India for each State/UT, major household types (columns ""all"")",PDF p.40-41 (Appendix A),OK,
D9-00655,9,"NSS 70th round Key Indicators of Debt and Investment in India, NSS KI (70/18.2), December 2014 (exact day not stated on cover)",,"AIDIS 2013, NSS 70th round (January - December 2013)",2013-01-01,2013-12-31,2012-06-30,AODL,Average amount of debt per indebted household,mean,233142,INR_per_indebted_household,current prices (nominal),indebted households,West Bengal,,,all,urban,West Bengal,,,KI_70_18.2_19dec14.pdf,https://www.mospi.gov.in/sites/default/files/publication_reports/KI_70_18.2_19dec14.pdf,"Table 2-U: AVA, AOD, AOD per household with outstanding loan, IOI for urban India for each State/UT, major household types (columns ""all"")",PDF p.40-41 (Appendix A),OK,
D9-00656,9,"NSS 70th round Key Indicators of Debt and Investment in India, NSS KI (70/18.2), December 2014 (exact day not stated on cover)",,"AIDIS 2013, NSS 70th round (January - December 2013)",2013-01-01,2013-12-31,2012-06-30,DAR,"Debt-asset ratio (DAR), % (AOD as % of AVA)",rate,1.77,percent,current prices (nominal),households,West Bengal,,,all,urban,West Bengal,,,KI_70_18.2_19dec14.pdf,https://www.mospi.gov.in/sites/default/files/publication_reports/KI_70_18.2_19dec14.pdf,"Table 2-U: AVA, AOD, AOD per household with outstanding loan, IOI for urban India for each State/UT, major household types (columns ""all"")",PDF p.40-41 (Appendix A),OK,
D9-00657,9,"NSS 70th round Key Indicators of Debt and Investment in India, NSS KI (70/18.2), December 2014 (exact day not stated on cover)",,"AIDIS 2013, NSS 70th round (January - December 2013)",2013-01-01,2013-12-31,2012-06-30,AVA_TOTAL,Average value of assets (AVA) owned per household,mean,910990,INR_per_household,current prices (nominal),households,A & N Islands,,,all,urban,A & N Islands,,,KI_70_18.2_19dec14.pdf,https://www.mospi.gov.in/sites/default/files/publication_reports/KI_70_18.2_19dec14.pdf,"Table 2-U: AVA, AOD, AOD per household with outstanding loan, IOI for urban India for each State/UT, major household types (columns ""all"")",PDF p.40-41 (Appendix A),OK,
D9-00658,9,"NSS 70th round Key Indicators of Debt and Investment in India, NSS KI (70/18.2), December 2014 (exact day not stated on cover)",,"AIDIS 2013, NSS 70th round (January - December 2013)",2013-01-01,2013-12-31,2012-06-30,IOI,Incidence of indebtedness (IOI): % of households indebted,rate,30.6,percent,current prices (nominal),households,A & N Islands,,,all,urban,A & N Islands,,,KI_70_18.2_19dec14.pdf,https://www.mospi.gov.in/sites/default/files/publication_reports/KI_70_18.2_19dec14.pdf,"Table 2-U: AVA, AOD, AOD per household with outstanding loan, IOI for urban India for each State/UT, major household types (columns ""all"")",PDF p.40-41 (Appendix A),OK,
D9-00659,9,"NSS 70th round Key Indicators of Debt and Investment in India, NSS KI (70/18.2), December 2014 (exact day not stated on cover)",,"AIDIS 2013, NSS 70th round (January - December 2013)",2013-01-01,2013-12-31,2012-06-30,AOD,Average amount of debt (AOD) per household (cash dues),mean,89723,INR_per_household,current prices (nominal),households,A & N Islands,,,all,urban,A & N Islands,,,KI_70_18.2_19dec14.pdf,https://www.mospi.gov.in/sites/default/files/publication_reports/KI_70_18.2_19dec14.pdf,"Table 2-U: AVA, AOD, AOD per household with outstanding loan, IOI for urban India for each State/UT, major household types (columns ""all"")",PDF p.40-41 (Appendix A),OK,
D9-00660,9,"NSS 70th round Key Indicators of Debt and Investment in India, NSS KI (70/18.2), December 2014 (exact day not stated on cover)",,"AIDIS 2013, NSS 70th round (January - December 2013)",2013-01-01,2013-12-31,2012-06-30,AODL,Average amount of debt per indebted household,mean,293254,INR_per_indebted_household,current prices (nominal),indebted households,A & N Islands,,,all,urban,A & N Islands,,,KI_70_18.2_19dec14.pdf,https://www.mospi.gov.in/sites/default/files/publication_reports/KI_70_18.2_19dec14.pdf,"Table 2-U: AVA, AOD, AOD per household with outstanding loan, IOI for urban India for each State/UT, major household types (columns ""all"")",PDF p.40-41 (Appendix A),OK,
D9-00661,9,"NSS 70th round Key Indicators of Debt and Investment in India, NSS KI (70/18.2), December 2014 (exact day not stated on cover)",,"AIDIS 2013, NSS 70th round (January - December 2013)",2013-01-01,2013-12-31,2012-06-30,DAR,"Debt-asset ratio (DAR), % (AOD as % of AVA)",rate,9.85,percent,current prices (nominal),households,A & N Islands,,,all,urban,A & N Islands,,,KI_70_18.2_19dec14.pdf,https://www.mospi.gov.in/sites/default/files/publication_reports/KI_70_18.2_19dec14.pdf,"Table 2-U: AVA, AOD, AOD per household with outstanding loan, IOI for urban India for each State/UT, major household types (columns ""all"")",PDF p.40-41 (Appendix A),OK,
D9-00662,9,"NSS 70th round Key Indicators of Debt and Investment in India, NSS KI (70/18.2), December 2014 (exact day not stated on cover)",,"AIDIS 2013, NSS 70th round (January - December 2013)",2013-01-01,2013-12-31,2012-06-30,AVA_TOTAL,Average value of assets (AVA) owned per household,mean,9425894,INR_per_household,current prices (nominal),households,Chandigarh,,,all,urban,Chandigarh,,,KI_70_18.2_19dec14.pdf,https://www.mospi.gov.in/sites/default/files/publication_reports/KI_70_18.2_19dec14.pdf,"Table 2-U: AVA, AOD, AOD per household with outstanding loan, IOI for urban India for each State/UT, major household types (columns ""all"")",PDF p.40-41 (Appendix A),OK,
D9-00663,9,"NSS 70th round Key Indicators of Debt and Investment in India, NSS KI (70/18.2), December 2014 (exact day not stated on cover)",,"AIDIS 2013, NSS 70th round (January - December 2013)",2013-01-01,2013-12-31,2012-06-30,IOI,Incidence of indebtedness (IOI): % of households indebted,rate,12.33,percent,current prices (nominal),households,Chandigarh,,,all,urban,Chandigarh,,,KI_70_18.2_19dec14.pdf,https://www.mospi.gov.in/sites/default/files/publication_reports/KI_70_18.2_19dec14.pdf,"Table 2-U: AVA, AOD, AOD per household with outstanding loan, IOI for urban India for each State/UT, major household types (columns ""all"")",PDF p.40-41 (Appendix A),OK,
D9-00664,9,"NSS 70th round Key Indicators of Debt and Investment in India, NSS KI (70/18.2), December 2014 (exact day not stated on cover)",,"AIDIS 2013, NSS 70th round (January - December 2013)",2013-01-01,2013-12-31,2012-06-30,AOD,Average amount of debt (AOD) per household (cash dues),mean,59833,INR_per_household,current prices (nominal),households,Chandigarh,,,all,urban,Chandigarh,,,KI_70_18.2_19dec14.pdf,https://www.mospi.gov.in/sites/default/files/publication_reports/KI_70_18.2_19dec14.pdf,"Table 2-U: AVA, AOD, AOD per household with outstanding loan, IOI for urban India for each State/UT, major household types (columns ""all"")",PDF p.40-41 (Appendix A),OK,
D9-00665,9,"NSS 70th round Key Indicators of Debt and Investment in India, NSS KI (70/18.2), December 2014 (exact day not stated on cover)",,"AIDIS 2013, NSS 70th round (January - December 2013)",2013-01-01,2013-12-31,2012-06-30,AODL,Average amount of debt per indebted household,mean,485066,INR_per_indebted_household,current prices (nominal),indebted households,Chandigarh,,,all,urban,Chandigarh,,,KI_70_18.2_19dec14.pdf,https://www.mospi.gov.in/sites/default/files/publication_reports/KI_70_18.2_19dec14.pdf,"Table 2-U: AVA, AOD, AOD per household with outstanding loan, IOI for urban India for each State/UT, major household types (columns ""all"")",PDF p.40-41 (Appendix A),OK,
D9-00666,9,"NSS 70th round Key Indicators of Debt and Investment in India, NSS KI (70/18.2), December 2014 (exact day not stated on cover)",,"AIDIS 2013, NSS 70th round (January - December 2013)",2013-01-01,2013-12-31,2012-06-30,DAR,"Debt-asset ratio (DAR), % (AOD as % of AVA)",rate,0.63,percent,current prices (nominal),households,Chandigarh,,,all,urban,Chandigarh,,,KI_70_18.2_19dec14.pdf,https://www.mospi.gov.in/sites/default/files/publication_reports/KI_70_18.2_19dec14.pdf,"Table 2-U: AVA, AOD, AOD per household with outstanding loan, IOI for urban India for each State/UT, major household types (columns ""all"")",PDF p.40-41 (Appendix A),OK,
D9-00667,9,"NSS 70th round Key Indicators of Debt and Investment in India, NSS KI (70/18.2), December 2014 (exact day not stated on cover)",,"AIDIS 2013, NSS 70th round (January - December 2013)",2013-01-01,2013-12-31,2012-06-30,AVA_TOTAL,Average value of assets (AVA) owned per household,mean,1819477,INR_per_household,current prices (nominal),households,Dadra & N. Haveli,,,all,urban,Dadra & N. Haveli,,,KI_70_18.2_19dec14.pdf,https://www.mospi.gov.in/sites/default/files/publication_reports/KI_70_18.2_19dec14.pdf,"Table 2-U: AVA, AOD, AOD per household with outstanding loan, IOI for urban India for each State/UT, major household types (columns ""all"")",PDF p.40-41 (Appendix A),OK,
D9-00668,9,"NSS 70th round Key Indicators of Debt and Investment in India, NSS KI (70/18.2), December 2014 (exact day not stated on cover)",,"AIDIS 2013, NSS 70th round (January - December 2013)",2013-01-01,2013-12-31,2012-06-30,IOI,Incidence of indebtedness (IOI): % of households indebted,rate,18.66,percent,current prices (nominal),households,Dadra & N. Haveli,,,all,urban,Dadra & N. Haveli,,,KI_70_18.2_19dec14.pdf,https://www.mospi.gov.in/sites/default/files/publication_reports/KI_70_18.2_19dec14.pdf,"Table 2-U: AVA, AOD, AOD per household with outstanding loan, IOI for urban India for each State/UT, major household types (columns ""all"")",PDF p.40-41 (Appendix A),OK,
D9-00669,9,"NSS 70th round Key Indicators of Debt and Investment in India, NSS KI (70/18.2), December 2014 (exact day not stated on cover)",,"AIDIS 2013, NSS 70th round (January - December 2013)",2013-01-01,2013-12-31,2012-06-30,AOD,Average amount of debt (AOD) per household (cash dues),mean,173095,INR_per_household,current prices (nominal),households,Dadra & N. Haveli,,,all,urban,Dadra & N. Haveli,,,KI_70_18.2_19dec14.pdf,https://www.mospi.gov.in/sites/default/files/publication_reports/KI_70_18.2_19dec14.pdf,"Table 2-U: AVA, AOD, AOD per household with outstanding loan, IOI for urban India for each State/UT, major household types (columns ""all"")",PDF p.40-41 (Appendix A),OK,
D9-00670,9,"NSS 70th round Key Indicators of Debt and Investment in India, NSS KI (70/18.2), December 2014 (exact day not stated on cover)",,"AIDIS 2013, NSS 70th round (January - December 2013)",2013-01-01,2013-12-31,2012-06-30,AODL,Average amount of debt per indebted household,mean,927581,INR_per_indebted_household,current prices (nominal),indebted households,Dadra & N. Haveli,,,all,urban,Dadra & N. Haveli,,,KI_70_18.2_19dec14.pdf,https://www.mospi.gov.in/sites/default/files/publication_reports/KI_70_18.2_19dec14.pdf,"Table 2-U: AVA, AOD, AOD per household with outstanding loan, IOI for urban India for each State/UT, major household types (columns ""all"")",PDF p.40-41 (Appendix A),OK,
D9-00671,9,"NSS 70th round Key Indicators of Debt and Investment in India, NSS KI (70/18.2), December 2014 (exact day not stated on cover)",,"AIDIS 2013, NSS 70th round (January - December 2013)",2013-01-01,2013-12-31,2012-06-30,DAR,"Debt-asset ratio (DAR), % (AOD as % of AVA)",rate,9.51,percent,current prices (nominal),households,Dadra & N. Haveli,,,all,urban,Dadra & N. Haveli,,,KI_70_18.2_19dec14.pdf,https://www.mospi.gov.in/sites/default/files/publication_reports/KI_70_18.2_19dec14.pdf,"Table 2-U: AVA, AOD, AOD per household with outstanding loan, IOI for urban India for each State/UT, major household types (columns ""all"")",PDF p.40-41 (Appendix A),OK,
D9-00672,9,"NSS 70th round Key Indicators of Debt and Investment in India, NSS KI (70/18.2), December 2014 (exact day not stated on cover)",,"AIDIS 2013, NSS 70th round (January - December 2013)",2013-01-01,2013-12-31,2012-06-30,AVA_TOTAL,Average value of assets (AVA) owned per household,mean,469621,INR_per_household,current prices (nominal),households,Daman & Diu,,,all,urban,Daman & Diu,,,KI_70_18.2_19dec14.pdf,https://www.mospi.gov.in/sites/default/files/publication_reports/KI_70_18.2_19dec14.pdf,"Table 2-U: AVA, AOD, AOD per household with outstanding loan, IOI for urban India for each State/UT, major household types (columns ""all"")",PDF p.40-41 (Appendix A),OK,
D9-00673,9,"NSS 70th round Key Indicators of Debt and Investment in India, NSS KI (70/18.2), December 2014 (exact day not stated on cover)",,"AIDIS 2013, NSS 70th round (January - December 2013)",2013-01-01,2013-12-31,2012-06-30,IOI,Incidence of indebtedness (IOI): % of households indebted,rate,7.32,percent,current prices (nominal),households,Daman & Diu,,,all,urban,Daman & Diu,,,KI_70_18.2_19dec14.pdf,https://www.mospi.gov.in/sites/default/files/publication_reports/KI_70_18.2_19dec14.pdf,"Table 2-U: AVA, AOD, AOD per household with outstanding loan, IOI for urban India for each State/UT, major household types (columns ""all"")",PDF p.40-41 (Appendix A),OK,
D9-00674,9,"NSS 70th round Key Indicators of Debt and Investment in India, NSS KI (70/18.2), December 2014 (exact day not stated on cover)",,"AIDIS 2013, NSS 70th round (January - December 2013)",2013-01-01,2013-12-31,2012-06-30,AOD,Average amount of debt (AOD) per household (cash dues),mean,11176,INR_per_household,current prices (nominal),households,Daman & Diu,,,all,urban,Daman & Diu,,,KI_70_18.2_19dec14.pdf,https://www.mospi.gov.in/sites/default/files/publication_reports/KI_70_18.2_19dec14.pdf,"Table 2-U: AVA, AOD, AOD per household with outstanding loan, IOI for urban India for each State/UT, major household types (columns ""all"")",PDF p.40-41 (Appendix A),OK,
D9-00675,9,"NSS 70th round Key Indicators of Debt and Investment in India, NSS KI (70/18.2), December 2014 (exact day not stated on cover)",,"AIDIS 2013, NSS 70th round (January - December 2013)",2013-01-01,2013-12-31,2012-06-30,AODL,Average amount of debt per indebted household,mean,152732,INR_per_indebted_household,current prices (nominal),indebted households,Daman & Diu,,,all,urban,Daman & Diu,,,KI_70_18.2_19dec14.pdf,https://www.mospi.gov.in/sites/default/files/publication_reports/KI_70_18.2_19dec14.pdf,"Table 2-U: AVA, AOD, AOD per household with outstanding loan, IOI for urban India for each State/UT, major household types (columns ""all"")",PDF p.40-41 (Appendix A),OK,
D9-00676,9,"NSS 70th round Key Indicators of Debt and Investment in India, NSS KI (70/18.2), December 2014 (exact day not stated on cover)",,"AIDIS 2013, NSS 70th round (January - December 2013)",2013-01-01,2013-12-31,2012-06-30,DAR,"Debt-asset ratio (DAR), % (AOD as % of AVA)",rate,2.38,percent,current prices (nominal),households,Daman & Diu,,,all,urban,Daman & Diu,,,KI_70_18.2_19dec14.pdf,https://www.mospi.gov.in/sites/default/files/publication_reports/KI_70_18.2_19dec14.pdf,"Table 2-U: AVA, AOD, AOD per household with outstanding loan, IOI for urban India for each State/UT, major household types (columns ""all"")",PDF p.40-41 (Appendix A),OK,
D9-00677,9,"NSS 70th round Key Indicators of Debt and Investment in India, NSS KI (70/18.2), December 2014 (exact day not stated on cover)",,"AIDIS 2013, NSS 70th round (January - December 2013)",2013-01-01,2013-12-31,2012-06-30,AVA_TOTAL,Average value of assets (AVA) owned per household,mean,2631170,INR_per_household,current prices (nominal),households,Lakshadweep,,,all,urban,Lakshadweep,,,KI_70_18.2_19dec14.pdf,https://www.mospi.gov.in/sites/default/files/publication_reports/KI_70_18.2_19dec14.pdf,"Table 2-U: AVA, AOD, AOD per household with outstanding loan, IOI for urban India for each State/UT, major household types (columns ""all"")",PDF p.40-41 (Appendix A),OK,
D9-00678,9,"NSS 70th round Key Indicators of Debt and Investment in India, NSS KI (70/18.2), December 2014 (exact day not stated on cover)",,"AIDIS 2013, NSS 70th round (January - December 2013)",2013-01-01,2013-12-31,2012-06-30,IOI,Incidence of indebtedness (IOI): % of households indebted,rate,29.37,percent,current prices (nominal),households,Lakshadweep,,,all,urban,Lakshadweep,,,KI_70_18.2_19dec14.pdf,https://www.mospi.gov.in/sites/default/files/publication_reports/KI_70_18.2_19dec14.pdf,"Table 2-U: AVA, AOD, AOD per household with outstanding loan, IOI for urban India for each State/UT, major household types (columns ""all"")",PDF p.40-41 (Appendix A),OK,
D9-00679,9,"NSS 70th round Key Indicators of Debt and Investment in India, NSS KI (70/18.2), December 2014 (exact day not stated on cover)",,"AIDIS 2013, NSS 70th round (January - December 2013)",2013-01-01,2013-12-31,2012-06-30,AOD,Average amount of debt (AOD) per household (cash dues),mean,58014,INR_per_household,current prices (nominal),households,Lakshadweep,,,all,urban,Lakshadweep,,,KI_70_18.2_19dec14.pdf,https://www.mospi.gov.in/sites/default/files/publication_reports/KI_70_18.2_19dec14.pdf,"Table 2-U: AVA, AOD, AOD per household with outstanding loan, IOI for urban India for each State/UT, major household types (columns ""all"")",PDF p.40-41 (Appendix A),OK,
D9-00680,9,"NSS 70th round Key Indicators of Debt and Investment in India, NSS KI (70/18.2), December 2014 (exact day not stated on cover)",,"AIDIS 2013, NSS 70th round (January - December 2013)",2013-01-01,2013-12-31,2012-06-30,AODL,Average amount of debt per indebted household,mean,197560,INR_per_indebted_household,current prices (nominal),indebted households,Lakshadweep,,,all,urban,Lakshadweep,,,KI_70_18.2_19dec14.pdf,https://www.mospi.gov.in/sites/default/files/publication_reports/KI_70_18.2_19dec14.pdf,"Table 2-U: AVA, AOD, AOD per household with outstanding loan, IOI for urban India for each State/UT, major household types (columns ""all"")",PDF p.40-41 (Appendix A),OK,
D9-00681,9,"NSS 70th round Key Indicators of Debt and Investment in India, NSS KI (70/18.2), December 2014 (exact day not stated on cover)",,"AIDIS 2013, NSS 70th round (January - December 2013)",2013-01-01,2013-12-31,2012-06-30,DAR,"Debt-asset ratio (DAR), % (AOD as % of AVA)",rate,2.2,percent,current prices (nominal),households,Lakshadweep,,,all,urban,Lakshadweep,,,KI_70_18.2_19dec14.pdf,https://www.mospi.gov.in/sites/default/files/publication_reports/KI_70_18.2_19dec14.pdf,"Table 2-U: AVA, AOD, AOD per household with outstanding loan, IOI for urban India for each State/UT, major household types (columns ""all"")",PDF p.40-41 (Appendix A),OK,
D9-00682,9,"NSS 70th round Key Indicators of Debt and Investment in India, NSS KI (70/18.2), December 2014 (exact day not stated on cover)",,"AIDIS 2013, NSS 70th round (January - December 2013)",2013-01-01,2013-12-31,2012-06-30,AVA_TOTAL,Average value of assets (AVA) owned per household,mean,1744911,INR_per_household,current prices (nominal),households,Puducherry,,,all,urban,Puducherry,,,KI_70_18.2_19dec14.pdf,https://www.mospi.gov.in/sites/default/files/publication_reports/KI_70_18.2_19dec14.pdf,"Table 2-U: AVA, AOD, AOD per household with outstanding loan, IOI for urban India for each State/UT, major household types (columns ""all"")",PDF p.40-41 (Appendix A),OK,
D9-00683,9,"NSS 70th round Key Indicators of Debt and Investment in India, NSS KI (70/18.2), December 2014 (exact day not stated on cover)",,"AIDIS 2013, NSS 70th round (January - December 2013)",2013-01-01,2013-12-31,2012-06-30,IOI,Incidence of indebtedness (IOI): % of households indebted,rate,40.65,percent,current prices (nominal),households,Puducherry,,,all,urban,Puducherry,,,KI_70_18.2_19dec14.pdf,https://www.mospi.gov.in/sites/default/files/publication_reports/KI_70_18.2_19dec14.pdf,"Table 2-U: AVA, AOD, AOD per household with outstanding loan, IOI for urban India for each State/UT, major household types (columns ""all"")",PDF p.40-41 (Appendix A),OK,
D9-00684,9,"NSS 70th round Key Indicators of Debt and Investment in India, NSS KI (70/18.2), December 2014 (exact day not stated on cover)",,"AIDIS 2013, NSS 70th round (January - December 2013)",2013-01-01,2013-12-31,2012-06-30,AOD,Average amount of debt (AOD) per household (cash dues),mean,86400,INR_per_household,current prices (nominal),households,Puducherry,,,all,urban,Puducherry,,,KI_70_18.2_19dec14.pdf,https://www.mospi.gov.in/sites/default/files/publication_reports/KI_70_18.2_19dec14.pdf,"Table 2-U: AVA, AOD, AOD per household with outstanding loan, IOI for urban India for each State/UT, major household types (columns ""all"")",PDF p.40-41 (Appendix A),OK,
D9-00685,9,"NSS 70th round Key Indicators of Debt and Investment in India, NSS KI (70/18.2), December 2014 (exact day not stated on cover)",,"AIDIS 2013, NSS 70th round (January - December 2013)",2013-01-01,2013-12-31,2012-06-30,AODL,Average amount of debt per indebted household,mean,212573,INR_per_indebted_household,current prices (nominal),indebted households,Puducherry,,,all,urban,Puducherry,,,KI_70_18.2_19dec14.pdf,https://www.mospi.gov.in/sites/default/files/publication_reports/KI_70_18.2_19dec14.pdf,"Table 2-U: AVA, AOD, AOD per household with outstanding loan, IOI for urban India for each State/UT, major household types (columns ""all"")",PDF p.40-41 (Appendix A),OK,
D9-00686,9,"NSS 70th round Key Indicators of Debt and Investment in India, NSS KI (70/18.2), December 2014 (exact day not stated on cover)",,"AIDIS 2013, NSS 70th round (January - December 2013)",2013-01-01,2013-12-31,2012-06-30,DAR,"Debt-asset ratio (DAR), % (AOD as % of AVA)",rate,4.95,percent,current prices (nominal),households,Puducherry,,,all,urban,Puducherry,,,KI_70_18.2_19dec14.pdf,https://www.mospi.gov.in/sites/default/files/publication_reports/KI_70_18.2_19dec14.pdf,"Table 2-U: AVA, AOD, AOD per household with outstanding loan, IOI for urban India for each State/UT, major household types (columns ""all"")",PDF p.40-41 (Appendix A),OK,
D9-00687,9,"NSS 70th round Key Indicators of Debt and Investment in India, NSS KI (70/18.2), December 2014 (exact day not stated on cover)",,"AIDIS 2013, NSS 70th round (January - December 2013)",2013-01-01,2013-12-31,2012-06-30,AVA_TOTAL,Average value of assets (AVA) owned per household,mean,2285135,INR_per_household,current prices (nominal),households,India,,,all,urban,All-India,,,KI_70_18.2_19dec14.pdf,https://www.mospi.gov.in/sites/default/files/publication_reports/KI_70_18.2_19dec14.pdf,"Table 2-U: AVA, AOD, AOD per household with outstanding loan, IOI for urban India for each State/UT, major household types (columns ""all"")",PDF p.40-41 (Appendix A),OK,
D9-00688,9,"NSS 70th round Key Indicators of Debt and Investment in India, NSS KI (70/18.2), December 2014 (exact day not stated on cover)",,"AIDIS 2013, NSS 70th round (January - December 2013)",2013-01-01,2013-12-31,2012-06-30,IOI,Incidence of indebtedness (IOI): % of households indebted,rate,22.37,percent,current prices (nominal),households,India,,,all,urban,All-India,,,KI_70_18.2_19dec14.pdf,https://www.mospi.gov.in/sites/default/files/publication_reports/KI_70_18.2_19dec14.pdf,"Table 2-U: AVA, AOD, AOD per household with outstanding loan, IOI for urban India for each State/UT, major household types (columns ""all"")",PDF p.40-41 (Appendix A),OK,
D9-00689,9,"NSS 70th round Key Indicators of Debt and Investment in India, NSS KI (70/18.2), December 2014 (exact day not stated on cover)",,"AIDIS 2013, NSS 70th round (January - December 2013)",2013-01-01,2013-12-31,2012-06-30,AOD,Average amount of debt (AOD) per household (cash dues),mean,84625,INR_per_household,current prices (nominal),households,India,,,all,urban,All-India,,,KI_70_18.2_19dec14.pdf,https://www.mospi.gov.in/sites/default/files/publication_reports/KI_70_18.2_19dec14.pdf,"Table 2-U: AVA, AOD, AOD per household with outstanding loan, IOI for urban India for each State/UT, major household types (columns ""all"")",PDF p.40-41 (Appendix A),OK,
D9-00690,9,"NSS 70th round Key Indicators of Debt and Investment in India, NSS KI (70/18.2), December 2014 (exact day not stated on cover)",,"AIDIS 2013, NSS 70th round (January - December 2013)",2013-01-01,2013-12-31,2012-06-30,AODL,Average amount of debt per indebted household,mean,378238,INR_per_indebted_household,current prices (nominal),indebted households,India,,,all,urban,All-India,,,KI_70_18.2_19dec14.pdf,https://www.mospi.gov.in/sites/default/files/publication_reports/KI_70_18.2_19dec14.pdf,"Table 2-U: AVA, AOD, AOD per household with outstanding loan, IOI for urban India for each State/UT, major household types (columns ""all"")",PDF p.40-41 (Appendix A),OK,
D9-00691,9,"NSS 70th round Key Indicators of Debt and Investment in India, NSS KI (70/18.2), December 2014 (exact day not stated on cover)",,"AIDIS 2013, NSS 70th round (January - December 2013)",2013-01-01,2013-12-31,2012-06-30,DAR,"Debt-asset ratio (DAR), % (AOD as % of AVA)",rate,3.7,percent,current prices (nominal),households,India,,,all,urban,All-India,,,KI_70_18.2_19dec14.pdf,https://www.mospi.gov.in/sites/default/files/publication_reports/KI_70_18.2_19dec14.pdf,"Table 2-U: AVA, AOD, AOD per household with outstanding loan, IOI for urban India for each State/UT, major household types (columns ""all"")",PDF p.40-41 (Appendix A),OK,
D9-00692,9,"NSS Report No. 500 (59/18.2/1) Household Assets and Liabilities in India (as on 30.06.2002), NSS 59th round, November 2005 (exact day not stated)",,"AIDIS 2003, NSS 59th round (January - December 2003)",2003-01-01,2003-12-31,2002-06-30,PCT_HH_OWNING_ANY_ASSET,Households owning any asset (physical or financial),rate,100,percent,current prices (nominal),households,India,,,cultivator,rural,All-India,,,500_final.pdf,https://www.mospi.gov.in/sites/default/files/publication_reports/500_final.pdf,Statement 6: Percentage (P) of households owning assets and average value of total assets (AVA) owned as on 30.6.02: all-India,PDF p.22 (printed p.16),OK,
D9-00693,9,"NSS Report No. 500 (59/18.2/1) Household Assets and Liabilities in India (as on 30.06.2002), NSS 59th round, November 2005 (exact day not stated)",,"AIDIS 2003, NSS 59th round (January - December 2003)",2003-01-01,2003-12-31,2002-06-30,AVA_TOTAL,Average value of assets (AVA) owned per household,mean,372632,INR_per_household,current prices (nominal),households,India,,,cultivator,rural,All-India,,,500_final.pdf,https://www.mospi.gov.in/sites/default/files/publication_reports/500_final.pdf,Statement 6: Percentage (P) of households owning assets and average value of total assets (AVA) owned as on 30.6.02: all-India,PDF p.22 (printed p.16),OK,"Includes household durables, bullion and ornaments; land/buildings as reported by informant (see NOTES.md; not comparable with 70th/77th)."
D9-00694,9,"NSS Report No. 500 (59/18.2/1) Household Assets and Liabilities in India (as on 30.06.2002), NSS 59th round, November 2005 (exact day not stated)",,"AIDIS 2003, NSS 59th round (January - December 2003)",2003-01-01,2003-12-31,2002-06-30,PCT_HH_OWNING_ANY_ASSET,Households owning any asset (physical or financial),rate,99.8,percent,current prices (nominal),households,India,,,non-cultivator,rural,All-India,,,500_final.pdf,https://www.mospi.gov.in/sites/default/files/publication_reports/500_final.pdf,Statement 6: Percentage (P) of households owning assets and average value of total assets (AVA) owned as on 30.6.02: all-India,PDF p.22 (printed p.16),OK,
D9-00695,9,"NSS Report No. 500 (59/18.2/1) Household Assets and Liabilities in India (as on 30.06.2002), NSS 59th round, November 2005 (exact day not stated)",,"AIDIS 2003, NSS 59th round (January - December 2003)",2003-01-01,2003-12-31,2002-06-30,AVA_TOTAL,Average value of assets (AVA) owned per household,mean,107230,INR_per_household,current prices (nominal),households,India,,,non-cultivator,rural,All-India,,,500_final.pdf,https://www.mospi.gov.in/sites/default/files/publication_reports/500_final.pdf,Statement 6: Percentage (P) of households owning assets and average value of total assets (AVA) owned as on 30.6.02: all-India,PDF p.22 (printed p.16),OK,"Includes household durables, bullion and ornaments; land/buildings as reported by informant (see NOTES.md; not comparable with 70th/77th)."
D9-00696,9,"NSS Report No. 500 (59/18.2/1) Household Assets and Liabilities in India (as on 30.06.2002), NSS 59th round, November 2005 (exact day not stated)",,"AIDIS 2003, NSS 59th round (January - December 2003)",2003-01-01,2003-12-31,2002-06-30,PCT_HH_OWNING_ANY_ASSET,Households owning any asset (physical or financial),rate,99.9,percent,current prices (nominal),households,India,,,all,rural,All-India,,,500_final.pdf,https://www.mospi.gov.in/sites/default/files/publication_reports/500_final.pdf,Statement 6: Percentage (P) of households owning assets and average value of total assets (AVA) owned as on 30.6.02: all-India,PDF p.22 (printed p.16),OK,
D9-00697,9,"NSS Report No. 500 (59/18.2/1) Household Assets and Liabilities in India (as on 30.06.2002), NSS 59th round, November 2005 (exact day not stated)",,"AIDIS 2003, NSS 59th round (January - December 2003)",2003-01-01,2003-12-31,2002-06-30,AVA_TOTAL,Average value of assets (AVA) owned per household,mean,265606,INR_per_household,current prices (nominal),households,India,,,all,rural,All-India,,,500_final.pdf,https://www.mospi.gov.in/sites/default/files/publication_reports/500_final.pdf,Statement 6: Percentage (P) of households owning assets and average value of total assets (AVA) owned as on 30.6.02: all-India,PDF p.22 (printed p.16),OK,"Includes household durables, bullion and ornaments; land/buildings as reported by informant (see NOTES.md; not comparable with 70th/77th)."
D9-00698,9,"NSS Report No. 500 (59/18.2/1) Household Assets and Liabilities in India (as on 30.06.2002), NSS 59th round, November 2005 (exact day not stated)",,"AIDIS 2003, NSS 59th round (January - December 2003)",2003-01-01,2003-12-31,2002-06-30,PCT_HH_OWNING_ANY_ASSET,Households owning any asset (physical or financial),rate,100,percent,current prices (nominal),households,India,,,self-employed,urban,All-India,,,500_final.pdf,https://www.mospi.gov.in/sites/default/files/publication_reports/500_final.pdf,Statement 6: Percentage (P) of households owning assets and average value of total assets (AVA) owned as on 30.6.02: all-India,PDF p.22 (printed p.16),OK,
D9-00699,9,"NSS Report No. 500 (59/18.2/1) Household Assets and Liabilities in India (as on 30.06.2002), NSS 59th round, November 2005 (exact day not stated)",,"AIDIS 2003, NSS 59th round (January - December 2003)",2003-01-01,2003-12-31,2002-06-30,AVA_TOTAL,Average value of assets (AVA) owned per household,mean,554844,INR_per_household,current prices (nominal),households,India,,,self-employed,urban,All-India,,,500_final.pdf,https://www.mospi.gov.in/sites/default/files/publication_reports/500_final.pdf,Statement 6: Percentage (P) of households owning assets and average value of total assets (AVA) owned as on 30.6.02: all-India,PDF p.22 (printed p.16),OK,"Includes household durables, bullion and ornaments; land/buildings as reported by informant (see NOTES.md; not comparable with 70th/77th)."
D9-00700,9,"NSS Report No. 500 (59/18.2/1) Household Assets and Liabilities in India (as on 30.06.2002), NSS 59th round, November 2005 (exact day not stated)",,"AIDIS 2003, NSS 59th round (January - December 2003)",2003-01-01,2003-12-31,2002-06-30,PCT_HH_OWNING_ANY_ASSET,Households owning any asset (physical or financial),rate,99.7,percent,current prices (nominal),households,India,,,other,urban,All-India,,,500_final.pdf,https://www.mospi.gov.in/sites/default/files/publication_reports/500_final.pdf,Statement 6: Percentage (P) of households owning assets and average value of total assets (AVA) owned as on 30.6.02: all-India,PDF p.22 (printed p.16),OK,
D9-00701,9,"NSS Report No. 500 (59/18.2/1) Household Assets and Liabilities in India (as on 30.06.2002), NSS 59th round, November 2005 (exact day not stated)",,"AIDIS 2003, NSS 59th round (January - December 2003)",2003-01-01,2003-12-31,2002-06-30,AVA_TOTAL,Average value of assets (AVA) owned per household,mean,339002,INR_per_household,current prices (nominal),households,India,,,other,urban,All-India,,,500_final.pdf,https://www.mospi.gov.in/sites/default/files/publication_reports/500_final.pdf,Statement 6: Percentage (P) of households owning assets and average value of total assets (AVA) owned as on 30.6.02: all-India,PDF p.22 (printed p.16),OK,"Includes household durables, bullion and ornaments; land/buildings as reported by informant (see NOTES.md; not comparable with 70th/77th)."
D9-00702,9,"NSS Report No. 500 (59/18.2/1) Household Assets and Liabilities in India (as on 30.06.2002), NSS 59th round, November 2005 (exact day not stated)",,"AIDIS 2003, NSS 59th round (January - December 2003)",2003-01-01,2003-12-31,2002-06-30,PCT_HH_OWNING_ANY_ASSET,Households owning any asset (physical or financial),rate,99.8,percent,current prices (nominal),households,India,,,all,urban,All-India,,,500_final.pdf,https://www.mospi.gov.in/sites/default/files/publication_reports/500_final.pdf,Statement 6: Percentage (P) of households owning assets and average value of total assets (AVA) owned as on 30.6.02: all-India,PDF p.22 (printed p.16),OK,
D9-00703,9,"NSS Report No. 500 (59/18.2/1) Household Assets and Liabilities in India (as on 30.06.2002), NSS 59th round, November 2005 (exact day not stated)",,"AIDIS 2003, NSS 59th round (January - December 2003)",2003-01-01,2003-12-31,2002-06-30,AVA_TOTAL,Average value of assets (AVA) owned per household,mean,417158,INR_per_household,current prices (nominal),households,India,,,all,urban,All-India,,,500_final.pdf,https://www.mospi.gov.in/sites/default/files/publication_reports/500_final.pdf,Statement 6: Percentage (P) of households owning assets and average value of total assets (AVA) owned as on 30.6.02: all-India,PDF p.22 (printed p.16),OK,"Includes household durables, bullion and ornaments; land/buildings as reported by informant (see NOTES.md; not comparable with 70th/77th)."
D9-00704,9,"NSS Report No. 500 (59/18.2/1) Household Assets and Liabilities in India (as on 30.06.2002), NSS 59th round, November 2005 (exact day not stated)",,"AIDIS 2003, NSS 59th round (January - December 2003)",2003-01-01,2003-12-31,2002-06-30,IOI,Incidence of indebtedness (IOI): % of households indebted,rate,29.7,percent,current prices (nominal),households,India,,,cultivator,rural,All-India,,,500_final.pdf,https://www.mospi.gov.in/sites/default/files/publication_reports/500_final.pdf,Statement 22: Incidence of indebtedness (IOI) and average amount of debt per household (AOD) as on 30.6.02: all-India,PDF p.36 (printed p.30),OK,
D9-00705,9,"NSS Report No. 500 (59/18.2/1) Household Assets and Liabilities in India (as on 30.06.2002), NSS 59th round, November 2005 (exact day not stated)",,"AIDIS 2003, NSS 59th round (January - December 2003)",2003-01-01,2003-12-31,2002-06-30,AOD,Average amount of debt (AOD) per household (cash dues),mean,9261,INR_per_household,current prices (nominal),households,India,,,cultivator,rural,All-India,,,500_final.pdf,https://www.mospi.gov.in/sites/default/files/publication_reports/500_final.pdf,Statement 22: Incidence of indebtedness (IOI) and average amount of debt per household (AOD) as on 30.6.02: all-India,PDF p.36 (printed p.30),OK,
D9-00706,9,"NSS Report No. 500 (59/18.2/1) Household Assets and Liabilities in India (as on 30.06.2002), NSS 59th round, November 2005 (exact day not stated)",,"AIDIS 2003, NSS 59th round (January - December 2003)",2003-01-01,2003-12-31,2002-06-30,AODL,Average amount of debt per indebted household,mean,31182,INR_per_indebted_household,current prices (nominal),indebted households,India,,,cultivator,rural,All-India,,,500_final.pdf,https://www.mospi.gov.in/sites/default/files/publication_reports/500_final.pdf,Statement 22: Incidence of indebtedness (IOI) and average amount of debt per household (AOD) as on 30.6.02: all-India,PDF p.36 (printed p.30),OK,
D9-00707,9,"NSS Report No. 500 (59/18.2/1) Household Assets and Liabilities in India (as on 30.06.2002), NSS 59th round, November 2005 (exact day not stated)",,"AIDIS 2003, NSS 59th round (January - December 2003)",2003-01-01,2003-12-31,2002-06-30,IOI,Incidence of indebtedness (IOI): % of households indebted,rate,21.8,percent,current prices (nominal),households,India,,,non-cultivator,rural,All-India,,,500_final.pdf,https://www.mospi.gov.in/sites/default/files/publication_reports/500_final.pdf,Statement 22: Incidence of indebtedness (IOI) and average amount of debt per household (AOD) as on 30.6.02: all-India,PDF p.36 (printed p.30),OK,
D9-00708,9,"NSS Report No. 500 (59/18.2/1) Household Assets and Liabilities in India (as on 30.06.2002), NSS 59th round, November 2005 (exact day not stated)",,"AIDIS 2003, NSS 59th round (January - December 2003)",2003-01-01,2003-12-31,2002-06-30,AOD,Average amount of debt (AOD) per household (cash dues),mean,4991,INR_per_household,current prices (nominal),households,India,,,non-cultivator,rural,All-India,,,500_final.pdf,https://www.mospi.gov.in/sites/default/files/publication_reports/500_final.pdf,Statement 22: Incidence of indebtedness (IOI) and average amount of debt per household (AOD) as on 30.6.02: all-India,PDF p.36 (printed p.30),OK,
D9-00709,9,"NSS Report No. 500 (59/18.2/1) Household Assets and Liabilities in India (as on 30.06.2002), NSS 59th round, November 2005 (exact day not stated)",,"AIDIS 2003, NSS 59th round (January - December 2003)",2003-01-01,2003-12-31,2002-06-30,AODL,Average amount of debt per indebted household,mean,22894,INR_per_indebted_household,current prices (nominal),indebted households,India,,,non-cultivator,rural,All-India,,,500_final.pdf,https://www.mospi.gov.in/sites/default/files/publication_reports/500_final.pdf,Statement 22: Incidence of indebtedness (IOI) and average amount of debt per household (AOD) as on 30.6.02: all-India,PDF p.36 (printed p.30),OK,
D9-00710,9,"NSS Report No. 500 (59/18.2/1) Household Assets and Liabilities in India (as on 30.06.2002), NSS 59th round, November 2005 (exact day not stated)",,"AIDIS 2003, NSS 59th round (January - December 2003)",2003-01-01,2003-12-31,2002-06-30,IOI,Incidence of indebtedness (IOI): % of households indebted,rate,26.5,percent,current prices (nominal),households,India,,,all,rural,All-India,,,500_final.pdf,https://www.mospi.gov.in/sites/default/files/publication_reports/500_final.pdf,Statement 22: Incidence of indebtedness (IOI) and average amount of debt per household (AOD) as on 30.6.02: all-India,PDF p.36 (printed p.30),OK,
D9-00711,9,"NSS Report No. 500 (59/18.2/1) Household Assets and Liabilities in India (as on 30.06.2002), NSS 59th round, November 2005 (exact day not stated)",,"AIDIS 2003, NSS 59th round (January - December 2003)",2003-01-01,2003-12-31,2002-06-30,AOD,Average amount of debt (AOD) per household (cash dues),mean,7539,INR_per_household,current prices (nominal),households,India,,,all,rural,All-India,,,500_final.pdf,https://www.mospi.gov.in/sites/default/files/publication_reports/500_final.pdf,Statement 22: Incidence of indebtedness (IOI) and average amount of debt per household (AOD) as on 30.6.02: all-India,PDF p.36 (printed p.30),OK,
D9-00712,9,"NSS Report No. 500 (59/18.2/1) Household Assets and Liabilities in India (as on 30.06.2002), NSS 59th round, November 2005 (exact day not stated)",,"AIDIS 2003, NSS 59th round (January - December 2003)",2003-01-01,2003-12-31,2002-06-30,AODL,Average amount of debt per indebted household,mean,28449,INR_per_indebted_household,current prices (nominal),indebted households,India,,,all,rural,All-India,,,500_final.pdf,https://www.mospi.gov.in/sites/default/files/publication_reports/500_final.pdf,Statement 22: Incidence of indebtedness (IOI) and average amount of debt per household (AOD) as on 30.6.02: all-India,PDF p.36 (printed p.30),OK,
D9-00713,9,"NSS Report No. 500 (59/18.2/1) Household Assets and Liabilities in India (as on 30.06.2002), NSS 59th round, November 2005 (exact day not stated)",,"AIDIS 2003, NSS 59th round (January - December 2003)",2003-01-01,2003-12-31,2002-06-30,IOI,Incidence of indebtedness (IOI): % of households indebted,rate,17.9,percent,current prices (nominal),households,India,,,self-employed,urban,All-India,,,500_final.pdf,https://www.mospi.gov.in/sites/default/files/publication_reports/500_final.pdf,Statement 22: Incidence of indebtedness (IOI) and average amount of debt per household (AOD) as on 30.6.02: all-India,PDF p.36 (printed p.30),OK,
D9-00714,9,"NSS Report No. 500 (59/18.2/1) Household Assets and Liabilities in India (as on 30.06.2002), NSS 59th round, November 2005 (exact day not stated)",,"AIDIS 2003, NSS 59th round (January - December 2003)",2003-01-01,2003-12-31,2002-06-30,AOD,Average amount of debt (AOD) per household (cash dues),mean,12134,INR_per_household,current prices (nominal),households,India,,,self-employed,urban,All-India,,,500_final.pdf,https://www.mospi.gov.in/sites/default/files/publication_reports/500_final.pdf,Statement 22: Incidence of indebtedness (IOI) and average amount of debt per household (AOD) as on 30.6.02: all-India,PDF p.36 (printed p.30),OK,
D9-00715,9,"NSS Report No. 500 (59/18.2/1) Household Assets and Liabilities in India (as on 30.06.2002), NSS 59th round, November 2005 (exact day not stated)",,"AIDIS 2003, NSS 59th round (January - December 2003)",2003-01-01,2003-12-31,2002-06-30,AODL,Average amount of debt per indebted household,mean,67788,INR_per_indebted_household,current prices (nominal),indebted households,India,,,self-employed,urban,All-India,,,500_final.pdf,https://www.mospi.gov.in/sites/default/files/publication_reports/500_final.pdf,Statement 22: Incidence of indebtedness (IOI) and average amount of debt per household (AOD) as on 30.6.02: all-India,PDF p.36 (printed p.30),OK,
D9-00716,9,"NSS Report No. 500 (59/18.2/1) Household Assets and Liabilities in India (as on 30.06.2002), NSS 59th round, November 2005 (exact day not stated)",,"AIDIS 2003, NSS 59th round (January - December 2003)",2003-01-01,2003-12-31,2002-06-30,IOI,Incidence of indebtedness (IOI): % of households indebted,rate,17.8,percent,current prices (nominal),households,India,,,other,urban,All-India,,,500_final.pdf,https://www.mospi.gov.in/sites/default/files/publication_reports/500_final.pdf,Statement 22: Incidence of indebtedness (IOI) and average amount of debt per household (AOD) as on 30.6.02: all-India,PDF p.36 (printed p.30),OK,
D9-00717,9,"NSS Report No. 500 (59/18.2/1) Household Assets and Liabilities in India (as on 30.06.2002), NSS 59th round, November 2005 (exact day not stated)",,"AIDIS 2003, NSS 59th round (January - December 2003)",2003-01-01,2003-12-31,2002-06-30,AOD,Average amount of debt (AOD) per household (cash dues),mean,11577,INR_per_household,current prices (nominal),households,India,,,other,urban,All-India,,,500_final.pdf,https://www.mospi.gov.in/sites/default/files/publication_reports/500_final.pdf,Statement 22: Incidence of indebtedness (IOI) and average amount of debt per household (AOD) as on 30.6.02: all-India,PDF p.36 (printed p.30),OK,
D9-00718,9,"NSS Report No. 500 (59/18.2/1) Household Assets and Liabilities in India (as on 30.06.2002), NSS 59th round, November 2005 (exact day not stated)",,"AIDIS 2003, NSS 59th round (January - December 2003)",2003-01-01,2003-12-31,2002-06-30,AODL,Average amount of debt per indebted household,mean,65039,INR_per_indebted_household,current prices (nominal),indebted households,India,,,other,urban,All-India,,,500_final.pdf,https://www.mospi.gov.in/sites/default/files/publication_reports/500_final.pdf,Statement 22: Incidence of indebtedness (IOI) and average amount of debt per household (AOD) as on 30.6.02: all-India,PDF p.36 (printed p.30),OK,
D9-00719,9,"NSS Report No. 500 (59/18.2/1) Household Assets and Liabilities in India (as on 30.06.2002), NSS 59th round, November 2005 (exact day not stated)",,"AIDIS 2003, NSS 59th round (January - December 2003)",2003-01-01,2003-12-31,2002-06-30,IOI,Incidence of indebtedness (IOI): % of households indebted,rate,17.8,percent,current prices (nominal),households,India,,,all,urban,All-India,,,500_final.pdf,https://www.mospi.gov.in/sites/default/files/publication_reports/500_final.pdf,Statement 22: Incidence of indebtedness (IOI) and average amount of debt per household (AOD) as on 30.6.02: all-India,PDF p.36 (printed p.30),OK,
D9-00720,9,"NSS Report No. 500 (59/18.2/1) Household Assets and Liabilities in India (as on 30.06.2002), NSS 59th round, November 2005 (exact day not stated)",,"AIDIS 2003, NSS 59th round (January - December 2003)",2003-01-01,2003-12-31,2002-06-30,AOD,Average amount of debt (AOD) per household (cash dues),mean,11771,INR_per_household,current prices (nominal),households,India,,,all,urban,All-India,,,500_final.pdf,https://www.mospi.gov.in/sites/default/files/publication_reports/500_final.pdf,Statement 22: Incidence of indebtedness (IOI) and average amount of debt per household (AOD) as on 30.6.02: all-India,PDF p.36 (printed p.30),OK,
D9-00721,9,"NSS Report No. 500 (59/18.2/1) Household Assets and Liabilities in India (as on 30.06.2002), NSS 59th round, November 2005 (exact day not stated)",,"AIDIS 2003, NSS 59th round (January - December 2003)",2003-01-01,2003-12-31,2002-06-30,AODL,Average amount of debt per indebted household,mean,66129,INR_per_indebted_household,current prices (nominal),indebted households,India,,,all,urban,All-India,,,500_final.pdf,https://www.mospi.gov.in/sites/default/files/publication_reports/500_final.pdf,Statement 22: Incidence of indebtedness (IOI) and average amount of debt per household (AOD) as on 30.6.02: all-India,PDF p.36 (printed p.30),OK,
D9-00722,9,"NSS Report No. 500 (59/18.2/1) Household Assets and Liabilities in India (as on 30.06.2002), NSS 59th round, November 2005 (exact day not stated)",,"AIDIS 2003, NSS 59th round (January - December 2003)",2003-01-01,2003-12-31,2002-06-30,ASSET_SHARE,Share of asset component in total value of assets,share,68.1,percent,current prices (nominal),value of assets,India,,,cultivator,rural,All-India,land,,500_final.pdf,https://www.mospi.gov.in/sites/default/files/publication_reports/500_final.pdf,Statement 18: Percentage share of different components of assets in the total value of assets for each occupational category of households: all-India,PDF p.32 (printed p.26),OK,
D9-00723,9,"NSS Report No. 500 (59/18.2/1) Household Assets and Liabilities in India (as on 30.06.2002), NSS 59th round, November 2005 (exact day not stated)",,"AIDIS 2003, NSS 59th round (January - December 2003)",2003-01-01,2003-12-31,2002-06-30,ASSET_SHARE,Share of asset component in total value of assets,share,38.2,percent,current prices (nominal),value of assets,India,,,non-cultivator,rural,All-India,land,,500_final.pdf,https://www.mospi.gov.in/sites/default/files/publication_reports/500_final.pdf,Statement 18: Percentage share of different components of assets in the total value of assets for each occupational category of households: all-India,PDF p.32 (printed p.26),OK,
D9-00724,9,"NSS Report No. 500 (59/18.2/1) Household Assets and Liabilities in India (as on 30.06.2002), NSS 59th round, November 2005 (exact day not stated)",,"AIDIS 2003, NSS 59th round (January - December 2003)",2003-01-01,2003-12-31,2002-06-30,ASSET_SHARE,Share of asset component in total value of assets,share,63.2,percent,current prices (nominal),value of assets,India,,,all,rural,All-India,land,,500_final.pdf,https://www.mospi.gov.in/sites/default/files/publication_reports/500_final.pdf,Statement 18: Percentage share of different components of assets in the total value of assets for each occupational category of households: all-India,PDF p.32 (printed p.26),OK,
D9-00725,9,"NSS Report No. 500 (59/18.2/1) Household Assets and Liabilities in India (as on 30.06.2002), NSS 59th round, November 2005 (exact day not stated)",,"AIDIS 2003, NSS 59th round (January - December 2003)",2003-01-01,2003-12-31,2002-06-30,ASSET_SHARE,Share of asset component in total value of assets,share,42.5,percent,current prices (nominal),value of assets,India,,,self-employed,urban,All-India,land,,500_final.pdf,https://www.mospi.gov.in/sites/default/files/publication_reports/500_final.pdf,Statement 18: Percentage share of different components of assets in the total value of assets for each occupational category of households: all-India,PDF p.32 (printed p.26),OK,
D9-00726,9,"NSS Report No. 500 (59/18.2/1) Household Assets and Liabilities in India (as on 30.06.2002), NSS 59th round, November 2005 (exact day not stated)",,"AIDIS 2003, NSS 59th round (January - December 2003)",2003-01-01,2003-12-31,2002-06-30,ASSET_SHARE,Share of asset component in total value of assets,share,34.8,percent,current prices (nominal),value of assets,India,,,other,urban,All-India,land,,500_final.pdf,https://www.mospi.gov.in/sites/default/files/publication_reports/500_final.pdf,Statement 18: Percentage share of different components of assets in the total value of assets for each occupational category of households: all-India,PDF p.32 (printed p.26),OK,
D9-00727,9,"NSS Report No. 500 (59/18.2/1) Household Assets and Liabilities in India (as on 30.06.2002), NSS 59th round, November 2005 (exact day not stated)",,"AIDIS 2003, NSS 59th round (January - December 2003)",2003-01-01,2003-12-31,2002-06-30,ASSET_SHARE,Share of asset component in total value of assets,share,38.5,percent,current prices (nominal),value of assets,India,,,all,urban,All-India,land,,500_final.pdf,https://www.mospi.gov.in/sites/default/files/publication_reports/500_final.pdf,Statement 18: Percentage share of different components of assets in the total value of assets for each occupational category of households: all-India,PDF p.32 (printed p.26),OK,
D9-00728,9,"NSS Report No. 500 (59/18.2/1) Household Assets and Liabilities in India (as on 30.06.2002), NSS 59th round, November 2005 (exact day not stated)",,"AIDIS 2003, NSS 59th round (January - December 2003)",2003-01-01,2003-12-31,2002-06-30,ASSET_SHARE,Share of asset component in total value of assets,share,20.1,percent,current prices (nominal),value of assets,India,,,cultivator,rural,All-India,building,,500_final.pdf,https://www.mospi.gov.in/sites/default/files/publication_reports/500_final.pdf,Statement 18: Percentage share of different components of assets in the total value of assets for each occupational category of households: all-India,PDF p.32 (printed p.26),OK,
D9-00729,9,"NSS Report No. 500 (59/18.2/1) Household Assets and Liabilities in India (as on 30.06.2002), NSS 59th round, November 2005 (exact day not stated)",,"AIDIS 2003, NSS 59th round (January - December 2003)",2003-01-01,2003-12-31,2002-06-30,ASSET_SHARE,Share of asset component in total value of assets,share,41.4,percent,current prices (nominal),value of assets,India,,,non-cultivator,rural,All-India,building,,500_final.pdf,https://www.mospi.gov.in/sites/default/files/publication_reports/500_final.pdf,Statement 18: Percentage share of different components of assets in the total value of assets for each occupational category of households: all-India,PDF p.32 (printed p.26),OK,
D9-00730,9,"NSS Report No. 500 (59/18.2/1) Household Assets and Liabilities in India (as on 30.06.2002), NSS 59th round, November 2005 (exact day not stated)",,"AIDIS 2003, NSS 59th round (January - December 2003)",2003-01-01,2003-12-31,2002-06-30,ASSET_SHARE,Share of asset component in total value of assets,share,23.5,percent,current prices (nominal),value of assets,India,,,all,rural,All-India,building,,500_final.pdf,https://www.mospi.gov.in/sites/default/files/publication_reports/500_final.pdf,Statement 18: Percentage share of different components of assets in the total value of assets for each occupational category of households: all-India,PDF p.32 (printed p.26),OK,
D9-00731,9,"NSS Report No. 500 (59/18.2/1) Household Assets and Liabilities in India (as on 30.06.2002), NSS 59th round, November 2005 (exact day not stated)",,"AIDIS 2003, NSS 59th round (January - December 2003)",2003-01-01,2003-12-31,2002-06-30,ASSET_SHARE,Share of asset component in total value of assets,share,37.2,percent,current prices (nominal),value of assets,India,,,self-employed,urban,All-India,building,,500_final.pdf,https://www.mospi.gov.in/sites/default/files/publication_reports/500_final.pdf,Statement 18: Percentage share of different components of assets in the total value of assets for each occupational category of households: all-India,PDF p.32 (printed p.26),OK,
D9-00732,9,"NSS Report No. 500 (59/18.2/1) Household Assets and Liabilities in India (as on 30.06.2002), NSS 59th round, November 2005 (exact day not stated)",,"AIDIS 2003, NSS 59th round (January - December 2003)",2003-01-01,2003-12-31,2002-06-30,ASSET_SHARE,Share of asset component in total value of assets,share,38.4,percent,current prices (nominal),value of assets,India,,,other,urban,All-India,building,,500_final.pdf,https://www.mospi.gov.in/sites/default/files/publication_reports/500_final.pdf,Statement 18: Percentage share of different components of assets in the total value of assets for each occupational category of households: all-India,PDF p.32 (printed p.26),OK,
D9-00733,9,"NSS Report No. 500 (59/18.2/1) Household Assets and Liabilities in India (as on 30.06.2002), NSS 59th round, November 2005 (exact day not stated)",,"AIDIS 2003, NSS 59th round (January - December 2003)",2003-01-01,2003-12-31,2002-06-30,ASSET_SHARE,Share of asset component in total value of assets,share,37.8,percent,current prices (nominal),value of assets,India,,,all,urban,All-India,building,,500_final.pdf,https://www.mospi.gov.in/sites/default/files/publication_reports/500_final.pdf,Statement 18: Percentage share of different components of assets in the total value of assets for each occupational category of households: all-India,PDF p.32 (printed p.26),OK,
D9-00734,9,"NSS Report No. 500 (59/18.2/1) Household Assets and Liabilities in India (as on 30.06.2002), NSS 59th round, November 2005 (exact day not stated)",,"AIDIS 2003, NSS 59th round (January - December 2003)",2003-01-01,2003-12-31,2002-06-30,ASSET_SHARE,Share of asset component in total value of assets,share,2.3,percent,current prices (nominal),value of assets,India,,,cultivator,rural,All-India,livestock & poultry,,500_final.pdf,https://www.mospi.gov.in/sites/default/files/publication_reports/500_final.pdf,Statement 18: Percentage share of different components of assets in the total value of assets for each occupational category of households: all-India,PDF p.32 (printed p.26),OK,
D9-00735,9,"NSS Report No. 500 (59/18.2/1) Household Assets and Liabilities in India (as on 30.06.2002), NSS 59th round, November 2005 (exact day not stated)",,"AIDIS 2003, NSS 59th round (January - December 2003)",2003-01-01,2003-12-31,2002-06-30,ASSET_SHARE,Share of asset component in total value of assets,share,1.3,percent,current prices (nominal),value of assets,India,,,non-cultivator,rural,All-India,livestock & poultry,,500_final.pdf,https://www.mospi.gov.in/sites/default/files/publication_reports/500_final.pdf,Statement 18: Percentage share of different components of assets in the total value of assets for each occupational category of households: all-India,PDF p.32 (printed p.26),OK,
D9-00736,9,"NSS Report No. 500 (59/18.2/1) Household Assets and Liabilities in India (as on 30.06.2002), NSS 59th round, November 2005 (exact day not stated)",,"AIDIS 2003, NSS 59th round (January - December 2003)",2003-01-01,2003-12-31,2002-06-30,ASSET_SHARE,Share of asset component in total value of assets,share,2.1,percent,current prices (nominal),value of assets,India,,,all,rural,All-India,livestock & poultry,,500_final.pdf,https://www.mospi.gov.in/sites/default/files/publication_reports/500_final.pdf,Statement 18: Percentage share of different components of assets in the total value of assets for each occupational category of households: all-India,PDF p.32 (printed p.26),OK,
D9-00737,9,"NSS Report No. 500 (59/18.2/1) Household Assets and Liabilities in India (as on 30.06.2002), NSS 59th round, November 2005 (exact day not stated)",,"AIDIS 2003, NSS 59th round (January - December 2003)",2003-01-01,2003-12-31,2002-06-30,ASSET_SHARE,Share of asset component in total value of assets,share,0.3,percent,current prices (nominal),value of assets,India,,,self-employed,urban,All-India,livestock & poultry,,500_final.pdf,https://www.mospi.gov.in/sites/default/files/publication_reports/500_final.pdf,Statement 18: Percentage share of different components of assets in the total value of assets for each occupational category of households: all-India,PDF p.32 (printed p.26),OK,
D9-00738,9,"NSS Report No. 500 (59/18.2/1) Household Assets and Liabilities in India (as on 30.06.2002), NSS 59th round, November 2005 (exact day not stated)",,"AIDIS 2003, NSS 59th round (January - December 2003)",2003-01-01,2003-12-31,2002-06-30,ASSET_SHARE,Share of asset component in total value of assets,share,0.1,percent,current prices (nominal),value of assets,India,,,other,urban,All-India,livestock & poultry,,500_final.pdf,https://www.mospi.gov.in/sites/default/files/publication_reports/500_final.pdf,Statement 18: Percentage share of different components of assets in the total value of assets for each occupational category of households: all-India,PDF p.32 (printed p.26),OK,
D9-00739,9,"NSS Report No. 500 (59/18.2/1) Household Assets and Liabilities in India (as on 30.06.2002), NSS 59th round, November 2005 (exact day not stated)",,"AIDIS 2003, NSS 59th round (January - December 2003)",2003-01-01,2003-12-31,2002-06-30,ASSET_SHARE,Share of asset component in total value of assets,share,0.2,percent,current prices (nominal),value of assets,India,,,all,urban,All-India,livestock & poultry,,500_final.pdf,https://www.mospi.gov.in/sites/default/files/publication_reports/500_final.pdf,Statement 18: Percentage share of different components of assets in the total value of assets for each occupational category of households: all-India,PDF p.32 (printed p.26),OK,
D9-00740,9,"NSS Report No. 500 (59/18.2/1) Household Assets and Liabilities in India (as on 30.06.2002), NSS 59th round, November 2005 (exact day not stated)",,"AIDIS 2003, NSS 59th round (January - December 2003)",2003-01-01,2003-12-31,2002-06-30,ASSET_SHARE,Share of asset component in total value of assets,share,2.3,percent,current prices (nominal),value of assets,India,,,cultivator,rural,All-India,agricultural machinery & equipment,,500_final.pdf,https://www.mospi.gov.in/sites/default/files/publication_reports/500_final.pdf,Statement 18: Percentage share of different components of assets in the total value of assets for each occupational category of households: all-India,PDF p.32 (printed p.26),OK,
D9-00741,9,"NSS Report No. 500 (59/18.2/1) Household Assets and Liabilities in India (as on 30.06.2002), NSS 59th round, November 2005 (exact day not stated)",,"AIDIS 2003, NSS 59th round (January - December 2003)",2003-01-01,2003-12-31,2002-06-30,ASSET_SHARE,Share of asset component in total value of assets,share,0.4,percent,current prices (nominal),value of assets,India,,,non-cultivator,rural,All-India,agricultural machinery & equipment,,500_final.pdf,https://www.mospi.gov.in/sites/default/files/publication_reports/500_final.pdf,Statement 18: Percentage share of different components of assets in the total value of assets for each occupational category of households: all-India,PDF p.32 (printed p.26),OK,
D9-00742,9,"NSS Report No. 500 (59/18.2/1) Household Assets and Liabilities in India (as on 30.06.2002), NSS 59th round, November 2005 (exact day not stated)",,"AIDIS 2003, NSS 59th round (January - December 2003)",2003-01-01,2003-12-31,2002-06-30,ASSET_SHARE,Share of asset component in total value of assets,share,2,percent,current prices (nominal),value of assets,India,,,all,rural,All-India,agricultural machinery & equipment,,500_final.pdf,https://www.mospi.gov.in/sites/default/files/publication_reports/500_final.pdf,Statement 18: Percentage share of different components of assets in the total value of assets for each occupational category of households: all-India,PDF p.32 (printed p.26),OK,
D9-00743,9,"NSS Report No. 500 (59/18.2/1) Household Assets and Liabilities in India (as on 30.06.2002), NSS 59th round, November 2005 (exact day not stated)",,"AIDIS 2003, NSS 59th round (January - December 2003)",2003-01-01,2003-12-31,2002-06-30,ASSET_SHARE,Share of asset component in total value of assets,share,0.4,percent,current prices (nominal),value of assets,India,,,self-employed,urban,All-India,agricultural machinery & equipment,,500_final.pdf,https://www.mospi.gov.in/sites/default/files/publication_reports/500_final.pdf,Statement 18: Percentage share of different components of assets in the total value of assets for each occupational category of households: all-India,PDF p.32 (printed p.26),OK,
D9-00744,9,"NSS Report No. 500 (59/18.2/1) Household Assets and Liabilities in India (as on 30.06.2002), NSS 59th round, November 2005 (exact day not stated)",,"AIDIS 2003, NSS 59th round (January - December 2003)",2003-01-01,2003-12-31,2002-06-30,ASSET_SHARE,Share of asset component in total value of assets,share,0.1,percent,current prices (nominal),value of assets,India,,,other,urban,All-India,agricultural machinery & equipment,,500_final.pdf,https://www.mospi.gov.in/sites/default/files/publication_reports/500_final.pdf,Statement 18: Percentage share of different components of assets in the total value of assets for each occupational category of households: all-India,PDF p.32 (printed p.26),OK,
D9-00745,9,"NSS Report No. 500 (59/18.2/1) Household Assets and Liabilities in India (as on 30.06.2002), NSS 59th round, November 2005 (exact day not stated)",,"AIDIS 2003, NSS 59th round (January - December 2003)",2003-01-01,2003-12-31,2002-06-30,ASSET_SHARE,Share of asset component in total value of assets,share,0.2,percent,current prices (nominal),value of assets,India,,,all,urban,All-India,agricultural machinery & equipment,,500_final.pdf,https://www.mospi.gov.in/sites/default/files/publication_reports/500_final.pdf,Statement 18: Percentage share of different components of assets in the total value of assets for each occupational category of households: all-India,PDF p.32 (printed p.26),OK,
D9-00746,9,"NSS Report No. 500 (59/18.2/1) Household Assets and Liabilities in India (as on 30.06.2002), NSS 59th round, November 2005 (exact day not stated)",,"AIDIS 2003, NSS 59th round (January - December 2003)",2003-01-01,2003-12-31,2002-06-30,ASSET_SHARE,Share of asset component in total value of assets,share,0.2,percent,current prices (nominal),value of assets,India,,,cultivator,rural,All-India,non-farm business equipment,,500_final.pdf,https://www.mospi.gov.in/sites/default/files/publication_reports/500_final.pdf,Statement 18: Percentage share of different components of assets in the total value of assets for each occupational category of households: all-India,PDF p.32 (printed p.26),OK,
D9-00747,9,"NSS Report No. 500 (59/18.2/1) Household Assets and Liabilities in India (as on 30.06.2002), NSS 59th round, November 2005 (exact day not stated)",,"AIDIS 2003, NSS 59th round (January - December 2003)",2003-01-01,2003-12-31,2002-06-30,ASSET_SHARE,Share of asset component in total value of assets,share,0.9,percent,current prices (nominal),value of assets,India,,,non-cultivator,rural,All-India,non-farm business equipment,,500_final.pdf,https://www.mospi.gov.in/sites/default/files/publication_reports/500_final.pdf,Statement 18: Percentage share of different components of assets in the total value of assets for each occupational category of households: all-India,PDF p.32 (printed p.26),OK,
D9-00748,9,"NSS Report No. 500 (59/18.2/1) Household Assets and Liabilities in India (as on 30.06.2002), NSS 59th round, November 2005 (exact day not stated)",,"AIDIS 2003, NSS 59th round (January - December 2003)",2003-01-01,2003-12-31,2002-06-30,ASSET_SHARE,Share of asset component in total value of assets,share,0.3,percent,current prices (nominal),value of assets,India,,,all,rural,All-India,non-farm business equipment,,500_final.pdf,https://www.mospi.gov.in/sites/default/files/publication_reports/500_final.pdf,Statement 18: Percentage share of different components of assets in the total value of assets for each occupational category of households: all-India,PDF p.32 (printed p.26),OK,
D9-00749,9,"NSS Report No. 500 (59/18.2/1) Household Assets and Liabilities in India (as on 30.06.2002), NSS 59th round, November 2005 (exact day not stated)",,"AIDIS 2003, NSS 59th round (January - December 2003)",2003-01-01,2003-12-31,2002-06-30,ASSET_SHARE,Share of asset component in total value of assets,share,2.7,percent,current prices (nominal),value of assets,India,,,self-employed,urban,All-India,non-farm business equipment,,500_final.pdf,https://www.mospi.gov.in/sites/default/files/publication_reports/500_final.pdf,Statement 18: Percentage share of different components of assets in the total value of assets for each occupational category of households: all-India,PDF p.32 (printed p.26),OK,
D9-00750,9,"NSS Report No. 500 (59/18.2/1) Household Assets and Liabilities in India (as on 30.06.2002), NSS 59th round, November 2005 (exact day not stated)",,"AIDIS 2003, NSS 59th round (January - December 2003)",2003-01-01,2003-12-31,2002-06-30,ASSET_SHARE,Share of asset component in total value of assets,share,0.2,percent,current prices (nominal),value of assets,India,,,other,urban,All-India,non-farm business equipment,,500_final.pdf,https://www.mospi.gov.in/sites/default/files/publication_reports/500_final.pdf,Statement 18: Percentage share of different components of assets in the total value of assets for each occupational category of households: all-India,PDF p.32 (printed p.26),OK,
D9-00751,9,"NSS Report No. 500 (59/18.2/1) Household Assets and Liabilities in India (as on 30.06.2002), NSS 59th round, November 2005 (exact day not stated)",,"AIDIS 2003, NSS 59th round (January - December 2003)",2003-01-01,2003-12-31,2002-06-30,ASSET_SHARE,Share of asset component in total value of assets,share,1.4,percent,current prices (nominal),value of assets,India,,,all,urban,All-India,non-farm business equipment,,500_final.pdf,https://www.mospi.gov.in/sites/default/files/publication_reports/500_final.pdf,Statement 18: Percentage share of different components of assets in the total value of assets for each occupational category of households: all-India,PDF p.32 (printed p.26),OK,
D9-00752,9,"NSS Report No. 500 (59/18.2/1) Household Assets and Liabilities in India (as on 30.06.2002), NSS 59th round, November 2005 (exact day not stated)",,"AIDIS 2003, NSS 59th round (January - December 2003)",2003-01-01,2003-12-31,2002-06-30,ASSET_SHARE,Share of asset component in total value of assets,share,1.3,percent,current prices (nominal),value of assets,India,,,cultivator,rural,All-India,all transport equipment,,500_final.pdf,https://www.mospi.gov.in/sites/default/files/publication_reports/500_final.pdf,Statement 18: Percentage share of different components of assets in the total value of assets for each occupational category of households: all-India,PDF p.32 (printed p.26),OK,
D9-00753,9,"NSS Report No. 500 (59/18.2/1) Household Assets and Liabilities in India (as on 30.06.2002), NSS 59th round, November 2005 (exact day not stated)",,"AIDIS 2003, NSS 59th round (January - December 2003)",2003-01-01,2003-12-31,2002-06-30,ASSET_SHARE,Share of asset component in total value of assets,share,2.1,percent,current prices (nominal),value of assets,India,,,non-cultivator,rural,All-India,all transport equipment,,500_final.pdf,https://www.mospi.gov.in/sites/default/files/publication_reports/500_final.pdf,Statement 18: Percentage share of different components of assets in the total value of assets for each occupational category of households: all-India,PDF p.32 (printed p.26),OK,
D9-00754,9,"NSS Report No. 500 (59/18.2/1) Household Assets and Liabilities in India (as on 30.06.2002), NSS 59th round, November 2005 (exact day not stated)",,"AIDIS 2003, NSS 59th round (January - December 2003)",2003-01-01,2003-12-31,2002-06-30,ASSET_SHARE,Share of asset component in total value of assets,share,1.4,percent,current prices (nominal),value of assets,India,,,all,rural,All-India,all transport equipment,,500_final.pdf,https://www.mospi.gov.in/sites/default/files/publication_reports/500_final.pdf,Statement 18: Percentage share of different components of assets in the total value of assets for each occupational category of households: all-India,PDF p.32 (printed p.26),OK,
D9-00755,9,"NSS Report No. 500 (59/18.2/1) Household Assets and Liabilities in India (as on 30.06.2002), NSS 59th round, November 2005 (exact day not stated)",,"AIDIS 2003, NSS 59th round (January - December 2003)",2003-01-01,2003-12-31,2002-06-30,ASSET_SHARE,Share of asset component in total value of assets,share,4.9,percent,current prices (nominal),value of assets,India,,,self-employed,urban,All-India,all transport equipment,,500_final.pdf,https://www.mospi.gov.in/sites/default/files/publication_reports/500_final.pdf,Statement 18: Percentage share of different components of assets in the total value of assets for each occupational category of households: all-India,PDF p.32 (printed p.26),OK,
D9-00756,9,"NSS Report No. 500 (59/18.2/1) Household Assets and Liabilities in India (as on 30.06.2002), NSS 59th round, November 2005 (exact day not stated)",,"AIDIS 2003, NSS 59th round (January - December 2003)",2003-01-01,2003-12-31,2002-06-30,ASSET_SHARE,Share of asset component in total value of assets,share,2.9,percent,current prices (nominal),value of assets,India,,,other,urban,All-India,all transport equipment,,500_final.pdf,https://www.mospi.gov.in/sites/default/files/publication_reports/500_final.pdf,Statement 18: Percentage share of different components of assets in the total value of assets for each occupational category of households: all-India,PDF p.32 (printed p.26),OK,
D9-00757,9,"NSS Report No. 500 (59/18.2/1) Household Assets and Liabilities in India (as on 30.06.2002), NSS 59th round, November 2005 (exact day not stated)",,"AIDIS 2003, NSS 59th round (January - December 2003)",2003-01-01,2003-12-31,2002-06-30,ASSET_SHARE,Share of asset component in total value of assets,share,3.9,percent,current prices (nominal),value of assets,India,,,all,urban,All-India,all transport equipment,,500_final.pdf,https://www.mospi.gov.in/sites/default/files/publication_reports/500_final.pdf,Statement 18: Percentage share of different components of assets in the total value of assets for each occupational category of households: all-India,PDF p.32 (printed p.26),OK,
D9-00758,9,"NSS Report No. 500 (59/18.2/1) Household Assets and Liabilities in India (as on 30.06.2002), NSS 59th round, November 2005 (exact day not stated)",,"AIDIS 2003, NSS 59th round (January - December 2003)",2003-01-01,2003-12-31,2002-06-30,ASSET_SHARE,Share of asset component in total value of assets,share,4.2,percent,current prices (nominal),value of assets,India,,,cultivator,rural,All-India,household durable assets,,500_final.pdf,https://www.mospi.gov.in/sites/default/files/publication_reports/500_final.pdf,Statement 18: Percentage share of different components of assets in the total value of assets for each occupational category of households: all-India,PDF p.32 (printed p.26),OK,"Includes ""household durable assets"" (incl. bullion and ornaments) as an asset category - not present in 70th/77th."
D9-00759,9,"NSS Report No. 500 (59/18.2/1) Household Assets and Liabilities in India (as on 30.06.2002), NSS 59th round, November 2005 (exact day not stated)",,"AIDIS 2003, NSS 59th round (January - December 2003)",2003-01-01,2003-12-31,2002-06-30,ASSET_SHARE,Share of asset component in total value of assets,share,10,percent,current prices (nominal),value of assets,India,,,non-cultivator,rural,All-India,household durable assets,,500_final.pdf,https://www.mospi.gov.in/sites/default/files/publication_reports/500_final.pdf,Statement 18: Percentage share of different components of assets in the total value of assets for each occupational category of households: all-India,PDF p.32 (printed p.26),OK,"Includes ""household durable assets"" (incl. bullion and ornaments) as an asset category - not present in 70th/77th."
D9-00760,9,"NSS Report No. 500 (59/18.2/1) Household Assets and Liabilities in India (as on 30.06.2002), NSS 59th round, November 2005 (exact day not stated)",,"AIDIS 2003, NSS 59th round (January - December 2003)",2003-01-01,2003-12-31,2002-06-30,ASSET_SHARE,Share of asset component in total value of assets,share,5.1,percent,current prices (nominal),value of assets,India,,,all,rural,All-India,household durable assets,,500_final.pdf,https://www.mospi.gov.in/sites/default/files/publication_reports/500_final.pdf,Statement 18: Percentage share of different components of assets in the total value of assets for each occupational category of households: all-India,PDF p.32 (printed p.26),OK,"Includes ""household durable assets"" (incl. bullion and ornaments) as an asset category - not present in 70th/77th."
D9-00761,9,"NSS Report No. 500 (59/18.2/1) Household Assets and Liabilities in India (as on 30.06.2002), NSS 59th round, November 2005 (exact day not stated)",,"AIDIS 2003, NSS 59th round (January - December 2003)",2003-01-01,2003-12-31,2002-06-30,ASSET_SHARE,Share of asset component in total value of assets,share,7.2,percent,current prices (nominal),value of assets,India,,,self-employed,urban,All-India,household durable assets,,500_final.pdf,https://www.mospi.gov.in/sites/default/files/publication_reports/500_final.pdf,Statement 18: Percentage share of different components of assets in the total value of assets for each occupational category of households: all-India,PDF p.32 (printed p.26),OK,"Includes ""household durable assets"" (incl. bullion and ornaments) as an asset category - not present in 70th/77th."
D9-00762,9,"NSS Report No. 500 (59/18.2/1) Household Assets and Liabilities in India (as on 30.06.2002), NSS 59th round, November 2005 (exact day not stated)",,"AIDIS 2003, NSS 59th round (January - December 2003)",2003-01-01,2003-12-31,2002-06-30,ASSET_SHARE,Share of asset component in total value of assets,share,9.5,percent,current prices (nominal),value of assets,India,,,other,urban,All-India,household durable assets,,500_final.pdf,https://www.mospi.gov.in/sites/default/files/publication_reports/500_final.pdf,Statement 18: Percentage share of different components of assets in the total value of assets for each occupational category of households: all-India,PDF p.32 (printed p.26),OK,"Includes ""household durable assets"" (incl. bullion and ornaments) as an asset category - not present in 70th/77th."
D9-00763,9,"NSS Report No. 500 (59/18.2/1) Household Assets and Liabilities in India (as on 30.06.2002), NSS 59th round, November 2005 (exact day not stated)",,"AIDIS 2003, NSS 59th round (January - December 2003)",2003-01-01,2003-12-31,2002-06-30,ASSET_SHARE,Share of asset component in total value of assets,share,8.4,percent,current prices (nominal),value of assets,India,,,all,urban,All-India,household durable assets,,500_final.pdf,https://www.mospi.gov.in/sites/default/files/publication_reports/500_final.pdf,Statement 18: Percentage share of different components of assets in the total value of assets for each occupational category of households: all-India,PDF p.32 (printed p.26),OK,"Includes ""household durable assets"" (incl. bullion and ornaments) as an asset category - not present in 70th/77th."
D9-00764,9,"NSS Report No. 500 (59/18.2/1) Household Assets and Liabilities in India (as on 30.06.2002), NSS 59th round, November 2005 (exact day not stated)",,"AIDIS 2003, NSS 59th round (January - December 2003)",2003-01-01,2003-12-31,2002-06-30,ASSET_SHARE,Share of asset component in total value of assets,share,0.1,percent,current prices (nominal),value of assets,India,,,cultivator,rural,All-India,shares etc.,,500_final.pdf,https://www.mospi.gov.in/sites/default/files/publication_reports/500_final.pdf,Statement 18: Percentage share of different components of assets in the total value of assets for each occupational category of households: all-India,PDF p.32 (printed p.26),OK,
D9-00765,9,"NSS Report No. 500 (59/18.2/1) Household Assets and Liabilities in India (as on 30.06.2002), NSS 59th round, November 2005 (exact day not stated)",,"AIDIS 2003, NSS 59th round (January - December 2003)",2003-01-01,2003-12-31,2002-06-30,ASSET_SHARE,Share of asset component in total value of assets,share,0.1,percent,current prices (nominal),value of assets,India,,,non-cultivator,rural,All-India,shares etc.,,500_final.pdf,https://www.mospi.gov.in/sites/default/files/publication_reports/500_final.pdf,Statement 18: Percentage share of different components of assets in the total value of assets for each occupational category of households: all-India,PDF p.32 (printed p.26),OK,
D9-00766,9,"NSS Report No. 500 (59/18.2/1) Household Assets and Liabilities in India (as on 30.06.2002), NSS 59th round, November 2005 (exact day not stated)",,"AIDIS 2003, NSS 59th round (January - December 2003)",2003-01-01,2003-12-31,2002-06-30,ASSET_SHARE,Share of asset component in total value of assets,share,0.1,percent,current prices (nominal),value of assets,India,,,all,rural,All-India,shares etc.,,500_final.pdf,https://www.mospi.gov.in/sites/default/files/publication_reports/500_final.pdf,Statement 18: Percentage share of different components of assets in the total value of assets for each occupational category of households: all-India,PDF p.32 (printed p.26),OK,
D9-00767,9,"NSS Report No. 500 (59/18.2/1) Household Assets and Liabilities in India (as on 30.06.2002), NSS 59th round, November 2005 (exact day not stated)",,"AIDIS 2003, NSS 59th round (January - December 2003)",2003-01-01,2003-12-31,2002-06-30,ASSET_SHARE,Share of asset component in total value of assets,share,0.2,percent,current prices (nominal),value of assets,India,,,self-employed,urban,All-India,shares etc.,,500_final.pdf,https://www.mospi.gov.in/sites/default/files/publication_reports/500_final.pdf,Statement 18: Percentage share of different components of assets in the total value of assets for each occupational category of households: all-India,PDF p.32 (printed p.26),OK,
D9-00768,9,"NSS Report No. 500 (59/18.2/1) Household Assets and Liabilities in India (as on 30.06.2002), NSS 59th round, November 2005 (exact day not stated)",,"AIDIS 2003, NSS 59th round (January - December 2003)",2003-01-01,2003-12-31,2002-06-30,ASSET_SHARE,Share of asset component in total value of assets,share,0.7,percent,current prices (nominal),value of assets,India,,,other,urban,All-India,shares etc.,,500_final.pdf,https://www.mospi.gov.in/sites/default/files/publication_reports/500_final.pdf,Statement 18: Percentage share of different components of assets in the total value of assets for each occupational category of households: all-India,PDF p.32 (printed p.26),OK,
D9-00769,9,"NSS Report No. 500 (59/18.2/1) Household Assets and Liabilities in India (as on 30.06.2002), NSS 59th round, November 2005 (exact day not stated)",,"AIDIS 2003, NSS 59th round (January - December 2003)",2003-01-01,2003-12-31,2002-06-30,ASSET_SHARE,Share of asset component in total value of assets,share,0.5,percent,current prices (nominal),value of assets,India,,,all,urban,All-India,shares etc.,,500_final.pdf,https://www.mospi.gov.in/sites/default/files/publication_reports/500_final.pdf,Statement 18: Percentage share of different components of assets in the total value of assets for each occupational category of households: all-India,PDF p.32 (printed p.26),OK,
D9-00770,9,"NSS Report No. 500 (59/18.2/1) Household Assets and Liabilities in India (as on 30.06.2002), NSS 59th round, November 2005 (exact day not stated)",,"AIDIS 2003, NSS 59th round (January - December 2003)",2003-01-01,2003-12-31,2002-06-30,ASSET_SHARE,Share of asset component in total value of assets,share,1.5,percent,current prices (nominal),value of assets,India,,,cultivator,rural,All-India,deposits etc.,,500_final.pdf,https://www.mospi.gov.in/sites/default/files/publication_reports/500_final.pdf,Statement 18: Percentage share of different components of assets in the total value of assets for each occupational category of households: all-India,PDF p.32 (printed p.26),OK,
D9-00771,9,"NSS Report No. 500 (59/18.2/1) Household Assets and Liabilities in India (as on 30.06.2002), NSS 59th round, November 2005 (exact day not stated)",,"AIDIS 2003, NSS 59th round (January - December 2003)",2003-01-01,2003-12-31,2002-06-30,ASSET_SHARE,Share of asset component in total value of assets,share,5.3,percent,current prices (nominal),value of assets,India,,,non-cultivator,rural,All-India,deposits etc.,,500_final.pdf,https://www.mospi.gov.in/sites/default/files/publication_reports/500_final.pdf,Statement 18: Percentage share of different components of assets in the total value of assets for each occupational category of households: all-India,PDF p.32 (printed p.26),OK,
D9-00772,9,"NSS Report No. 500 (59/18.2/1) Household Assets and Liabilities in India (as on 30.06.2002), NSS 59th round, November 2005 (exact day not stated)",,"AIDIS 2003, NSS 59th round (January - December 2003)",2003-01-01,2003-12-31,2002-06-30,ASSET_SHARE,Share of asset component in total value of assets,share,2.1,percent,current prices (nominal),value of assets,India,,,all,rural,All-India,deposits etc.,,500_final.pdf,https://www.mospi.gov.in/sites/default/files/publication_reports/500_final.pdf,Statement 18: Percentage share of different components of assets in the total value of assets for each occupational category of households: all-India,PDF p.32 (printed p.26),OK,
D9-00773,9,"NSS Report No. 500 (59/18.2/1) Household Assets and Liabilities in India (as on 30.06.2002), NSS 59th round, November 2005 (exact day not stated)",,"AIDIS 2003, NSS 59th round (January - December 2003)",2003-01-01,2003-12-31,2002-06-30,ASSET_SHARE,Share of asset component in total value of assets,share,4.2,percent,current prices (nominal),value of assets,India,,,self-employed,urban,All-India,deposits etc.,,500_final.pdf,https://www.mospi.gov.in/sites/default/files/publication_reports/500_final.pdf,Statement 18: Percentage share of different components of assets in the total value of assets for each occupational category of households: all-India,PDF p.32 (printed p.26),OK,
D9-00774,9,"NSS Report No. 500 (59/18.2/1) Household Assets and Liabilities in India (as on 30.06.2002), NSS 59th round, November 2005 (exact day not stated)",,"AIDIS 2003, NSS 59th round (January - December 2003)",2003-01-01,2003-12-31,2002-06-30,ASSET_SHARE,Share of asset component in total value of assets,share,13.2,percent,current prices (nominal),value of assets,India,,,other,urban,All-India,deposits etc.,,500_final.pdf,https://www.mospi.gov.in/sites/default/files/publication_reports/500_final.pdf,Statement 18: Percentage share of different components of assets in the total value of assets for each occupational category of households: all-India,PDF p.32 (printed p.26),OK,
D9-00775,9,"NSS Report No. 500 (59/18.2/1) Household Assets and Liabilities in India (as on 30.06.2002), NSS 59th round, November 2005 (exact day not stated)",,"AIDIS 2003, NSS 59th round (January - December 2003)",2003-01-01,2003-12-31,2002-06-30,ASSET_SHARE,Share of asset component in total value of assets,share,8.9,percent,current prices (nominal),value of assets,India,,,all,urban,All-India,deposits etc.,,500_final.pdf,https://www.mospi.gov.in/sites/default/files/publication_reports/500_final.pdf,Statement 18: Percentage share of different components of assets in the total value of assets for each occupational category of households: all-India,PDF p.32 (printed p.26),OK,
D9-00776,9,"NSS Report No. 500 (59/18.2/1) Household Assets and Liabilities in India (as on 30.06.2002), NSS 59th round, November 2005 (exact day not stated)",,"AIDIS 2003, NSS 59th round (January - December 2003)",2003-01-01,2003-12-31,2002-06-30,ASSET_SHARE,Share of asset component in total value of assets,share,0.1,percent,current prices (nominal),value of assets,India,,,cultivator,rural,All-India,dues receivable against loans advanced by hh,,500_final.pdf,https://www.mospi.gov.in/sites/default/files/publication_reports/500_final.pdf,Statement 18: Percentage share of different components of assets in the total value of assets for each occupational category of households: all-India,PDF p.32 (printed p.26),OK,
D9-00777,9,"NSS Report No. 500 (59/18.2/1) Household Assets and Liabilities in India (as on 30.06.2002), NSS 59th round, November 2005 (exact day not stated)",,"AIDIS 2003, NSS 59th round (January - December 2003)",2003-01-01,2003-12-31,2002-06-30,ASSET_SHARE,Share of asset component in total value of assets,share,0.2,percent,current prices (nominal),value of assets,India,,,non-cultivator,rural,All-India,dues receivable against loans advanced by hh,,500_final.pdf,https://www.mospi.gov.in/sites/default/files/publication_reports/500_final.pdf,Statement 18: Percentage share of different components of assets in the total value of assets for each occupational category of households: all-India,PDF p.32 (printed p.26),OK,
D9-00778,9,"NSS Report No. 500 (59/18.2/1) Household Assets and Liabilities in India (as on 30.06.2002), NSS 59th round, November 2005 (exact day not stated)",,"AIDIS 2003, NSS 59th round (January - December 2003)",2003-01-01,2003-12-31,2002-06-30,ASSET_SHARE,Share of asset component in total value of assets,share,0.1,percent,current prices (nominal),value of assets,India,,,all,rural,All-India,dues receivable against loans advanced by hh,,500_final.pdf,https://www.mospi.gov.in/sites/default/files/publication_reports/500_final.pdf,Statement 18: Percentage share of different components of assets in the total value of assets for each occupational category of households: all-India,PDF p.32 (printed p.26),OK,
D9-00779,9,"NSS Report No. 500 (59/18.2/1) Household Assets and Liabilities in India (as on 30.06.2002), NSS 59th round, November 2005 (exact day not stated)",,"AIDIS 2003, NSS 59th round (January - December 2003)",2003-01-01,2003-12-31,2002-06-30,ASSET_SHARE,Share of asset component in total value of assets,share,0.4,percent,current prices (nominal),value of assets,India,,,self-employed,urban,All-India,dues receivable against loans advanced by hh,,500_final.pdf,https://www.mospi.gov.in/sites/default/files/publication_reports/500_final.pdf,Statement 18: Percentage share of different components of assets in the total value of assets for each occupational category of households: all-India,PDF p.32 (printed p.26),OK,
D9-00780,9,"NSS Report No. 500 (59/18.2/1) Household Assets and Liabilities in India (as on 30.06.2002), NSS 59th round, November 2005 (exact day not stated)",,"AIDIS 2003, NSS 59th round (January - December 2003)",2003-01-01,2003-12-31,2002-06-30,ASSET_SHARE,Share of asset component in total value of assets,share,0.1,percent,current prices (nominal),value of assets,India,,,other,urban,All-India,dues receivable against loans advanced by hh,,500_final.pdf,https://www.mospi.gov.in/sites/default/files/publication_reports/500_final.pdf,Statement 18: Percentage share of different components of assets in the total value of assets for each occupational category of households: all-India,PDF p.32 (printed p.26),OK,
D9-00781,9,"NSS Report No. 500 (59/18.2/1) Household Assets and Liabilities in India (as on 30.06.2002), NSS 59th round, November 2005 (exact day not stated)",,"AIDIS 2003, NSS 59th round (January - December 2003)",2003-01-01,2003-12-31,2002-06-30,ASSET_SHARE,Share of asset component in total value of assets,share,0.3,percent,current prices (nominal),value of assets,India,,,all,urban,All-India,dues receivable against loans advanced by hh,,500_final.pdf,https://www.mospi.gov.in/sites/default/files/publication_reports/500_final.pdf,Statement 18: Percentage share of different components of assets in the total value of assets for each occupational category of households: all-India,PDF p.32 (printed p.26),OK,
D9-00782,9,"NSS Report No. 500 (59/18.2/1) Household Assets and Liabilities in India (as on 30.06.2002), NSS 59th round, November 2005 (exact day not stated)",,"AIDIS 2003, NSS 59th round (January - December 2003)",2003-01-01,2003-12-31,2002-06-30,DAR,"Debt-asset ratio (DAR), % (AOD as % of AVA)",rate,2.84,percent,current prices (nominal),households,India,,,all,rural,All-India,,,500_final.pdf,https://www.mospi.gov.in/sites/default/files/publication_reports/500_final.pdf,Statement 31/32: Average amount of debt per household and debt-asset ratio (all classes),"PDF p.43 (printed p.37), Statement 31/32 text and all-classes row",OK,
D9-00783,9,"NSS Report No. 500 (59/18.2/1) Household Assets and Liabilities in India (as on 30.06.2002), NSS 59th round, November 2005 (exact day not stated)",,"AIDIS 2003, NSS 59th round (January - December 2003)",2003-01-01,2003-12-31,2002-06-30,DAR,"Debt-asset ratio (DAR), % (AOD as % of AVA)",rate,2.82,percent,current prices (nominal),households,India,,,all,urban,All-India,,,500_final.pdf,https://www.mospi.gov.in/sites/default/files/publication_reports/500_final.pdf,Statement 31/32: Average amount of debt per household and debt-asset ratio (all classes),"PDF p.43 (printed p.37), Statement 31/32 text and all-classes row",OK,
D9-00784,9,"NSS Report No. 500 (59/18.2/1) Household Assets and Liabilities in India (as on 30.06.2002), NSS 59th round, November 2005 (exact day not stated)",,"AIDIS 2003, NSS 59th round (January - December 2003)",2003-01-01,2003-12-31,2002-06-30,DAR,"Debt-asset ratio (DAR), % (AOD as % of AVA)",rate,4.65,percent,current prices (nominal),households,India,,,non-cultivator,rural,All-India,,,500_final.pdf,https://www.mospi.gov.in/sites/default/files/publication_reports/500_final.pdf,Highlights: Household Indebtedness (last paragraph),PDF p.4 (printed p.ii),OK,
D9-00785,9,"NSS Report No. 500 (59/18.2/1) Household Assets and Liabilities in India (as on 30.06.2002), NSS 59th round, November 2005 (exact day not stated)",,"AIDIS 2003, NSS 59th round (January - December 2003)",2003-01-01,2003-12-31,2002-06-30,DAR,"Debt-asset ratio (DAR), % (AOD as % of AVA)",rate,2.49,percent,current prices (nominal),households,India,,,cultivator,rural,All-India,,,500_final.pdf,https://www.mospi.gov.in/sites/default/files/publication_reports/500_final.pdf,Highlights: Household Indebtedness (last paragraph),PDF p.4 (printed p.ii),OK,
D9-00786,9,"NSS Report No. 500 (59/18.2/1) Household Assets and Liabilities in India (as on 30.06.2002), NSS 59th round, November 2005 (exact day not stated)",,"AIDIS 2003, NSS 59th round (January - December 2003)",2003-01-01,2003-12-31,2002-06-30,DAR,"Debt-asset ratio (DAR), % (AOD as % of AVA)",rate,2.19,percent,current prices (nominal),households,India,,,self-employed,urban,All-India,,,500_final.pdf,https://www.mospi.gov.in/sites/default/files/publication_reports/500_final.pdf,Highlights: Household Indebtedness (last paragraph),PDF p.4 (printed p.ii),OK,
D9-00787,9,"NSS Report No. 500 (59/18.2/1) Household Assets and Liabilities in India (as on 30.06.2002), NSS 59th round, November 2005 (exact day not stated)",,"AIDIS 2003, NSS 59th round (January - December 2003)",2003-01-01,2003-12-31,2002-06-30,DAR,"Debt-asset ratio (DAR), % (AOD as % of AVA)",rate,3.42,percent,current prices (nominal),households,India,,,other,urban,All-India,,,500_final.pdf,https://www.mospi.gov.in/sites/default/files/publication_reports/500_final.pdf,Highlights: Household Indebtedness (last paragraph),PDF p.4 (printed p.ii),OK,
