obs_id,dataset_no,release_name,release_date,obs_period_label,obs_period_start,obs_period_end,reference_date,measure_code,measure_label,statistic,value,unit,price_basis,population,geography,dim_age_band,dim_sex,dim_household_type,dim_urban_rural,dim_state,dim_category,dim_other,source_file,source_url,source_table,source_locator,status,notes
D12-000001,12,ASFA Retirement Standard - June quarter 2026 budgets,,June quarter 2026,2026-04-01,2026-06-30,,asfa_budget_total_housing_weekly_aud,Total housing (weekly),total,163.51,AUD/week,nominal AUD in June quarter 2026 prices (CPI-updated quarterly by ASFA),ASFA hypothetical retiree household budget: relatively healthy retirees owning their home outright,Australia,retirees aged 65-84,,couple,,,comfortable lifestyle,tenure=homeowner (owns home outright),asfa_June2026-RS-Tables_V3.pdf,https://www.superannuation.asn.au/wp-content/uploads/2026/09/June2026-RS-Tables_V3.pdf,ASFA Retirement Standard tables - retirees aged 65-84 (homeowners) - June quarter 2026,"PDF pages 1-2, row 'Total housing'",OK,"Hypothetical ASFA retiree budget (healthy retirees); the budget table is an expenditure benchmark, not an observed spending statistic. Weekly numbers are as printed; annual = weekly x 52.2 within rounding. Totals may not exactly equal sum of components (ASFA note). Section totals only; individual expenditure line items are in the PDF and were not extracted. Quarter dates assumed calendar quarter from the name; release (publication) date not printed in the PDF."
D12-000002,12,ASFA Retirement Standard - June quarter 2026 budgets,,June quarter 2026,2026-04-01,2026-06-30,,asfa_budget_total_housing_weekly_aud,Total housing (weekly),total,150.58,AUD/week,nominal AUD in June quarter 2026 prices (CPI-updated quarterly by ASFA),ASFA hypothetical retiree household budget: relatively healthy retirees owning their home outright,Australia,retirees aged 65-84,,couple,,,modest lifestyle,tenure=homeowner (owns home outright),asfa_June2026-RS-Tables_V3.pdf,https://www.superannuation.asn.au/wp-content/uploads/2026/09/June2026-RS-Tables_V3.pdf,ASFA Retirement Standard tables - retirees aged 65-84 (homeowners) - June quarter 2026,"PDF pages 1-2, row 'Total housing'",OK,"Hypothetical ASFA retiree budget (healthy retirees); the budget table is an expenditure benchmark, not an observed spending statistic. Weekly numbers are as printed; annual = weekly x 52.2 within rounding. Totals may not exactly equal sum of components (ASFA note). Section totals only; individual expenditure line items are in the PDF and were not extracted. Quarter dates assumed calendar quarter from the name; release (publication) date not printed in the PDF."
D12-000003,12,ASFA Retirement Standard - June quarter 2026 budgets,,June quarter 2026,2026-04-01,2026-06-30,,asfa_budget_total_housing_weekly_aud,Total housing (weekly),total,156.57,AUD/week,nominal AUD in June quarter 2026 prices (CPI-updated quarterly by ASFA),ASFA hypothetical retiree household budget: relatively healthy retirees owning their home outright,Australia,retirees aged 65-84,,single,,,comfortable lifestyle,tenure=homeowner (owns home outright),asfa_June2026-RS-Tables_V3.pdf,https://www.superannuation.asn.au/wp-content/uploads/2026/09/June2026-RS-Tables_V3.pdf,ASFA Retirement Standard tables - retirees aged 65-84 (homeowners) - June quarter 2026,"PDF pages 1-2, row 'Total housing'",OK,"Hypothetical ASFA retiree budget (healthy retirees); the budget table is an expenditure benchmark, not an observed spending statistic. Weekly numbers are as printed; annual = weekly x 52.2 within rounding. Totals may not exactly equal sum of components (ASFA note). Section totals only; individual expenditure line items are in the PDF and were not extracted. Quarter dates assumed calendar quarter from the name; release (publication) date not printed in the PDF."
D12-000004,12,ASFA Retirement Standard - June quarter 2026 budgets,,June quarter 2026,2026-04-01,2026-06-30,,asfa_budget_total_housing_weekly_aud,Total housing (weekly),total,133.13,AUD/week,nominal AUD in June quarter 2026 prices (CPI-updated quarterly by ASFA),ASFA hypothetical retiree household budget: relatively healthy retirees owning their home outright,Australia,retirees aged 65-84,,single,,,modest lifestyle,tenure=homeowner (owns home outright),asfa_June2026-RS-Tables_V3.pdf,https://www.superannuation.asn.au/wp-content/uploads/2026/09/June2026-RS-Tables_V3.pdf,ASFA Retirement Standard tables - retirees aged 65-84 (homeowners) - June quarter 2026,"PDF pages 1-2, row 'Total housing'",OK,"Hypothetical ASFA retiree budget (healthy retirees); the budget table is an expenditure benchmark, not an observed spending statistic. Weekly numbers are as printed; annual = weekly x 52.2 within rounding. Totals may not exactly equal sum of components (ASFA note). Section totals only; individual expenditure line items are in the PDF and were not extracted. Quarter dates assumed calendar quarter from the name; release (publication) date not printed in the PDF."
D12-000005,12,ASFA Retirement Standard - June quarter 2026 budgets,,June quarter 2026,2026-04-01,2026-06-30,,asfa_budget_total_household_goods_services_weekly_aud,Total household goods and services (weekly),total,101.74,AUD/week,nominal AUD in June quarter 2026 prices (CPI-updated quarterly by ASFA),ASFA hypothetical retiree household budget: relatively healthy retirees owning their home outright,Australia,retirees aged 65-84,,couple,,,comfortable lifestyle,tenure=homeowner (owns home outright),asfa_June2026-RS-Tables_V3.pdf,https://www.superannuation.asn.au/wp-content/uploads/2026/09/June2026-RS-Tables_V3.pdf,ASFA Retirement Standard tables - retirees aged 65-84 (homeowners) - June quarter 2026,"PDF pages 1-2, row 'Total household goods and services'",OK,"Hypothetical ASFA retiree budget (healthy retirees); the budget table is an expenditure benchmark, not an observed spending statistic. Weekly numbers are as printed; annual = weekly x 52.2 within rounding. Totals may not exactly equal sum of components (ASFA note). Section totals only; individual expenditure line items are in the PDF and were not extracted. Quarter dates assumed calendar quarter from the name; release (publication) date not printed in the PDF."
D12-000006,12,ASFA Retirement Standard - June quarter 2026 budgets,,June quarter 2026,2026-04-01,2026-06-30,,asfa_budget_total_household_goods_services_weekly_aud,Total household goods and services (weekly),total,47.88,AUD/week,nominal AUD in June quarter 2026 prices (CPI-updated quarterly by ASFA),ASFA hypothetical retiree household budget: relatively healthy retirees owning their home outright,Australia,retirees aged 65-84,,couple,,,modest lifestyle,tenure=homeowner (owns home outright),asfa_June2026-RS-Tables_V3.pdf,https://www.superannuation.asn.au/wp-content/uploads/2026/09/June2026-RS-Tables_V3.pdf,ASFA Retirement Standard tables - retirees aged 65-84 (homeowners) - June quarter 2026,"PDF pages 1-2, row 'Total household goods and services'",OK,"Hypothetical ASFA retiree budget (healthy retirees); the budget table is an expenditure benchmark, not an observed spending statistic. Weekly numbers are as printed; annual = weekly x 52.2 within rounding. Totals may not exactly equal sum of components (ASFA note). Section totals only; individual expenditure line items are in the PDF and were not extracted. Quarter dates assumed calendar quarter from the name; release (publication) date not printed in the PDF."
D12-000007,12,ASFA Retirement Standard - June quarter 2026 budgets,,June quarter 2026,2026-04-01,2026-06-30,,asfa_budget_total_household_goods_services_weekly_aud,Total household goods and services (weekly),total,80.32,AUD/week,nominal AUD in June quarter 2026 prices (CPI-updated quarterly by ASFA),ASFA hypothetical retiree household budget: relatively healthy retirees owning their home outright,Australia,retirees aged 65-84,,single,,,comfortable lifestyle,tenure=homeowner (owns home outright),asfa_June2026-RS-Tables_V3.pdf,https://www.superannuation.asn.au/wp-content/uploads/2026/09/June2026-RS-Tables_V3.pdf,ASFA Retirement Standard tables - retirees aged 65-84 (homeowners) - June quarter 2026,"PDF pages 1-2, row 'Total household goods and services'",OK,"Hypothetical ASFA retiree budget (healthy retirees); the budget table is an expenditure benchmark, not an observed spending statistic. Weekly numbers are as printed; annual = weekly x 52.2 within rounding. Totals may not exactly equal sum of components (ASFA note). Section totals only; individual expenditure line items are in the PDF and were not extracted. Quarter dates assumed calendar quarter from the name; release (publication) date not printed in the PDF."
D12-000008,12,ASFA Retirement Standard - June quarter 2026 budgets,,June quarter 2026,2026-04-01,2026-06-30,,asfa_budget_total_household_goods_services_weekly_aud,Total household goods and services (weekly),total,40.47,AUD/week,nominal AUD in June quarter 2026 prices (CPI-updated quarterly by ASFA),ASFA hypothetical retiree household budget: relatively healthy retirees owning their home outright,Australia,retirees aged 65-84,,single,,,modest lifestyle,tenure=homeowner (owns home outright),asfa_June2026-RS-Tables_V3.pdf,https://www.superannuation.asn.au/wp-content/uploads/2026/09/June2026-RS-Tables_V3.pdf,ASFA Retirement Standard tables - retirees aged 65-84 (homeowners) - June quarter 2026,"PDF pages 1-2, row 'Total household goods and services'",OK,"Hypothetical ASFA retiree budget (healthy retirees); the budget table is an expenditure benchmark, not an observed spending statistic. Weekly numbers are as printed; annual = weekly x 52.2 within rounding. Totals may not exactly equal sum of components (ASFA note). Section totals only; individual expenditure line items are in the PDF and were not extracted. Quarter dates assumed calendar quarter from the name; release (publication) date not printed in the PDF."
D12-000009,12,ASFA Retirement Standard - June quarter 2026 budgets,,June quarter 2026,2026-04-01,2026-06-30,,asfa_budget_total_transport_weekly_aud,Total transport (weekly),total,209.63,AUD/week,nominal AUD in June quarter 2026 prices (CPI-updated quarterly by ASFA),ASFA hypothetical retiree household budget: relatively healthy retirees owning their home outright,Australia,retirees aged 65-84,,couple,,,comfortable lifestyle,tenure=homeowner (owns home outright),asfa_June2026-RS-Tables_V3.pdf,https://www.superannuation.asn.au/wp-content/uploads/2026/09/June2026-RS-Tables_V3.pdf,ASFA Retirement Standard tables - retirees aged 65-84 (homeowners) - June quarter 2026,"PDF pages 1-2, row 'Total transport'",OK,"Hypothetical ASFA retiree budget (healthy retirees); the budget table is an expenditure benchmark, not an observed spending statistic. Weekly numbers are as printed; annual = weekly x 52.2 within rounding. Totals may not exactly equal sum of components (ASFA note). Section totals only; individual expenditure line items are in the PDF and were not extracted. Quarter dates assumed calendar quarter from the name; release (publication) date not printed in the PDF."
D12-000010,12,ASFA Retirement Standard - June quarter 2026 budgets,,June quarter 2026,2026-04-01,2026-06-30,,asfa_budget_total_transport_weekly_aud,Total transport (weekly),total,125.92,AUD/week,nominal AUD in June quarter 2026 prices (CPI-updated quarterly by ASFA),ASFA hypothetical retiree household budget: relatively healthy retirees owning their home outright,Australia,retirees aged 65-84,,couple,,,modest lifestyle,tenure=homeowner (owns home outright),asfa_June2026-RS-Tables_V3.pdf,https://www.superannuation.asn.au/wp-content/uploads/2026/09/June2026-RS-Tables_V3.pdf,ASFA Retirement Standard tables - retirees aged 65-84 (homeowners) - June quarter 2026,"PDF pages 1-2, row 'Total transport'",OK,"Hypothetical ASFA retiree budget (healthy retirees); the budget table is an expenditure benchmark, not an observed spending statistic. Weekly numbers are as printed; annual = weekly x 52.2 within rounding. Totals may not exactly equal sum of components (ASFA note). Section totals only; individual expenditure line items are in the PDF and were not extracted. Quarter dates assumed calendar quarter from the name; release (publication) date not printed in the PDF."
D12-000011,12,ASFA Retirement Standard - June quarter 2026 budgets,,June quarter 2026,2026-04-01,2026-06-30,,asfa_budget_total_transport_weekly_aud,Total transport (weekly),total,193.81,AUD/week,nominal AUD in June quarter 2026 prices (CPI-updated quarterly by ASFA),ASFA hypothetical retiree household budget: relatively healthy retirees owning their home outright,Australia,retirees aged 65-84,,single,,,comfortable lifestyle,tenure=homeowner (owns home outright),asfa_June2026-RS-Tables_V3.pdf,https://www.superannuation.asn.au/wp-content/uploads/2026/09/June2026-RS-Tables_V3.pdf,ASFA Retirement Standard tables - retirees aged 65-84 (homeowners) - June quarter 2026,"PDF pages 1-2, row 'Total transport'",OK,"Hypothetical ASFA retiree budget (healthy retirees); the budget table is an expenditure benchmark, not an observed spending statistic. Weekly numbers are as printed; annual = weekly x 52.2 within rounding. Totals may not exactly equal sum of components (ASFA note). Section totals only; individual expenditure line items are in the PDF and were not extracted. Quarter dates assumed calendar quarter from the name; release (publication) date not printed in the PDF."
D12-000012,12,ASFA Retirement Standard - June quarter 2026 budgets,,June quarter 2026,2026-04-01,2026-06-30,,asfa_budget_total_transport_weekly_aud,Total transport (weekly),total,118.49,AUD/week,nominal AUD in June quarter 2026 prices (CPI-updated quarterly by ASFA),ASFA hypothetical retiree household budget: relatively healthy retirees owning their home outright,Australia,retirees aged 65-84,,single,,,modest lifestyle,tenure=homeowner (owns home outright),asfa_June2026-RS-Tables_V3.pdf,https://www.superannuation.asn.au/wp-content/uploads/2026/09/June2026-RS-Tables_V3.pdf,ASFA Retirement Standard tables - retirees aged 65-84 (homeowners) - June quarter 2026,"PDF pages 1-2, row 'Total transport'",OK,"Hypothetical ASFA retiree budget (healthy retirees); the budget table is an expenditure benchmark, not an observed spending statistic. Weekly numbers are as printed; annual = weekly x 52.2 within rounding. Totals may not exactly equal sum of components (ASFA note). Section totals only; individual expenditure line items are in the PDF and were not extracted. Quarter dates assumed calendar quarter from the name; release (publication) date not printed in the PDF."
D12-000013,12,ASFA Retirement Standard - June quarter 2026 budgets,,June quarter 2026,2026-04-01,2026-06-30,,asfa_budget_total_health_services_weekly_aud,Total health services (weekly),total,235.18,AUD/week,nominal AUD in June quarter 2026 prices (CPI-updated quarterly by ASFA),ASFA hypothetical retiree household budget: relatively healthy retirees owning their home outright,Australia,retirees aged 65-84,,couple,,,comfortable lifestyle,tenure=homeowner (owns home outright),asfa_June2026-RS-Tables_V3.pdf,https://www.superannuation.asn.au/wp-content/uploads/2026/09/June2026-RS-Tables_V3.pdf,ASFA Retirement Standard tables - retirees aged 65-84 (homeowners) - June quarter 2026,"PDF pages 1-2, row 'Total health services'",OK,"Hypothetical ASFA retiree budget (healthy retirees); the budget table is an expenditure benchmark, not an observed spending statistic. Weekly numbers are as printed; annual = weekly x 52.2 within rounding. Totals may not exactly equal sum of components (ASFA note). Section totals only; individual expenditure line items are in the PDF and were not extracted. Quarter dates assumed calendar quarter from the name; release (publication) date not printed in the PDF."
D12-000014,12,ASFA Retirement Standard - June quarter 2026 budgets,,June quarter 2026,2026-04-01,2026-06-30,,asfa_budget_total_health_services_weekly_aud,Total health services (weekly),total,119.94,AUD/week,nominal AUD in June quarter 2026 prices (CPI-updated quarterly by ASFA),ASFA hypothetical retiree household budget: relatively healthy retirees owning their home outright,Australia,retirees aged 65-84,,couple,,,modest lifestyle,tenure=homeowner (owns home outright),asfa_June2026-RS-Tables_V3.pdf,https://www.superannuation.asn.au/wp-content/uploads/2026/09/June2026-RS-Tables_V3.pdf,ASFA Retirement Standard tables - retirees aged 65-84 (homeowners) - June quarter 2026,"PDF pages 1-2, row 'Total health services'",OK,"Hypothetical ASFA retiree budget (healthy retirees); the budget table is an expenditure benchmark, not an observed spending statistic. Weekly numbers are as printed; annual = weekly x 52.2 within rounding. Totals may not exactly equal sum of components (ASFA note). Section totals only; individual expenditure line items are in the PDF and were not extracted. Quarter dates assumed calendar quarter from the name; release (publication) date not printed in the PDF."
D12-000015,12,ASFA Retirement Standard - June quarter 2026 budgets,,June quarter 2026,2026-04-01,2026-06-30,,asfa_budget_total_health_services_weekly_aud,Total health services (weekly),total,125.45,AUD/week,nominal AUD in June quarter 2026 prices (CPI-updated quarterly by ASFA),ASFA hypothetical retiree household budget: relatively healthy retirees owning their home outright,Australia,retirees aged 65-84,,single,,,comfortable lifestyle,tenure=homeowner (owns home outright),asfa_June2026-RS-Tables_V3.pdf,https://www.superannuation.asn.au/wp-content/uploads/2026/09/June2026-RS-Tables_V3.pdf,ASFA Retirement Standard tables - retirees aged 65-84 (homeowners) - June quarter 2026,"PDF pages 1-2, row 'Total health services'",OK,"Hypothetical ASFA retiree budget (healthy retirees); the budget table is an expenditure benchmark, not an observed spending statistic. Weekly numbers are as printed; annual = weekly x 52.2 within rounding. Totals may not exactly equal sum of components (ASFA note). Section totals only; individual expenditure line items are in the PDF and were not extracted. Quarter dates assumed calendar quarter from the name; release (publication) date not printed in the PDF."
D12-000016,12,ASFA Retirement Standard - June quarter 2026 budgets,,June quarter 2026,2026-04-01,2026-06-30,,asfa_budget_total_health_services_weekly_aud,Total health services (weekly),total,61.87,AUD/week,nominal AUD in June quarter 2026 prices (CPI-updated quarterly by ASFA),ASFA hypothetical retiree household budget: relatively healthy retirees owning their home outright,Australia,retirees aged 65-84,,single,,,modest lifestyle,tenure=homeowner (owns home outright),asfa_June2026-RS-Tables_V3.pdf,https://www.superannuation.asn.au/wp-content/uploads/2026/09/June2026-RS-Tables_V3.pdf,ASFA Retirement Standard tables - retirees aged 65-84 (homeowners) - June quarter 2026,"PDF pages 1-2, row 'Total health services'",OK,"Hypothetical ASFA retiree budget (healthy retirees); the budget table is an expenditure benchmark, not an observed spending statistic. Weekly numbers are as printed; annual = weekly x 52.2 within rounding. Totals may not exactly equal sum of components (ASFA note). Section totals only; individual expenditure line items are in the PDF and were not extracted. Quarter dates assumed calendar quarter from the name; release (publication) date not printed in the PDF."
D12-000017,12,ASFA Retirement Standard - June quarter 2026 budgets,,June quarter 2026,2026-04-01,2026-06-30,,asfa_budget_total_leisure_weekly_aud,Total leisure (weekly),total,343.54,AUD/week,nominal AUD in June quarter 2026 prices (CPI-updated quarterly by ASFA),ASFA hypothetical retiree household budget: relatively healthy retirees owning their home outright,Australia,retirees aged 65-84,,couple,,,comfortable lifestyle,tenure=homeowner (owns home outright),asfa_June2026-RS-Tables_V3.pdf,https://www.superannuation.asn.au/wp-content/uploads/2026/09/June2026-RS-Tables_V3.pdf,ASFA Retirement Standard tables - retirees aged 65-84 (homeowners) - June quarter 2026,"PDF pages 1-2, row 'Total leisure'",OK,"Hypothetical ASFA retiree budget (healthy retirees); the budget table is an expenditure benchmark, not an observed spending statistic. Weekly numbers are as printed; annual = weekly x 52.2 within rounding. Totals may not exactly equal sum of components (ASFA note). Section totals only; individual expenditure line items are in the PDF and were not extracted. Quarter dates assumed calendar quarter from the name; release (publication) date not printed in the PDF."
D12-000018,12,ASFA Retirement Standard - June quarter 2026 budgets,,June quarter 2026,2026-04-01,2026-06-30,,asfa_budget_total_leisure_weekly_aud,Total leisure (weekly),total,189.95,AUD/week,nominal AUD in June quarter 2026 prices (CPI-updated quarterly by ASFA),ASFA hypothetical retiree household budget: relatively healthy retirees owning their home outright,Australia,retirees aged 65-84,,couple,,,modest lifestyle,tenure=homeowner (owns home outright),asfa_June2026-RS-Tables_V3.pdf,https://www.superannuation.asn.au/wp-content/uploads/2026/09/June2026-RS-Tables_V3.pdf,ASFA Retirement Standard tables - retirees aged 65-84 (homeowners) - June quarter 2026,"PDF pages 1-2, row 'Total leisure'",OK,"Hypothetical ASFA retiree budget (healthy retirees); the budget table is an expenditure benchmark, not an observed spending statistic. Weekly numbers are as printed; annual = weekly x 52.2 within rounding. Totals may not exactly equal sum of components (ASFA note). Section totals only; individual expenditure line items are in the PDF and were not extracted. Quarter dates assumed calendar quarter from the name; release (publication) date not printed in the PDF."
D12-000019,12,ASFA Retirement Standard - June quarter 2026 budgets,,June quarter 2026,2026-04-01,2026-06-30,,asfa_budget_total_leisure_weekly_aud,Total leisure (weekly),total,228.1,AUD/week,nominal AUD in June quarter 2026 prices (CPI-updated quarterly by ASFA),ASFA hypothetical retiree household budget: relatively healthy retirees owning their home outright,Australia,retirees aged 65-84,,single,,,comfortable lifestyle,tenure=homeowner (owns home outright),asfa_June2026-RS-Tables_V3.pdf,https://www.superannuation.asn.au/wp-content/uploads/2026/09/June2026-RS-Tables_V3.pdf,ASFA Retirement Standard tables - retirees aged 65-84 (homeowners) - June quarter 2026,"PDF pages 1-2, row 'Total leisure'",OK,"Hypothetical ASFA retiree budget (healthy retirees); the budget table is an expenditure benchmark, not an observed spending statistic. Weekly numbers are as printed; annual = weekly x 52.2 within rounding. Totals may not exactly equal sum of components (ASFA note). Section totals only; individual expenditure line items are in the PDF and were not extracted. Quarter dates assumed calendar quarter from the name; release (publication) date not printed in the PDF."
D12-000020,12,ASFA Retirement Standard - June quarter 2026 budgets,,June quarter 2026,2026-04-01,2026-06-30,,asfa_budget_total_leisure_weekly_aud,Total leisure (weekly),total,122.7,AUD/week,nominal AUD in June quarter 2026 prices (CPI-updated quarterly by ASFA),ASFA hypothetical retiree household budget: relatively healthy retirees owning their home outright,Australia,retirees aged 65-84,,single,,,modest lifestyle,tenure=homeowner (owns home outright),asfa_June2026-RS-Tables_V3.pdf,https://www.superannuation.asn.au/wp-content/uploads/2026/09/June2026-RS-Tables_V3.pdf,ASFA Retirement Standard tables - retirees aged 65-84 (homeowners) - June quarter 2026,"PDF pages 1-2, row 'Total leisure'",OK,"Hypothetical ASFA retiree budget (healthy retirees); the budget table is an expenditure benchmark, not an observed spending statistic. Weekly numbers are as printed; annual = weekly x 52.2 within rounding. Totals may not exactly equal sum of components (ASFA note). Section totals only; individual expenditure line items are in the PDF and were not extracted. Quarter dates assumed calendar quarter from the name; release (publication) date not printed in the PDF."
D12-000021,12,ASFA Retirement Standard - June quarter 2026 budgets,,June quarter 2026,2026-04-01,2026-06-30,,asfa_budget_total_weekly_aud,Total weekly expenditure,total,1513.37,AUD/week,nominal AUD in June quarter 2026 prices (CPI-updated quarterly by ASFA),ASFA hypothetical retiree household budget: relatively healthy retirees owning their home outright,Australia,retirees aged 65-84,,couple,,,comfortable lifestyle,tenure=homeowner (owns home outright),asfa_June2026-RS-Tables_V3.pdf,https://www.superannuation.asn.au/wp-content/uploads/2026/09/June2026-RS-Tables_V3.pdf,ASFA Retirement Standard tables - retirees aged 65-84 (homeowners) - June quarter 2026,"PDF pages 1-2, row 'Total weekly expenditure'",OK,"Hypothetical ASFA retiree budget (healthy retirees); the budget table is an expenditure benchmark, not an observed spending statistic. Weekly numbers are as printed; annual = weekly x 52.2 within rounding. Totals may not exactly equal sum of components (ASFA note). Section totals only; individual expenditure line items are in the PDF and were not extracted. Quarter dates assumed calendar quarter from the name; release (publication) date not printed in the PDF."
D12-000022,12,ASFA Retirement Standard - June quarter 2026 budgets,,June quarter 2026,2026-04-01,2026-06-30,,asfa_budget_total_weekly_aud,Total weekly expenditure,total,1009.39,AUD/week,nominal AUD in June quarter 2026 prices (CPI-updated quarterly by ASFA),ASFA hypothetical retiree household budget: relatively healthy retirees owning their home outright,Australia,retirees aged 65-84,,couple,,,modest lifestyle,tenure=homeowner (owns home outright),asfa_June2026-RS-Tables_V3.pdf,https://www.superannuation.asn.au/wp-content/uploads/2026/09/June2026-RS-Tables_V3.pdf,ASFA Retirement Standard tables - retirees aged 65-84 (homeowners) - June quarter 2026,"PDF pages 1-2, row 'Total weekly expenditure'",OK,"Hypothetical ASFA retiree budget (healthy retirees); the budget table is an expenditure benchmark, not an observed spending statistic. Weekly numbers are as printed; annual = weekly x 52.2 within rounding. Totals may not exactly equal sum of components (ASFA note). Section totals only; individual expenditure line items are in the PDF and were not extracted. Quarter dates assumed calendar quarter from the name; release (publication) date not printed in the PDF."
D12-000023,12,ASFA Retirement Standard - June quarter 2026 budgets,,June quarter 2026,2026-04-01,2026-06-30,,asfa_budget_total_weekly_aud,Total weekly expenditure,total,1075.98,AUD/week,nominal AUD in June quarter 2026 prices (CPI-updated quarterly by ASFA),ASFA hypothetical retiree household budget: relatively healthy retirees owning their home outright,Australia,retirees aged 65-84,,single,,,comfortable lifestyle,tenure=homeowner (owns home outright),asfa_June2026-RS-Tables_V3.pdf,https://www.superannuation.asn.au/wp-content/uploads/2026/09/June2026-RS-Tables_V3.pdf,ASFA Retirement Standard tables - retirees aged 65-84 (homeowners) - June quarter 2026,"PDF pages 1-2, row 'Total weekly expenditure'",OK,"Hypothetical ASFA retiree budget (healthy retirees); the budget table is an expenditure benchmark, not an observed spending statistic. Weekly numbers are as printed; annual = weekly x 52.2 within rounding. Totals may not exactly equal sum of components (ASFA note). Section totals only; individual expenditure line items are in the PDF and were not extracted. Quarter dates assumed calendar quarter from the name; release (publication) date not printed in the PDF."
D12-000024,12,ASFA Retirement Standard - June quarter 2026 budgets,,June quarter 2026,2026-04-01,2026-06-30,,asfa_budget_total_weekly_aud,Total weekly expenditure,total,700.15,AUD/week,nominal AUD in June quarter 2026 prices (CPI-updated quarterly by ASFA),ASFA hypothetical retiree household budget: relatively healthy retirees owning their home outright,Australia,retirees aged 65-84,,single,,,modest lifestyle,tenure=homeowner (owns home outright),asfa_June2026-RS-Tables_V3.pdf,https://www.superannuation.asn.au/wp-content/uploads/2026/09/June2026-RS-Tables_V3.pdf,ASFA Retirement Standard tables - retirees aged 65-84 (homeowners) - June quarter 2026,"PDF pages 1-2, row 'Total weekly expenditure'",OK,"Hypothetical ASFA retiree budget (healthy retirees); the budget table is an expenditure benchmark, not an observed spending statistic. Weekly numbers are as printed; annual = weekly x 52.2 within rounding. Totals may not exactly equal sum of components (ASFA note). Section totals only; individual expenditure line items are in the PDF and were not extracted. Quarter dates assumed calendar quarter from the name; release (publication) date not printed in the PDF."
D12-000025,12,ASFA Retirement Standard - June quarter 2026 budgets,,June quarter 2026,2026-04-01,2026-06-30,,asfa_budget_total_annual_aud,Total annual expenditure,total,78998,AUD/year,nominal AUD in June quarter 2026 prices (CPI-updated quarterly by ASFA),ASFA hypothetical retiree household budget: relatively healthy retirees owning their home outright,Australia,retirees aged 65-84,,couple,,,comfortable lifestyle,tenure=homeowner (owns home outright),asfa_June2026-RS-Tables_V3.pdf,https://www.superannuation.asn.au/wp-content/uploads/2026/09/June2026-RS-Tables_V3.pdf,ASFA Retirement Standard tables - retirees aged 65-84 (homeowners) - June quarter 2026,"PDF pages 1-2, row 'Total annual expenditure'",OK,"Hypothetical ASFA retiree budget (healthy retirees); the budget table is an expenditure benchmark, not an observed spending statistic. Weekly numbers are as printed; annual = weekly x 52.2 within rounding. Totals may not exactly equal sum of components (ASFA note). Section totals only; individual expenditure line items are in the PDF and were not extracted. Quarter dates assumed calendar quarter from the name; release (publication) date not printed in the PDF."
D12-000026,12,ASFA Retirement Standard - June quarter 2026 budgets,,June quarter 2026,2026-04-01,2026-06-30,,asfa_budget_total_annual_aud,Total annual expenditure,total,52690,AUD/year,nominal AUD in June quarter 2026 prices (CPI-updated quarterly by ASFA),ASFA hypothetical retiree household budget: relatively healthy retirees owning their home outright,Australia,retirees aged 65-84,,couple,,,modest lifestyle,tenure=homeowner (owns home outright),asfa_June2026-RS-Tables_V3.pdf,https://www.superannuation.asn.au/wp-content/uploads/2026/09/June2026-RS-Tables_V3.pdf,ASFA Retirement Standard tables - retirees aged 65-84 (homeowners) - June quarter 2026,"PDF pages 1-2, row 'Total annual expenditure'",OK,"Hypothetical ASFA retiree budget (healthy retirees); the budget table is an expenditure benchmark, not an observed spending statistic. Weekly numbers are as printed; annual = weekly x 52.2 within rounding. Totals may not exactly equal sum of components (ASFA note). Section totals only; individual expenditure line items are in the PDF and were not extracted. Quarter dates assumed calendar quarter from the name; release (publication) date not printed in the PDF."
D12-000027,12,ASFA Retirement Standard - June quarter 2026 budgets,,June quarter 2026,2026-04-01,2026-06-30,,asfa_budget_total_annual_aud,Total annual expenditure,total,56166,AUD/year,nominal AUD in June quarter 2026 prices (CPI-updated quarterly by ASFA),ASFA hypothetical retiree household budget: relatively healthy retirees owning their home outright,Australia,retirees aged 65-84,,single,,,comfortable lifestyle,tenure=homeowner (owns home outright),asfa_June2026-RS-Tables_V3.pdf,https://www.superannuation.asn.au/wp-content/uploads/2026/09/June2026-RS-Tables_V3.pdf,ASFA Retirement Standard tables - retirees aged 65-84 (homeowners) - June quarter 2026,"PDF pages 1-2, row 'Total annual expenditure'",OK,"Hypothetical ASFA retiree budget (healthy retirees); the budget table is an expenditure benchmark, not an observed spending statistic. Weekly numbers are as printed; annual = weekly x 52.2 within rounding. Totals may not exactly equal sum of components (ASFA note). Section totals only; individual expenditure line items are in the PDF and were not extracted. Quarter dates assumed calendar quarter from the name; release (publication) date not printed in the PDF."
D12-000028,12,ASFA Retirement Standard - June quarter 2026 budgets,,June quarter 2026,2026-04-01,2026-06-30,,asfa_budget_total_annual_aud,Total annual expenditure,total,36548,AUD/year,nominal AUD in June quarter 2026 prices (CPI-updated quarterly by ASFA),ASFA hypothetical retiree household budget: relatively healthy retirees owning their home outright,Australia,retirees aged 65-84,,single,,,modest lifestyle,tenure=homeowner (owns home outright),asfa_June2026-RS-Tables_V3.pdf,https://www.superannuation.asn.au/wp-content/uploads/2026/09/June2026-RS-Tables_V3.pdf,ASFA Retirement Standard tables - retirees aged 65-84 (homeowners) - June quarter 2026,"PDF pages 1-2, row 'Total annual expenditure'",OK,"Hypothetical ASFA retiree budget (healthy retirees); the budget table is an expenditure benchmark, not an observed spending statistic. Weekly numbers are as printed; annual = weekly x 52.2 within rounding. Totals may not exactly equal sum of components (ASFA note). Section totals only; individual expenditure line items are in the PDF and were not extracted. Quarter dates assumed calendar quarter from the name; release (publication) date not printed in the PDF."
D12-000029,12,ASFA Retirement Standard - June quarter 2026 budgets,,June quarter 2026,2026-04-01,2026-06-30,,asfa_renter_private_rent_weekly_aud,"Private rent (after receipt of Rent Allowance), weekly",other,449.06,AUD/week,nominal AUD in June quarter 2026 prices (CPI-updated quarterly by ASFA),ASFA hypothetical retiree household budget: relatively healthy retirees renting privately; Rent Allowance entitlement taken into account,Australia,retirees aged 65-84,,couple,,,modest lifestyle,tenure=private renter (modest lifestyle only),asfa_June2026-RS-Tables_V3.pdf,https://www.superannuation.asn.au/wp-content/uploads/2026/09/June2026-RS-Tables_V3.pdf,ASFA Retirement Standard tables - retirees aged 65-84 (renters) - June quarter 2026,"PDF pages 3-4, row 'Private rent (after receipt of Rent Allowance)'",OK,"Hypothetical ASFA retiree budget (healthy retirees); the budget table is an expenditure benchmark, not an observed spending statistic. Weekly numbers are as printed; annual = weekly x 52.2 within rounding. Totals may not exactly equal sum of components (ASFA note). Section totals only; individual expenditure line items are in the PDF and were not extracted. Quarter dates assumed calendar quarter from the name; release (publication) date not printed in the PDF."
D12-000030,12,ASFA Retirement Standard - June quarter 2026 budgets,,June quarter 2026,2026-04-01,2026-06-30,,asfa_renter_private_rent_weekly_aud,"Private rent (after receipt of Rent Allowance), weekly",other,396.84,AUD/week,nominal AUD in June quarter 2026 prices (CPI-updated quarterly by ASFA),ASFA hypothetical retiree household budget: relatively healthy retirees renting privately; Rent Allowance entitlement taken into account,Australia,retirees aged 65-84,,single,,,modest lifestyle,tenure=private renter (modest lifestyle only),asfa_June2026-RS-Tables_V3.pdf,https://www.superannuation.asn.au/wp-content/uploads/2026/09/June2026-RS-Tables_V3.pdf,ASFA Retirement Standard tables - retirees aged 65-84 (renters) - June quarter 2026,"PDF pages 3-4, row 'Private rent (after receipt of Rent Allowance)'",OK,"Hypothetical ASFA retiree budget (healthy retirees); the budget table is an expenditure benchmark, not an observed spending statistic. Weekly numbers are as printed; annual = weekly x 52.2 within rounding. Totals may not exactly equal sum of components (ASFA note). Section totals only; individual expenditure line items are in the PDF and were not extracted. Quarter dates assumed calendar quarter from the name; release (publication) date not printed in the PDF."
D12-000031,12,ASFA Retirement Standard - June quarter 2026 budgets,,June quarter 2026,2026-04-01,2026-06-30,,asfa_renter_moving_cost_allowance_weekly_aud,"Allowance for moving costs due to limited tenure period, weekly",other,21.17,AUD/week,nominal AUD in June quarter 2026 prices (CPI-updated quarterly by ASFA),ASFA hypothetical retiree household budget: relatively healthy retirees renting privately; Rent Allowance entitlement taken into account,Australia,retirees aged 65-84,,couple,,,modest lifestyle,tenure=private renter (modest lifestyle only),asfa_June2026-RS-Tables_V3.pdf,https://www.superannuation.asn.au/wp-content/uploads/2026/09/June2026-RS-Tables_V3.pdf,ASFA Retirement Standard tables - retirees aged 65-84 (renters) - June quarter 2026,"PDF pages 3-4, row 'Allowance for moving costs due to limited tenure period'",OK,"Hypothetical ASFA retiree budget (healthy retirees); the budget table is an expenditure benchmark, not an observed spending statistic. Weekly numbers are as printed; annual = weekly x 52.2 within rounding. Totals may not exactly equal sum of components (ASFA note). Section totals only; individual expenditure line items are in the PDF and were not extracted. Quarter dates assumed calendar quarter from the name; release (publication) date not printed in the PDF."
D12-000032,12,ASFA Retirement Standard - June quarter 2026 budgets,,June quarter 2026,2026-04-01,2026-06-30,,asfa_renter_moving_cost_allowance_weekly_aud,"Allowance for moving costs due to limited tenure period, weekly",other,21.17,AUD/week,nominal AUD in June quarter 2026 prices (CPI-updated quarterly by ASFA),ASFA hypothetical retiree household budget: relatively healthy retirees renting privately; Rent Allowance entitlement taken into account,Australia,retirees aged 65-84,,single,,,modest lifestyle,tenure=private renter (modest lifestyle only),asfa_June2026-RS-Tables_V3.pdf,https://www.superannuation.asn.au/wp-content/uploads/2026/09/June2026-RS-Tables_V3.pdf,ASFA Retirement Standard tables - retirees aged 65-84 (renters) - June quarter 2026,"PDF pages 3-4, row 'Allowance for moving costs due to limited tenure period'",OK,"Hypothetical ASFA retiree budget (healthy retirees); the budget table is an expenditure benchmark, not an observed spending statistic. Weekly numbers are as printed; annual = weekly x 52.2 within rounding. Totals may not exactly equal sum of components (ASFA note). Section totals only; individual expenditure line items are in the PDF and were not extracted. Quarter dates assumed calendar quarter from the name; release (publication) date not printed in the PDF."
D12-000033,12,ASFA Retirement Standard - June quarter 2026 budgets,,June quarter 2026,2026-04-01,2026-06-30,,asfa_budget_total_housing_weekly_aud,Total housing (weekly),total,470.23,AUD/week,nominal AUD in June quarter 2026 prices (CPI-updated quarterly by ASFA),ASFA hypothetical retiree household budget: relatively healthy retirees renting privately; Rent Allowance entitlement taken into account,Australia,retirees aged 65-84,,couple,,,modest lifestyle,tenure=private renter (modest lifestyle only),asfa_June2026-RS-Tables_V3.pdf,https://www.superannuation.asn.au/wp-content/uploads/2026/09/June2026-RS-Tables_V3.pdf,ASFA Retirement Standard tables - retirees aged 65-84 (renters) - June quarter 2026,"PDF pages 3-4, row 'Total housing'",OK,"Hypothetical ASFA retiree budget (healthy retirees); the budget table is an expenditure benchmark, not an observed spending statistic. Weekly numbers are as printed; annual = weekly x 52.2 within rounding. Totals may not exactly equal sum of components (ASFA note). Section totals only; individual expenditure line items are in the PDF and were not extracted. Quarter dates assumed calendar quarter from the name; release (publication) date not printed in the PDF."
D12-000034,12,ASFA Retirement Standard - June quarter 2026 budgets,,June quarter 2026,2026-04-01,2026-06-30,,asfa_budget_total_housing_weekly_aud,Total housing (weekly),total,418.01,AUD/week,nominal AUD in June quarter 2026 prices (CPI-updated quarterly by ASFA),ASFA hypothetical retiree household budget: relatively healthy retirees renting privately; Rent Allowance entitlement taken into account,Australia,retirees aged 65-84,,single,,,modest lifestyle,tenure=private renter (modest lifestyle only),asfa_June2026-RS-Tables_V3.pdf,https://www.superannuation.asn.au/wp-content/uploads/2026/09/June2026-RS-Tables_V3.pdf,ASFA Retirement Standard tables - retirees aged 65-84 (renters) - June quarter 2026,"PDF pages 3-4, row 'Total housing'",OK,"Hypothetical ASFA retiree budget (healthy retirees); the budget table is an expenditure benchmark, not an observed spending statistic. Weekly numbers are as printed; annual = weekly x 52.2 within rounding. Totals may not exactly equal sum of components (ASFA note). Section totals only; individual expenditure line items are in the PDF and were not extracted. Quarter dates assumed calendar quarter from the name; release (publication) date not printed in the PDF."
D12-000035,12,ASFA Retirement Standard - June quarter 2026 budgets,,June quarter 2026,2026-04-01,2026-06-30,,asfa_budget_total_household_goods_services_weekly_aud,Total household goods and services (weekly),total,47.88,AUD/week,nominal AUD in June quarter 2026 prices (CPI-updated quarterly by ASFA),ASFA hypothetical retiree household budget: relatively healthy retirees renting privately; Rent Allowance entitlement taken into account,Australia,retirees aged 65-84,,couple,,,modest lifestyle,tenure=private renter (modest lifestyle only),asfa_June2026-RS-Tables_V3.pdf,https://www.superannuation.asn.au/wp-content/uploads/2026/09/June2026-RS-Tables_V3.pdf,ASFA Retirement Standard tables - retirees aged 65-84 (renters) - June quarter 2026,"PDF pages 3-4, row 'Total household goods and services'",OK,"Hypothetical ASFA retiree budget (healthy retirees); the budget table is an expenditure benchmark, not an observed spending statistic. Weekly numbers are as printed; annual = weekly x 52.2 within rounding. Totals may not exactly equal sum of components (ASFA note). Section totals only; individual expenditure line items are in the PDF and were not extracted. Quarter dates assumed calendar quarter from the name; release (publication) date not printed in the PDF."
D12-000036,12,ASFA Retirement Standard - June quarter 2026 budgets,,June quarter 2026,2026-04-01,2026-06-30,,asfa_budget_total_household_goods_services_weekly_aud,Total household goods and services (weekly),total,40.47,AUD/week,nominal AUD in June quarter 2026 prices (CPI-updated quarterly by ASFA),ASFA hypothetical retiree household budget: relatively healthy retirees renting privately; Rent Allowance entitlement taken into account,Australia,retirees aged 65-84,,single,,,modest lifestyle,tenure=private renter (modest lifestyle only),asfa_June2026-RS-Tables_V3.pdf,https://www.superannuation.asn.au/wp-content/uploads/2026/09/June2026-RS-Tables_V3.pdf,ASFA Retirement Standard tables - retirees aged 65-84 (renters) - June quarter 2026,"PDF pages 3-4, row 'Total household goods and services'",OK,"Hypothetical ASFA retiree budget (healthy retirees); the budget table is an expenditure benchmark, not an observed spending statistic. Weekly numbers are as printed; annual = weekly x 52.2 within rounding. Totals may not exactly equal sum of components (ASFA note). Section totals only; individual expenditure line items are in the PDF and were not extracted. Quarter dates assumed calendar quarter from the name; release (publication) date not printed in the PDF."
D12-000037,12,ASFA Retirement Standard - June quarter 2026 budgets,,June quarter 2026,2026-04-01,2026-06-30,,asfa_budget_total_transport_weekly_aud,Total transport (weekly),total,125.92,AUD/week,nominal AUD in June quarter 2026 prices (CPI-updated quarterly by ASFA),ASFA hypothetical retiree household budget: relatively healthy retirees renting privately; Rent Allowance entitlement taken into account,Australia,retirees aged 65-84,,couple,,,modest lifestyle,tenure=private renter (modest lifestyle only),asfa_June2026-RS-Tables_V3.pdf,https://www.superannuation.asn.au/wp-content/uploads/2026/09/June2026-RS-Tables_V3.pdf,ASFA Retirement Standard tables - retirees aged 65-84 (renters) - June quarter 2026,"PDF pages 3-4, row 'Total transport'",OK,"Hypothetical ASFA retiree budget (healthy retirees); the budget table is an expenditure benchmark, not an observed spending statistic. Weekly numbers are as printed; annual = weekly x 52.2 within rounding. Totals may not exactly equal sum of components (ASFA note). Section totals only; individual expenditure line items are in the PDF and were not extracted. Quarter dates assumed calendar quarter from the name; release (publication) date not printed in the PDF."
D12-000038,12,ASFA Retirement Standard - June quarter 2026 budgets,,June quarter 2026,2026-04-01,2026-06-30,,asfa_budget_total_transport_weekly_aud,Total transport (weekly),total,118.49,AUD/week,nominal AUD in June quarter 2026 prices (CPI-updated quarterly by ASFA),ASFA hypothetical retiree household budget: relatively healthy retirees renting privately; Rent Allowance entitlement taken into account,Australia,retirees aged 65-84,,single,,,modest lifestyle,tenure=private renter (modest lifestyle only),asfa_June2026-RS-Tables_V3.pdf,https://www.superannuation.asn.au/wp-content/uploads/2026/09/June2026-RS-Tables_V3.pdf,ASFA Retirement Standard tables - retirees aged 65-84 (renters) - June quarter 2026,"PDF pages 3-4, row 'Total transport'",OK,"Hypothetical ASFA retiree budget (healthy retirees); the budget table is an expenditure benchmark, not an observed spending statistic. Weekly numbers are as printed; annual = weekly x 52.2 within rounding. Totals may not exactly equal sum of components (ASFA note). Section totals only; individual expenditure line items are in the PDF and were not extracted. Quarter dates assumed calendar quarter from the name; release (publication) date not printed in the PDF."
D12-000039,12,ASFA Retirement Standard - June quarter 2026 budgets,,June quarter 2026,2026-04-01,2026-06-30,,asfa_budget_total_health_services_weekly_aud,Total health services (weekly),total,119.94,AUD/week,nominal AUD in June quarter 2026 prices (CPI-updated quarterly by ASFA),ASFA hypothetical retiree household budget: relatively healthy retirees renting privately; Rent Allowance entitlement taken into account,Australia,retirees aged 65-84,,couple,,,modest lifestyle,tenure=private renter (modest lifestyle only),asfa_June2026-RS-Tables_V3.pdf,https://www.superannuation.asn.au/wp-content/uploads/2026/09/June2026-RS-Tables_V3.pdf,ASFA Retirement Standard tables - retirees aged 65-84 (renters) - June quarter 2026,"PDF pages 3-4, row 'Total health services'",OK,"Hypothetical ASFA retiree budget (healthy retirees); the budget table is an expenditure benchmark, not an observed spending statistic. Weekly numbers are as printed; annual = weekly x 52.2 within rounding. Totals may not exactly equal sum of components (ASFA note). Section totals only; individual expenditure line items are in the PDF and were not extracted. Quarter dates assumed calendar quarter from the name; release (publication) date not printed in the PDF."
D12-000040,12,ASFA Retirement Standard - June quarter 2026 budgets,,June quarter 2026,2026-04-01,2026-06-30,,asfa_budget_total_health_services_weekly_aud,Total health services (weekly),total,61.87,AUD/week,nominal AUD in June quarter 2026 prices (CPI-updated quarterly by ASFA),ASFA hypothetical retiree household budget: relatively healthy retirees renting privately; Rent Allowance entitlement taken into account,Australia,retirees aged 65-84,,single,,,modest lifestyle,tenure=private renter (modest lifestyle only),asfa_June2026-RS-Tables_V3.pdf,https://www.superannuation.asn.au/wp-content/uploads/2026/09/June2026-RS-Tables_V3.pdf,ASFA Retirement Standard tables - retirees aged 65-84 (renters) - June quarter 2026,"PDF pages 3-4, row 'Total health services'",OK,"Hypothetical ASFA retiree budget (healthy retirees); the budget table is an expenditure benchmark, not an observed spending statistic. Weekly numbers are as printed; annual = weekly x 52.2 within rounding. Totals may not exactly equal sum of components (ASFA note). Section totals only; individual expenditure line items are in the PDF and were not extracted. Quarter dates assumed calendar quarter from the name; release (publication) date not printed in the PDF."
D12-000041,12,ASFA Retirement Standard - June quarter 2026 budgets,,June quarter 2026,2026-04-01,2026-06-30,,asfa_budget_total_leisure_weekly_aud,Total leisure (weekly),total,189.85,AUD/week,nominal AUD in June quarter 2026 prices (CPI-updated quarterly by ASFA),ASFA hypothetical retiree household budget: relatively healthy retirees renting privately; Rent Allowance entitlement taken into account,Australia,retirees aged 65-84,,couple,,,modest lifestyle,tenure=private renter (modest lifestyle only),asfa_June2026-RS-Tables_V3.pdf,https://www.superannuation.asn.au/wp-content/uploads/2026/09/June2026-RS-Tables_V3.pdf,ASFA Retirement Standard tables - retirees aged 65-84 (renters) - June quarter 2026,"PDF pages 3-4, row 'Total leisure'",OK,"Hypothetical ASFA retiree budget (healthy retirees); the budget table is an expenditure benchmark, not an observed spending statistic. Weekly numbers are as printed; annual = weekly x 52.2 within rounding. Totals may not exactly equal sum of components (ASFA note). Section totals only; individual expenditure line items are in the PDF and were not extracted. Quarter dates assumed calendar quarter from the name; release (publication) date not printed in the PDF."
D12-000042,12,ASFA Retirement Standard - June quarter 2026 budgets,,June quarter 2026,2026-04-01,2026-06-30,,asfa_budget_total_leisure_weekly_aud,Total leisure (weekly),total,122.7,AUD/week,nominal AUD in June quarter 2026 prices (CPI-updated quarterly by ASFA),ASFA hypothetical retiree household budget: relatively healthy retirees renting privately; Rent Allowance entitlement taken into account,Australia,retirees aged 65-84,,single,,,modest lifestyle,tenure=private renter (modest lifestyle only),asfa_June2026-RS-Tables_V3.pdf,https://www.superannuation.asn.au/wp-content/uploads/2026/09/June2026-RS-Tables_V3.pdf,ASFA Retirement Standard tables - retirees aged 65-84 (renters) - June quarter 2026,"PDF pages 3-4, row 'Total leisure'",OK,"Hypothetical ASFA retiree budget (healthy retirees); the budget table is an expenditure benchmark, not an observed spending statistic. Weekly numbers are as printed; annual = weekly x 52.2 within rounding. Totals may not exactly equal sum of components (ASFA note). Section totals only; individual expenditure line items are in the PDF and were not extracted. Quarter dates assumed calendar quarter from the name; release (publication) date not printed in the PDF."
D12-000043,12,ASFA Retirement Standard - June quarter 2026 budgets,,June quarter 2026,2026-04-01,2026-06-30,,asfa_budget_total_weekly_aud,Total weekly expenditure,total,1329.04,AUD/week,nominal AUD in June quarter 2026 prices (CPI-updated quarterly by ASFA),ASFA hypothetical retiree household budget: relatively healthy retirees renting privately; Rent Allowance entitlement taken into account,Australia,retirees aged 65-84,,couple,,,modest lifestyle,tenure=private renter (modest lifestyle only),asfa_June2026-RS-Tables_V3.pdf,https://www.superannuation.asn.au/wp-content/uploads/2026/09/June2026-RS-Tables_V3.pdf,ASFA Retirement Standard tables - retirees aged 65-84 (renters) - June quarter 2026,"PDF pages 3-4, row 'Total weekly expenditure'",OK,"Hypothetical ASFA retiree budget (healthy retirees); the budget table is an expenditure benchmark, not an observed spending statistic. Weekly numbers are as printed; annual = weekly x 52.2 within rounding. Totals may not exactly equal sum of components (ASFA note). Section totals only; individual expenditure line items are in the PDF and were not extracted. Quarter dates assumed calendar quarter from the name; release (publication) date not printed in the PDF."
D12-000044,12,ASFA Retirement Standard - June quarter 2026 budgets,,June quarter 2026,2026-04-01,2026-06-30,,asfa_budget_total_weekly_aud,Total weekly expenditure,total,985.03,AUD/week,nominal AUD in June quarter 2026 prices (CPI-updated quarterly by ASFA),ASFA hypothetical retiree household budget: relatively healthy retirees renting privately; Rent Allowance entitlement taken into account,Australia,retirees aged 65-84,,single,,,modest lifestyle,tenure=private renter (modest lifestyle only),asfa_June2026-RS-Tables_V3.pdf,https://www.superannuation.asn.au/wp-content/uploads/2026/09/June2026-RS-Tables_V3.pdf,ASFA Retirement Standard tables - retirees aged 65-84 (renters) - June quarter 2026,"PDF pages 3-4, row 'Total weekly expenditure'",OK,"Hypothetical ASFA retiree budget (healthy retirees); the budget table is an expenditure benchmark, not an observed spending statistic. Weekly numbers are as printed; annual = weekly x 52.2 within rounding. Totals may not exactly equal sum of components (ASFA note). Section totals only; individual expenditure line items are in the PDF and were not extracted. Quarter dates assumed calendar quarter from the name; release (publication) date not printed in the PDF."
D12-000045,12,ASFA Retirement Standard - June quarter 2026 budgets,,June quarter 2026,2026-04-01,2026-06-30,,asfa_budget_total_annual_aud,Total annual expenditure,total,69376,AUD/year,nominal AUD in June quarter 2026 prices (CPI-updated quarterly by ASFA),ASFA hypothetical retiree household budget: relatively healthy retirees renting privately; Rent Allowance entitlement taken into account,Australia,retirees aged 65-84,,couple,,,modest lifestyle,tenure=private renter (modest lifestyle only),asfa_June2026-RS-Tables_V3.pdf,https://www.superannuation.asn.au/wp-content/uploads/2026/09/June2026-RS-Tables_V3.pdf,ASFA Retirement Standard tables - retirees aged 65-84 (renters) - June quarter 2026,"PDF pages 3-4, row 'Total annual expenditure'",OK,"Hypothetical ASFA retiree budget (healthy retirees); the budget table is an expenditure benchmark, not an observed spending statistic. Weekly numbers are as printed; annual = weekly x 52.2 within rounding. Totals may not exactly equal sum of components (ASFA note). Section totals only; individual expenditure line items are in the PDF and were not extracted. Quarter dates assumed calendar quarter from the name; release (publication) date not printed in the PDF."
D12-000046,12,ASFA Retirement Standard - June quarter 2026 budgets,,June quarter 2026,2026-04-01,2026-06-30,,asfa_budget_total_annual_aud,Total annual expenditure,total,51418,AUD/year,nominal AUD in June quarter 2026 prices (CPI-updated quarterly by ASFA),ASFA hypothetical retiree household budget: relatively healthy retirees renting privately; Rent Allowance entitlement taken into account,Australia,retirees aged 65-84,,single,,,modest lifestyle,tenure=private renter (modest lifestyle only),asfa_June2026-RS-Tables_V3.pdf,https://www.superannuation.asn.au/wp-content/uploads/2026/09/June2026-RS-Tables_V3.pdf,ASFA Retirement Standard tables - retirees aged 65-84 (renters) - June quarter 2026,"PDF pages 3-4, row 'Total annual expenditure'",OK,"Hypothetical ASFA retiree budget (healthy retirees); the budget table is an expenditure benchmark, not an observed spending statistic. Weekly numbers are as printed; annual = weekly x 52.2 within rounding. Totals may not exactly equal sum of components (ASFA note). Section totals only; individual expenditure line items are in the PDF and were not extracted. Quarter dates assumed calendar quarter from the name; release (publication) date not printed in the PDF."
D12-000047,12,ASFA Retirement Standard - June quarter 2026 budgets,,June quarter 2026,2026-04-01,2026-06-30,,asfa_budget_total_housing_weekly_aud,Total housing (weekly),total,163.18,AUD/week,nominal AUD in June quarter 2026 prices (CPI-updated quarterly by ASFA),ASFA hypothetical retiree household budget: relatively healthy retirees owning their home outright,Australia,retirees aged over 85,,couple,,,comfortable lifestyle,tenure=homeowner (owns home outright),asfa_June2026-RS-Tables_V3.pdf,https://www.superannuation.asn.au/wp-content/uploads/2026/09/June2026-RS-Tables_V3.pdf,ASFA Retirement Standard tables - retirees aged over 85 (homeowners) - June quarter 2026,"PDF pages 5-6, row 'Total housing'",OK,"Hypothetical ASFA retiree budget (healthy retirees); the budget table is an expenditure benchmark, not an observed spending statistic. Weekly numbers are as printed; annual = weekly x 52.2 within rounding. Totals may not exactly equal sum of components (ASFA note). Section totals only; individual expenditure line items are in the PDF and were not extracted. Quarter dates assumed calendar quarter from the name; release (publication) date not printed in the PDF."
D12-000048,12,ASFA Retirement Standard - June quarter 2026 budgets,,June quarter 2026,2026-04-01,2026-06-30,,asfa_budget_total_housing_weekly_aud,Total housing (weekly),total,150.42,AUD/week,nominal AUD in June quarter 2026 prices (CPI-updated quarterly by ASFA),ASFA hypothetical retiree household budget: relatively healthy retirees owning their home outright,Australia,retirees aged over 85,,couple,,,modest lifestyle,tenure=homeowner (owns home outright),asfa_June2026-RS-Tables_V3.pdf,https://www.superannuation.asn.au/wp-content/uploads/2026/09/June2026-RS-Tables_V3.pdf,ASFA Retirement Standard tables - retirees aged over 85 (homeowners) - June quarter 2026,"PDF pages 5-6, row 'Total housing'",OK,"Hypothetical ASFA retiree budget (healthy retirees); the budget table is an expenditure benchmark, not an observed spending statistic. Weekly numbers are as printed; annual = weekly x 52.2 within rounding. Totals may not exactly equal sum of components (ASFA note). Section totals only; individual expenditure line items are in the PDF and were not extracted. Quarter dates assumed calendar quarter from the name; release (publication) date not printed in the PDF."
D12-000049,12,ASFA Retirement Standard - June quarter 2026 budgets,,June quarter 2026,2026-04-01,2026-06-30,,asfa_budget_total_housing_weekly_aud,Total housing (weekly),total,156.15,AUD/week,nominal AUD in June quarter 2026 prices (CPI-updated quarterly by ASFA),ASFA hypothetical retiree household budget: relatively healthy retirees owning their home outright,Australia,retirees aged over 85,,single,,,comfortable lifestyle,tenure=homeowner (owns home outright),asfa_June2026-RS-Tables_V3.pdf,https://www.superannuation.asn.au/wp-content/uploads/2026/09/June2026-RS-Tables_V3.pdf,ASFA Retirement Standard tables - retirees aged over 85 (homeowners) - June quarter 2026,"PDF pages 5-6, row 'Total housing'",OK,"Hypothetical ASFA retiree budget (healthy retirees); the budget table is an expenditure benchmark, not an observed spending statistic. Weekly numbers are as printed; annual = weekly x 52.2 within rounding. Totals may not exactly equal sum of components (ASFA note). Section totals only; individual expenditure line items are in the PDF and were not extracted. Quarter dates assumed calendar quarter from the name; release (publication) date not printed in the PDF."
D12-000050,12,ASFA Retirement Standard - June quarter 2026 budgets,,June quarter 2026,2026-04-01,2026-06-30,,asfa_budget_total_housing_weekly_aud,Total housing (weekly),total,132.72,AUD/week,nominal AUD in June quarter 2026 prices (CPI-updated quarterly by ASFA),ASFA hypothetical retiree household budget: relatively healthy retirees owning their home outright,Australia,retirees aged over 85,,single,,,modest lifestyle,tenure=homeowner (owns home outright),asfa_June2026-RS-Tables_V3.pdf,https://www.superannuation.asn.au/wp-content/uploads/2026/09/June2026-RS-Tables_V3.pdf,ASFA Retirement Standard tables - retirees aged over 85 (homeowners) - June quarter 2026,"PDF pages 5-6, row 'Total housing'",OK,"Hypothetical ASFA retiree budget (healthy retirees); the budget table is an expenditure benchmark, not an observed spending statistic. Weekly numbers are as printed; annual = weekly x 52.2 within rounding. Totals may not exactly equal sum of components (ASFA note). Section totals only; individual expenditure line items are in the PDF and were not extracted. Quarter dates assumed calendar quarter from the name; release (publication) date not printed in the PDF."
D12-000051,12,ASFA Retirement Standard - June quarter 2026 budgets,,June quarter 2026,2026-04-01,2026-06-30,,asfa_budget_total_household_goods_services_weekly_aud,Total household goods and services (weekly),total,241.13,AUD/week,nominal AUD in June quarter 2026 prices (CPI-updated quarterly by ASFA),ASFA hypothetical retiree household budget: relatively healthy retirees owning their home outright,Australia,retirees aged over 85,,couple,,,comfortable lifestyle,tenure=homeowner (owns home outright),asfa_June2026-RS-Tables_V3.pdf,https://www.superannuation.asn.au/wp-content/uploads/2026/09/June2026-RS-Tables_V3.pdf,ASFA Retirement Standard tables - retirees aged over 85 (homeowners) - June quarter 2026,"PDF pages 5-6, row 'Total household goods and services'",OK,"Hypothetical ASFA retiree budget (healthy retirees); the budget table is an expenditure benchmark, not an observed spending statistic. Weekly numbers are as printed; annual = weekly x 52.2 within rounding. Totals may not exactly equal sum of components (ASFA note). Section totals only; individual expenditure line items are in the PDF and were not extracted. Quarter dates assumed calendar quarter from the name; release (publication) date not printed in the PDF."
D12-000052,12,ASFA Retirement Standard - June quarter 2026 budgets,,June quarter 2026,2026-04-01,2026-06-30,,asfa_budget_total_household_goods_services_weekly_aud,Total household goods and services (weekly),total,102.55,AUD/week,nominal AUD in June quarter 2026 prices (CPI-updated quarterly by ASFA),ASFA hypothetical retiree household budget: relatively healthy retirees owning their home outright,Australia,retirees aged over 85,,couple,,,modest lifestyle,tenure=homeowner (owns home outright),asfa_June2026-RS-Tables_V3.pdf,https://www.superannuation.asn.au/wp-content/uploads/2026/09/June2026-RS-Tables_V3.pdf,ASFA Retirement Standard tables - retirees aged over 85 (homeowners) - June quarter 2026,"PDF pages 5-6, row 'Total household goods and services'",OK,"Hypothetical ASFA retiree budget (healthy retirees); the budget table is an expenditure benchmark, not an observed spending statistic. Weekly numbers are as printed; annual = weekly x 52.2 within rounding. Totals may not exactly equal sum of components (ASFA note). Section totals only; individual expenditure line items are in the PDF and were not extracted. Quarter dates assumed calendar quarter from the name; release (publication) date not printed in the PDF."
D12-000053,12,ASFA Retirement Standard - June quarter 2026 budgets,,June quarter 2026,2026-04-01,2026-06-30,,asfa_budget_total_household_goods_services_weekly_aud,Total household goods and services (weekly),total,199.28,AUD/week,nominal AUD in June quarter 2026 prices (CPI-updated quarterly by ASFA),ASFA hypothetical retiree household budget: relatively healthy retirees owning their home outright,Australia,retirees aged over 85,,single,,,comfortable lifestyle,tenure=homeowner (owns home outright),asfa_June2026-RS-Tables_V3.pdf,https://www.superannuation.asn.au/wp-content/uploads/2026/09/June2026-RS-Tables_V3.pdf,ASFA Retirement Standard tables - retirees aged over 85 (homeowners) - June quarter 2026,"PDF pages 5-6, row 'Total household goods and services'",OK,"Hypothetical ASFA retiree budget (healthy retirees); the budget table is an expenditure benchmark, not an observed spending statistic. Weekly numbers are as printed; annual = weekly x 52.2 within rounding. Totals may not exactly equal sum of components (ASFA note). Section totals only; individual expenditure line items are in the PDF and were not extracted. Quarter dates assumed calendar quarter from the name; release (publication) date not printed in the PDF."
D12-000054,12,ASFA Retirement Standard - June quarter 2026 budgets,,June quarter 2026,2026-04-01,2026-06-30,,asfa_budget_total_household_goods_services_weekly_aud,Total household goods and services (weekly),total,70.81,AUD/week,nominal AUD in June quarter 2026 prices (CPI-updated quarterly by ASFA),ASFA hypothetical retiree household budget: relatively healthy retirees owning their home outright,Australia,retirees aged over 85,,single,,,modest lifestyle,tenure=homeowner (owns home outright),asfa_June2026-RS-Tables_V3.pdf,https://www.superannuation.asn.au/wp-content/uploads/2026/09/June2026-RS-Tables_V3.pdf,ASFA Retirement Standard tables - retirees aged over 85 (homeowners) - June quarter 2026,"PDF pages 5-6, row 'Total household goods and services'",OK,"Hypothetical ASFA retiree budget (healthy retirees); the budget table is an expenditure benchmark, not an observed spending statistic. Weekly numbers are as printed; annual = weekly x 52.2 within rounding. Totals may not exactly equal sum of components (ASFA note). Section totals only; individual expenditure line items are in the PDF and were not extracted. Quarter dates assumed calendar quarter from the name; release (publication) date not printed in the PDF."
D12-000055,12,ASFA Retirement Standard - June quarter 2026 budgets,,June quarter 2026,2026-04-01,2026-06-30,,asfa_budget_total_transport_weekly_aud,Total transport (weekly),total,60.66,AUD/week,nominal AUD in June quarter 2026 prices (CPI-updated quarterly by ASFA),ASFA hypothetical retiree household budget: relatively healthy retirees owning their home outright,Australia,retirees aged over 85,,couple,,,comfortable lifestyle,tenure=homeowner (owns home outright),asfa_June2026-RS-Tables_V3.pdf,https://www.superannuation.asn.au/wp-content/uploads/2026/09/June2026-RS-Tables_V3.pdf,ASFA Retirement Standard tables - retirees aged over 85 (homeowners) - June quarter 2026,"PDF pages 5-6, row 'Total transport'",OK,"Hypothetical ASFA retiree budget (healthy retirees); the budget table is an expenditure benchmark, not an observed spending statistic. Weekly numbers are as printed; annual = weekly x 52.2 within rounding. Totals may not exactly equal sum of components (ASFA note). Section totals only; individual expenditure line items are in the PDF and were not extracted. Quarter dates assumed calendar quarter from the name; release (publication) date not printed in the PDF."
D12-000056,12,ASFA Retirement Standard - June quarter 2026 budgets,,June quarter 2026,2026-04-01,2026-06-30,,asfa_budget_total_transport_weekly_aud,Total transport (weekly),total,55.14,AUD/week,nominal AUD in June quarter 2026 prices (CPI-updated quarterly by ASFA),ASFA hypothetical retiree household budget: relatively healthy retirees owning their home outright,Australia,retirees aged over 85,,couple,,,modest lifestyle,tenure=homeowner (owns home outright),asfa_June2026-RS-Tables_V3.pdf,https://www.superannuation.asn.au/wp-content/uploads/2026/09/June2026-RS-Tables_V3.pdf,ASFA Retirement Standard tables - retirees aged over 85 (homeowners) - June quarter 2026,"PDF pages 5-6, row 'Total transport'",OK,"Hypothetical ASFA retiree budget (healthy retirees); the budget table is an expenditure benchmark, not an observed spending statistic. Weekly numbers are as printed; annual = weekly x 52.2 within rounding. Totals may not exactly equal sum of components (ASFA note). Section totals only; individual expenditure line items are in the PDF and were not extracted. Quarter dates assumed calendar quarter from the name; release (publication) date not printed in the PDF."
D12-000057,12,ASFA Retirement Standard - June quarter 2026 budgets,,June quarter 2026,2026-04-01,2026-06-30,,asfa_budget_total_transport_weekly_aud,Total transport (weekly),total,49.63,AUD/week,nominal AUD in June quarter 2026 prices (CPI-updated quarterly by ASFA),ASFA hypothetical retiree household budget: relatively healthy retirees owning their home outright,Australia,retirees aged over 85,,single,,,comfortable lifestyle,tenure=homeowner (owns home outright),asfa_June2026-RS-Tables_V3.pdf,https://www.superannuation.asn.au/wp-content/uploads/2026/09/June2026-RS-Tables_V3.pdf,ASFA Retirement Standard tables - retirees aged over 85 (homeowners) - June quarter 2026,"PDF pages 5-6, row 'Total transport'",OK,"Hypothetical ASFA retiree budget (healthy retirees); the budget table is an expenditure benchmark, not an observed spending statistic. Weekly numbers are as printed; annual = weekly x 52.2 within rounding. Totals may not exactly equal sum of components (ASFA note). Section totals only; individual expenditure line items are in the PDF and were not extracted. Quarter dates assumed calendar quarter from the name; release (publication) date not printed in the PDF."
D12-000058,12,ASFA Retirement Standard - June quarter 2026 budgets,,June quarter 2026,2026-04-01,2026-06-30,,asfa_budget_total_transport_weekly_aud,Total transport (weekly),total,44.12,AUD/week,nominal AUD in June quarter 2026 prices (CPI-updated quarterly by ASFA),ASFA hypothetical retiree household budget: relatively healthy retirees owning their home outright,Australia,retirees aged over 85,,single,,,modest lifestyle,tenure=homeowner (owns home outright),asfa_June2026-RS-Tables_V3.pdf,https://www.superannuation.asn.au/wp-content/uploads/2026/09/June2026-RS-Tables_V3.pdf,ASFA Retirement Standard tables - retirees aged over 85 (homeowners) - June quarter 2026,"PDF pages 5-6, row 'Total transport'",OK,"Hypothetical ASFA retiree budget (healthy retirees); the budget table is an expenditure benchmark, not an observed spending statistic. Weekly numbers are as printed; annual = weekly x 52.2 within rounding. Totals may not exactly equal sum of components (ASFA note). Section totals only; individual expenditure line items are in the PDF and were not extracted. Quarter dates assumed calendar quarter from the name; release (publication) date not printed in the PDF."
D12-000059,12,ASFA Retirement Standard - June quarter 2026 budgets,,June quarter 2026,2026-04-01,2026-06-30,,asfa_budget_total_health_services_weekly_aud,Total health services (weekly),total,280.91,AUD/week,nominal AUD in June quarter 2026 prices (CPI-updated quarterly by ASFA),ASFA hypothetical retiree household budget: relatively healthy retirees owning their home outright,Australia,retirees aged over 85,,couple,,,comfortable lifestyle,tenure=homeowner (owns home outright),asfa_June2026-RS-Tables_V3.pdf,https://www.superannuation.asn.au/wp-content/uploads/2026/09/June2026-RS-Tables_V3.pdf,ASFA Retirement Standard tables - retirees aged over 85 (homeowners) - June quarter 2026,"PDF pages 5-6, row 'Total health services'",OK,"Hypothetical ASFA retiree budget (healthy retirees); the budget table is an expenditure benchmark, not an observed spending statistic. Weekly numbers are as printed; annual = weekly x 52.2 within rounding. Totals may not exactly equal sum of components (ASFA note). Section totals only; individual expenditure line items are in the PDF and were not extracted. Quarter dates assumed calendar quarter from the name; release (publication) date not printed in the PDF."
D12-000060,12,ASFA Retirement Standard - June quarter 2026 budgets,,June quarter 2026,2026-04-01,2026-06-30,,asfa_budget_total_health_services_weekly_aud,Total health services (weekly),total,152.41,AUD/week,nominal AUD in June quarter 2026 prices (CPI-updated quarterly by ASFA),ASFA hypothetical retiree household budget: relatively healthy retirees owning their home outright,Australia,retirees aged over 85,,couple,,,modest lifestyle,tenure=homeowner (owns home outright),asfa_June2026-RS-Tables_V3.pdf,https://www.superannuation.asn.au/wp-content/uploads/2026/09/June2026-RS-Tables_V3.pdf,ASFA Retirement Standard tables - retirees aged over 85 (homeowners) - June quarter 2026,"PDF pages 5-6, row 'Total health services'",OK,"Hypothetical ASFA retiree budget (healthy retirees); the budget table is an expenditure benchmark, not an observed spending statistic. Weekly numbers are as printed; annual = weekly x 52.2 within rounding. Totals may not exactly equal sum of components (ASFA note). Section totals only; individual expenditure line items are in the PDF and were not extracted. Quarter dates assumed calendar quarter from the name; release (publication) date not printed in the PDF."
D12-000061,12,ASFA Retirement Standard - June quarter 2026 budgets,,June quarter 2026,2026-04-01,2026-06-30,,asfa_budget_total_health_services_weekly_aud,Total health services (weekly),total,179.81,AUD/week,nominal AUD in June quarter 2026 prices (CPI-updated quarterly by ASFA),ASFA hypothetical retiree household budget: relatively healthy retirees owning their home outright,Australia,retirees aged over 85,,single,,,comfortable lifestyle,tenure=homeowner (owns home outright),asfa_June2026-RS-Tables_V3.pdf,https://www.superannuation.asn.au/wp-content/uploads/2026/09/June2026-RS-Tables_V3.pdf,ASFA Retirement Standard tables - retirees aged over 85 (homeowners) - June quarter 2026,"PDF pages 5-6, row 'Total health services'",OK,"Hypothetical ASFA retiree budget (healthy retirees); the budget table is an expenditure benchmark, not an observed spending statistic. Weekly numbers are as printed; annual = weekly x 52.2 within rounding. Totals may not exactly equal sum of components (ASFA note). Section totals only; individual expenditure line items are in the PDF and were not extracted. Quarter dates assumed calendar quarter from the name; release (publication) date not printed in the PDF."
D12-000062,12,ASFA Retirement Standard - June quarter 2026 budgets,,June quarter 2026,2026-04-01,2026-06-30,,asfa_budget_total_health_services_weekly_aud,Total health services (weekly),total,110.38,AUD/week,nominal AUD in June quarter 2026 prices (CPI-updated quarterly by ASFA),ASFA hypothetical retiree household budget: relatively healthy retirees owning their home outright,Australia,retirees aged over 85,,single,,,modest lifestyle,tenure=homeowner (owns home outright),asfa_June2026-RS-Tables_V3.pdf,https://www.superannuation.asn.au/wp-content/uploads/2026/09/June2026-RS-Tables_V3.pdf,ASFA Retirement Standard tables - retirees aged over 85 (homeowners) - June quarter 2026,"PDF pages 5-6, row 'Total health services'",OK,"Hypothetical ASFA retiree budget (healthy retirees); the budget table is an expenditure benchmark, not an observed spending statistic. Weekly numbers are as printed; annual = weekly x 52.2 within rounding. Totals may not exactly equal sum of components (ASFA note). Section totals only; individual expenditure line items are in the PDF and were not extracted. Quarter dates assumed calendar quarter from the name; release (publication) date not printed in the PDF."
D12-000063,12,ASFA Retirement Standard - June quarter 2026 budgets,,June quarter 2026,2026-04-01,2026-06-30,,asfa_budget_total_leisure_weekly_aud,Total leisure (weekly),total,221.26,AUD/week,nominal AUD in June quarter 2026 prices (CPI-updated quarterly by ASFA),ASFA hypothetical retiree household budget: relatively healthy retirees owning their home outright,Australia,retirees aged over 85,,couple,,,comfortable lifestyle,tenure=homeowner (owns home outright),asfa_June2026-RS-Tables_V3.pdf,https://www.superannuation.asn.au/wp-content/uploads/2026/09/June2026-RS-Tables_V3.pdf,ASFA Retirement Standard tables - retirees aged over 85 (homeowners) - June quarter 2026,"PDF pages 5-6, row 'Total leisure'",OK,"Hypothetical ASFA retiree budget (healthy retirees); the budget table is an expenditure benchmark, not an observed spending statistic. Weekly numbers are as printed; annual = weekly x 52.2 within rounding. Totals may not exactly equal sum of components (ASFA note). Section totals only; individual expenditure line items are in the PDF and were not extracted. Quarter dates assumed calendar quarter from the name; release (publication) date not printed in the PDF."
D12-000064,12,ASFA Retirement Standard - June quarter 2026 budgets,,June quarter 2026,2026-04-01,2026-06-30,,asfa_budget_total_leisure_weekly_aud,Total leisure (weekly),total,114.65,AUD/week,nominal AUD in June quarter 2026 prices (CPI-updated quarterly by ASFA),ASFA hypothetical retiree household budget: relatively healthy retirees owning their home outright,Australia,retirees aged over 85,,couple,,,modest lifestyle,tenure=homeowner (owns home outright),asfa_June2026-RS-Tables_V3.pdf,https://www.superannuation.asn.au/wp-content/uploads/2026/09/June2026-RS-Tables_V3.pdf,ASFA Retirement Standard tables - retirees aged over 85 (homeowners) - June quarter 2026,"PDF pages 5-6, row 'Total leisure'",OK,"Hypothetical ASFA retiree budget (healthy retirees); the budget table is an expenditure benchmark, not an observed spending statistic. Weekly numbers are as printed; annual = weekly x 52.2 within rounding. Totals may not exactly equal sum of components (ASFA note). Section totals only; individual expenditure line items are in the PDF and were not extracted. Quarter dates assumed calendar quarter from the name; release (publication) date not printed in the PDF."
D12-000065,12,ASFA Retirement Standard - June quarter 2026 budgets,,June quarter 2026,2026-04-01,2026-06-30,,asfa_budget_total_leisure_weekly_aud,Total leisure (weekly),total,157.19,AUD/week,nominal AUD in June quarter 2026 prices (CPI-updated quarterly by ASFA),ASFA hypothetical retiree household budget: relatively healthy retirees owning their home outright,Australia,retirees aged over 85,,single,,,comfortable lifestyle,tenure=homeowner (owns home outright),asfa_June2026-RS-Tables_V3.pdf,https://www.superannuation.asn.au/wp-content/uploads/2026/09/June2026-RS-Tables_V3.pdf,ASFA Retirement Standard tables - retirees aged over 85 (homeowners) - June quarter 2026,"PDF pages 5-6, row 'Total leisure'",OK,"Hypothetical ASFA retiree budget (healthy retirees); the budget table is an expenditure benchmark, not an observed spending statistic. Weekly numbers are as printed; annual = weekly x 52.2 within rounding. Totals may not exactly equal sum of components (ASFA note). Section totals only; individual expenditure line items are in the PDF and were not extracted. Quarter dates assumed calendar quarter from the name; release (publication) date not printed in the PDF."
D12-000066,12,ASFA Retirement Standard - June quarter 2026 budgets,,June quarter 2026,2026-04-01,2026-06-30,,asfa_budget_total_leisure_weekly_aud,Total leisure (weekly),total,81.69,AUD/week,nominal AUD in June quarter 2026 prices (CPI-updated quarterly by ASFA),ASFA hypothetical retiree household budget: relatively healthy retirees owning their home outright,Australia,retirees aged over 85,,single,,,modest lifestyle,tenure=homeowner (owns home outright),asfa_June2026-RS-Tables_V3.pdf,https://www.superannuation.asn.au/wp-content/uploads/2026/09/June2026-RS-Tables_V3.pdf,ASFA Retirement Standard tables - retirees aged over 85 (homeowners) - June quarter 2026,"PDF pages 5-6, row 'Total leisure'",OK,"Hypothetical ASFA retiree budget (healthy retirees); the budget table is an expenditure benchmark, not an observed spending statistic. Weekly numbers are as printed; annual = weekly x 52.2 within rounding. Totals may not exactly equal sum of components (ASFA note). Section totals only; individual expenditure line items are in the PDF and were not extracted. Quarter dates assumed calendar quarter from the name; release (publication) date not printed in the PDF."
D12-000067,12,ASFA Retirement Standard - June quarter 2026 budgets,,June quarter 2026,2026-04-01,2026-06-30,,asfa_budget_total_weekly_aud,Total weekly expenditure,total,1426.91,AUD/week,nominal AUD in June quarter 2026 prices (CPI-updated quarterly by ASFA),ASFA hypothetical retiree household budget: relatively healthy retirees owning their home outright,Australia,retirees aged over 85,,couple,,,comfortable lifestyle,tenure=homeowner (owns home outright),asfa_June2026-RS-Tables_V3.pdf,https://www.superannuation.asn.au/wp-content/uploads/2026/09/June2026-RS-Tables_V3.pdf,ASFA Retirement Standard tables - retirees aged over 85 (homeowners) - June quarter 2026,"PDF pages 5-6, row 'Total weekly expenditure'",OK,"Hypothetical ASFA retiree budget (healthy retirees); the budget table is an expenditure benchmark, not an observed spending statistic. Weekly numbers are as printed; annual = weekly x 52.2 within rounding. Totals may not exactly equal sum of components (ASFA note). Section totals only; individual expenditure line items are in the PDF and were not extracted. Quarter dates assumed calendar quarter from the name; release (publication) date not printed in the PDF."
D12-000068,12,ASFA Retirement Standard - June quarter 2026 budgets,,June quarter 2026,2026-04-01,2026-06-30,,asfa_budget_total_weekly_aud,Total weekly expenditure,total,950.39,AUD/week,nominal AUD in June quarter 2026 prices (CPI-updated quarterly by ASFA),ASFA hypothetical retiree household budget: relatively healthy retirees owning their home outright,Australia,retirees aged over 85,,couple,,,modest lifestyle,tenure=homeowner (owns home outright),asfa_June2026-RS-Tables_V3.pdf,https://www.superannuation.asn.au/wp-content/uploads/2026/09/June2026-RS-Tables_V3.pdf,ASFA Retirement Standard tables - retirees aged over 85 (homeowners) - June quarter 2026,"PDF pages 5-6, row 'Total weekly expenditure'",OK,"Hypothetical ASFA retiree budget (healthy retirees); the budget table is an expenditure benchmark, not an observed spending statistic. Weekly numbers are as printed; annual = weekly x 52.2 within rounding. Totals may not exactly equal sum of components (ASFA note). Section totals only; individual expenditure line items are in the PDF and were not extracted. Quarter dates assumed calendar quarter from the name; release (publication) date not printed in the PDF."
D12-000069,12,ASFA Retirement Standard - June quarter 2026 budgets,,June quarter 2026,2026-04-01,2026-06-30,,asfa_budget_total_weekly_aud,Total weekly expenditure,total,1033.79,AUD/week,nominal AUD in June quarter 2026 prices (CPI-updated quarterly by ASFA),ASFA hypothetical retiree household budget: relatively healthy retirees owning their home outright,Australia,retirees aged over 85,,single,,,comfortable lifestyle,tenure=homeowner (owns home outright),asfa_June2026-RS-Tables_V3.pdf,https://www.superannuation.asn.au/wp-content/uploads/2026/09/June2026-RS-Tables_V3.pdf,ASFA Retirement Standard tables - retirees aged over 85 (homeowners) - June quarter 2026,"PDF pages 5-6, row 'Total weekly expenditure'",OK,"Hypothetical ASFA retiree budget (healthy retirees); the budget table is an expenditure benchmark, not an observed spending statistic. Weekly numbers are as printed; annual = weekly x 52.2 within rounding. Totals may not exactly equal sum of components (ASFA note). Section totals only; individual expenditure line items are in the PDF and were not extracted. Quarter dates assumed calendar quarter from the name; release (publication) date not printed in the PDF."
D12-000070,12,ASFA Retirement Standard - June quarter 2026 budgets,,June quarter 2026,2026-04-01,2026-06-30,,asfa_budget_total_weekly_aud,Total weekly expenditure,total,663.21,AUD/week,nominal AUD in June quarter 2026 prices (CPI-updated quarterly by ASFA),ASFA hypothetical retiree household budget: relatively healthy retirees owning their home outright,Australia,retirees aged over 85,,single,,,modest lifestyle,tenure=homeowner (owns home outright),asfa_June2026-RS-Tables_V3.pdf,https://www.superannuation.asn.au/wp-content/uploads/2026/09/June2026-RS-Tables_V3.pdf,ASFA Retirement Standard tables - retirees aged over 85 (homeowners) - June quarter 2026,"PDF pages 5-6, row 'Total weekly expenditure'",OK,"Hypothetical ASFA retiree budget (healthy retirees); the budget table is an expenditure benchmark, not an observed spending statistic. Weekly numbers are as printed; annual = weekly x 52.2 within rounding. Totals may not exactly equal sum of components (ASFA note). Section totals only; individual expenditure line items are in the PDF and were not extracted. Quarter dates assumed calendar quarter from the name; release (publication) date not printed in the PDF."
D12-000071,12,ASFA Retirement Standard - June quarter 2026 budgets,,June quarter 2026,2026-04-01,2026-06-30,,asfa_budget_total_annual_aud,Total annual expenditure,total,74484,AUD/year,nominal AUD in June quarter 2026 prices (CPI-updated quarterly by ASFA),ASFA hypothetical retiree household budget: relatively healthy retirees owning their home outright,Australia,retirees aged over 85,,couple,,,comfortable lifestyle,tenure=homeowner (owns home outright),asfa_June2026-RS-Tables_V3.pdf,https://www.superannuation.asn.au/wp-content/uploads/2026/09/June2026-RS-Tables_V3.pdf,ASFA Retirement Standard tables - retirees aged over 85 (homeowners) - June quarter 2026,"PDF pages 5-6, row 'Total annual expenditure'",OK,"Hypothetical ASFA retiree budget (healthy retirees); the budget table is an expenditure benchmark, not an observed spending statistic. Weekly numbers are as printed; annual = weekly x 52.2 within rounding. Totals may not exactly equal sum of components (ASFA note). Section totals only; individual expenditure line items are in the PDF and were not extracted. Quarter dates assumed calendar quarter from the name; release (publication) date not printed in the PDF."
D12-000072,12,ASFA Retirement Standard - June quarter 2026 budgets,,June quarter 2026,2026-04-01,2026-06-30,,asfa_budget_total_annual_aud,Total annual expenditure,total,49611,AUD/year,nominal AUD in June quarter 2026 prices (CPI-updated quarterly by ASFA),ASFA hypothetical retiree household budget: relatively healthy retirees owning their home outright,Australia,retirees aged over 85,,couple,,,modest lifestyle,tenure=homeowner (owns home outright),asfa_June2026-RS-Tables_V3.pdf,https://www.superannuation.asn.au/wp-content/uploads/2026/09/June2026-RS-Tables_V3.pdf,ASFA Retirement Standard tables - retirees aged over 85 (homeowners) - June quarter 2026,"PDF pages 5-6, row 'Total annual expenditure'",OK,"Hypothetical ASFA retiree budget (healthy retirees); the budget table is an expenditure benchmark, not an observed spending statistic. Weekly numbers are as printed; annual = weekly x 52.2 within rounding. Totals may not exactly equal sum of components (ASFA note). Section totals only; individual expenditure line items are in the PDF and were not extracted. Quarter dates assumed calendar quarter from the name; release (publication) date not printed in the PDF."
D12-000073,12,ASFA Retirement Standard - June quarter 2026 budgets,,June quarter 2026,2026-04-01,2026-06-30,,asfa_budget_total_annual_aud,Total annual expenditure,total,53964,AUD/year,nominal AUD in June quarter 2026 prices (CPI-updated quarterly by ASFA),ASFA hypothetical retiree household budget: relatively healthy retirees owning their home outright,Australia,retirees aged over 85,,single,,,comfortable lifestyle,tenure=homeowner (owns home outright),asfa_June2026-RS-Tables_V3.pdf,https://www.superannuation.asn.au/wp-content/uploads/2026/09/June2026-RS-Tables_V3.pdf,ASFA Retirement Standard tables - retirees aged over 85 (homeowners) - June quarter 2026,"PDF pages 5-6, row 'Total annual expenditure'",OK,"Hypothetical ASFA retiree budget (healthy retirees); the budget table is an expenditure benchmark, not an observed spending statistic. Weekly numbers are as printed; annual = weekly x 52.2 within rounding. Totals may not exactly equal sum of components (ASFA note). Section totals only; individual expenditure line items are in the PDF and were not extracted. Quarter dates assumed calendar quarter from the name; release (publication) date not printed in the PDF."
D12-000074,12,ASFA Retirement Standard - June quarter 2026 budgets,,June quarter 2026,2026-04-01,2026-06-30,,asfa_budget_total_annual_aud,Total annual expenditure,total,34619,AUD/year,nominal AUD in June quarter 2026 prices (CPI-updated quarterly by ASFA),ASFA hypothetical retiree household budget: relatively healthy retirees owning their home outright,Australia,retirees aged over 85,,single,,,modest lifestyle,tenure=homeowner (owns home outright),asfa_June2026-RS-Tables_V3.pdf,https://www.superannuation.asn.au/wp-content/uploads/2026/09/June2026-RS-Tables_V3.pdf,ASFA Retirement Standard tables - retirees aged over 85 (homeowners) - June quarter 2026,"PDF pages 5-6, row 'Total annual expenditure'",OK,"Hypothetical ASFA retiree budget (healthy retirees); the budget table is an expenditure benchmark, not an observed spending statistic. Weekly numbers are as printed; annual = weekly x 52.2 within rounding. Totals may not exactly equal sum of components (ASFA note). Section totals only; individual expenditure line items are in the PDF and were not extracted. Quarter dates assumed calendar quarter from the name; release (publication) date not printed in the PDF."
D12-000075,12,ASFA Retirement Standard - March quarter 2026 budgets,,March quarter 2026,2026-01-01,2026-03-31,,asfa_budget_total_housing_weekly_aud,Total housing (weekly),total,162.61,AUD/week,nominal AUD in March quarter 2026 prices (CPI-updated quarterly by ASFA),ASFA hypothetical retiree household budget: relatively healthy retirees owning their home outright,Australia,retirees aged 65-84,,couple,,,comfortable lifestyle,tenure=homeowner (owns home outright),asfa_March2026-RS-Tables.pdf,https://www.superannuation.asn.au/wp-content/uploads/2026/06/March2026-RS-Tables.pdf,ASFA Retirement Standard tables - retirees aged 65-84 (homeowners) - March quarter 2026,"PDF pages 1-2, row 'Total housing'",OK,"Hypothetical ASFA retiree budget (healthy retirees); the budget table is an expenditure benchmark, not an observed spending statistic. Weekly numbers are as printed; annual = weekly x 52.2 within rounding. Totals may not exactly equal sum of components (ASFA note). Section totals only; individual expenditure line items are in the PDF and were not extracted. Quarter dates assumed calendar quarter from the name; release (publication) date not printed in the PDF."
D12-000076,12,ASFA Retirement Standard - March quarter 2026 budgets,,March quarter 2026,2026-01-01,2026-03-31,,asfa_budget_total_housing_weekly_aud,Total housing (weekly),total,149.77,AUD/week,nominal AUD in March quarter 2026 prices (CPI-updated quarterly by ASFA),ASFA hypothetical retiree household budget: relatively healthy retirees owning their home outright,Australia,retirees aged 65-84,,couple,,,modest lifestyle,tenure=homeowner (owns home outright),asfa_March2026-RS-Tables.pdf,https://www.superannuation.asn.au/wp-content/uploads/2026/06/March2026-RS-Tables.pdf,ASFA Retirement Standard tables - retirees aged 65-84 (homeowners) - March quarter 2026,"PDF pages 1-2, row 'Total housing'",OK,"Hypothetical ASFA retiree budget (healthy retirees); the budget table is an expenditure benchmark, not an observed spending statistic. Weekly numbers are as printed; annual = weekly x 52.2 within rounding. Totals may not exactly equal sum of components (ASFA note). Section totals only; individual expenditure line items are in the PDF and were not extracted. Quarter dates assumed calendar quarter from the name; release (publication) date not printed in the PDF."
D12-000077,12,ASFA Retirement Standard - March quarter 2026 budgets,,March quarter 2026,2026-01-01,2026-03-31,,asfa_budget_total_housing_weekly_aud,Total housing (weekly),total,155.71,AUD/week,nominal AUD in March quarter 2026 prices (CPI-updated quarterly by ASFA),ASFA hypothetical retiree household budget: relatively healthy retirees owning their home outright,Australia,retirees aged 65-84,,single,,,comfortable lifestyle,tenure=homeowner (owns home outright),asfa_March2026-RS-Tables.pdf,https://www.superannuation.asn.au/wp-content/uploads/2026/06/March2026-RS-Tables.pdf,ASFA Retirement Standard tables - retirees aged 65-84 (homeowners) - March quarter 2026,"PDF pages 1-2, row 'Total housing'",OK,"Hypothetical ASFA retiree budget (healthy retirees); the budget table is an expenditure benchmark, not an observed spending statistic. Weekly numbers are as printed; annual = weekly x 52.2 within rounding. Totals may not exactly equal sum of components (ASFA note). Section totals only; individual expenditure line items are in the PDF and were not extracted. Quarter dates assumed calendar quarter from the name; release (publication) date not printed in the PDF."
D12-000078,12,ASFA Retirement Standard - March quarter 2026 budgets,,March quarter 2026,2026-01-01,2026-03-31,,asfa_budget_total_housing_weekly_aud,Total housing (weekly),total,132.44,AUD/week,nominal AUD in March quarter 2026 prices (CPI-updated quarterly by ASFA),ASFA hypothetical retiree household budget: relatively healthy retirees owning their home outright,Australia,retirees aged 65-84,,single,,,modest lifestyle,tenure=homeowner (owns home outright),asfa_March2026-RS-Tables.pdf,https://www.superannuation.asn.au/wp-content/uploads/2026/06/March2026-RS-Tables.pdf,ASFA Retirement Standard tables - retirees aged 65-84 (homeowners) - March quarter 2026,"PDF pages 1-2, row 'Total housing'",OK,"Hypothetical ASFA retiree budget (healthy retirees); the budget table is an expenditure benchmark, not an observed spending statistic. Weekly numbers are as printed; annual = weekly x 52.2 within rounding. Totals may not exactly equal sum of components (ASFA note). Section totals only; individual expenditure line items are in the PDF and were not extracted. Quarter dates assumed calendar quarter from the name; release (publication) date not printed in the PDF."
D12-000079,12,ASFA Retirement Standard - March quarter 2026 budgets,,March quarter 2026,2026-01-01,2026-03-31,,asfa_budget_total_household_goods_services_weekly_aud,Total household goods and services (weekly),total,101.41,AUD/week,nominal AUD in March quarter 2026 prices (CPI-updated quarterly by ASFA),ASFA hypothetical retiree household budget: relatively healthy retirees owning their home outright,Australia,retirees aged 65-84,,couple,,,comfortable lifestyle,tenure=homeowner (owns home outright),asfa_March2026-RS-Tables.pdf,https://www.superannuation.asn.au/wp-content/uploads/2026/06/March2026-RS-Tables.pdf,ASFA Retirement Standard tables - retirees aged 65-84 (homeowners) - March quarter 2026,"PDF pages 1-2, row 'Total household goods and services'",OK,"Hypothetical ASFA retiree budget (healthy retirees); the budget table is an expenditure benchmark, not an observed spending statistic. Weekly numbers are as printed; annual = weekly x 52.2 within rounding. Totals may not exactly equal sum of components (ASFA note). Section totals only; individual expenditure line items are in the PDF and were not extracted. Quarter dates assumed calendar quarter from the name; release (publication) date not printed in the PDF."
D12-000080,12,ASFA Retirement Standard - March quarter 2026 budgets,,March quarter 2026,2026-01-01,2026-03-31,,asfa_budget_total_household_goods_services_weekly_aud,Total household goods and services (weekly),total,47.76,AUD/week,nominal AUD in March quarter 2026 prices (CPI-updated quarterly by ASFA),ASFA hypothetical retiree household budget: relatively healthy retirees owning their home outright,Australia,retirees aged 65-84,,couple,,,modest lifestyle,tenure=homeowner (owns home outright),asfa_March2026-RS-Tables.pdf,https://www.superannuation.asn.au/wp-content/uploads/2026/06/March2026-RS-Tables.pdf,ASFA Retirement Standard tables - retirees aged 65-84 (homeowners) - March quarter 2026,"PDF pages 1-2, row 'Total household goods and services'",OK,"Hypothetical ASFA retiree budget (healthy retirees); the budget table is an expenditure benchmark, not an observed spending statistic. Weekly numbers are as printed; annual = weekly x 52.2 within rounding. Totals may not exactly equal sum of components (ASFA note). Section totals only; individual expenditure line items are in the PDF and were not extracted. Quarter dates assumed calendar quarter from the name; release (publication) date not printed in the PDF."
D12-000081,12,ASFA Retirement Standard - March quarter 2026 budgets,,March quarter 2026,2026-01-01,2026-03-31,,asfa_budget_total_household_goods_services_weekly_aud,Total household goods and services (weekly),total,80.07,AUD/week,nominal AUD in March quarter 2026 prices (CPI-updated quarterly by ASFA),ASFA hypothetical retiree household budget: relatively healthy retirees owning their home outright,Australia,retirees aged 65-84,,single,,,comfortable lifestyle,tenure=homeowner (owns home outright),asfa_March2026-RS-Tables.pdf,https://www.superannuation.asn.au/wp-content/uploads/2026/06/March2026-RS-Tables.pdf,ASFA Retirement Standard tables - retirees aged 65-84 (homeowners) - March quarter 2026,"PDF pages 1-2, row 'Total household goods and services'",OK,"Hypothetical ASFA retiree budget (healthy retirees); the budget table is an expenditure benchmark, not an observed spending statistic. Weekly numbers are as printed; annual = weekly x 52.2 within rounding. Totals may not exactly equal sum of components (ASFA note). Section totals only; individual expenditure line items are in the PDF and were not extracted. Quarter dates assumed calendar quarter from the name; release (publication) date not printed in the PDF."
D12-000082,12,ASFA Retirement Standard - March quarter 2026 budgets,,March quarter 2026,2026-01-01,2026-03-31,,asfa_budget_total_household_goods_services_weekly_aud,Total household goods and services (weekly),total,40.39,AUD/week,nominal AUD in March quarter 2026 prices (CPI-updated quarterly by ASFA),ASFA hypothetical retiree household budget: relatively healthy retirees owning their home outright,Australia,retirees aged 65-84,,single,,,modest lifestyle,tenure=homeowner (owns home outright),asfa_March2026-RS-Tables.pdf,https://www.superannuation.asn.au/wp-content/uploads/2026/06/March2026-RS-Tables.pdf,ASFA Retirement Standard tables - retirees aged 65-84 (homeowners) - March quarter 2026,"PDF pages 1-2, row 'Total household goods and services'",OK,"Hypothetical ASFA retiree budget (healthy retirees); the budget table is an expenditure benchmark, not an observed spending statistic. Weekly numbers are as printed; annual = weekly x 52.2 within rounding. Totals may not exactly equal sum of components (ASFA note). Section totals only; individual expenditure line items are in the PDF and were not extracted. Quarter dates assumed calendar quarter from the name; release (publication) date not printed in the PDF."
D12-000083,12,ASFA Retirement Standard - March quarter 2026 budgets,,March quarter 2026,2026-01-01,2026-03-31,,asfa_budget_total_transport_weekly_aud,Total transport (weekly),total,210.19,AUD/week,nominal AUD in March quarter 2026 prices (CPI-updated quarterly by ASFA),ASFA hypothetical retiree household budget: relatively healthy retirees owning their home outright,Australia,retirees aged 65-84,,couple,,,comfortable lifestyle,tenure=homeowner (owns home outright),asfa_March2026-RS-Tables.pdf,https://www.superannuation.asn.au/wp-content/uploads/2026/06/March2026-RS-Tables.pdf,ASFA Retirement Standard tables - retirees aged 65-84 (homeowners) - March quarter 2026,"PDF pages 1-2, row 'Total transport'",OK,"Hypothetical ASFA retiree budget (healthy retirees); the budget table is an expenditure benchmark, not an observed spending statistic. Weekly numbers are as printed; annual = weekly x 52.2 within rounding. Totals may not exactly equal sum of components (ASFA note). Section totals only; individual expenditure line items are in the PDF and were not extracted. Quarter dates assumed calendar quarter from the name; release (publication) date not printed in the PDF."
D12-000084,12,ASFA Retirement Standard - March quarter 2026 budgets,,March quarter 2026,2026-01-01,2026-03-31,,asfa_budget_total_transport_weekly_aud,Total transport (weekly),total,126.24,AUD/week,nominal AUD in March quarter 2026 prices (CPI-updated quarterly by ASFA),ASFA hypothetical retiree household budget: relatively healthy retirees owning their home outright,Australia,retirees aged 65-84,,couple,,,modest lifestyle,tenure=homeowner (owns home outright),asfa_March2026-RS-Tables.pdf,https://www.superannuation.asn.au/wp-content/uploads/2026/06/March2026-RS-Tables.pdf,ASFA Retirement Standard tables - retirees aged 65-84 (homeowners) - March quarter 2026,"PDF pages 1-2, row 'Total transport'",OK,"Hypothetical ASFA retiree budget (healthy retirees); the budget table is an expenditure benchmark, not an observed spending statistic. Weekly numbers are as printed; annual = weekly x 52.2 within rounding. Totals may not exactly equal sum of components (ASFA note). Section totals only; individual expenditure line items are in the PDF and were not extracted. Quarter dates assumed calendar quarter from the name; release (publication) date not printed in the PDF."
D12-000085,12,ASFA Retirement Standard - March quarter 2026 budgets,,March quarter 2026,2026-01-01,2026-03-31,,asfa_budget_total_transport_weekly_aud,Total transport (weekly),total,194.33,AUD/week,nominal AUD in March quarter 2026 prices (CPI-updated quarterly by ASFA),ASFA hypothetical retiree household budget: relatively healthy retirees owning their home outright,Australia,retirees aged 65-84,,single,,,comfortable lifestyle,tenure=homeowner (owns home outright),asfa_March2026-RS-Tables.pdf,https://www.superannuation.asn.au/wp-content/uploads/2026/06/March2026-RS-Tables.pdf,ASFA Retirement Standard tables - retirees aged 65-84 (homeowners) - March quarter 2026,"PDF pages 1-2, row 'Total transport'",OK,"Hypothetical ASFA retiree budget (healthy retirees); the budget table is an expenditure benchmark, not an observed spending statistic. Weekly numbers are as printed; annual = weekly x 52.2 within rounding. Totals may not exactly equal sum of components (ASFA note). Section totals only; individual expenditure line items are in the PDF and were not extracted. Quarter dates assumed calendar quarter from the name; release (publication) date not printed in the PDF."
D12-000086,12,ASFA Retirement Standard - March quarter 2026 budgets,,March quarter 2026,2026-01-01,2026-03-31,,asfa_budget_total_transport_weekly_aud,Total transport (weekly),total,118.81,AUD/week,nominal AUD in March quarter 2026 prices (CPI-updated quarterly by ASFA),ASFA hypothetical retiree household budget: relatively healthy retirees owning their home outright,Australia,retirees aged 65-84,,single,,,modest lifestyle,tenure=homeowner (owns home outright),asfa_March2026-RS-Tables.pdf,https://www.superannuation.asn.au/wp-content/uploads/2026/06/March2026-RS-Tables.pdf,ASFA Retirement Standard tables - retirees aged 65-84 (homeowners) - March quarter 2026,"PDF pages 1-2, row 'Total transport'",OK,"Hypothetical ASFA retiree budget (healthy retirees); the budget table is an expenditure benchmark, not an observed spending statistic. Weekly numbers are as printed; annual = weekly x 52.2 within rounding. Totals may not exactly equal sum of components (ASFA note). Section totals only; individual expenditure line items are in the PDF and were not extracted. Quarter dates assumed calendar quarter from the name; release (publication) date not printed in the PDF."
D12-000087,12,ASFA Retirement Standard - March quarter 2026 budgets,,March quarter 2026,2026-01-01,2026-03-31,,asfa_budget_total_health_services_weekly_aud,Total health services (weekly),total,229.7,AUD/week,nominal AUD in March quarter 2026 prices (CPI-updated quarterly by ASFA),ASFA hypothetical retiree household budget: relatively healthy retirees owning their home outright,Australia,retirees aged 65-84,,couple,,,comfortable lifestyle,tenure=homeowner (owns home outright),asfa_March2026-RS-Tables.pdf,https://www.superannuation.asn.au/wp-content/uploads/2026/06/March2026-RS-Tables.pdf,ASFA Retirement Standard tables - retirees aged 65-84 (homeowners) - March quarter 2026,"PDF pages 1-2, row 'Total health services'",OK,"Hypothetical ASFA retiree budget (healthy retirees); the budget table is an expenditure benchmark, not an observed spending statistic. Weekly numbers are as printed; annual = weekly x 52.2 within rounding. Totals may not exactly equal sum of components (ASFA note). Section totals only; individual expenditure line items are in the PDF and were not extracted. Quarter dates assumed calendar quarter from the name; release (publication) date not printed in the PDF."
D12-000088,12,ASFA Retirement Standard - March quarter 2026 budgets,,March quarter 2026,2026-01-01,2026-03-31,,asfa_budget_total_health_services_weekly_aud,Total health services (weekly),total,117.22,AUD/week,nominal AUD in March quarter 2026 prices (CPI-updated quarterly by ASFA),ASFA hypothetical retiree household budget: relatively healthy retirees owning their home outright,Australia,retirees aged 65-84,,couple,,,modest lifestyle,tenure=homeowner (owns home outright),asfa_March2026-RS-Tables.pdf,https://www.superannuation.asn.au/wp-content/uploads/2026/06/March2026-RS-Tables.pdf,ASFA Retirement Standard tables - retirees aged 65-84 (homeowners) - March quarter 2026,"PDF pages 1-2, row 'Total health services'",OK,"Hypothetical ASFA retiree budget (healthy retirees); the budget table is an expenditure benchmark, not an observed spending statistic. Weekly numbers are as printed; annual = weekly x 52.2 within rounding. Totals may not exactly equal sum of components (ASFA note). Section totals only; individual expenditure line items are in the PDF and were not extracted. Quarter dates assumed calendar quarter from the name; release (publication) date not printed in the PDF."
D12-000089,12,ASFA Retirement Standard - March quarter 2026 budgets,,March quarter 2026,2026-01-01,2026-03-31,,asfa_budget_total_health_services_weekly_aud,Total health services (weekly),total,122.67,AUD/week,nominal AUD in March quarter 2026 prices (CPI-updated quarterly by ASFA),ASFA hypothetical retiree household budget: relatively healthy retirees owning their home outright,Australia,retirees aged 65-84,,single,,,comfortable lifestyle,tenure=homeowner (owns home outright),asfa_March2026-RS-Tables.pdf,https://www.superannuation.asn.au/wp-content/uploads/2026/06/March2026-RS-Tables.pdf,ASFA Retirement Standard tables - retirees aged 65-84 (homeowners) - March quarter 2026,"PDF pages 1-2, row 'Total health services'",OK,"Hypothetical ASFA retiree budget (healthy retirees); the budget table is an expenditure benchmark, not an observed spending statistic. Weekly numbers are as printed; annual = weekly x 52.2 within rounding. Totals may not exactly equal sum of components (ASFA note). Section totals only; individual expenditure line items are in the PDF and were not extracted. Quarter dates assumed calendar quarter from the name; release (publication) date not printed in the PDF."
D12-000090,12,ASFA Retirement Standard - March quarter 2026 budgets,,March quarter 2026,2026-01-01,2026-03-31,,asfa_budget_total_health_services_weekly_aud,Total health services (weekly),total,60.55,AUD/week,nominal AUD in March quarter 2026 prices (CPI-updated quarterly by ASFA),ASFA hypothetical retiree household budget: relatively healthy retirees owning their home outright,Australia,retirees aged 65-84,,single,,,modest lifestyle,tenure=homeowner (owns home outright),asfa_March2026-RS-Tables.pdf,https://www.superannuation.asn.au/wp-content/uploads/2026/06/March2026-RS-Tables.pdf,ASFA Retirement Standard tables - retirees aged 65-84 (homeowners) - March quarter 2026,"PDF pages 1-2, row 'Total health services'",OK,"Hypothetical ASFA retiree budget (healthy retirees); the budget table is an expenditure benchmark, not an observed spending statistic. Weekly numbers are as printed; annual = weekly x 52.2 within rounding. Totals may not exactly equal sum of components (ASFA note). Section totals only; individual expenditure line items are in the PDF and were not extracted. Quarter dates assumed calendar quarter from the name; release (publication) date not printed in the PDF."
D12-000091,12,ASFA Retirement Standard - March quarter 2026 budgets,,March quarter 2026,2026-01-01,2026-03-31,,asfa_budget_total_leisure_weekly_aud,Total leisure (weekly),total,345.27,AUD/week,nominal AUD in March quarter 2026 prices (CPI-updated quarterly by ASFA),ASFA hypothetical retiree household budget: relatively healthy retirees owning their home outright,Australia,retirees aged 65-84,,couple,,,comfortable lifestyle,tenure=homeowner (owns home outright),asfa_March2026-RS-Tables.pdf,https://www.superannuation.asn.au/wp-content/uploads/2026/06/March2026-RS-Tables.pdf,ASFA Retirement Standard tables - retirees aged 65-84 (homeowners) - March quarter 2026,"PDF pages 1-2, row 'Total leisure'",OK,"Hypothetical ASFA retiree budget (healthy retirees); the budget table is an expenditure benchmark, not an observed spending statistic. Weekly numbers are as printed; annual = weekly x 52.2 within rounding. Totals may not exactly equal sum of components (ASFA note). Section totals only; individual expenditure line items are in the PDF and were not extracted. Quarter dates assumed calendar quarter from the name; release (publication) date not printed in the PDF."
D12-000092,12,ASFA Retirement Standard - March quarter 2026 budgets,,March quarter 2026,2026-01-01,2026-03-31,,asfa_budget_total_leisure_weekly_aud,Total leisure (weekly),total,192.14,AUD/week,nominal AUD in March quarter 2026 prices (CPI-updated quarterly by ASFA),ASFA hypothetical retiree household budget: relatively healthy retirees owning their home outright,Australia,retirees aged 65-84,,couple,,,modest lifestyle,tenure=homeowner (owns home outright),asfa_March2026-RS-Tables.pdf,https://www.superannuation.asn.au/wp-content/uploads/2026/06/March2026-RS-Tables.pdf,ASFA Retirement Standard tables - retirees aged 65-84 (homeowners) - March quarter 2026,"PDF pages 1-2, row 'Total leisure'",OK,"Hypothetical ASFA retiree budget (healthy retirees); the budget table is an expenditure benchmark, not an observed spending statistic. Weekly numbers are as printed; annual = weekly x 52.2 within rounding. Totals may not exactly equal sum of components (ASFA note). Section totals only; individual expenditure line items are in the PDF and were not extracted. Quarter dates assumed calendar quarter from the name; release (publication) date not printed in the PDF."
D12-000093,12,ASFA Retirement Standard - March quarter 2026 budgets,,March quarter 2026,2026-01-01,2026-03-31,,asfa_budget_total_leisure_weekly_aud,Total leisure (weekly),total,229.14,AUD/week,nominal AUD in March quarter 2026 prices (CPI-updated quarterly by ASFA),ASFA hypothetical retiree household budget: relatively healthy retirees owning their home outright,Australia,retirees aged 65-84,,single,,,comfortable lifestyle,tenure=homeowner (owns home outright),asfa_March2026-RS-Tables.pdf,https://www.superannuation.asn.au/wp-content/uploads/2026/06/March2026-RS-Tables.pdf,ASFA Retirement Standard tables - retirees aged 65-84 (homeowners) - March quarter 2026,"PDF pages 1-2, row 'Total leisure'",OK,"Hypothetical ASFA retiree budget (healthy retirees); the budget table is an expenditure benchmark, not an observed spending statistic. Weekly numbers are as printed; annual = weekly x 52.2 within rounding. Totals may not exactly equal sum of components (ASFA note). Section totals only; individual expenditure line items are in the PDF and were not extracted. Quarter dates assumed calendar quarter from the name; release (publication) date not printed in the PDF."
D12-000094,12,ASFA Retirement Standard - March quarter 2026 budgets,,March quarter 2026,2026-01-01,2026-03-31,,asfa_budget_total_leisure_weekly_aud,Total leisure (weekly),total,124.07,AUD/week,nominal AUD in March quarter 2026 prices (CPI-updated quarterly by ASFA),ASFA hypothetical retiree household budget: relatively healthy retirees owning their home outright,Australia,retirees aged 65-84,,single,,,modest lifestyle,tenure=homeowner (owns home outright),asfa_March2026-RS-Tables.pdf,https://www.superannuation.asn.au/wp-content/uploads/2026/06/March2026-RS-Tables.pdf,ASFA Retirement Standard tables - retirees aged 65-84 (homeowners) - March quarter 2026,"PDF pages 1-2, row 'Total leisure'",OK,"Hypothetical ASFA retiree budget (healthy retirees); the budget table is an expenditure benchmark, not an observed spending statistic. Weekly numbers are as printed; annual = weekly x 52.2 within rounding. Totals may not exactly equal sum of components (ASFA note). Section totals only; individual expenditure line items are in the PDF and were not extracted. Quarter dates assumed calendar quarter from the name; release (publication) date not printed in the PDF."
D12-000095,12,ASFA Retirement Standard - March quarter 2026 budgets,,March quarter 2026,2026-01-01,2026-03-31,,asfa_budget_total_weekly_aud,Total weekly expenditure,total,1505.1,AUD/week,nominal AUD in March quarter 2026 prices (CPI-updated quarterly by ASFA),ASFA hypothetical retiree household budget: relatively healthy retirees owning their home outright,Australia,retirees aged 65-84,,couple,,,comfortable lifestyle,tenure=homeowner (owns home outright),asfa_March2026-RS-Tables.pdf,https://www.superannuation.asn.au/wp-content/uploads/2026/06/March2026-RS-Tables.pdf,ASFA Retirement Standard tables - retirees aged 65-84 (homeowners) - March quarter 2026,"PDF pages 1-2, row 'Total weekly expenditure'",OK,"Hypothetical ASFA retiree budget (healthy retirees); the budget table is an expenditure benchmark, not an observed spending statistic. Weekly numbers are as printed; annual = weekly x 52.2 within rounding. Totals may not exactly equal sum of components (ASFA note). Section totals only; individual expenditure line items are in the PDF and were not extracted. Quarter dates assumed calendar quarter from the name; release (publication) date not printed in the PDF."
D12-000096,12,ASFA Retirement Standard - March quarter 2026 budgets,,March quarter 2026,2026-01-01,2026-03-31,,asfa_budget_total_weekly_aud,Total weekly expenditure,total,1005.23,AUD/week,nominal AUD in March quarter 2026 prices (CPI-updated quarterly by ASFA),ASFA hypothetical retiree household budget: relatively healthy retirees owning their home outright,Australia,retirees aged 65-84,,couple,,,modest lifestyle,tenure=homeowner (owns home outright),asfa_March2026-RS-Tables.pdf,https://www.superannuation.asn.au/wp-content/uploads/2026/06/March2026-RS-Tables.pdf,ASFA Retirement Standard tables - retirees aged 65-84 (homeowners) - March quarter 2026,"PDF pages 1-2, row 'Total weekly expenditure'",OK,"Hypothetical ASFA retiree budget (healthy retirees); the budget table is an expenditure benchmark, not an observed spending statistic. Weekly numbers are as printed; annual = weekly x 52.2 within rounding. Totals may not exactly equal sum of components (ASFA note). Section totals only; individual expenditure line items are in the PDF and were not extracted. Quarter dates assumed calendar quarter from the name; release (publication) date not printed in the PDF."
D12-000097,12,ASFA Retirement Standard - March quarter 2026 budgets,,March quarter 2026,2026-01-01,2026-03-31,,asfa_budget_total_weekly_aud,Total weekly expenditure,total,1071.33,AUD/week,nominal AUD in March quarter 2026 prices (CPI-updated quarterly by ASFA),ASFA hypothetical retiree household budget: relatively healthy retirees owning their home outright,Australia,retirees aged 65-84,,single,,,comfortable lifestyle,tenure=homeowner (owns home outright),asfa_March2026-RS-Tables.pdf,https://www.superannuation.asn.au/wp-content/uploads/2026/06/March2026-RS-Tables.pdf,ASFA Retirement Standard tables - retirees aged 65-84 (homeowners) - March quarter 2026,"PDF pages 1-2, row 'Total weekly expenditure'",OK,"Hypothetical ASFA retiree budget (healthy retirees); the budget table is an expenditure benchmark, not an observed spending statistic. Weekly numbers are as printed; annual = weekly x 52.2 within rounding. Totals may not exactly equal sum of components (ASFA note). Section totals only; individual expenditure line items are in the PDF and were not extracted. Quarter dates assumed calendar quarter from the name; release (publication) date not printed in the PDF."
D12-000098,12,ASFA Retirement Standard - March quarter 2026 budgets,,March quarter 2026,2026-01-01,2026-03-31,,asfa_budget_total_weekly_aud,Total weekly expenditure,total,697.97,AUD/week,nominal AUD in March quarter 2026 prices (CPI-updated quarterly by ASFA),ASFA hypothetical retiree household budget: relatively healthy retirees owning their home outright,Australia,retirees aged 65-84,,single,,,modest lifestyle,tenure=homeowner (owns home outright),asfa_March2026-RS-Tables.pdf,https://www.superannuation.asn.au/wp-content/uploads/2026/06/March2026-RS-Tables.pdf,ASFA Retirement Standard tables - retirees aged 65-84 (homeowners) - March quarter 2026,"PDF pages 1-2, row 'Total weekly expenditure'",OK,"Hypothetical ASFA retiree budget (healthy retirees); the budget table is an expenditure benchmark, not an observed spending statistic. Weekly numbers are as printed; annual = weekly x 52.2 within rounding. Totals may not exactly equal sum of components (ASFA note). Section totals only; individual expenditure line items are in the PDF and were not extracted. Quarter dates assumed calendar quarter from the name; release (publication) date not printed in the PDF."
D12-000099,12,ASFA Retirement Standard - March quarter 2026 budgets,,March quarter 2026,2026-01-01,2026-03-31,,asfa_budget_total_annual_aud,Total annual expenditure,total,78566,AUD/year,nominal AUD in March quarter 2026 prices (CPI-updated quarterly by ASFA),ASFA hypothetical retiree household budget: relatively healthy retirees owning their home outright,Australia,retirees aged 65-84,,couple,,,comfortable lifestyle,tenure=homeowner (owns home outright),asfa_March2026-RS-Tables.pdf,https://www.superannuation.asn.au/wp-content/uploads/2026/06/March2026-RS-Tables.pdf,ASFA Retirement Standard tables - retirees aged 65-84 (homeowners) - March quarter 2026,"PDF pages 1-2, row 'Total annual expenditure'",OK,"Hypothetical ASFA retiree budget (healthy retirees); the budget table is an expenditure benchmark, not an observed spending statistic. Weekly numbers are as printed; annual = weekly x 52.2 within rounding. Totals may not exactly equal sum of components (ASFA note). Section totals only; individual expenditure line items are in the PDF and were not extracted. Quarter dates assumed calendar quarter from the name; release (publication) date not printed in the PDF."
D12-000100,12,ASFA Retirement Standard - March quarter 2026 budgets,,March quarter 2026,2026-01-01,2026-03-31,,asfa_budget_total_annual_aud,Total annual expenditure,total,52473,AUD/year,nominal AUD in March quarter 2026 prices (CPI-updated quarterly by ASFA),ASFA hypothetical retiree household budget: relatively healthy retirees owning their home outright,Australia,retirees aged 65-84,,couple,,,modest lifestyle,tenure=homeowner (owns home outright),asfa_March2026-RS-Tables.pdf,https://www.superannuation.asn.au/wp-content/uploads/2026/06/March2026-RS-Tables.pdf,ASFA Retirement Standard tables - retirees aged 65-84 (homeowners) - March quarter 2026,"PDF pages 1-2, row 'Total annual expenditure'",OK,"Hypothetical ASFA retiree budget (healthy retirees); the budget table is an expenditure benchmark, not an observed spending statistic. Weekly numbers are as printed; annual = weekly x 52.2 within rounding. Totals may not exactly equal sum of components (ASFA note). Section totals only; individual expenditure line items are in the PDF and were not extracted. Quarter dates assumed calendar quarter from the name; release (publication) date not printed in the PDF."
D12-000101,12,ASFA Retirement Standard - March quarter 2026 budgets,,March quarter 2026,2026-01-01,2026-03-31,,asfa_budget_total_annual_aud,Total annual expenditure,total,55923,AUD/year,nominal AUD in March quarter 2026 prices (CPI-updated quarterly by ASFA),ASFA hypothetical retiree household budget: relatively healthy retirees owning their home outright,Australia,retirees aged 65-84,,single,,,comfortable lifestyle,tenure=homeowner (owns home outright),asfa_March2026-RS-Tables.pdf,https://www.superannuation.asn.au/wp-content/uploads/2026/06/March2026-RS-Tables.pdf,ASFA Retirement Standard tables - retirees aged 65-84 (homeowners) - March quarter 2026,"PDF pages 1-2, row 'Total annual expenditure'",OK,"Hypothetical ASFA retiree budget (healthy retirees); the budget table is an expenditure benchmark, not an observed spending statistic. Weekly numbers are as printed; annual = weekly x 52.2 within rounding. Totals may not exactly equal sum of components (ASFA note). Section totals only; individual expenditure line items are in the PDF and were not extracted. Quarter dates assumed calendar quarter from the name; release (publication) date not printed in the PDF."
D12-000102,12,ASFA Retirement Standard - March quarter 2026 budgets,,March quarter 2026,2026-01-01,2026-03-31,,asfa_budget_total_annual_aud,Total annual expenditure,total,36434,AUD/year,nominal AUD in March quarter 2026 prices (CPI-updated quarterly by ASFA),ASFA hypothetical retiree household budget: relatively healthy retirees owning their home outright,Australia,retirees aged 65-84,,single,,,modest lifestyle,tenure=homeowner (owns home outright),asfa_March2026-RS-Tables.pdf,https://www.superannuation.asn.au/wp-content/uploads/2026/06/March2026-RS-Tables.pdf,ASFA Retirement Standard tables - retirees aged 65-84 (homeowners) - March quarter 2026,"PDF pages 1-2, row 'Total annual expenditure'",OK,"Hypothetical ASFA retiree budget (healthy retirees); the budget table is an expenditure benchmark, not an observed spending statistic. Weekly numbers are as printed; annual = weekly x 52.2 within rounding. Totals may not exactly equal sum of components (ASFA note). Section totals only; individual expenditure line items are in the PDF and were not extracted. Quarter dates assumed calendar quarter from the name; release (publication) date not printed in the PDF."
D12-000103,12,ASFA Retirement Standard - March quarter 2026 budgets,,March quarter 2026,2026-01-01,2026-03-31,,asfa_renter_private_rent_weekly_aud,"Private rent (after receipt of Rent Allowance), weekly",other,445.41,AUD/week,nominal AUD in March quarter 2026 prices (CPI-updated quarterly by ASFA),ASFA hypothetical retiree household budget: relatively healthy retirees renting privately; Rent Allowance entitlement taken into account,Australia,retirees aged 65-84,,couple,,,modest lifestyle,tenure=private renter (modest lifestyle only),asfa_March2026-RS-Tables.pdf,https://www.superannuation.asn.au/wp-content/uploads/2026/06/March2026-RS-Tables.pdf,ASFA Retirement Standard tables - retirees aged 65-84 (renters) - March quarter 2026,"PDF pages 3-4, row 'Private rent (after receipt of Rent Allowance)'",OK,"Hypothetical ASFA retiree budget (healthy retirees); the budget table is an expenditure benchmark, not an observed spending statistic. Weekly numbers are as printed; annual = weekly x 52.2 within rounding. Totals may not exactly equal sum of components (ASFA note). Section totals only; individual expenditure line items are in the PDF and were not extracted. Quarter dates assumed calendar quarter from the name; release (publication) date not printed in the PDF."
D12-000104,12,ASFA Retirement Standard - March quarter 2026 budgets,,March quarter 2026,2026-01-01,2026-03-31,,asfa_renter_private_rent_weekly_aud,"Private rent (after receipt of Rent Allowance), weekly",other,393.62,AUD/week,nominal AUD in March quarter 2026 prices (CPI-updated quarterly by ASFA),ASFA hypothetical retiree household budget: relatively healthy retirees renting privately; Rent Allowance entitlement taken into account,Australia,retirees aged 65-84,,single,,,modest lifestyle,tenure=private renter (modest lifestyle only),asfa_March2026-RS-Tables.pdf,https://www.superannuation.asn.au/wp-content/uploads/2026/06/March2026-RS-Tables.pdf,ASFA Retirement Standard tables - retirees aged 65-84 (renters) - March quarter 2026,"PDF pages 3-4, row 'Private rent (after receipt of Rent Allowance)'",OK,"Hypothetical ASFA retiree budget (healthy retirees); the budget table is an expenditure benchmark, not an observed spending statistic. Weekly numbers are as printed; annual = weekly x 52.2 within rounding. Totals may not exactly equal sum of components (ASFA note). Section totals only; individual expenditure line items are in the PDF and were not extracted. Quarter dates assumed calendar quarter from the name; release (publication) date not printed in the PDF."
D12-000105,12,ASFA Retirement Standard - March quarter 2026 budgets,,March quarter 2026,2026-01-01,2026-03-31,,asfa_renter_moving_cost_allowance_weekly_aud,"Allowance for moving costs due to limited tenure period, weekly",other,21.0,AUD/week,nominal AUD in March quarter 2026 prices (CPI-updated quarterly by ASFA),ASFA hypothetical retiree household budget: relatively healthy retirees renting privately; Rent Allowance entitlement taken into account,Australia,retirees aged 65-84,,couple,,,modest lifestyle,tenure=private renter (modest lifestyle only),asfa_March2026-RS-Tables.pdf,https://www.superannuation.asn.au/wp-content/uploads/2026/06/March2026-RS-Tables.pdf,ASFA Retirement Standard tables - retirees aged 65-84 (renters) - March quarter 2026,"PDF pages 3-4, row 'Allowance for moving costs due to limited tenure period'",OK,"Hypothetical ASFA retiree budget (healthy retirees); the budget table is an expenditure benchmark, not an observed spending statistic. Weekly numbers are as printed; annual = weekly x 52.2 within rounding. Totals may not exactly equal sum of components (ASFA note). Section totals only; individual expenditure line items are in the PDF and were not extracted. Quarter dates assumed calendar quarter from the name; release (publication) date not printed in the PDF."
D12-000106,12,ASFA Retirement Standard - March quarter 2026 budgets,,March quarter 2026,2026-01-01,2026-03-31,,asfa_renter_moving_cost_allowance_weekly_aud,"Allowance for moving costs due to limited tenure period, weekly",other,21.0,AUD/week,nominal AUD in March quarter 2026 prices (CPI-updated quarterly by ASFA),ASFA hypothetical retiree household budget: relatively healthy retirees renting privately; Rent Allowance entitlement taken into account,Australia,retirees aged 65-84,,single,,,modest lifestyle,tenure=private renter (modest lifestyle only),asfa_March2026-RS-Tables.pdf,https://www.superannuation.asn.au/wp-content/uploads/2026/06/March2026-RS-Tables.pdf,ASFA Retirement Standard tables - retirees aged 65-84 (renters) - March quarter 2026,"PDF pages 3-4, row 'Allowance for moving costs due to limited tenure period'",OK,"Hypothetical ASFA retiree budget (healthy retirees); the budget table is an expenditure benchmark, not an observed spending statistic. Weekly numbers are as printed; annual = weekly x 52.2 within rounding. Totals may not exactly equal sum of components (ASFA note). Section totals only; individual expenditure line items are in the PDF and were not extracted. Quarter dates assumed calendar quarter from the name; release (publication) date not printed in the PDF."
D12-000107,12,ASFA Retirement Standard - March quarter 2026 budgets,,March quarter 2026,2026-01-01,2026-03-31,,asfa_budget_total_housing_weekly_aud,Total housing (weekly),total,466.41,AUD/week,nominal AUD in March quarter 2026 prices (CPI-updated quarterly by ASFA),ASFA hypothetical retiree household budget: relatively healthy retirees renting privately; Rent Allowance entitlement taken into account,Australia,retirees aged 65-84,,couple,,,modest lifestyle,tenure=private renter (modest lifestyle only),asfa_March2026-RS-Tables.pdf,https://www.superannuation.asn.au/wp-content/uploads/2026/06/March2026-RS-Tables.pdf,ASFA Retirement Standard tables - retirees aged 65-84 (renters) - March quarter 2026,"PDF pages 3-4, row 'Total housing'",OK,"Hypothetical ASFA retiree budget (healthy retirees); the budget table is an expenditure benchmark, not an observed spending statistic. Weekly numbers are as printed; annual = weekly x 52.2 within rounding. Totals may not exactly equal sum of components (ASFA note). Section totals only; individual expenditure line items are in the PDF and were not extracted. Quarter dates assumed calendar quarter from the name; release (publication) date not printed in the PDF."
D12-000108,12,ASFA Retirement Standard - March quarter 2026 budgets,,March quarter 2026,2026-01-01,2026-03-31,,asfa_budget_total_housing_weekly_aud,Total housing (weekly),total,414.62,AUD/week,nominal AUD in March quarter 2026 prices (CPI-updated quarterly by ASFA),ASFA hypothetical retiree household budget: relatively healthy retirees renting privately; Rent Allowance entitlement taken into account,Australia,retirees aged 65-84,,single,,,modest lifestyle,tenure=private renter (modest lifestyle only),asfa_March2026-RS-Tables.pdf,https://www.superannuation.asn.au/wp-content/uploads/2026/06/March2026-RS-Tables.pdf,ASFA Retirement Standard tables - retirees aged 65-84 (renters) - March quarter 2026,"PDF pages 3-4, row 'Total housing'",OK,"Hypothetical ASFA retiree budget (healthy retirees); the budget table is an expenditure benchmark, not an observed spending statistic. Weekly numbers are as printed; annual = weekly x 52.2 within rounding. Totals may not exactly equal sum of components (ASFA note). Section totals only; individual expenditure line items are in the PDF and were not extracted. Quarter dates assumed calendar quarter from the name; release (publication) date not printed in the PDF."
D12-000109,12,ASFA Retirement Standard - March quarter 2026 budgets,,March quarter 2026,2026-01-01,2026-03-31,,asfa_budget_total_household_goods_services_weekly_aud,Total household goods and services (weekly),total,47.76,AUD/week,nominal AUD in March quarter 2026 prices (CPI-updated quarterly by ASFA),ASFA hypothetical retiree household budget: relatively healthy retirees renting privately; Rent Allowance entitlement taken into account,Australia,retirees aged 65-84,,couple,,,modest lifestyle,tenure=private renter (modest lifestyle only),asfa_March2026-RS-Tables.pdf,https://www.superannuation.asn.au/wp-content/uploads/2026/06/March2026-RS-Tables.pdf,ASFA Retirement Standard tables - retirees aged 65-84 (renters) - March quarter 2026,"PDF pages 3-4, row 'Total household goods and services'",OK,"Hypothetical ASFA retiree budget (healthy retirees); the budget table is an expenditure benchmark, not an observed spending statistic. Weekly numbers are as printed; annual = weekly x 52.2 within rounding. Totals may not exactly equal sum of components (ASFA note). Section totals only; individual expenditure line items are in the PDF and were not extracted. Quarter dates assumed calendar quarter from the name; release (publication) date not printed in the PDF."
D12-000110,12,ASFA Retirement Standard - March quarter 2026 budgets,,March quarter 2026,2026-01-01,2026-03-31,,asfa_budget_total_household_goods_services_weekly_aud,Total household goods and services (weekly),total,40.39,AUD/week,nominal AUD in March quarter 2026 prices (CPI-updated quarterly by ASFA),ASFA hypothetical retiree household budget: relatively healthy retirees renting privately; Rent Allowance entitlement taken into account,Australia,retirees aged 65-84,,single,,,modest lifestyle,tenure=private renter (modest lifestyle only),asfa_March2026-RS-Tables.pdf,https://www.superannuation.asn.au/wp-content/uploads/2026/06/March2026-RS-Tables.pdf,ASFA Retirement Standard tables - retirees aged 65-84 (renters) - March quarter 2026,"PDF pages 3-4, row 'Total household goods and services'",OK,"Hypothetical ASFA retiree budget (healthy retirees); the budget table is an expenditure benchmark, not an observed spending statistic. Weekly numbers are as printed; annual = weekly x 52.2 within rounding. Totals may not exactly equal sum of components (ASFA note). Section totals only; individual expenditure line items are in the PDF and were not extracted. Quarter dates assumed calendar quarter from the name; release (publication) date not printed in the PDF."
D12-000111,12,ASFA Retirement Standard - March quarter 2026 budgets,,March quarter 2026,2026-01-01,2026-03-31,,asfa_budget_total_transport_weekly_aud,Total transport (weekly),total,126.24,AUD/week,nominal AUD in March quarter 2026 prices (CPI-updated quarterly by ASFA),ASFA hypothetical retiree household budget: relatively healthy retirees renting privately; Rent Allowance entitlement taken into account,Australia,retirees aged 65-84,,couple,,,modest lifestyle,tenure=private renter (modest lifestyle only),asfa_March2026-RS-Tables.pdf,https://www.superannuation.asn.au/wp-content/uploads/2026/06/March2026-RS-Tables.pdf,ASFA Retirement Standard tables - retirees aged 65-84 (renters) - March quarter 2026,"PDF pages 3-4, row 'Total transport'",OK,"Hypothetical ASFA retiree budget (healthy retirees); the budget table is an expenditure benchmark, not an observed spending statistic. Weekly numbers are as printed; annual = weekly x 52.2 within rounding. Totals may not exactly equal sum of components (ASFA note). Section totals only; individual expenditure line items are in the PDF and were not extracted. Quarter dates assumed calendar quarter from the name; release (publication) date not printed in the PDF."
D12-000112,12,ASFA Retirement Standard - March quarter 2026 budgets,,March quarter 2026,2026-01-01,2026-03-31,,asfa_budget_total_transport_weekly_aud,Total transport (weekly),total,118.81,AUD/week,nominal AUD in March quarter 2026 prices (CPI-updated quarterly by ASFA),ASFA hypothetical retiree household budget: relatively healthy retirees renting privately; Rent Allowance entitlement taken into account,Australia,retirees aged 65-84,,single,,,modest lifestyle,tenure=private renter (modest lifestyle only),asfa_March2026-RS-Tables.pdf,https://www.superannuation.asn.au/wp-content/uploads/2026/06/March2026-RS-Tables.pdf,ASFA Retirement Standard tables - retirees aged 65-84 (renters) - March quarter 2026,"PDF pages 3-4, row 'Total transport'",OK,"Hypothetical ASFA retiree budget (healthy retirees); the budget table is an expenditure benchmark, not an observed spending statistic. Weekly numbers are as printed; annual = weekly x 52.2 within rounding. Totals may not exactly equal sum of components (ASFA note). Section totals only; individual expenditure line items are in the PDF and were not extracted. Quarter dates assumed calendar quarter from the name; release (publication) date not printed in the PDF."
D12-000113,12,ASFA Retirement Standard - March quarter 2026 budgets,,March quarter 2026,2026-01-01,2026-03-31,,asfa_budget_total_health_services_weekly_aud,Total health services (weekly),total,117.22,AUD/week,nominal AUD in March quarter 2026 prices (CPI-updated quarterly by ASFA),ASFA hypothetical retiree household budget: relatively healthy retirees renting privately; Rent Allowance entitlement taken into account,Australia,retirees aged 65-84,,couple,,,modest lifestyle,tenure=private renter (modest lifestyle only),asfa_March2026-RS-Tables.pdf,https://www.superannuation.asn.au/wp-content/uploads/2026/06/March2026-RS-Tables.pdf,ASFA Retirement Standard tables - retirees aged 65-84 (renters) - March quarter 2026,"PDF pages 3-4, row 'Total health services'",OK,"Hypothetical ASFA retiree budget (healthy retirees); the budget table is an expenditure benchmark, not an observed spending statistic. Weekly numbers are as printed; annual = weekly x 52.2 within rounding. Totals may not exactly equal sum of components (ASFA note). Section totals only; individual expenditure line items are in the PDF and were not extracted. Quarter dates assumed calendar quarter from the name; release (publication) date not printed in the PDF."
D12-000114,12,ASFA Retirement Standard - March quarter 2026 budgets,,March quarter 2026,2026-01-01,2026-03-31,,asfa_budget_total_health_services_weekly_aud,Total health services (weekly),total,60.55,AUD/week,nominal AUD in March quarter 2026 prices (CPI-updated quarterly by ASFA),ASFA hypothetical retiree household budget: relatively healthy retirees renting privately; Rent Allowance entitlement taken into account,Australia,retirees aged 65-84,,single,,,modest lifestyle,tenure=private renter (modest lifestyle only),asfa_March2026-RS-Tables.pdf,https://www.superannuation.asn.au/wp-content/uploads/2026/06/March2026-RS-Tables.pdf,ASFA Retirement Standard tables - retirees aged 65-84 (renters) - March quarter 2026,"PDF pages 3-4, row 'Total health services'",OK,"Hypothetical ASFA retiree budget (healthy retirees); the budget table is an expenditure benchmark, not an observed spending statistic. Weekly numbers are as printed; annual = weekly x 52.2 within rounding. Totals may not exactly equal sum of components (ASFA note). Section totals only; individual expenditure line items are in the PDF and were not extracted. Quarter dates assumed calendar quarter from the name; release (publication) date not printed in the PDF."
D12-000115,12,ASFA Retirement Standard - March quarter 2026 budgets,,March quarter 2026,2026-01-01,2026-03-31,,asfa_budget_total_leisure_weekly_aud,Total leisure (weekly),total,192.14,AUD/week,nominal AUD in March quarter 2026 prices (CPI-updated quarterly by ASFA),ASFA hypothetical retiree household budget: relatively healthy retirees renting privately; Rent Allowance entitlement taken into account,Australia,retirees aged 65-84,,couple,,,modest lifestyle,tenure=private renter (modest lifestyle only),asfa_March2026-RS-Tables.pdf,https://www.superannuation.asn.au/wp-content/uploads/2026/06/March2026-RS-Tables.pdf,ASFA Retirement Standard tables - retirees aged 65-84 (renters) - March quarter 2026,"PDF pages 3-4, row 'Total leisure'",OK,"Hypothetical ASFA retiree budget (healthy retirees); the budget table is an expenditure benchmark, not an observed spending statistic. Weekly numbers are as printed; annual = weekly x 52.2 within rounding. Totals may not exactly equal sum of components (ASFA note). Section totals only; individual expenditure line items are in the PDF and were not extracted. Quarter dates assumed calendar quarter from the name; release (publication) date not printed in the PDF."
D12-000116,12,ASFA Retirement Standard - March quarter 2026 budgets,,March quarter 2026,2026-01-01,2026-03-31,,asfa_budget_total_leisure_weekly_aud,Total leisure (weekly),total,124.07,AUD/week,nominal AUD in March quarter 2026 prices (CPI-updated quarterly by ASFA),ASFA hypothetical retiree household budget: relatively healthy retirees renting privately; Rent Allowance entitlement taken into account,Australia,retirees aged 65-84,,single,,,modest lifestyle,tenure=private renter (modest lifestyle only),asfa_March2026-RS-Tables.pdf,https://www.superannuation.asn.au/wp-content/uploads/2026/06/March2026-RS-Tables.pdf,ASFA Retirement Standard tables - retirees aged 65-84 (renters) - March quarter 2026,"PDF pages 3-4, row 'Total leisure'",OK,"Hypothetical ASFA retiree budget (healthy retirees); the budget table is an expenditure benchmark, not an observed spending statistic. Weekly numbers are as printed; annual = weekly x 52.2 within rounding. Totals may not exactly equal sum of components (ASFA note). Section totals only; individual expenditure line items are in the PDF and were not extracted. Quarter dates assumed calendar quarter from the name; release (publication) date not printed in the PDF."
D12-000117,12,ASFA Retirement Standard - March quarter 2026 budgets,,March quarter 2026,2026-01-01,2026-03-31,,asfa_budget_total_weekly_aud,Total weekly expenditure,total,1321.87,AUD/week,nominal AUD in March quarter 2026 prices (CPI-updated quarterly by ASFA),ASFA hypothetical retiree household budget: relatively healthy retirees renting privately; Rent Allowance entitlement taken into account,Australia,retirees aged 65-84,,couple,,,modest lifestyle,tenure=private renter (modest lifestyle only),asfa_March2026-RS-Tables.pdf,https://www.superannuation.asn.au/wp-content/uploads/2026/06/March2026-RS-Tables.pdf,ASFA Retirement Standard tables - retirees aged 65-84 (renters) - March quarter 2026,"PDF pages 3-4, row 'Total weekly expenditure'",OK,"Hypothetical ASFA retiree budget (healthy retirees); the budget table is an expenditure benchmark, not an observed spending statistic. Weekly numbers are as printed; annual = weekly x 52.2 within rounding. Totals may not exactly equal sum of components (ASFA note). Section totals only; individual expenditure line items are in the PDF and were not extracted. Quarter dates assumed calendar quarter from the name; release (publication) date not printed in the PDF."
D12-000118,12,ASFA Retirement Standard - March quarter 2026 budgets,,March quarter 2026,2026-01-01,2026-03-31,,asfa_budget_total_weekly_aud,Total weekly expenditure,total,980.16,AUD/week,nominal AUD in March quarter 2026 prices (CPI-updated quarterly by ASFA),ASFA hypothetical retiree household budget: relatively healthy retirees renting privately; Rent Allowance entitlement taken into account,Australia,retirees aged 65-84,,single,,,modest lifestyle,tenure=private renter (modest lifestyle only),asfa_March2026-RS-Tables.pdf,https://www.superannuation.asn.au/wp-content/uploads/2026/06/March2026-RS-Tables.pdf,ASFA Retirement Standard tables - retirees aged 65-84 (renters) - March quarter 2026,"PDF pages 3-4, row 'Total weekly expenditure'",OK,"Hypothetical ASFA retiree budget (healthy retirees); the budget table is an expenditure benchmark, not an observed spending statistic. Weekly numbers are as printed; annual = weekly x 52.2 within rounding. Totals may not exactly equal sum of components (ASFA note). Section totals only; individual expenditure line items are in the PDF and were not extracted. Quarter dates assumed calendar quarter from the name; release (publication) date not printed in the PDF."
D12-000119,12,ASFA Retirement Standard - March quarter 2026 budgets,,March quarter 2026,2026-01-01,2026-03-31,,asfa_budget_total_annual_aud,Total annual expenditure,total,69002,AUD/year,nominal AUD in March quarter 2026 prices (CPI-updated quarterly by ASFA),ASFA hypothetical retiree household budget: relatively healthy retirees renting privately; Rent Allowance entitlement taken into account,Australia,retirees aged 65-84,,couple,,,modest lifestyle,tenure=private renter (modest lifestyle only),asfa_March2026-RS-Tables.pdf,https://www.superannuation.asn.au/wp-content/uploads/2026/06/March2026-RS-Tables.pdf,ASFA Retirement Standard tables - retirees aged 65-84 (renters) - March quarter 2026,"PDF pages 3-4, row 'Total annual expenditure'",OK,"Hypothetical ASFA retiree budget (healthy retirees); the budget table is an expenditure benchmark, not an observed spending statistic. Weekly numbers are as printed; annual = weekly x 52.2 within rounding. Totals may not exactly equal sum of components (ASFA note). Section totals only; individual expenditure line items are in the PDF and were not extracted. Quarter dates assumed calendar quarter from the name; release (publication) date not printed in the PDF."
D12-000120,12,ASFA Retirement Standard - March quarter 2026 budgets,,March quarter 2026,2026-01-01,2026-03-31,,asfa_budget_total_annual_aud,Total annual expenditure,total,51164,AUD/year,nominal AUD in March quarter 2026 prices (CPI-updated quarterly by ASFA),ASFA hypothetical retiree household budget: relatively healthy retirees renting privately; Rent Allowance entitlement taken into account,Australia,retirees aged 65-84,,single,,,modest lifestyle,tenure=private renter (modest lifestyle only),asfa_March2026-RS-Tables.pdf,https://www.superannuation.asn.au/wp-content/uploads/2026/06/March2026-RS-Tables.pdf,ASFA Retirement Standard tables - retirees aged 65-84 (renters) - March quarter 2026,"PDF pages 3-4, row 'Total annual expenditure'",OK,"Hypothetical ASFA retiree budget (healthy retirees); the budget table is an expenditure benchmark, not an observed spending statistic. Weekly numbers are as printed; annual = weekly x 52.2 within rounding. Totals may not exactly equal sum of components (ASFA note). Section totals only; individual expenditure line items are in the PDF and were not extracted. Quarter dates assumed calendar quarter from the name; release (publication) date not printed in the PDF."
D12-000121,12,ASFA Retirement Standard - March quarter 2026 budgets,,March quarter 2026,2026-01-01,2026-03-31,,asfa_budget_total_housing_weekly_aud,Total housing (weekly),total,162.61,AUD/week,nominal AUD in March quarter 2026 prices (CPI-updated quarterly by ASFA),ASFA hypothetical retiree household budget: relatively healthy retirees owning their home outright,Australia,retirees aged over 85,,couple,,,comfortable lifestyle,tenure=homeowner (owns home outright),asfa_March2026-RS-Tables.pdf,https://www.superannuation.asn.au/wp-content/uploads/2026/06/March2026-RS-Tables.pdf,ASFA Retirement Standard tables - retirees aged over 85 (homeowners) - March quarter 2026,"PDF pages 5-6, row 'Total housing'",OK,"Hypothetical ASFA retiree budget (healthy retirees); the budget table is an expenditure benchmark, not an observed spending statistic. Weekly numbers are as printed; annual = weekly x 52.2 within rounding. Totals may not exactly equal sum of components (ASFA note). Section totals only; individual expenditure line items are in the PDF and were not extracted. Quarter dates assumed calendar quarter from the name; release (publication) date not printed in the PDF."
D12-000122,12,ASFA Retirement Standard - March quarter 2026 budgets,,March quarter 2026,2026-01-01,2026-03-31,,asfa_budget_total_housing_weekly_aud,Total housing (weekly),total,149.77,AUD/week,nominal AUD in March quarter 2026 prices (CPI-updated quarterly by ASFA),ASFA hypothetical retiree household budget: relatively healthy retirees owning their home outright,Australia,retirees aged over 85,,couple,,,modest lifestyle,tenure=homeowner (owns home outright),asfa_March2026-RS-Tables.pdf,https://www.superannuation.asn.au/wp-content/uploads/2026/06/March2026-RS-Tables.pdf,ASFA Retirement Standard tables - retirees aged over 85 (homeowners) - March quarter 2026,"PDF pages 5-6, row 'Total housing'",OK,"Hypothetical ASFA retiree budget (healthy retirees); the budget table is an expenditure benchmark, not an observed spending statistic. Weekly numbers are as printed; annual = weekly x 52.2 within rounding. Totals may not exactly equal sum of components (ASFA note). Section totals only; individual expenditure line items are in the PDF and were not extracted. Quarter dates assumed calendar quarter from the name; release (publication) date not printed in the PDF."
D12-000123,12,ASFA Retirement Standard - March quarter 2026 budgets,,March quarter 2026,2026-01-01,2026-03-31,,asfa_budget_total_housing_weekly_aud,Total housing (weekly),total,155.71,AUD/week,nominal AUD in March quarter 2026 prices (CPI-updated quarterly by ASFA),ASFA hypothetical retiree household budget: relatively healthy retirees owning their home outright,Australia,retirees aged over 85,,single,,,comfortable lifestyle,tenure=homeowner (owns home outright),asfa_March2026-RS-Tables.pdf,https://www.superannuation.asn.au/wp-content/uploads/2026/06/March2026-RS-Tables.pdf,ASFA Retirement Standard tables - retirees aged over 85 (homeowners) - March quarter 2026,"PDF pages 5-6, row 'Total housing'",OK,"Hypothetical ASFA retiree budget (healthy retirees); the budget table is an expenditure benchmark, not an observed spending statistic. Weekly numbers are as printed; annual = weekly x 52.2 within rounding. Totals may not exactly equal sum of components (ASFA note). Section totals only; individual expenditure line items are in the PDF and were not extracted. Quarter dates assumed calendar quarter from the name; release (publication) date not printed in the PDF."
D12-000124,12,ASFA Retirement Standard - March quarter 2026 budgets,,March quarter 2026,2026-01-01,2026-03-31,,asfa_budget_total_housing_weekly_aud,Total housing (weekly),total,132.44,AUD/week,nominal AUD in March quarter 2026 prices (CPI-updated quarterly by ASFA),ASFA hypothetical retiree household budget: relatively healthy retirees owning their home outright,Australia,retirees aged over 85,,single,,,modest lifestyle,tenure=homeowner (owns home outright),asfa_March2026-RS-Tables.pdf,https://www.superannuation.asn.au/wp-content/uploads/2026/06/March2026-RS-Tables.pdf,ASFA Retirement Standard tables - retirees aged over 85 (homeowners) - March quarter 2026,"PDF pages 5-6, row 'Total housing'",OK,"Hypothetical ASFA retiree budget (healthy retirees); the budget table is an expenditure benchmark, not an observed spending statistic. Weekly numbers are as printed; annual = weekly x 52.2 within rounding. Totals may not exactly equal sum of components (ASFA note). Section totals only; individual expenditure line items are in the PDF and were not extracted. Quarter dates assumed calendar quarter from the name; release (publication) date not printed in the PDF."
D12-000125,12,ASFA Retirement Standard - March quarter 2026 budgets,,March quarter 2026,2026-01-01,2026-03-31,,asfa_budget_total_household_goods_services_weekly_aud,Total household goods and services (weekly),total,240.8,AUD/week,nominal AUD in March quarter 2026 prices (CPI-updated quarterly by ASFA),ASFA hypothetical retiree household budget: relatively healthy retirees owning their home outright,Australia,retirees aged over 85,,couple,,,comfortable lifestyle,tenure=homeowner (owns home outright),asfa_March2026-RS-Tables.pdf,https://www.superannuation.asn.au/wp-content/uploads/2026/06/March2026-RS-Tables.pdf,ASFA Retirement Standard tables - retirees aged over 85 (homeowners) - March quarter 2026,"PDF pages 5-6, row 'Total household goods and services'",OK,"Hypothetical ASFA retiree budget (healthy retirees); the budget table is an expenditure benchmark, not an observed spending statistic. Weekly numbers are as printed; annual = weekly x 52.2 within rounding. Totals may not exactly equal sum of components (ASFA note). Section totals only; individual expenditure line items are in the PDF and were not extracted. Quarter dates assumed calendar quarter from the name; release (publication) date not printed in the PDF."
D12-000126,12,ASFA Retirement Standard - March quarter 2026 budgets,,March quarter 2026,2026-01-01,2026-03-31,,asfa_budget_total_household_goods_services_weekly_aud,Total household goods and services (weekly),total,102.42,AUD/week,nominal AUD in March quarter 2026 prices (CPI-updated quarterly by ASFA),ASFA hypothetical retiree household budget: relatively healthy retirees owning their home outright,Australia,retirees aged over 85,,couple,,,modest lifestyle,tenure=homeowner (owns home outright),asfa_March2026-RS-Tables.pdf,https://www.superannuation.asn.au/wp-content/uploads/2026/06/March2026-RS-Tables.pdf,ASFA Retirement Standard tables - retirees aged over 85 (homeowners) - March quarter 2026,"PDF pages 5-6, row 'Total household goods and services'",OK,"Hypothetical ASFA retiree budget (healthy retirees); the budget table is an expenditure benchmark, not an observed spending statistic. Weekly numbers are as printed; annual = weekly x 52.2 within rounding. Totals may not exactly equal sum of components (ASFA note). Section totals only; individual expenditure line items are in the PDF and were not extracted. Quarter dates assumed calendar quarter from the name; release (publication) date not printed in the PDF."
D12-000127,12,ASFA Retirement Standard - March quarter 2026 budgets,,March quarter 2026,2026-01-01,2026-03-31,,asfa_budget_total_household_goods_services_weekly_aud,Total household goods and services (weekly),total,199.03,AUD/week,nominal AUD in March quarter 2026 prices (CPI-updated quarterly by ASFA),ASFA hypothetical retiree household budget: relatively healthy retirees owning their home outright,Australia,retirees aged over 85,,single,,,comfortable lifestyle,tenure=homeowner (owns home outright),asfa_March2026-RS-Tables.pdf,https://www.superannuation.asn.au/wp-content/uploads/2026/06/March2026-RS-Tables.pdf,ASFA Retirement Standard tables - retirees aged over 85 (homeowners) - March quarter 2026,"PDF pages 5-6, row 'Total household goods and services'",OK,"Hypothetical ASFA retiree budget (healthy retirees); the budget table is an expenditure benchmark, not an observed spending statistic. Weekly numbers are as printed; annual = weekly x 52.2 within rounding. Totals may not exactly equal sum of components (ASFA note). Section totals only; individual expenditure line items are in the PDF and were not extracted. Quarter dates assumed calendar quarter from the name; release (publication) date not printed in the PDF."
D12-000128,12,ASFA Retirement Standard - March quarter 2026 budgets,,March quarter 2026,2026-01-01,2026-03-31,,asfa_budget_total_household_goods_services_weekly_aud,Total household goods and services (weekly),total,70.73,AUD/week,nominal AUD in March quarter 2026 prices (CPI-updated quarterly by ASFA),ASFA hypothetical retiree household budget: relatively healthy retirees owning their home outright,Australia,retirees aged over 85,,single,,,modest lifestyle,tenure=homeowner (owns home outright),asfa_March2026-RS-Tables.pdf,https://www.superannuation.asn.au/wp-content/uploads/2026/06/March2026-RS-Tables.pdf,ASFA Retirement Standard tables - retirees aged over 85 (homeowners) - March quarter 2026,"PDF pages 5-6, row 'Total household goods and services'",OK,"Hypothetical ASFA retiree budget (healthy retirees); the budget table is an expenditure benchmark, not an observed spending statistic. Weekly numbers are as printed; annual = weekly x 52.2 within rounding. Totals may not exactly equal sum of components (ASFA note). Section totals only; individual expenditure line items are in the PDF and were not extracted. Quarter dates assumed calendar quarter from the name; release (publication) date not printed in the PDF."
D12-000129,12,ASFA Retirement Standard - March quarter 2026 budgets,,March quarter 2026,2026-01-01,2026-03-31,,asfa_budget_total_transport_weekly_aud,Total transport (weekly),total,60.66,AUD/week,nominal AUD in March quarter 2026 prices (CPI-updated quarterly by ASFA),ASFA hypothetical retiree household budget: relatively healthy retirees owning their home outright,Australia,retirees aged over 85,,couple,,,comfortable lifestyle,tenure=homeowner (owns home outright),asfa_March2026-RS-Tables.pdf,https://www.superannuation.asn.au/wp-content/uploads/2026/06/March2026-RS-Tables.pdf,ASFA Retirement Standard tables - retirees aged over 85 (homeowners) - March quarter 2026,"PDF pages 5-6, row 'Total transport'",OK,"Hypothetical ASFA retiree budget (healthy retirees); the budget table is an expenditure benchmark, not an observed spending statistic. Weekly numbers are as printed; annual = weekly x 52.2 within rounding. Totals may not exactly equal sum of components (ASFA note). Section totals only; individual expenditure line items are in the PDF and were not extracted. Quarter dates assumed calendar quarter from the name; release (publication) date not printed in the PDF."
D12-000130,12,ASFA Retirement Standard - March quarter 2026 budgets,,March quarter 2026,2026-01-01,2026-03-31,,asfa_budget_total_transport_weekly_aud,Total transport (weekly),total,55.14,AUD/week,nominal AUD in March quarter 2026 prices (CPI-updated quarterly by ASFA),ASFA hypothetical retiree household budget: relatively healthy retirees owning their home outright,Australia,retirees aged over 85,,couple,,,modest lifestyle,tenure=homeowner (owns home outright),asfa_March2026-RS-Tables.pdf,https://www.superannuation.asn.au/wp-content/uploads/2026/06/March2026-RS-Tables.pdf,ASFA Retirement Standard tables - retirees aged over 85 (homeowners) - March quarter 2026,"PDF pages 5-6, row 'Total transport'",OK,"Hypothetical ASFA retiree budget (healthy retirees); the budget table is an expenditure benchmark, not an observed spending statistic. Weekly numbers are as printed; annual = weekly x 52.2 within rounding. Totals may not exactly equal sum of components (ASFA note). Section totals only; individual expenditure line items are in the PDF and were not extracted. Quarter dates assumed calendar quarter from the name; release (publication) date not printed in the PDF."
D12-000131,12,ASFA Retirement Standard - March quarter 2026 budgets,,March quarter 2026,2026-01-01,2026-03-31,,asfa_budget_total_transport_weekly_aud,Total transport (weekly),total,49.63,AUD/week,nominal AUD in March quarter 2026 prices (CPI-updated quarterly by ASFA),ASFA hypothetical retiree household budget: relatively healthy retirees owning their home outright,Australia,retirees aged over 85,,single,,,comfortable lifestyle,tenure=homeowner (owns home outright),asfa_March2026-RS-Tables.pdf,https://www.superannuation.asn.au/wp-content/uploads/2026/06/March2026-RS-Tables.pdf,ASFA Retirement Standard tables - retirees aged over 85 (homeowners) - March quarter 2026,"PDF pages 5-6, row 'Total transport'",OK,"Hypothetical ASFA retiree budget (healthy retirees); the budget table is an expenditure benchmark, not an observed spending statistic. Weekly numbers are as printed; annual = weekly x 52.2 within rounding. Totals may not exactly equal sum of components (ASFA note). Section totals only; individual expenditure line items are in the PDF and were not extracted. Quarter dates assumed calendar quarter from the name; release (publication) date not printed in the PDF."
D12-000132,12,ASFA Retirement Standard - March quarter 2026 budgets,,March quarter 2026,2026-01-01,2026-03-31,,asfa_budget_total_transport_weekly_aud,Total transport (weekly),total,44.12,AUD/week,nominal AUD in March quarter 2026 prices (CPI-updated quarterly by ASFA),ASFA hypothetical retiree household budget: relatively healthy retirees owning their home outright,Australia,retirees aged over 85,,single,,,modest lifestyle,tenure=homeowner (owns home outright),asfa_March2026-RS-Tables.pdf,https://www.superannuation.asn.au/wp-content/uploads/2026/06/March2026-RS-Tables.pdf,ASFA Retirement Standard tables - retirees aged over 85 (homeowners) - March quarter 2026,"PDF pages 5-6, row 'Total transport'",OK,"Hypothetical ASFA retiree budget (healthy retirees); the budget table is an expenditure benchmark, not an observed spending statistic. Weekly numbers are as printed; annual = weekly x 52.2 within rounding. Totals may not exactly equal sum of components (ASFA note). Section totals only; individual expenditure line items are in the PDF and were not extracted. Quarter dates assumed calendar quarter from the name; release (publication) date not printed in the PDF."
D12-000133,12,ASFA Retirement Standard - March quarter 2026 budgets,,March quarter 2026,2026-01-01,2026-03-31,,asfa_budget_total_health_services_weekly_aud,Total health services (weekly),total,274.45,AUD/week,nominal AUD in March quarter 2026 prices (CPI-updated quarterly by ASFA),ASFA hypothetical retiree household budget: relatively healthy retirees owning their home outright,Australia,retirees aged over 85,,couple,,,comfortable lifestyle,tenure=homeowner (owns home outright),asfa_March2026-RS-Tables.pdf,https://www.superannuation.asn.au/wp-content/uploads/2026/06/March2026-RS-Tables.pdf,ASFA Retirement Standard tables - retirees aged over 85 (homeowners) - March quarter 2026,"PDF pages 5-6, row 'Total health services'",OK,"Hypothetical ASFA retiree budget (healthy retirees); the budget table is an expenditure benchmark, not an observed spending statistic. Weekly numbers are as printed; annual = weekly x 52.2 within rounding. Totals may not exactly equal sum of components (ASFA note). Section totals only; individual expenditure line items are in the PDF and were not extracted. Quarter dates assumed calendar quarter from the name; release (publication) date not printed in the PDF."
D12-000134,12,ASFA Retirement Standard - March quarter 2026 budgets,,March quarter 2026,2026-01-01,2026-03-31,,asfa_budget_total_health_services_weekly_aud,Total health services (weekly),total,148.89,AUD/week,nominal AUD in March quarter 2026 prices (CPI-updated quarterly by ASFA),ASFA hypothetical retiree household budget: relatively healthy retirees owning their home outright,Australia,retirees aged over 85,,couple,,,modest lifestyle,tenure=homeowner (owns home outright),asfa_March2026-RS-Tables.pdf,https://www.superannuation.asn.au/wp-content/uploads/2026/06/March2026-RS-Tables.pdf,ASFA Retirement Standard tables - retirees aged over 85 (homeowners) - March quarter 2026,"PDF pages 5-6, row 'Total health services'",OK,"Hypothetical ASFA retiree budget (healthy retirees); the budget table is an expenditure benchmark, not an observed spending statistic. Weekly numbers are as printed; annual = weekly x 52.2 within rounding. Totals may not exactly equal sum of components (ASFA note). Section totals only; individual expenditure line items are in the PDF and were not extracted. Quarter dates assumed calendar quarter from the name; release (publication) date not printed in the PDF."
D12-000135,12,ASFA Retirement Standard - March quarter 2026 budgets,,March quarter 2026,2026-01-01,2026-03-31,,asfa_budget_total_health_services_weekly_aud,Total health services (weekly),total,175.66,AUD/week,nominal AUD in March quarter 2026 prices (CPI-updated quarterly by ASFA),ASFA hypothetical retiree household budget: relatively healthy retirees owning their home outright,Australia,retirees aged over 85,,single,,,comfortable lifestyle,tenure=homeowner (owns home outright),asfa_March2026-RS-Tables.pdf,https://www.superannuation.asn.au/wp-content/uploads/2026/06/March2026-RS-Tables.pdf,ASFA Retirement Standard tables - retirees aged over 85 (homeowners) - March quarter 2026,"PDF pages 5-6, row 'Total health services'",OK,"Hypothetical ASFA retiree budget (healthy retirees); the budget table is an expenditure benchmark, not an observed spending statistic. Weekly numbers are as printed; annual = weekly x 52.2 within rounding. Totals may not exactly equal sum of components (ASFA note). Section totals only; individual expenditure line items are in the PDF and were not extracted. Quarter dates assumed calendar quarter from the name; release (publication) date not printed in the PDF."
D12-000136,12,ASFA Retirement Standard - March quarter 2026 budgets,,March quarter 2026,2026-01-01,2026-03-31,,asfa_budget_total_health_services_weekly_aud,Total health services (weekly),total,107.76,AUD/week,nominal AUD in March quarter 2026 prices (CPI-updated quarterly by ASFA),ASFA hypothetical retiree household budget: relatively healthy retirees owning their home outright,Australia,retirees aged over 85,,single,,,modest lifestyle,tenure=homeowner (owns home outright),asfa_March2026-RS-Tables.pdf,https://www.superannuation.asn.au/wp-content/uploads/2026/06/March2026-RS-Tables.pdf,ASFA Retirement Standard tables - retirees aged over 85 (homeowners) - March quarter 2026,"PDF pages 5-6, row 'Total health services'",OK,"Hypothetical ASFA retiree budget (healthy retirees); the budget table is an expenditure benchmark, not an observed spending statistic. Weekly numbers are as printed; annual = weekly x 52.2 within rounding. Totals may not exactly equal sum of components (ASFA note). Section totals only; individual expenditure line items are in the PDF and were not extracted. Quarter dates assumed calendar quarter from the name; release (publication) date not printed in the PDF."
D12-000137,12,ASFA Retirement Standard - March quarter 2026 budgets,,March quarter 2026,2026-01-01,2026-03-31,,asfa_budget_total_leisure_weekly_aud,Total leisure (weekly),total,222.61,AUD/week,nominal AUD in March quarter 2026 prices (CPI-updated quarterly by ASFA),ASFA hypothetical retiree household budget: relatively healthy retirees owning their home outright,Australia,retirees aged over 85,,couple,,,comfortable lifestyle,tenure=homeowner (owns home outright),asfa_March2026-RS-Tables.pdf,https://www.superannuation.asn.au/wp-content/uploads/2026/06/March2026-RS-Tables.pdf,ASFA Retirement Standard tables - retirees aged over 85 (homeowners) - March quarter 2026,"PDF pages 5-6, row 'Total leisure'",OK,"Hypothetical ASFA retiree budget (healthy retirees); the budget table is an expenditure benchmark, not an observed spending statistic. Weekly numbers are as printed; annual = weekly x 52.2 within rounding. Totals may not exactly equal sum of components (ASFA note). Section totals only; individual expenditure line items are in the PDF and were not extracted. Quarter dates assumed calendar quarter from the name; release (publication) date not printed in the PDF."
D12-000138,12,ASFA Retirement Standard - March quarter 2026 budgets,,March quarter 2026,2026-01-01,2026-03-31,,asfa_budget_total_leisure_weekly_aud,Total leisure (weekly),total,115.26,AUD/week,nominal AUD in March quarter 2026 prices (CPI-updated quarterly by ASFA),ASFA hypothetical retiree household budget: relatively healthy retirees owning their home outright,Australia,retirees aged over 85,,couple,,,modest lifestyle,tenure=homeowner (owns home outright),asfa_March2026-RS-Tables.pdf,https://www.superannuation.asn.au/wp-content/uploads/2026/06/March2026-RS-Tables.pdf,ASFA Retirement Standard tables - retirees aged over 85 (homeowners) - March quarter 2026,"PDF pages 5-6, row 'Total leisure'",OK,"Hypothetical ASFA retiree budget (healthy retirees); the budget table is an expenditure benchmark, not an observed spending statistic. Weekly numbers are as printed; annual = weekly x 52.2 within rounding. Totals may not exactly equal sum of components (ASFA note). Section totals only; individual expenditure line items are in the PDF and were not extracted. Quarter dates assumed calendar quarter from the name; release (publication) date not printed in the PDF."
D12-000139,12,ASFA Retirement Standard - March quarter 2026 budgets,,March quarter 2026,2026-01-01,2026-03-31,,asfa_budget_total_leisure_weekly_aud,Total leisure (weekly),total,158.47,AUD/week,nominal AUD in March quarter 2026 prices (CPI-updated quarterly by ASFA),ASFA hypothetical retiree household budget: relatively healthy retirees owning their home outright,Australia,retirees aged over 85,,single,,,comfortable lifestyle,tenure=homeowner (owns home outright),asfa_March2026-RS-Tables.pdf,https://www.superannuation.asn.au/wp-content/uploads/2026/06/March2026-RS-Tables.pdf,ASFA Retirement Standard tables - retirees aged over 85 (homeowners) - March quarter 2026,"PDF pages 5-6, row 'Total leisure'",OK,"Hypothetical ASFA retiree budget (healthy retirees); the budget table is an expenditure benchmark, not an observed spending statistic. Weekly numbers are as printed; annual = weekly x 52.2 within rounding. Totals may not exactly equal sum of components (ASFA note). Section totals only; individual expenditure line items are in the PDF and were not extracted. Quarter dates assumed calendar quarter from the name; release (publication) date not printed in the PDF."
D12-000140,12,ASFA Retirement Standard - March quarter 2026 budgets,,March quarter 2026,2026-01-01,2026-03-31,,asfa_budget_total_leisure_weekly_aud,Total leisure (weekly),total,81.75,AUD/week,nominal AUD in March quarter 2026 prices (CPI-updated quarterly by ASFA),ASFA hypothetical retiree household budget: relatively healthy retirees owning their home outright,Australia,retirees aged over 85,,single,,,modest lifestyle,tenure=homeowner (owns home outright),asfa_March2026-RS-Tables.pdf,https://www.superannuation.asn.au/wp-content/uploads/2026/06/March2026-RS-Tables.pdf,ASFA Retirement Standard tables - retirees aged over 85 (homeowners) - March quarter 2026,"PDF pages 5-6, row 'Total leisure'",OK,"Hypothetical ASFA retiree budget (healthy retirees); the budget table is an expenditure benchmark, not an observed spending statistic. Weekly numbers are as printed; annual = weekly x 52.2 within rounding. Totals may not exactly equal sum of components (ASFA note). Section totals only; individual expenditure line items are in the PDF and were not extracted. Quarter dates assumed calendar quarter from the name; release (publication) date not printed in the PDF."
D12-000141,12,ASFA Retirement Standard - March quarter 2026 budgets,,March quarter 2026,2026-01-01,2026-03-31,,asfa_budget_total_weekly_aud,Total weekly expenditure,total,1417.04,AUD/week,nominal AUD in March quarter 2026 prices (CPI-updated quarterly by ASFA),ASFA hypothetical retiree household budget: relatively healthy retirees owning their home outright,Australia,retirees aged over 85,,couple,,,comfortable lifestyle,tenure=homeowner (owns home outright),asfa_March2026-RS-Tables.pdf,https://www.superannuation.asn.au/wp-content/uploads/2026/06/March2026-RS-Tables.pdf,ASFA Retirement Standard tables - retirees aged over 85 (homeowners) - March quarter 2026,"PDF pages 5-6, row 'Total weekly expenditure'",OK,"Hypothetical ASFA retiree budget (healthy retirees); the budget table is an expenditure benchmark, not an observed spending statistic. Weekly numbers are as printed; annual = weekly x 52.2 within rounding. Totals may not exactly equal sum of components (ASFA note). Section totals only; individual expenditure line items are in the PDF and were not extracted. Quarter dates assumed calendar quarter from the name; release (publication) date not printed in the PDF."
D12-000142,12,ASFA Retirement Standard - March quarter 2026 budgets,,March quarter 2026,2026-01-01,2026-03-31,,asfa_budget_total_weekly_aud,Total weekly expenditure,total,943.59,AUD/week,nominal AUD in March quarter 2026 prices (CPI-updated quarterly by ASFA),ASFA hypothetical retiree household budget: relatively healthy retirees owning their home outright,Australia,retirees aged over 85,,couple,,,modest lifestyle,tenure=homeowner (owns home outright),asfa_March2026-RS-Tables.pdf,https://www.superannuation.asn.au/wp-content/uploads/2026/06/March2026-RS-Tables.pdf,ASFA Retirement Standard tables - retirees aged over 85 (homeowners) - March quarter 2026,"PDF pages 5-6, row 'Total weekly expenditure'",OK,"Hypothetical ASFA retiree budget (healthy retirees); the budget table is an expenditure benchmark, not an observed spending statistic. Weekly numbers are as printed; annual = weekly x 52.2 within rounding. Totals may not exactly equal sum of components (ASFA note). Section totals only; individual expenditure line items are in the PDF and were not extracted. Quarter dates assumed calendar quarter from the name; release (publication) date not printed in the PDF."
D12-000143,12,ASFA Retirement Standard - March quarter 2026 budgets,,March quarter 2026,2026-01-01,2026-03-31,,asfa_budget_total_weekly_aud,Total weekly expenditure,total,1027.9,AUD/week,nominal AUD in March quarter 2026 prices (CPI-updated quarterly by ASFA),ASFA hypothetical retiree household budget: relatively healthy retirees owning their home outright,Australia,retirees aged over 85,,single,,,comfortable lifestyle,tenure=homeowner (owns home outright),asfa_March2026-RS-Tables.pdf,https://www.superannuation.asn.au/wp-content/uploads/2026/06/March2026-RS-Tables.pdf,ASFA Retirement Standard tables - retirees aged over 85 (homeowners) - March quarter 2026,"PDF pages 5-6, row 'Total weekly expenditure'",OK,"Hypothetical ASFA retiree budget (healthy retirees); the budget table is an expenditure benchmark, not an observed spending statistic. Weekly numbers are as printed; annual = weekly x 52.2 within rounding. Totals may not exactly equal sum of components (ASFA note). Section totals only; individual expenditure line items are in the PDF and were not extracted. Quarter dates assumed calendar quarter from the name; release (publication) date not printed in the PDF."
D12-000144,12,ASFA Retirement Standard - March quarter 2026 budgets,,March quarter 2026,2026-01-01,2026-03-31,,asfa_budget_total_weekly_aud,Total weekly expenditure,total,658.51,AUD/week,nominal AUD in March quarter 2026 prices (CPI-updated quarterly by ASFA),ASFA hypothetical retiree household budget: relatively healthy retirees owning their home outright,Australia,retirees aged over 85,,single,,,modest lifestyle,tenure=homeowner (owns home outright),asfa_March2026-RS-Tables.pdf,https://www.superannuation.asn.au/wp-content/uploads/2026/06/March2026-RS-Tables.pdf,ASFA Retirement Standard tables - retirees aged over 85 (homeowners) - March quarter 2026,"PDF pages 5-6, row 'Total weekly expenditure'",OK,"Hypothetical ASFA retiree budget (healthy retirees); the budget table is an expenditure benchmark, not an observed spending statistic. Weekly numbers are as printed; annual = weekly x 52.2 within rounding. Totals may not exactly equal sum of components (ASFA note). Section totals only; individual expenditure line items are in the PDF and were not extracted. Quarter dates assumed calendar quarter from the name; release (publication) date not printed in the PDF."
D12-000145,12,ASFA Retirement Standard - March quarter 2026 budgets,,March quarter 2026,2026-01-01,2026-03-31,,asfa_budget_total_annual_aud,Total annual expenditure,total,73970,AUD/year,nominal AUD in March quarter 2026 prices (CPI-updated quarterly by ASFA),ASFA hypothetical retiree household budget: relatively healthy retirees owning their home outright,Australia,retirees aged over 85,,couple,,,comfortable lifestyle,tenure=homeowner (owns home outright),asfa_March2026-RS-Tables.pdf,https://www.superannuation.asn.au/wp-content/uploads/2026/06/March2026-RS-Tables.pdf,ASFA Retirement Standard tables - retirees aged over 85 (homeowners) - March quarter 2026,"PDF pages 5-6, row 'Total annual expenditure'",OK,"Hypothetical ASFA retiree budget (healthy retirees); the budget table is an expenditure benchmark, not an observed spending statistic. Weekly numbers are as printed; annual = weekly x 52.2 within rounding. Totals may not exactly equal sum of components (ASFA note). Section totals only; individual expenditure line items are in the PDF and were not extracted. Quarter dates assumed calendar quarter from the name; release (publication) date not printed in the PDF."
D12-000146,12,ASFA Retirement Standard - March quarter 2026 budgets,,March quarter 2026,2026-01-01,2026-03-31,,asfa_budget_total_annual_aud,Total annual expenditure,total,49255,AUD/year,nominal AUD in March quarter 2026 prices (CPI-updated quarterly by ASFA),ASFA hypothetical retiree household budget: relatively healthy retirees owning their home outright,Australia,retirees aged over 85,,couple,,,modest lifestyle,tenure=homeowner (owns home outright),asfa_March2026-RS-Tables.pdf,https://www.superannuation.asn.au/wp-content/uploads/2026/06/March2026-RS-Tables.pdf,ASFA Retirement Standard tables - retirees aged over 85 (homeowners) - March quarter 2026,"PDF pages 5-6, row 'Total annual expenditure'",OK,"Hypothetical ASFA retiree budget (healthy retirees); the budget table is an expenditure benchmark, not an observed spending statistic. Weekly numbers are as printed; annual = weekly x 52.2 within rounding. Totals may not exactly equal sum of components (ASFA note). Section totals only; individual expenditure line items are in the PDF and were not extracted. Quarter dates assumed calendar quarter from the name; release (publication) date not printed in the PDF."
D12-000147,12,ASFA Retirement Standard - March quarter 2026 budgets,,March quarter 2026,2026-01-01,2026-03-31,,asfa_budget_total_annual_aud,Total annual expenditure,total,53656,AUD/year,nominal AUD in March quarter 2026 prices (CPI-updated quarterly by ASFA),ASFA hypothetical retiree household budget: relatively healthy retirees owning their home outright,Australia,retirees aged over 85,,single,,,comfortable lifestyle,tenure=homeowner (owns home outright),asfa_March2026-RS-Tables.pdf,https://www.superannuation.asn.au/wp-content/uploads/2026/06/March2026-RS-Tables.pdf,ASFA Retirement Standard tables - retirees aged over 85 (homeowners) - March quarter 2026,"PDF pages 5-6, row 'Total annual expenditure'",OK,"Hypothetical ASFA retiree budget (healthy retirees); the budget table is an expenditure benchmark, not an observed spending statistic. Weekly numbers are as printed; annual = weekly x 52.2 within rounding. Totals may not exactly equal sum of components (ASFA note). Section totals only; individual expenditure line items are in the PDF and were not extracted. Quarter dates assumed calendar quarter from the name; release (publication) date not printed in the PDF."
D12-000148,12,ASFA Retirement Standard - March quarter 2026 budgets,,March quarter 2026,2026-01-01,2026-03-31,,asfa_budget_total_annual_aud,Total annual expenditure,total,34374,AUD/year,nominal AUD in March quarter 2026 prices (CPI-updated quarterly by ASFA),ASFA hypothetical retiree household budget: relatively healthy retirees owning their home outright,Australia,retirees aged over 85,,single,,,modest lifestyle,tenure=homeowner (owns home outright),asfa_March2026-RS-Tables.pdf,https://www.superannuation.asn.au/wp-content/uploads/2026/06/March2026-RS-Tables.pdf,ASFA Retirement Standard tables - retirees aged over 85 (homeowners) - March quarter 2026,"PDF pages 5-6, row 'Total annual expenditure'",OK,"Hypothetical ASFA retiree budget (healthy retirees); the budget table is an expenditure benchmark, not an observed spending statistic. Weekly numbers are as printed; annual = weekly x 52.2 within rounding. Totals may not exactly equal sum of components (ASFA note). Section totals only; individual expenditure line items are in the PDF and were not extracted. Quarter dates assumed calendar quarter from the name; release (publication) date not printed in the PDF."
D12-000149,12,ASFA Retirement Standard - December quarter 2025 budgets,,December quarter 2025,2025-10-01,2025-12-31,,asfa_budget_total_housing_weekly_aud,Total housing (weekly),total,161.25,AUD/week,nominal AUD in December quarter 2025 prices (CPI-updated quarterly by ASFA),ASFA hypothetical retiree household budget: relatively healthy retirees owning their home outright,Australia,retirees aged 65-84,,couple,,,comfortable lifestyle,tenure=homeowner (owns home outright),asfa_ASFA_Retirement_Standard_Budgets_Dec-25_quarter.pdf,https://www.superannuation.asn.au/wp-content/uploads/2026/02/ASFA_Retirement_Standard_Budgets_Dec-25_quarter.pdf,ASFA Retirement Standard tables - retirees aged 65-84 (homeowners) - December quarter 2025,"PDF pages 2-3, row 'Total housing'",OK,"Hypothetical ASFA retiree budget (healthy retirees); the budget table is an expenditure benchmark, not an observed spending statistic. Weekly numbers are as printed; annual = weekly x 52.2 within rounding. Totals may not exactly equal sum of components (ASFA note). Section totals only; individual expenditure line items are in the PDF and were not extracted. Quarter dates assumed calendar quarter from the name; release (publication) date not printed in the PDF."
D12-000150,12,ASFA Retirement Standard - December quarter 2025 budgets,,December quarter 2025,2025-10-01,2025-12-31,,asfa_budget_total_housing_weekly_aud,Total housing (weekly),total,148.45,AUD/week,nominal AUD in December quarter 2025 prices (CPI-updated quarterly by ASFA),ASFA hypothetical retiree household budget: relatively healthy retirees owning their home outright,Australia,retirees aged 65-84,,couple,,,modest lifestyle,tenure=homeowner (owns home outright),asfa_ASFA_Retirement_Standard_Budgets_Dec-25_quarter.pdf,https://www.superannuation.asn.au/wp-content/uploads/2026/02/ASFA_Retirement_Standard_Budgets_Dec-25_quarter.pdf,ASFA Retirement Standard tables - retirees aged 65-84 (homeowners) - December quarter 2025,"PDF pages 2-3, row 'Total housing'",OK,"Hypothetical ASFA retiree budget (healthy retirees); the budget table is an expenditure benchmark, not an observed spending statistic. Weekly numbers are as printed; annual = weekly x 52.2 within rounding. Totals may not exactly equal sum of components (ASFA note). Section totals only; individual expenditure line items are in the PDF and were not extracted. Quarter dates assumed calendar quarter from the name; release (publication) date not printed in the PDF."
D12-000151,12,ASFA Retirement Standard - December quarter 2025 budgets,,December quarter 2025,2025-10-01,2025-12-31,,asfa_budget_total_housing_weekly_aud,Total housing (weekly),total,154.42,AUD/week,nominal AUD in December quarter 2025 prices (CPI-updated quarterly by ASFA),ASFA hypothetical retiree household budget: relatively healthy retirees owning their home outright,Australia,retirees aged 65-84,,single,,,comfortable lifestyle,tenure=homeowner (owns home outright),asfa_ASFA_Retirement_Standard_Budgets_Dec-25_quarter.pdf,https://www.superannuation.asn.au/wp-content/uploads/2026/02/ASFA_Retirement_Standard_Budgets_Dec-25_quarter.pdf,ASFA Retirement Standard tables - retirees aged 65-84 (homeowners) - December quarter 2025,"PDF pages 2-3, row 'Total housing'",OK,"Hypothetical ASFA retiree budget (healthy retirees); the budget table is an expenditure benchmark, not an observed spending statistic. Weekly numbers are as printed; annual = weekly x 52.2 within rounding. Totals may not exactly equal sum of components (ASFA note). Section totals only; individual expenditure line items are in the PDF and were not extracted. Quarter dates assumed calendar quarter from the name; release (publication) date not printed in the PDF."
D12-000152,12,ASFA Retirement Standard - December quarter 2025 budgets,,December quarter 2025,2025-10-01,2025-12-31,,asfa_budget_total_housing_weekly_aud,Total housing (weekly),total,131.38,AUD/week,nominal AUD in December quarter 2025 prices (CPI-updated quarterly by ASFA),ASFA hypothetical retiree household budget: relatively healthy retirees owning their home outright,Australia,retirees aged 65-84,,single,,,modest lifestyle,tenure=homeowner (owns home outright),asfa_ASFA_Retirement_Standard_Budgets_Dec-25_quarter.pdf,https://www.superannuation.asn.au/wp-content/uploads/2026/02/ASFA_Retirement_Standard_Budgets_Dec-25_quarter.pdf,ASFA Retirement Standard tables - retirees aged 65-84 (homeowners) - December quarter 2025,"PDF pages 2-3, row 'Total housing'",OK,"Hypothetical ASFA retiree budget (healthy retirees); the budget table is an expenditure benchmark, not an observed spending statistic. Weekly numbers are as printed; annual = weekly x 52.2 within rounding. Totals may not exactly equal sum of components (ASFA note). Section totals only; individual expenditure line items are in the PDF and were not extracted. Quarter dates assumed calendar quarter from the name; release (publication) date not printed in the PDF."
D12-000153,12,ASFA Retirement Standard - December quarter 2025 budgets,,December quarter 2025,2025-10-01,2025-12-31,,asfa_budget_total_household_goods_services_weekly_aud,Total household goods and services (weekly),total,101.64,AUD/week,nominal AUD in December quarter 2025 prices (CPI-updated quarterly by ASFA),ASFA hypothetical retiree household budget: relatively healthy retirees owning their home outright,Australia,retirees aged 65-84,,couple,,,comfortable lifestyle,tenure=homeowner (owns home outright),asfa_ASFA_Retirement_Standard_Budgets_Dec-25_quarter.pdf,https://www.superannuation.asn.au/wp-content/uploads/2026/02/ASFA_Retirement_Standard_Budgets_Dec-25_quarter.pdf,ASFA Retirement Standard tables - retirees aged 65-84 (homeowners) - December quarter 2025,"PDF pages 2-3, row 'Total household goods and services'",OK,"Hypothetical ASFA retiree budget (healthy retirees); the budget table is an expenditure benchmark, not an observed spending statistic. Weekly numbers are as printed; annual = weekly x 52.2 within rounding. Totals may not exactly equal sum of components (ASFA note). Section totals only; individual expenditure line items are in the PDF and were not extracted. Quarter dates assumed calendar quarter from the name; release (publication) date not printed in the PDF."
D12-000154,12,ASFA Retirement Standard - December quarter 2025 budgets,,December quarter 2025,2025-10-01,2025-12-31,,asfa_budget_total_household_goods_services_weekly_aud,Total household goods and services (weekly),total,48.11,AUD/week,nominal AUD in December quarter 2025 prices (CPI-updated quarterly by ASFA),ASFA hypothetical retiree household budget: relatively healthy retirees owning their home outright,Australia,retirees aged 65-84,,couple,,,modest lifestyle,tenure=homeowner (owns home outright),asfa_ASFA_Retirement_Standard_Budgets_Dec-25_quarter.pdf,https://www.superannuation.asn.au/wp-content/uploads/2026/02/ASFA_Retirement_Standard_Budgets_Dec-25_quarter.pdf,ASFA Retirement Standard tables - retirees aged 65-84 (homeowners) - December quarter 2025,"PDF pages 2-3, row 'Total household goods and services'",OK,"Hypothetical ASFA retiree budget (healthy retirees); the budget table is an expenditure benchmark, not an observed spending statistic. Weekly numbers are as printed; annual = weekly x 52.2 within rounding. Totals may not exactly equal sum of components (ASFA note). Section totals only; individual expenditure line items are in the PDF and were not extracted. Quarter dates assumed calendar quarter from the name; release (publication) date not printed in the PDF."
D12-000155,12,ASFA Retirement Standard - December quarter 2025 budgets,,December quarter 2025,2025-10-01,2025-12-31,,asfa_budget_total_household_goods_services_weekly_aud,Total household goods and services (weekly),total,80.19,AUD/week,nominal AUD in December quarter 2025 prices (CPI-updated quarterly by ASFA),ASFA hypothetical retiree household budget: relatively healthy retirees owning their home outright,Australia,retirees aged 65-84,,single,,,comfortable lifestyle,tenure=homeowner (owns home outright),asfa_ASFA_Retirement_Standard_Budgets_Dec-25_quarter.pdf,https://www.superannuation.asn.au/wp-content/uploads/2026/02/ASFA_Retirement_Standard_Budgets_Dec-25_quarter.pdf,ASFA Retirement Standard tables - retirees aged 65-84 (homeowners) - December quarter 2025,"PDF pages 2-3, row 'Total household goods and services'",OK,"Hypothetical ASFA retiree budget (healthy retirees); the budget table is an expenditure benchmark, not an observed spending statistic. Weekly numbers are as printed; annual = weekly x 52.2 within rounding. Totals may not exactly equal sum of components (ASFA note). Section totals only; individual expenditure line items are in the PDF and were not extracted. Quarter dates assumed calendar quarter from the name; release (publication) date not printed in the PDF."
D12-000156,12,ASFA Retirement Standard - December quarter 2025 budgets,,December quarter 2025,2025-10-01,2025-12-31,,asfa_budget_total_household_goods_services_weekly_aud,Total household goods and services (weekly),total,40.76,AUD/week,nominal AUD in December quarter 2025 prices (CPI-updated quarterly by ASFA),ASFA hypothetical retiree household budget: relatively healthy retirees owning their home outright,Australia,retirees aged 65-84,,single,,,modest lifestyle,tenure=homeowner (owns home outright),asfa_ASFA_Retirement_Standard_Budgets_Dec-25_quarter.pdf,https://www.superannuation.asn.au/wp-content/uploads/2026/02/ASFA_Retirement_Standard_Budgets_Dec-25_quarter.pdf,ASFA Retirement Standard tables - retirees aged 65-84 (homeowners) - December quarter 2025,"PDF pages 2-3, row 'Total household goods and services'",OK,"Hypothetical ASFA retiree budget (healthy retirees); the budget table is an expenditure benchmark, not an observed spending statistic. Weekly numbers are as printed; annual = weekly x 52.2 within rounding. Totals may not exactly equal sum of components (ASFA note). Section totals only; individual expenditure line items are in the PDF and were not extracted. Quarter dates assumed calendar quarter from the name; release (publication) date not printed in the PDF."
D12-000157,12,ASFA Retirement Standard - December quarter 2025 budgets,,December quarter 2025,2025-10-01,2025-12-31,,asfa_budget_total_transport_weekly_aud,Total transport (weekly),total,195.13,AUD/week,nominal AUD in December quarter 2025 prices (CPI-updated quarterly by ASFA),ASFA hypothetical retiree household budget: relatively healthy retirees owning their home outright,Australia,retirees aged 65-84,,couple,,,comfortable lifestyle,tenure=homeowner (owns home outright),asfa_ASFA_Retirement_Standard_Budgets_Dec-25_quarter.pdf,https://www.superannuation.asn.au/wp-content/uploads/2026/02/ASFA_Retirement_Standard_Budgets_Dec-25_quarter.pdf,ASFA Retirement Standard tables - retirees aged 65-84 (homeowners) - December quarter 2025,"PDF pages 2-3, row 'Total transport'",OK,"Hypothetical ASFA retiree budget (healthy retirees); the budget table is an expenditure benchmark, not an observed spending statistic. Weekly numbers are as printed; annual = weekly x 52.2 within rounding. Totals may not exactly equal sum of components (ASFA note). Section totals only; individual expenditure line items are in the PDF and were not extracted. Quarter dates assumed calendar quarter from the name; release (publication) date not printed in the PDF."
D12-000158,12,ASFA Retirement Standard - December quarter 2025 budgets,,December quarter 2025,2025-10-01,2025-12-31,,asfa_budget_total_transport_weekly_aud,Total transport (weekly),total,117.3,AUD/week,nominal AUD in December quarter 2025 prices (CPI-updated quarterly by ASFA),ASFA hypothetical retiree household budget: relatively healthy retirees owning their home outright,Australia,retirees aged 65-84,,couple,,,modest lifestyle,tenure=homeowner (owns home outright),asfa_ASFA_Retirement_Standard_Budgets_Dec-25_quarter.pdf,https://www.superannuation.asn.au/wp-content/uploads/2026/02/ASFA_Retirement_Standard_Budgets_Dec-25_quarter.pdf,ASFA Retirement Standard tables - retirees aged 65-84 (homeowners) - December quarter 2025,"PDF pages 2-3, row 'Total transport'",OK,"Hypothetical ASFA retiree budget (healthy retirees); the budget table is an expenditure benchmark, not an observed spending statistic. Weekly numbers are as printed; annual = weekly x 52.2 within rounding. Totals may not exactly equal sum of components (ASFA note). Section totals only; individual expenditure line items are in the PDF and were not extracted. Quarter dates assumed calendar quarter from the name; release (publication) date not printed in the PDF."
D12-000159,12,ASFA Retirement Standard - December quarter 2025 budgets,,December quarter 2025,2025-10-01,2025-12-31,,asfa_budget_total_transport_weekly_aud,Total transport (weekly),total,180.31,AUD/week,nominal AUD in December quarter 2025 prices (CPI-updated quarterly by ASFA),ASFA hypothetical retiree household budget: relatively healthy retirees owning their home outright,Australia,retirees aged 65-84,,single,,,comfortable lifestyle,tenure=homeowner (owns home outright),asfa_ASFA_Retirement_Standard_Budgets_Dec-25_quarter.pdf,https://www.superannuation.asn.au/wp-content/uploads/2026/02/ASFA_Retirement_Standard_Budgets_Dec-25_quarter.pdf,ASFA Retirement Standard tables - retirees aged 65-84 (homeowners) - December quarter 2025,"PDF pages 2-3, row 'Total transport'",OK,"Hypothetical ASFA retiree budget (healthy retirees); the budget table is an expenditure benchmark, not an observed spending statistic. Weekly numbers are as printed; annual = weekly x 52.2 within rounding. Totals may not exactly equal sum of components (ASFA note). Section totals only; individual expenditure line items are in the PDF and were not extracted. Quarter dates assumed calendar quarter from the name; release (publication) date not printed in the PDF."
D12-000160,12,ASFA Retirement Standard - December quarter 2025 budgets,,December quarter 2025,2025-10-01,2025-12-31,,asfa_budget_total_transport_weekly_aud,Total transport (weekly),total,110.28,AUD/week,nominal AUD in December quarter 2025 prices (CPI-updated quarterly by ASFA),ASFA hypothetical retiree household budget: relatively healthy retirees owning their home outright,Australia,retirees aged 65-84,,single,,,modest lifestyle,tenure=homeowner (owns home outright),asfa_ASFA_Retirement_Standard_Budgets_Dec-25_quarter.pdf,https://www.superannuation.asn.au/wp-content/uploads/2026/02/ASFA_Retirement_Standard_Budgets_Dec-25_quarter.pdf,ASFA Retirement Standard tables - retirees aged 65-84 (homeowners) - December quarter 2025,"PDF pages 2-3, row 'Total transport'",OK,"Hypothetical ASFA retiree budget (healthy retirees); the budget table is an expenditure benchmark, not an observed spending statistic. Weekly numbers are as printed; annual = weekly x 52.2 within rounding. Totals may not exactly equal sum of components (ASFA note). Section totals only; individual expenditure line items are in the PDF and were not extracted. Quarter dates assumed calendar quarter from the name; release (publication) date not printed in the PDF."
D12-000161,12,ASFA Retirement Standard - December quarter 2025 budgets,,December quarter 2025,2025-10-01,2025-12-31,,asfa_budget_total_health_services_weekly_aud,Total health services (weekly),total,225.46,AUD/week,nominal AUD in December quarter 2025 prices (CPI-updated quarterly by ASFA),ASFA hypothetical retiree household budget: relatively healthy retirees owning their home outright,Australia,retirees aged 65-84,,couple,,,comfortable lifestyle,tenure=homeowner (owns home outright),asfa_ASFA_Retirement_Standard_Budgets_Dec-25_quarter.pdf,https://www.superannuation.asn.au/wp-content/uploads/2026/02/ASFA_Retirement_Standard_Budgets_Dec-25_quarter.pdf,ASFA Retirement Standard tables - retirees aged 65-84 (homeowners) - December quarter 2025,"PDF pages 2-3, row 'Total health services'",OK,"Hypothetical ASFA retiree budget (healthy retirees); the budget table is an expenditure benchmark, not an observed spending statistic. Weekly numbers are as printed; annual = weekly x 52.2 within rounding. Totals may not exactly equal sum of components (ASFA note). Section totals only; individual expenditure line items are in the PDF and were not extracted. Quarter dates assumed calendar quarter from the name; release (publication) date not printed in the PDF."
D12-000162,12,ASFA Retirement Standard - December quarter 2025 budgets,,December quarter 2025,2025-10-01,2025-12-31,,asfa_budget_total_health_services_weekly_aud,Total health services (weekly),total,114.86,AUD/week,nominal AUD in December quarter 2025 prices (CPI-updated quarterly by ASFA),ASFA hypothetical retiree household budget: relatively healthy retirees owning their home outright,Australia,retirees aged 65-84,,couple,,,modest lifestyle,tenure=homeowner (owns home outright),asfa_ASFA_Retirement_Standard_Budgets_Dec-25_quarter.pdf,https://www.superannuation.asn.au/wp-content/uploads/2026/02/ASFA_Retirement_Standard_Budgets_Dec-25_quarter.pdf,ASFA Retirement Standard tables - retirees aged 65-84 (homeowners) - December quarter 2025,"PDF pages 2-3, row 'Total health services'",OK,"Hypothetical ASFA retiree budget (healthy retirees); the budget table is an expenditure benchmark, not an observed spending statistic. Weekly numbers are as printed; annual = weekly x 52.2 within rounding. Totals may not exactly equal sum of components (ASFA note). Section totals only; individual expenditure line items are in the PDF and were not extracted. Quarter dates assumed calendar quarter from the name; release (publication) date not printed in the PDF."
D12-000163,12,ASFA Retirement Standard - December quarter 2025 budgets,,December quarter 2025,2025-10-01,2025-12-31,,asfa_budget_total_health_services_weekly_aud,Total health services (weekly),total,120.29,AUD/week,nominal AUD in December quarter 2025 prices (CPI-updated quarterly by ASFA),ASFA hypothetical retiree household budget: relatively healthy retirees owning their home outright,Australia,retirees aged 65-84,,single,,,comfortable lifestyle,tenure=homeowner (owns home outright),asfa_ASFA_Retirement_Standard_Budgets_Dec-25_quarter.pdf,https://www.superannuation.asn.au/wp-content/uploads/2026/02/ASFA_Retirement_Standard_Budgets_Dec-25_quarter.pdf,ASFA Retirement Standard tables - retirees aged 65-84 (homeowners) - December quarter 2025,"PDF pages 2-3, row 'Total health services'",OK,"Hypothetical ASFA retiree budget (healthy retirees); the budget table is an expenditure benchmark, not an observed spending statistic. Weekly numbers are as printed; annual = weekly x 52.2 within rounding. Totals may not exactly equal sum of components (ASFA note). Section totals only; individual expenditure line items are in the PDF and were not extracted. Quarter dates assumed calendar quarter from the name; release (publication) date not printed in the PDF."
D12-000164,12,ASFA Retirement Standard - December quarter 2025 budgets,,December quarter 2025,2025-10-01,2025-12-31,,asfa_budget_total_health_services_weekly_aud,Total health services (weekly),total,59.28,AUD/week,nominal AUD in December quarter 2025 prices (CPI-updated quarterly by ASFA),ASFA hypothetical retiree household budget: relatively healthy retirees owning their home outright,Australia,retirees aged 65-84,,single,,,modest lifestyle,tenure=homeowner (owns home outright),asfa_ASFA_Retirement_Standard_Budgets_Dec-25_quarter.pdf,https://www.superannuation.asn.au/wp-content/uploads/2026/02/ASFA_Retirement_Standard_Budgets_Dec-25_quarter.pdf,ASFA Retirement Standard tables - retirees aged 65-84 (homeowners) - December quarter 2025,"PDF pages 2-3, row 'Total health services'",OK,"Hypothetical ASFA retiree budget (healthy retirees); the budget table is an expenditure benchmark, not an observed spending statistic. Weekly numbers are as printed; annual = weekly x 52.2 within rounding. Totals may not exactly equal sum of components (ASFA note). Section totals only; individual expenditure line items are in the PDF and were not extracted. Quarter dates assumed calendar quarter from the name; release (publication) date not printed in the PDF."
D12-000165,12,ASFA Retirement Standard - December quarter 2025 budgets,,December quarter 2025,2025-10-01,2025-12-31,,asfa_budget_total_leisure_weekly_aud,Total leisure (weekly),total,360.21,AUD/week,nominal AUD in December quarter 2025 prices (CPI-updated quarterly by ASFA),ASFA hypothetical retiree household budget: relatively healthy retirees owning their home outright,Australia,retirees aged 65-84,,couple,,,comfortable lifestyle,tenure=homeowner (owns home outright),asfa_ASFA_Retirement_Standard_Budgets_Dec-25_quarter.pdf,https://www.superannuation.asn.au/wp-content/uploads/2026/02/ASFA_Retirement_Standard_Budgets_Dec-25_quarter.pdf,ASFA Retirement Standard tables - retirees aged 65-84 (homeowners) - December quarter 2025,"PDF pages 2-3, row 'Total leisure'",OK,"Hypothetical ASFA retiree budget (healthy retirees); the budget table is an expenditure benchmark, not an observed spending statistic. Weekly numbers are as printed; annual = weekly x 52.2 within rounding. Totals may not exactly equal sum of components (ASFA note). Section totals only; individual expenditure line items are in the PDF and were not extracted. Quarter dates assumed calendar quarter from the name; release (publication) date not printed in the PDF."
D12-000166,12,ASFA Retirement Standard - December quarter 2025 budgets,,December quarter 2025,2025-10-01,2025-12-31,,asfa_budget_total_leisure_weekly_aud,Total leisure (weekly),total,196.49,AUD/week,nominal AUD in December quarter 2025 prices (CPI-updated quarterly by ASFA),ASFA hypothetical retiree household budget: relatively healthy retirees owning their home outright,Australia,retirees aged 65-84,,couple,,,modest lifestyle,tenure=homeowner (owns home outright),asfa_ASFA_Retirement_Standard_Budgets_Dec-25_quarter.pdf,https://www.superannuation.asn.au/wp-content/uploads/2026/02/ASFA_Retirement_Standard_Budgets_Dec-25_quarter.pdf,ASFA Retirement Standard tables - retirees aged 65-84 (homeowners) - December quarter 2025,"PDF pages 2-3, row 'Total leisure'",OK,"Hypothetical ASFA retiree budget (healthy retirees); the budget table is an expenditure benchmark, not an observed spending statistic. Weekly numbers are as printed; annual = weekly x 52.2 within rounding. Totals may not exactly equal sum of components (ASFA note). Section totals only; individual expenditure line items are in the PDF and were not extracted. Quarter dates assumed calendar quarter from the name; release (publication) date not printed in the PDF."
D12-000167,12,ASFA Retirement Standard - December quarter 2025 budgets,,December quarter 2025,2025-10-01,2025-12-31,,asfa_budget_total_leisure_weekly_aud,Total leisure (weekly),total,238.79,AUD/week,nominal AUD in December quarter 2025 prices (CPI-updated quarterly by ASFA),ASFA hypothetical retiree household budget: relatively healthy retirees owning their home outright,Australia,retirees aged 65-84,,single,,,comfortable lifestyle,tenure=homeowner (owns home outright),asfa_ASFA_Retirement_Standard_Budgets_Dec-25_quarter.pdf,https://www.superannuation.asn.au/wp-content/uploads/2026/02/ASFA_Retirement_Standard_Budgets_Dec-25_quarter.pdf,ASFA Retirement Standard tables - retirees aged 65-84 (homeowners) - December quarter 2025,"PDF pages 2-3, row 'Total leisure'",OK,"Hypothetical ASFA retiree budget (healthy retirees); the budget table is an expenditure benchmark, not an observed spending statistic. Weekly numbers are as printed; annual = weekly x 52.2 within rounding. Totals may not exactly equal sum of components (ASFA note). Section totals only; individual expenditure line items are in the PDF and were not extracted. Quarter dates assumed calendar quarter from the name; release (publication) date not printed in the PDF."
D12-000168,12,ASFA Retirement Standard - December quarter 2025 budgets,,December quarter 2025,2025-10-01,2025-12-31,,asfa_budget_total_leisure_weekly_aud,Total leisure (weekly),total,126.78,AUD/week,nominal AUD in December quarter 2025 prices (CPI-updated quarterly by ASFA),ASFA hypothetical retiree household budget: relatively healthy retirees owning their home outright,Australia,retirees aged 65-84,,single,,,modest lifestyle,tenure=homeowner (owns home outright),asfa_ASFA_Retirement_Standard_Budgets_Dec-25_quarter.pdf,https://www.superannuation.asn.au/wp-content/uploads/2026/02/ASFA_Retirement_Standard_Budgets_Dec-25_quarter.pdf,ASFA Retirement Standard tables - retirees aged 65-84 (homeowners) - December quarter 2025,"PDF pages 2-3, row 'Total leisure'",OK,"Hypothetical ASFA retiree budget (healthy retirees); the budget table is an expenditure benchmark, not an observed spending statistic. Weekly numbers are as printed; annual = weekly x 52.2 within rounding. Totals may not exactly equal sum of components (ASFA note). Section totals only; individual expenditure line items are in the PDF and were not extracted. Quarter dates assumed calendar quarter from the name; release (publication) date not printed in the PDF."
D12-000169,12,ASFA Retirement Standard - December quarter 2025 budgets,,December quarter 2025,2025-10-01,2025-12-31,,asfa_budget_total_weekly_aud,Total weekly expenditure,total,1482.27,AUD/week,nominal AUD in December quarter 2025 prices (CPI-updated quarterly by ASFA),ASFA hypothetical retiree household budget: relatively healthy retirees owning their home outright,Australia,retirees aged 65-84,,couple,,,comfortable lifestyle,tenure=homeowner (owns home outright),asfa_ASFA_Retirement_Standard_Budgets_Dec-25_quarter.pdf,https://www.superannuation.asn.au/wp-content/uploads/2026/02/ASFA_Retirement_Standard_Budgets_Dec-25_quarter.pdf,ASFA Retirement Standard tables - retirees aged 65-84 (homeowners) - December quarter 2025,"PDF pages 2-3, row 'Total weekly expenditure'",OK,"Hypothetical ASFA retiree budget (healthy retirees); the budget table is an expenditure benchmark, not an observed spending statistic. Weekly numbers are as printed; annual = weekly x 52.2 within rounding. Totals may not exactly equal sum of components (ASFA note). Section totals only; individual expenditure line items are in the PDF and were not extracted. Quarter dates assumed calendar quarter from the name; release (publication) date not printed in the PDF."
D12-000170,12,ASFA Retirement Standard - December quarter 2025 budgets,,December quarter 2025,2025-10-01,2025-12-31,,asfa_budget_total_weekly_aud,Total weekly expenditure,total,982.75,AUD/week,nominal AUD in December quarter 2025 prices (CPI-updated quarterly by ASFA),ASFA hypothetical retiree household budget: relatively healthy retirees owning their home outright,Australia,retirees aged 65-84,,couple,,,modest lifestyle,tenure=homeowner (owns home outright),asfa_ASFA_Retirement_Standard_Budgets_Dec-25_quarter.pdf,https://www.superannuation.asn.au/wp-content/uploads/2026/02/ASFA_Retirement_Standard_Budgets_Dec-25_quarter.pdf,ASFA Retirement Standard tables - retirees aged 65-84 (homeowners) - December quarter 2025,"PDF pages 2-3, row 'Total weekly expenditure'",OK,"Hypothetical ASFA retiree budget (healthy retirees); the budget table is an expenditure benchmark, not an observed spending statistic. Weekly numbers are as printed; annual = weekly x 52.2 within rounding. Totals may not exactly equal sum of components (ASFA note). Section totals only; individual expenditure line items are in the PDF and were not extracted. Quarter dates assumed calendar quarter from the name; release (publication) date not printed in the PDF."
D12-000171,12,ASFA Retirement Standard - December quarter 2025 budgets,,December quarter 2025,2025-10-01,2025-12-31,,asfa_budget_total_weekly_aud,Total weekly expenditure,total,1050.57,AUD/week,nominal AUD in December quarter 2025 prices (CPI-updated quarterly by ASFA),ASFA hypothetical retiree household budget: relatively healthy retirees owning their home outright,Australia,retirees aged 65-84,,single,,,comfortable lifestyle,tenure=homeowner (owns home outright),asfa_ASFA_Retirement_Standard_Budgets_Dec-25_quarter.pdf,https://www.superannuation.asn.au/wp-content/uploads/2026/02/ASFA_Retirement_Standard_Budgets_Dec-25_quarter.pdf,ASFA Retirement Standard tables - retirees aged 65-84 (homeowners) - December quarter 2025,"PDF pages 2-3, row 'Total weekly expenditure'",OK,"Hypothetical ASFA retiree budget (healthy retirees); the budget table is an expenditure benchmark, not an observed spending statistic. Weekly numbers are as printed; annual = weekly x 52.2 within rounding. Totals may not exactly equal sum of components (ASFA note). Section totals only; individual expenditure line items are in the PDF and were not extracted. Quarter dates assumed calendar quarter from the name; release (publication) date not printed in the PDF."
D12-000172,12,ASFA Retirement Standard - December quarter 2025 budgets,,December quarter 2025,2025-10-01,2025-12-31,,asfa_budget_total_weekly_aud,Total weekly expenditure,total,680.14,AUD/week,nominal AUD in December quarter 2025 prices (CPI-updated quarterly by ASFA),ASFA hypothetical retiree household budget: relatively healthy retirees owning their home outright,Australia,retirees aged 65-84,,single,,,modest lifestyle,tenure=homeowner (owns home outright),asfa_ASFA_Retirement_Standard_Budgets_Dec-25_quarter.pdf,https://www.superannuation.asn.au/wp-content/uploads/2026/02/ASFA_Retirement_Standard_Budgets_Dec-25_quarter.pdf,ASFA Retirement Standard tables - retirees aged 65-84 (homeowners) - December quarter 2025,"PDF pages 2-3, row 'Total weekly expenditure'",OK,"Hypothetical ASFA retiree budget (healthy retirees); the budget table is an expenditure benchmark, not an observed spending statistic. Weekly numbers are as printed; annual = weekly x 52.2 within rounding. Totals may not exactly equal sum of components (ASFA note). Section totals only; individual expenditure line items are in the PDF and were not extracted. Quarter dates assumed calendar quarter from the name; release (publication) date not printed in the PDF."
D12-000173,12,ASFA Retirement Standard - December quarter 2025 budgets,,December quarter 2025,2025-10-01,2025-12-31,,asfa_budget_total_annual_aud,Total annual expenditure,total,77375,AUD/year,nominal AUD in December quarter 2025 prices (CPI-updated quarterly by ASFA),ASFA hypothetical retiree household budget: relatively healthy retirees owning their home outright,Australia,retirees aged 65-84,,couple,,,comfortable lifestyle,tenure=homeowner (owns home outright),asfa_ASFA_Retirement_Standard_Budgets_Dec-25_quarter.pdf,https://www.superannuation.asn.au/wp-content/uploads/2026/02/ASFA_Retirement_Standard_Budgets_Dec-25_quarter.pdf,ASFA Retirement Standard tables - retirees aged 65-84 (homeowners) - December quarter 2025,"PDF pages 2-3, row 'Total annual expenditure'",OK,"Hypothetical ASFA retiree budget (healthy retirees); the budget table is an expenditure benchmark, not an observed spending statistic. Weekly numbers are as printed; annual = weekly x 52.2 within rounding. Totals may not exactly equal sum of components (ASFA note). Section totals only; individual expenditure line items are in the PDF and were not extracted. Quarter dates assumed calendar quarter from the name; release (publication) date not printed in the PDF."
D12-000174,12,ASFA Retirement Standard - December quarter 2025 budgets,,December quarter 2025,2025-10-01,2025-12-31,,asfa_budget_total_annual_aud,Total annual expenditure,total,51299,AUD/year,nominal AUD in December quarter 2025 prices (CPI-updated quarterly by ASFA),ASFA hypothetical retiree household budget: relatively healthy retirees owning their home outright,Australia,retirees aged 65-84,,couple,,,modest lifestyle,tenure=homeowner (owns home outright),asfa_ASFA_Retirement_Standard_Budgets_Dec-25_quarter.pdf,https://www.superannuation.asn.au/wp-content/uploads/2026/02/ASFA_Retirement_Standard_Budgets_Dec-25_quarter.pdf,ASFA Retirement Standard tables - retirees aged 65-84 (homeowners) - December quarter 2025,"PDF pages 2-3, row 'Total annual expenditure'",OK,"Hypothetical ASFA retiree budget (healthy retirees); the budget table is an expenditure benchmark, not an observed spending statistic. Weekly numbers are as printed; annual = weekly x 52.2 within rounding. Totals may not exactly equal sum of components (ASFA note). Section totals only; individual expenditure line items are in the PDF and were not extracted. Quarter dates assumed calendar quarter from the name; release (publication) date not printed in the PDF."
D12-000175,12,ASFA Retirement Standard - December quarter 2025 budgets,,December quarter 2025,2025-10-01,2025-12-31,,asfa_budget_total_annual_aud,Total annual expenditure,total,54840,AUD/year,nominal AUD in December quarter 2025 prices (CPI-updated quarterly by ASFA),ASFA hypothetical retiree household budget: relatively healthy retirees owning their home outright,Australia,retirees aged 65-84,,single,,,comfortable lifestyle,tenure=homeowner (owns home outright),asfa_ASFA_Retirement_Standard_Budgets_Dec-25_quarter.pdf,https://www.superannuation.asn.au/wp-content/uploads/2026/02/ASFA_Retirement_Standard_Budgets_Dec-25_quarter.pdf,ASFA Retirement Standard tables - retirees aged 65-84 (homeowners) - December quarter 2025,"PDF pages 2-3, row 'Total annual expenditure'",OK,"Hypothetical ASFA retiree budget (healthy retirees); the budget table is an expenditure benchmark, not an observed spending statistic. Weekly numbers are as printed; annual = weekly x 52.2 within rounding. Totals may not exactly equal sum of components (ASFA note). Section totals only; individual expenditure line items are in the PDF and were not extracted. Quarter dates assumed calendar quarter from the name; release (publication) date not printed in the PDF."
D12-000176,12,ASFA Retirement Standard - December quarter 2025 budgets,,December quarter 2025,2025-10-01,2025-12-31,,asfa_budget_total_annual_aud,Total annual expenditure,total,35503,AUD/year,nominal AUD in December quarter 2025 prices (CPI-updated quarterly by ASFA),ASFA hypothetical retiree household budget: relatively healthy retirees owning their home outright,Australia,retirees aged 65-84,,single,,,modest lifestyle,tenure=homeowner (owns home outright),asfa_ASFA_Retirement_Standard_Budgets_Dec-25_quarter.pdf,https://www.superannuation.asn.au/wp-content/uploads/2026/02/ASFA_Retirement_Standard_Budgets_Dec-25_quarter.pdf,ASFA Retirement Standard tables - retirees aged 65-84 (homeowners) - December quarter 2025,"PDF pages 2-3, row 'Total annual expenditure'",OK,"Hypothetical ASFA retiree budget (healthy retirees); the budget table is an expenditure benchmark, not an observed spending statistic. Weekly numbers are as printed; annual = weekly x 52.2 within rounding. Totals may not exactly equal sum of components (ASFA note). Section totals only; individual expenditure line items are in the PDF and were not extracted. Quarter dates assumed calendar quarter from the name; release (publication) date not printed in the PDF."
D12-000177,12,ASFA Retirement Standard - December quarter 2025 budgets,,December quarter 2025,2025-10-01,2025-12-31,,asfa_renter_private_rent_weekly_aud,"Private rent (after receipt of Rent Allowance), weekly",other,441.47,AUD/week,nominal AUD in December quarter 2025 prices (CPI-updated quarterly by ASFA),ASFA hypothetical retiree household budget: relatively healthy retirees renting privately; Rent Allowance entitlement taken into account,Australia,retirees aged 65-84,,couple,,,modest lifestyle,tenure=private renter (modest lifestyle only),asfa_ASFA_Retirement_Standard_Budgets_Dec-25_quarter.pdf,https://www.superannuation.asn.au/wp-content/uploads/2026/02/ASFA_Retirement_Standard_Budgets_Dec-25_quarter.pdf,ASFA Retirement Standard tables - retirees aged 65-84 (renters) - December quarter 2025,"PDF pages 4-5, row 'Private rent (after receipt of Rent Allowance)'",OK,"Hypothetical ASFA retiree budget (healthy retirees); the budget table is an expenditure benchmark, not an observed spending statistic. Weekly numbers are as printed; annual = weekly x 52.2 within rounding. Totals may not exactly equal sum of components (ASFA note). Section totals only; individual expenditure line items are in the PDF and were not extracted. Quarter dates assumed calendar quarter from the name; release (publication) date not printed in the PDF."
D12-000178,12,ASFA Retirement Standard - December quarter 2025 budgets,,December quarter 2025,2025-10-01,2025-12-31,,asfa_renter_private_rent_weekly_aud,"Private rent (after receipt of Rent Allowance), weekly",other,390.14,AUD/week,nominal AUD in December quarter 2025 prices (CPI-updated quarterly by ASFA),ASFA hypothetical retiree household budget: relatively healthy retirees renting privately; Rent Allowance entitlement taken into account,Australia,retirees aged 65-84,,single,,,modest lifestyle,tenure=private renter (modest lifestyle only),asfa_ASFA_Retirement_Standard_Budgets_Dec-25_quarter.pdf,https://www.superannuation.asn.au/wp-content/uploads/2026/02/ASFA_Retirement_Standard_Budgets_Dec-25_quarter.pdf,ASFA Retirement Standard tables - retirees aged 65-84 (renters) - December quarter 2025,"PDF pages 4-5, row 'Private rent (after receipt of Rent Allowance)'",OK,"Hypothetical ASFA retiree budget (healthy retirees); the budget table is an expenditure benchmark, not an observed spending statistic. Weekly numbers are as printed; annual = weekly x 52.2 within rounding. Totals may not exactly equal sum of components (ASFA note). Section totals only; individual expenditure line items are in the PDF and were not extracted. Quarter dates assumed calendar quarter from the name; release (publication) date not printed in the PDF."
D12-000179,12,ASFA Retirement Standard - December quarter 2025 budgets,,December quarter 2025,2025-10-01,2025-12-31,,asfa_renter_moving_cost_allowance_weekly_aud,"Allowance for moving costs due to limited tenure period, weekly",other,20.0,AUD/week,nominal AUD in December quarter 2025 prices (CPI-updated quarterly by ASFA),ASFA hypothetical retiree household budget: relatively healthy retirees renting privately; Rent Allowance entitlement taken into account,Australia,retirees aged 65-84,,couple,,,modest lifestyle,tenure=private renter (modest lifestyle only),asfa_ASFA_Retirement_Standard_Budgets_Dec-25_quarter.pdf,https://www.superannuation.asn.au/wp-content/uploads/2026/02/ASFA_Retirement_Standard_Budgets_Dec-25_quarter.pdf,ASFA Retirement Standard tables - retirees aged 65-84 (renters) - December quarter 2025,"PDF pages 4-5, row 'Allowance for moving costs due to limited tenure period'",OK,"Hypothetical ASFA retiree budget (healthy retirees); the budget table is an expenditure benchmark, not an observed spending statistic. Weekly numbers are as printed; annual = weekly x 52.2 within rounding. Totals may not exactly equal sum of components (ASFA note). Section totals only; individual expenditure line items are in the PDF and were not extracted. Quarter dates assumed calendar quarter from the name; release (publication) date not printed in the PDF."
D12-000180,12,ASFA Retirement Standard - December quarter 2025 budgets,,December quarter 2025,2025-10-01,2025-12-31,,asfa_renter_moving_cost_allowance_weekly_aud,"Allowance for moving costs due to limited tenure period, weekly",other,20.0,AUD/week,nominal AUD in December quarter 2025 prices (CPI-updated quarterly by ASFA),ASFA hypothetical retiree household budget: relatively healthy retirees renting privately; Rent Allowance entitlement taken into account,Australia,retirees aged 65-84,,single,,,modest lifestyle,tenure=private renter (modest lifestyle only),asfa_ASFA_Retirement_Standard_Budgets_Dec-25_quarter.pdf,https://www.superannuation.asn.au/wp-content/uploads/2026/02/ASFA_Retirement_Standard_Budgets_Dec-25_quarter.pdf,ASFA Retirement Standard tables - retirees aged 65-84 (renters) - December quarter 2025,"PDF pages 4-5, row 'Allowance for moving costs due to limited tenure period'",OK,"Hypothetical ASFA retiree budget (healthy retirees); the budget table is an expenditure benchmark, not an observed spending statistic. Weekly numbers are as printed; annual = weekly x 52.2 within rounding. Totals may not exactly equal sum of components (ASFA note). Section totals only; individual expenditure line items are in the PDF and were not extracted. Quarter dates assumed calendar quarter from the name; release (publication) date not printed in the PDF."
D12-000181,12,ASFA Retirement Standard - December quarter 2025 budgets,,December quarter 2025,2025-10-01,2025-12-31,,asfa_budget_total_housing_weekly_aud,Total housing (weekly),total,461.47,AUD/week,nominal AUD in December quarter 2025 prices (CPI-updated quarterly by ASFA),ASFA hypothetical retiree household budget: relatively healthy retirees renting privately; Rent Allowance entitlement taken into account,Australia,retirees aged 65-84,,couple,,,modest lifestyle,tenure=private renter (modest lifestyle only),asfa_ASFA_Retirement_Standard_Budgets_Dec-25_quarter.pdf,https://www.superannuation.asn.au/wp-content/uploads/2026/02/ASFA_Retirement_Standard_Budgets_Dec-25_quarter.pdf,ASFA Retirement Standard tables - retirees aged 65-84 (renters) - December quarter 2025,"PDF pages 4-5, row 'Total housing'",OK,"Hypothetical ASFA retiree budget (healthy retirees); the budget table is an expenditure benchmark, not an observed spending statistic. Weekly numbers are as printed; annual = weekly x 52.2 within rounding. Totals may not exactly equal sum of components (ASFA note). Section totals only; individual expenditure line items are in the PDF and were not extracted. Quarter dates assumed calendar quarter from the name; release (publication) date not printed in the PDF."
D12-000182,12,ASFA Retirement Standard - December quarter 2025 budgets,,December quarter 2025,2025-10-01,2025-12-31,,asfa_budget_total_housing_weekly_aud,Total housing (weekly),total,410.14,AUD/week,nominal AUD in December quarter 2025 prices (CPI-updated quarterly by ASFA),ASFA hypothetical retiree household budget: relatively healthy retirees renting privately; Rent Allowance entitlement taken into account,Australia,retirees aged 65-84,,single,,,modest lifestyle,tenure=private renter (modest lifestyle only),asfa_ASFA_Retirement_Standard_Budgets_Dec-25_quarter.pdf,https://www.superannuation.asn.au/wp-content/uploads/2026/02/ASFA_Retirement_Standard_Budgets_Dec-25_quarter.pdf,ASFA Retirement Standard tables - retirees aged 65-84 (renters) - December quarter 2025,"PDF pages 4-5, row 'Total housing'",OK,"Hypothetical ASFA retiree budget (healthy retirees); the budget table is an expenditure benchmark, not an observed spending statistic. Weekly numbers are as printed; annual = weekly x 52.2 within rounding. Totals may not exactly equal sum of components (ASFA note). Section totals only; individual expenditure line items are in the PDF and were not extracted. Quarter dates assumed calendar quarter from the name; release (publication) date not printed in the PDF."
D12-000183,12,ASFA Retirement Standard - December quarter 2025 budgets,,December quarter 2025,2025-10-01,2025-12-31,,asfa_budget_total_household_goods_services_weekly_aud,Total household goods and services (weekly),total,48.11,AUD/week,nominal AUD in December quarter 2025 prices (CPI-updated quarterly by ASFA),ASFA hypothetical retiree household budget: relatively healthy retirees renting privately; Rent Allowance entitlement taken into account,Australia,retirees aged 65-84,,couple,,,modest lifestyle,tenure=private renter (modest lifestyle only),asfa_ASFA_Retirement_Standard_Budgets_Dec-25_quarter.pdf,https://www.superannuation.asn.au/wp-content/uploads/2026/02/ASFA_Retirement_Standard_Budgets_Dec-25_quarter.pdf,ASFA Retirement Standard tables - retirees aged 65-84 (renters) - December quarter 2025,"PDF pages 4-5, row 'Total household goods and services'",OK,"Hypothetical ASFA retiree budget (healthy retirees); the budget table is an expenditure benchmark, not an observed spending statistic. Weekly numbers are as printed; annual = weekly x 52.2 within rounding. Totals may not exactly equal sum of components (ASFA note). Section totals only; individual expenditure line items are in the PDF and were not extracted. Quarter dates assumed calendar quarter from the name; release (publication) date not printed in the PDF."
D12-000184,12,ASFA Retirement Standard - December quarter 2025 budgets,,December quarter 2025,2025-10-01,2025-12-31,,asfa_budget_total_household_goods_services_weekly_aud,Total household goods and services (weekly),total,40.76,AUD/week,nominal AUD in December quarter 2025 prices (CPI-updated quarterly by ASFA),ASFA hypothetical retiree household budget: relatively healthy retirees renting privately; Rent Allowance entitlement taken into account,Australia,retirees aged 65-84,,single,,,modest lifestyle,tenure=private renter (modest lifestyle only),asfa_ASFA_Retirement_Standard_Budgets_Dec-25_quarter.pdf,https://www.superannuation.asn.au/wp-content/uploads/2026/02/ASFA_Retirement_Standard_Budgets_Dec-25_quarter.pdf,ASFA Retirement Standard tables - retirees aged 65-84 (renters) - December quarter 2025,"PDF pages 4-5, row 'Total household goods and services'",OK,"Hypothetical ASFA retiree budget (healthy retirees); the budget table is an expenditure benchmark, not an observed spending statistic. Weekly numbers are as printed; annual = weekly x 52.2 within rounding. Totals may not exactly equal sum of components (ASFA note). Section totals only; individual expenditure line items are in the PDF and were not extracted. Quarter dates assumed calendar quarter from the name; release (publication) date not printed in the PDF."
D12-000185,12,ASFA Retirement Standard - December quarter 2025 budgets,,December quarter 2025,2025-10-01,2025-12-31,,asfa_budget_total_transport_weekly_aud,Total transport (weekly),total,117.3,AUD/week,nominal AUD in December quarter 2025 prices (CPI-updated quarterly by ASFA),ASFA hypothetical retiree household budget: relatively healthy retirees renting privately; Rent Allowance entitlement taken into account,Australia,retirees aged 65-84,,couple,,,modest lifestyle,tenure=private renter (modest lifestyle only),asfa_ASFA_Retirement_Standard_Budgets_Dec-25_quarter.pdf,https://www.superannuation.asn.au/wp-content/uploads/2026/02/ASFA_Retirement_Standard_Budgets_Dec-25_quarter.pdf,ASFA Retirement Standard tables - retirees aged 65-84 (renters) - December quarter 2025,"PDF pages 4-5, row 'Total transport'",OK,"Hypothetical ASFA retiree budget (healthy retirees); the budget table is an expenditure benchmark, not an observed spending statistic. Weekly numbers are as printed; annual = weekly x 52.2 within rounding. Totals may not exactly equal sum of components (ASFA note). Section totals only; individual expenditure line items are in the PDF and were not extracted. Quarter dates assumed calendar quarter from the name; release (publication) date not printed in the PDF."
D12-000186,12,ASFA Retirement Standard - December quarter 2025 budgets,,December quarter 2025,2025-10-01,2025-12-31,,asfa_budget_total_transport_weekly_aud,Total transport (weekly),total,110.28,AUD/week,nominal AUD in December quarter 2025 prices (CPI-updated quarterly by ASFA),ASFA hypothetical retiree household budget: relatively healthy retirees renting privately; Rent Allowance entitlement taken into account,Australia,retirees aged 65-84,,single,,,modest lifestyle,tenure=private renter (modest lifestyle only),asfa_ASFA_Retirement_Standard_Budgets_Dec-25_quarter.pdf,https://www.superannuation.asn.au/wp-content/uploads/2026/02/ASFA_Retirement_Standard_Budgets_Dec-25_quarter.pdf,ASFA Retirement Standard tables - retirees aged 65-84 (renters) - December quarter 2025,"PDF pages 4-5, row 'Total transport'",OK,"Hypothetical ASFA retiree budget (healthy retirees); the budget table is an expenditure benchmark, not an observed spending statistic. Weekly numbers are as printed; annual = weekly x 52.2 within rounding. Totals may not exactly equal sum of components (ASFA note). Section totals only; individual expenditure line items are in the PDF and were not extracted. Quarter dates assumed calendar quarter from the name; release (publication) date not printed in the PDF."
D12-000187,12,ASFA Retirement Standard - December quarter 2025 budgets,,December quarter 2025,2025-10-01,2025-12-31,,asfa_budget_total_health_services_weekly_aud,Total health services (weekly),total,114.86,AUD/week,nominal AUD in December quarter 2025 prices (CPI-updated quarterly by ASFA),ASFA hypothetical retiree household budget: relatively healthy retirees renting privately; Rent Allowance entitlement taken into account,Australia,retirees aged 65-84,,couple,,,modest lifestyle,tenure=private renter (modest lifestyle only),asfa_ASFA_Retirement_Standard_Budgets_Dec-25_quarter.pdf,https://www.superannuation.asn.au/wp-content/uploads/2026/02/ASFA_Retirement_Standard_Budgets_Dec-25_quarter.pdf,ASFA Retirement Standard tables - retirees aged 65-84 (renters) - December quarter 2025,"PDF pages 4-5, row 'Total health services'",OK,"Hypothetical ASFA retiree budget (healthy retirees); the budget table is an expenditure benchmark, not an observed spending statistic. Weekly numbers are as printed; annual = weekly x 52.2 within rounding. Totals may not exactly equal sum of components (ASFA note). Section totals only; individual expenditure line items are in the PDF and were not extracted. Quarter dates assumed calendar quarter from the name; release (publication) date not printed in the PDF."
D12-000188,12,ASFA Retirement Standard - December quarter 2025 budgets,,December quarter 2025,2025-10-01,2025-12-31,,asfa_budget_total_health_services_weekly_aud,Total health services (weekly),total,59.28,AUD/week,nominal AUD in December quarter 2025 prices (CPI-updated quarterly by ASFA),ASFA hypothetical retiree household budget: relatively healthy retirees renting privately; Rent Allowance entitlement taken into account,Australia,retirees aged 65-84,,single,,,modest lifestyle,tenure=private renter (modest lifestyle only),asfa_ASFA_Retirement_Standard_Budgets_Dec-25_quarter.pdf,https://www.superannuation.asn.au/wp-content/uploads/2026/02/ASFA_Retirement_Standard_Budgets_Dec-25_quarter.pdf,ASFA Retirement Standard tables - retirees aged 65-84 (renters) - December quarter 2025,"PDF pages 4-5, row 'Total health services'",OK,"Hypothetical ASFA retiree budget (healthy retirees); the budget table is an expenditure benchmark, not an observed spending statistic. Weekly numbers are as printed; annual = weekly x 52.2 within rounding. Totals may not exactly equal sum of components (ASFA note). Section totals only; individual expenditure line items are in the PDF and were not extracted. Quarter dates assumed calendar quarter from the name; release (publication) date not printed in the PDF."
D12-000189,12,ASFA Retirement Standard - December quarter 2025 budgets,,December quarter 2025,2025-10-01,2025-12-31,,asfa_budget_total_leisure_weekly_aud,Total leisure (weekly),total,196.49,AUD/week,nominal AUD in December quarter 2025 prices (CPI-updated quarterly by ASFA),ASFA hypothetical retiree household budget: relatively healthy retirees renting privately; Rent Allowance entitlement taken into account,Australia,retirees aged 65-84,,couple,,,modest lifestyle,tenure=private renter (modest lifestyle only),asfa_ASFA_Retirement_Standard_Budgets_Dec-25_quarter.pdf,https://www.superannuation.asn.au/wp-content/uploads/2026/02/ASFA_Retirement_Standard_Budgets_Dec-25_quarter.pdf,ASFA Retirement Standard tables - retirees aged 65-84 (renters) - December quarter 2025,"PDF pages 4-5, row 'Total leisure'",OK,"Hypothetical ASFA retiree budget (healthy retirees); the budget table is an expenditure benchmark, not an observed spending statistic. Weekly numbers are as printed; annual = weekly x 52.2 within rounding. Totals may not exactly equal sum of components (ASFA note). Section totals only; individual expenditure line items are in the PDF and were not extracted. Quarter dates assumed calendar quarter from the name; release (publication) date not printed in the PDF."
D12-000190,12,ASFA Retirement Standard - December quarter 2025 budgets,,December quarter 2025,2025-10-01,2025-12-31,,asfa_budget_total_leisure_weekly_aud,Total leisure (weekly),total,126.78,AUD/week,nominal AUD in December quarter 2025 prices (CPI-updated quarterly by ASFA),ASFA hypothetical retiree household budget: relatively healthy retirees renting privately; Rent Allowance entitlement taken into account,Australia,retirees aged 65-84,,single,,,modest lifestyle,tenure=private renter (modest lifestyle only),asfa_ASFA_Retirement_Standard_Budgets_Dec-25_quarter.pdf,https://www.superannuation.asn.au/wp-content/uploads/2026/02/ASFA_Retirement_Standard_Budgets_Dec-25_quarter.pdf,ASFA Retirement Standard tables - retirees aged 65-84 (renters) - December quarter 2025,"PDF pages 4-5, row 'Total leisure'",OK,"Hypothetical ASFA retiree budget (healthy retirees); the budget table is an expenditure benchmark, not an observed spending statistic. Weekly numbers are as printed; annual = weekly x 52.2 within rounding. Totals may not exactly equal sum of components (ASFA note). Section totals only; individual expenditure line items are in the PDF and were not extracted. Quarter dates assumed calendar quarter from the name; release (publication) date not printed in the PDF."
D12-000191,12,ASFA Retirement Standard - December quarter 2025 budgets,,December quarter 2025,2025-10-01,2025-12-31,,asfa_budget_total_weekly_aud,Total weekly expenditure,total,1295.77,AUD/week,nominal AUD in December quarter 2025 prices (CPI-updated quarterly by ASFA),ASFA hypothetical retiree household budget: relatively healthy retirees renting privately; Rent Allowance entitlement taken into account,Australia,retirees aged 65-84,,couple,,,modest lifestyle,tenure=private renter (modest lifestyle only),asfa_ASFA_Retirement_Standard_Budgets_Dec-25_quarter.pdf,https://www.superannuation.asn.au/wp-content/uploads/2026/02/ASFA_Retirement_Standard_Budgets_Dec-25_quarter.pdf,ASFA Retirement Standard tables - retirees aged 65-84 (renters) - December quarter 2025,"PDF pages 4-5, row 'Total weekly expenditure'",OK,"Hypothetical ASFA retiree budget (healthy retirees); the budget table is an expenditure benchmark, not an observed spending statistic. Weekly numbers are as printed; annual = weekly x 52.2 within rounding. Totals may not exactly equal sum of components (ASFA note). Section totals only; individual expenditure line items are in the PDF and were not extracted. Quarter dates assumed calendar quarter from the name; release (publication) date not printed in the PDF."
D12-000192,12,ASFA Retirement Standard - December quarter 2025 budgets,,December quarter 2025,2025-10-01,2025-12-31,,asfa_budget_total_weekly_aud,Total weekly expenditure,total,958.9,AUD/week,nominal AUD in December quarter 2025 prices (CPI-updated quarterly by ASFA),ASFA hypothetical retiree household budget: relatively healthy retirees renting privately; Rent Allowance entitlement taken into account,Australia,retirees aged 65-84,,single,,,modest lifestyle,tenure=private renter (modest lifestyle only),asfa_ASFA_Retirement_Standard_Budgets_Dec-25_quarter.pdf,https://www.superannuation.asn.au/wp-content/uploads/2026/02/ASFA_Retirement_Standard_Budgets_Dec-25_quarter.pdf,ASFA Retirement Standard tables - retirees aged 65-84 (renters) - December quarter 2025,"PDF pages 4-5, row 'Total weekly expenditure'",OK,"Hypothetical ASFA retiree budget (healthy retirees); the budget table is an expenditure benchmark, not an observed spending statistic. Weekly numbers are as printed; annual = weekly x 52.2 within rounding. Totals may not exactly equal sum of components (ASFA note). Section totals only; individual expenditure line items are in the PDF and were not extracted. Quarter dates assumed calendar quarter from the name; release (publication) date not printed in the PDF."
D12-000193,12,ASFA Retirement Standard - December quarter 2025 budgets,,December quarter 2025,2025-10-01,2025-12-31,,asfa_budget_total_annual_aud,Total annual expenditure,total,67639,AUD/year,nominal AUD in December quarter 2025 prices (CPI-updated quarterly by ASFA),ASFA hypothetical retiree household budget: relatively healthy retirees renting privately; Rent Allowance entitlement taken into account,Australia,retirees aged 65-84,,couple,,,modest lifestyle,tenure=private renter (modest lifestyle only),asfa_ASFA_Retirement_Standard_Budgets_Dec-25_quarter.pdf,https://www.superannuation.asn.au/wp-content/uploads/2026/02/ASFA_Retirement_Standard_Budgets_Dec-25_quarter.pdf,ASFA Retirement Standard tables - retirees aged 65-84 (renters) - December quarter 2025,"PDF pages 4-5, row 'Total annual expenditure'",OK,"Hypothetical ASFA retiree budget (healthy retirees); the budget table is an expenditure benchmark, not an observed spending statistic. Weekly numbers are as printed; annual = weekly x 52.2 within rounding. Totals may not exactly equal sum of components (ASFA note). Section totals only; individual expenditure line items are in the PDF and were not extracted. Quarter dates assumed calendar quarter from the name; release (publication) date not printed in the PDF."
D12-000194,12,ASFA Retirement Standard - December quarter 2025 budgets,,December quarter 2025,2025-10-01,2025-12-31,,asfa_budget_total_annual_aud,Total annual expenditure,total,50055,AUD/year,nominal AUD in December quarter 2025 prices (CPI-updated quarterly by ASFA),ASFA hypothetical retiree household budget: relatively healthy retirees renting privately; Rent Allowance entitlement taken into account,Australia,retirees aged 65-84,,single,,,modest lifestyle,tenure=private renter (modest lifestyle only),asfa_ASFA_Retirement_Standard_Budgets_Dec-25_quarter.pdf,https://www.superannuation.asn.au/wp-content/uploads/2026/02/ASFA_Retirement_Standard_Budgets_Dec-25_quarter.pdf,ASFA Retirement Standard tables - retirees aged 65-84 (renters) - December quarter 2025,"PDF pages 4-5, row 'Total annual expenditure'",OK,"Hypothetical ASFA retiree budget (healthy retirees); the budget table is an expenditure benchmark, not an observed spending statistic. Weekly numbers are as printed; annual = weekly x 52.2 within rounding. Totals may not exactly equal sum of components (ASFA note). Section totals only; individual expenditure line items are in the PDF and were not extracted. Quarter dates assumed calendar quarter from the name; release (publication) date not printed in the PDF."
D12-000195,12,ASFA Retirement Standard - December quarter 2025 budgets,,December quarter 2025,2025-10-01,2025-12-31,,asfa_budget_total_housing_weekly_aud,Total housing (weekly),total,161.25,AUD/week,nominal AUD in December quarter 2025 prices (CPI-updated quarterly by ASFA),ASFA hypothetical retiree household budget: relatively healthy retirees owning their home outright,Australia,retirees aged over 85,,couple,,,comfortable lifestyle,tenure=homeowner (owns home outright),asfa_ASFA_Retirement_Standard_Budgets_Dec-25_quarter.pdf,https://www.superannuation.asn.au/wp-content/uploads/2026/02/ASFA_Retirement_Standard_Budgets_Dec-25_quarter.pdf,ASFA Retirement Standard tables - retirees aged over 85 (homeowners) - December quarter 2025,"PDF pages 6-7, row 'Total housing'",OK,"Hypothetical ASFA retiree budget (healthy retirees); the budget table is an expenditure benchmark, not an observed spending statistic. Weekly numbers are as printed; annual = weekly x 52.2 within rounding. Totals may not exactly equal sum of components (ASFA note). Section totals only; individual expenditure line items are in the PDF and were not extracted. Quarter dates assumed calendar quarter from the name; release (publication) date not printed in the PDF."
D12-000196,12,ASFA Retirement Standard - December quarter 2025 budgets,,December quarter 2025,2025-10-01,2025-12-31,,asfa_budget_total_housing_weekly_aud,Total housing (weekly),total,148.45,AUD/week,nominal AUD in December quarter 2025 prices (CPI-updated quarterly by ASFA),ASFA hypothetical retiree household budget: relatively healthy retirees owning their home outright,Australia,retirees aged over 85,,couple,,,modest lifestyle,tenure=homeowner (owns home outright),asfa_ASFA_Retirement_Standard_Budgets_Dec-25_quarter.pdf,https://www.superannuation.asn.au/wp-content/uploads/2026/02/ASFA_Retirement_Standard_Budgets_Dec-25_quarter.pdf,ASFA Retirement Standard tables - retirees aged over 85 (homeowners) - December quarter 2025,"PDF pages 6-7, row 'Total housing'",OK,"Hypothetical ASFA retiree budget (healthy retirees); the budget table is an expenditure benchmark, not an observed spending statistic. Weekly numbers are as printed; annual = weekly x 52.2 within rounding. Totals may not exactly equal sum of components (ASFA note). Section totals only; individual expenditure line items are in the PDF and were not extracted. Quarter dates assumed calendar quarter from the name; release (publication) date not printed in the PDF."
D12-000197,12,ASFA Retirement Standard - December quarter 2025 budgets,,December quarter 2025,2025-10-01,2025-12-31,,asfa_budget_total_housing_weekly_aud,Total housing (weekly),total,154.42,AUD/week,nominal AUD in December quarter 2025 prices (CPI-updated quarterly by ASFA),ASFA hypothetical retiree household budget: relatively healthy retirees owning their home outright,Australia,retirees aged over 85,,single,,,comfortable lifestyle,tenure=homeowner (owns home outright),asfa_ASFA_Retirement_Standard_Budgets_Dec-25_quarter.pdf,https://www.superannuation.asn.au/wp-content/uploads/2026/02/ASFA_Retirement_Standard_Budgets_Dec-25_quarter.pdf,ASFA Retirement Standard tables - retirees aged over 85 (homeowners) - December quarter 2025,"PDF pages 6-7, row 'Total housing'",OK,"Hypothetical ASFA retiree budget (healthy retirees); the budget table is an expenditure benchmark, not an observed spending statistic. Weekly numbers are as printed; annual = weekly x 52.2 within rounding. Totals may not exactly equal sum of components (ASFA note). Section totals only; individual expenditure line items are in the PDF and were not extracted. Quarter dates assumed calendar quarter from the name; release (publication) date not printed in the PDF."
D12-000198,12,ASFA Retirement Standard - December quarter 2025 budgets,,December quarter 2025,2025-10-01,2025-12-31,,asfa_budget_total_housing_weekly_aud,Total housing (weekly),total,131.38,AUD/week,nominal AUD in December quarter 2025 prices (CPI-updated quarterly by ASFA),ASFA hypothetical retiree household budget: relatively healthy retirees owning their home outright,Australia,retirees aged over 85,,single,,,modest lifestyle,tenure=homeowner (owns home outright),asfa_ASFA_Retirement_Standard_Budgets_Dec-25_quarter.pdf,https://www.superannuation.asn.au/wp-content/uploads/2026/02/ASFA_Retirement_Standard_Budgets_Dec-25_quarter.pdf,ASFA Retirement Standard tables - retirees aged over 85 (homeowners) - December quarter 2025,"PDF pages 6-7, row 'Total housing'",OK,"Hypothetical ASFA retiree budget (healthy retirees); the budget table is an expenditure benchmark, not an observed spending statistic. Weekly numbers are as printed; annual = weekly x 52.2 within rounding. Totals may not exactly equal sum of components (ASFA note). Section totals only; individual expenditure line items are in the PDF and were not extracted. Quarter dates assumed calendar quarter from the name; release (publication) date not printed in the PDF."
D12-000199,12,ASFA Retirement Standard - December quarter 2025 budgets,,December quarter 2025,2025-10-01,2025-12-31,,asfa_budget_total_household_goods_services_weekly_aud,Total household goods and services (weekly),total,226.01,AUD/week,nominal AUD in December quarter 2025 prices (CPI-updated quarterly by ASFA),ASFA hypothetical retiree household budget: relatively healthy retirees owning their home outright,Australia,retirees aged over 85,,couple,,,comfortable lifestyle,tenure=homeowner (owns home outright),asfa_ASFA_Retirement_Standard_Budgets_Dec-25_quarter.pdf,https://www.superannuation.asn.au/wp-content/uploads/2026/02/ASFA_Retirement_Standard_Budgets_Dec-25_quarter.pdf,ASFA Retirement Standard tables - retirees aged over 85 (homeowners) - December quarter 2025,"PDF pages 6-7, row 'Total household goods and services'",OK,"Hypothetical ASFA retiree budget (healthy retirees); the budget table is an expenditure benchmark, not an observed spending statistic. Weekly numbers are as printed; annual = weekly x 52.2 within rounding. Totals may not exactly equal sum of components (ASFA note). Section totals only; individual expenditure line items are in the PDF and were not extracted. Quarter dates assumed calendar quarter from the name; release (publication) date not printed in the PDF."
D12-000200,12,ASFA Retirement Standard - December quarter 2025 budgets,,December quarter 2025,2025-10-01,2025-12-31,,asfa_budget_total_household_goods_services_weekly_aud,Total household goods and services (weekly),total,96.18,AUD/week,nominal AUD in December quarter 2025 prices (CPI-updated quarterly by ASFA),ASFA hypothetical retiree household budget: relatively healthy retirees owning their home outright,Australia,retirees aged over 85,,couple,,,modest lifestyle,tenure=homeowner (owns home outright),asfa_ASFA_Retirement_Standard_Budgets_Dec-25_quarter.pdf,https://www.superannuation.asn.au/wp-content/uploads/2026/02/ASFA_Retirement_Standard_Budgets_Dec-25_quarter.pdf,ASFA Retirement Standard tables - retirees aged over 85 (homeowners) - December quarter 2025,"PDF pages 6-7, row 'Total household goods and services'",OK,"Hypothetical ASFA retiree budget (healthy retirees); the budget table is an expenditure benchmark, not an observed spending statistic. Weekly numbers are as printed; annual = weekly x 52.2 within rounding. Totals may not exactly equal sum of components (ASFA note). Section totals only; individual expenditure line items are in the PDF and were not extracted. Quarter dates assumed calendar quarter from the name; release (publication) date not printed in the PDF."
D12-000201,12,ASFA Retirement Standard - December quarter 2025 budgets,,December quarter 2025,2025-10-01,2025-12-31,,asfa_budget_total_household_goods_services_weekly_aud,Total household goods and services (weekly),total,186.63,AUD/week,nominal AUD in December quarter 2025 prices (CPI-updated quarterly by ASFA),ASFA hypothetical retiree household budget: relatively healthy retirees owning their home outright,Australia,retirees aged over 85,,single,,,comfortable lifestyle,tenure=homeowner (owns home outright),asfa_ASFA_Retirement_Standard_Budgets_Dec-25_quarter.pdf,https://www.superannuation.asn.au/wp-content/uploads/2026/02/ASFA_Retirement_Standard_Budgets_Dec-25_quarter.pdf,ASFA Retirement Standard tables - retirees aged over 85 (homeowners) - December quarter 2025,"PDF pages 6-7, row 'Total household goods and services'",OK,"Hypothetical ASFA retiree budget (healthy retirees); the budget table is an expenditure benchmark, not an observed spending statistic. Weekly numbers are as printed; annual = weekly x 52.2 within rounding. Totals may not exactly equal sum of components (ASFA note). Section totals only; individual expenditure line items are in the PDF and were not extracted. Quarter dates assumed calendar quarter from the name; release (publication) date not printed in the PDF."
D12-000202,12,ASFA Retirement Standard - December quarter 2025 budgets,,December quarter 2025,2025-10-01,2025-12-31,,asfa_budget_total_household_goods_services_weekly_aud,Total household goods and services (weekly),total,66.54,AUD/week,nominal AUD in December quarter 2025 prices (CPI-updated quarterly by ASFA),ASFA hypothetical retiree household budget: relatively healthy retirees owning their home outright,Australia,retirees aged over 85,,single,,,modest lifestyle,tenure=homeowner (owns home outright),asfa_ASFA_Retirement_Standard_Budgets_Dec-25_quarter.pdf,https://www.superannuation.asn.au/wp-content/uploads/2026/02/ASFA_Retirement_Standard_Budgets_Dec-25_quarter.pdf,ASFA Retirement Standard tables - retirees aged over 85 (homeowners) - December quarter 2025,"PDF pages 6-7, row 'Total household goods and services'",OK,"Hypothetical ASFA retiree budget (healthy retirees); the budget table is an expenditure benchmark, not an observed spending statistic. Weekly numbers are as printed; annual = weekly x 52.2 within rounding. Totals may not exactly equal sum of components (ASFA note). Section totals only; individual expenditure line items are in the PDF and were not extracted. Quarter dates assumed calendar quarter from the name; release (publication) date not printed in the PDF."
D12-000203,12,ASFA Retirement Standard - December quarter 2025 budgets,,December quarter 2025,2025-10-01,2025-12-31,,asfa_budget_total_transport_weekly_aud,Total transport (weekly),total,60.66,AUD/week,nominal AUD in December quarter 2025 prices (CPI-updated quarterly by ASFA),ASFA hypothetical retiree household budget: relatively healthy retirees owning their home outright,Australia,retirees aged over 85,,couple,,,comfortable lifestyle,tenure=homeowner (owns home outright),asfa_ASFA_Retirement_Standard_Budgets_Dec-25_quarter.pdf,https://www.superannuation.asn.au/wp-content/uploads/2026/02/ASFA_Retirement_Standard_Budgets_Dec-25_quarter.pdf,ASFA Retirement Standard tables - retirees aged over 85 (homeowners) - December quarter 2025,"PDF pages 6-7, row 'Total transport'",OK,"Hypothetical ASFA retiree budget (healthy retirees); the budget table is an expenditure benchmark, not an observed spending statistic. Weekly numbers are as printed; annual = weekly x 52.2 within rounding. Totals may not exactly equal sum of components (ASFA note). Section totals only; individual expenditure line items are in the PDF and were not extracted. Quarter dates assumed calendar quarter from the name; release (publication) date not printed in the PDF."
D12-000204,12,ASFA Retirement Standard - December quarter 2025 budgets,,December quarter 2025,2025-10-01,2025-12-31,,asfa_budget_total_transport_weekly_aud,Total transport (weekly),total,55.14,AUD/week,nominal AUD in December quarter 2025 prices (CPI-updated quarterly by ASFA),ASFA hypothetical retiree household budget: relatively healthy retirees owning their home outright,Australia,retirees aged over 85,,couple,,,modest lifestyle,tenure=homeowner (owns home outright),asfa_ASFA_Retirement_Standard_Budgets_Dec-25_quarter.pdf,https://www.superannuation.asn.au/wp-content/uploads/2026/02/ASFA_Retirement_Standard_Budgets_Dec-25_quarter.pdf,ASFA Retirement Standard tables - retirees aged over 85 (homeowners) - December quarter 2025,"PDF pages 6-7, row 'Total transport'",OK,"Hypothetical ASFA retiree budget (healthy retirees); the budget table is an expenditure benchmark, not an observed spending statistic. Weekly numbers are as printed; annual = weekly x 52.2 within rounding. Totals may not exactly equal sum of components (ASFA note). Section totals only; individual expenditure line items are in the PDF and were not extracted. Quarter dates assumed calendar quarter from the name; release (publication) date not printed in the PDF."
D12-000205,12,ASFA Retirement Standard - December quarter 2025 budgets,,December quarter 2025,2025-10-01,2025-12-31,,asfa_budget_total_transport_weekly_aud,Total transport (weekly),total,49.63,AUD/week,nominal AUD in December quarter 2025 prices (CPI-updated quarterly by ASFA),ASFA hypothetical retiree household budget: relatively healthy retirees owning their home outright,Australia,retirees aged over 85,,single,,,comfortable lifestyle,tenure=homeowner (owns home outright),asfa_ASFA_Retirement_Standard_Budgets_Dec-25_quarter.pdf,https://www.superannuation.asn.au/wp-content/uploads/2026/02/ASFA_Retirement_Standard_Budgets_Dec-25_quarter.pdf,ASFA Retirement Standard tables - retirees aged over 85 (homeowners) - December quarter 2025,"PDF pages 6-7, row 'Total transport'",OK,"Hypothetical ASFA retiree budget (healthy retirees); the budget table is an expenditure benchmark, not an observed spending statistic. Weekly numbers are as printed; annual = weekly x 52.2 within rounding. Totals may not exactly equal sum of components (ASFA note). Section totals only; individual expenditure line items are in the PDF and were not extracted. Quarter dates assumed calendar quarter from the name; release (publication) date not printed in the PDF."
D12-000206,12,ASFA Retirement Standard - December quarter 2025 budgets,,December quarter 2025,2025-10-01,2025-12-31,,asfa_budget_total_transport_weekly_aud,Total transport (weekly),total,44.12,AUD/week,nominal AUD in December quarter 2025 prices (CPI-updated quarterly by ASFA),ASFA hypothetical retiree household budget: relatively healthy retirees owning their home outright,Australia,retirees aged over 85,,single,,,modest lifestyle,tenure=homeowner (owns home outright),asfa_ASFA_Retirement_Standard_Budgets_Dec-25_quarter.pdf,https://www.superannuation.asn.au/wp-content/uploads/2026/02/ASFA_Retirement_Standard_Budgets_Dec-25_quarter.pdf,ASFA Retirement Standard tables - retirees aged over 85 (homeowners) - December quarter 2025,"PDF pages 6-7, row 'Total transport'",OK,"Hypothetical ASFA retiree budget (healthy retirees); the budget table is an expenditure benchmark, not an observed spending statistic. Weekly numbers are as printed; annual = weekly x 52.2 within rounding. Totals may not exactly equal sum of components (ASFA note). Section totals only; individual expenditure line items are in the PDF and were not extracted. Quarter dates assumed calendar quarter from the name; release (publication) date not printed in the PDF."
D12-000207,12,ASFA Retirement Standard - December quarter 2025 budgets,,December quarter 2025,2025-10-01,2025-12-31,,asfa_budget_total_health_services_weekly_aud,Total health services (weekly),total,269.21,AUD/week,nominal AUD in December quarter 2025 prices (CPI-updated quarterly by ASFA),ASFA hypothetical retiree household budget: relatively healthy retirees owning their home outright,Australia,retirees aged over 85,,couple,,,comfortable lifestyle,tenure=homeowner (owns home outright),asfa_ASFA_Retirement_Standard_Budgets_Dec-25_quarter.pdf,https://www.superannuation.asn.au/wp-content/uploads/2026/02/ASFA_Retirement_Standard_Budgets_Dec-25_quarter.pdf,ASFA Retirement Standard tables - retirees aged over 85 (homeowners) - December quarter 2025,"PDF pages 6-7, row 'Total health services'",OK,"Hypothetical ASFA retiree budget (healthy retirees); the budget table is an expenditure benchmark, not an observed spending statistic. Weekly numbers are as printed; annual = weekly x 52.2 within rounding. Totals may not exactly equal sum of components (ASFA note). Section totals only; individual expenditure line items are in the PDF and were not extracted. Quarter dates assumed calendar quarter from the name; release (publication) date not printed in the PDF."
D12-000208,12,ASFA Retirement Standard - December quarter 2025 budgets,,December quarter 2025,2025-10-01,2025-12-31,,asfa_budget_total_health_services_weekly_aud,Total health services (weekly),total,145.82,AUD/week,nominal AUD in December quarter 2025 prices (CPI-updated quarterly by ASFA),ASFA hypothetical retiree household budget: relatively healthy retirees owning their home outright,Australia,retirees aged over 85,,couple,,,modest lifestyle,tenure=homeowner (owns home outright),asfa_ASFA_Retirement_Standard_Budgets_Dec-25_quarter.pdf,https://www.superannuation.asn.au/wp-content/uploads/2026/02/ASFA_Retirement_Standard_Budgets_Dec-25_quarter.pdf,ASFA Retirement Standard tables - retirees aged over 85 (homeowners) - December quarter 2025,"PDF pages 6-7, row 'Total health services'",OK,"Hypothetical ASFA retiree budget (healthy retirees); the budget table is an expenditure benchmark, not an observed spending statistic. Weekly numbers are as printed; annual = weekly x 52.2 within rounding. Totals may not exactly equal sum of components (ASFA note). Section totals only; individual expenditure line items are in the PDF and were not extracted. Quarter dates assumed calendar quarter from the name; release (publication) date not printed in the PDF."
D12-000209,12,ASFA Retirement Standard - December quarter 2025 budgets,,December quarter 2025,2025-10-01,2025-12-31,,asfa_budget_total_health_services_weekly_aud,Total health services (weekly),total,172.08,AUD/week,nominal AUD in December quarter 2025 prices (CPI-updated quarterly by ASFA),ASFA hypothetical retiree household budget: relatively healthy retirees owning their home outright,Australia,retirees aged over 85,,single,,,comfortable lifestyle,tenure=homeowner (owns home outright),asfa_ASFA_Retirement_Standard_Budgets_Dec-25_quarter.pdf,https://www.superannuation.asn.au/wp-content/uploads/2026/02/ASFA_Retirement_Standard_Budgets_Dec-25_quarter.pdf,ASFA Retirement Standard tables - retirees aged over 85 (homeowners) - December quarter 2025,"PDF pages 6-7, row 'Total health services'",OK,"Hypothetical ASFA retiree budget (healthy retirees); the budget table is an expenditure benchmark, not an observed spending statistic. Weekly numbers are as printed; annual = weekly x 52.2 within rounding. Totals may not exactly equal sum of components (ASFA note). Section totals only; individual expenditure line items are in the PDF and were not extracted. Quarter dates assumed calendar quarter from the name; release (publication) date not printed in the PDF."
D12-000210,12,ASFA Retirement Standard - December quarter 2025 budgets,,December quarter 2025,2025-10-01,2025-12-31,,asfa_budget_total_health_services_weekly_aud,Total health services (weekly),total,105.42,AUD/week,nominal AUD in December quarter 2025 prices (CPI-updated quarterly by ASFA),ASFA hypothetical retiree household budget: relatively healthy retirees owning their home outright,Australia,retirees aged over 85,,single,,,modest lifestyle,tenure=homeowner (owns home outright),asfa_ASFA_Retirement_Standard_Budgets_Dec-25_quarter.pdf,https://www.superannuation.asn.au/wp-content/uploads/2026/02/ASFA_Retirement_Standard_Budgets_Dec-25_quarter.pdf,ASFA Retirement Standard tables - retirees aged over 85 (homeowners) - December quarter 2025,"PDF pages 6-7, row 'Total health services'",OK,"Hypothetical ASFA retiree budget (healthy retirees); the budget table is an expenditure benchmark, not an observed spending statistic. Weekly numbers are as printed; annual = weekly x 52.2 within rounding. Totals may not exactly equal sum of components (ASFA note). Section totals only; individual expenditure line items are in the PDF and were not extracted. Quarter dates assumed calendar quarter from the name; release (publication) date not printed in the PDF."
D12-000211,12,ASFA Retirement Standard - December quarter 2025 budgets,,December quarter 2025,2025-10-01,2025-12-31,,asfa_budget_total_leisure_weekly_aud,Total leisure (weekly),total,225.4,AUD/week,nominal AUD in December quarter 2025 prices (CPI-updated quarterly by ASFA),ASFA hypothetical retiree household budget: relatively healthy retirees owning their home outright,Australia,retirees aged over 85,,couple,,,comfortable lifestyle,tenure=homeowner (owns home outright),asfa_ASFA_Retirement_Standard_Budgets_Dec-25_quarter.pdf,https://www.superannuation.asn.au/wp-content/uploads/2026/02/ASFA_Retirement_Standard_Budgets_Dec-25_quarter.pdf,ASFA Retirement Standard tables - retirees aged over 85 (homeowners) - December quarter 2025,"PDF pages 6-7, row 'Total leisure'",OK,"Hypothetical ASFA retiree budget (healthy retirees); the budget table is an expenditure benchmark, not an observed spending statistic. Weekly numbers are as printed; annual = weekly x 52.2 within rounding. Totals may not exactly equal sum of components (ASFA note). Section totals only; individual expenditure line items are in the PDF and were not extracted. Quarter dates assumed calendar quarter from the name; release (publication) date not printed in the PDF."
D12-000212,12,ASFA Retirement Standard - December quarter 2025 budgets,,December quarter 2025,2025-10-01,2025-12-31,,asfa_budget_total_leisure_weekly_aud,Total leisure (weekly),total,116.38,AUD/week,nominal AUD in December quarter 2025 prices (CPI-updated quarterly by ASFA),ASFA hypothetical retiree household budget: relatively healthy retirees owning their home outright,Australia,retirees aged over 85,,couple,,,modest lifestyle,tenure=homeowner (owns home outright),asfa_ASFA_Retirement_Standard_Budgets_Dec-25_quarter.pdf,https://www.superannuation.asn.au/wp-content/uploads/2026/02/ASFA_Retirement_Standard_Budgets_Dec-25_quarter.pdf,ASFA Retirement Standard tables - retirees aged over 85 (homeowners) - December quarter 2025,"PDF pages 6-7, row 'Total leisure'",OK,"Hypothetical ASFA retiree budget (healthy retirees); the budget table is an expenditure benchmark, not an observed spending statistic. Weekly numbers are as printed; annual = weekly x 52.2 within rounding. Totals may not exactly equal sum of components (ASFA note). Section totals only; individual expenditure line items are in the PDF and were not extracted. Quarter dates assumed calendar quarter from the name; release (publication) date not printed in the PDF."
D12-000213,12,ASFA Retirement Standard - December quarter 2025 budgets,,December quarter 2025,2025-10-01,2025-12-31,,asfa_budget_total_leisure_weekly_aud,Total leisure (weekly),total,161.34,AUD/week,nominal AUD in December quarter 2025 prices (CPI-updated quarterly by ASFA),ASFA hypothetical retiree household budget: relatively healthy retirees owning their home outright,Australia,retirees aged over 85,,single,,,comfortable lifestyle,tenure=homeowner (owns home outright),asfa_ASFA_Retirement_Standard_Budgets_Dec-25_quarter.pdf,https://www.superannuation.asn.au/wp-content/uploads/2026/02/ASFA_Retirement_Standard_Budgets_Dec-25_quarter.pdf,ASFA Retirement Standard tables - retirees aged over 85 (homeowners) - December quarter 2025,"PDF pages 6-7, row 'Total leisure'",OK,"Hypothetical ASFA retiree budget (healthy retirees); the budget table is an expenditure benchmark, not an observed spending statistic. Weekly numbers are as printed; annual = weekly x 52.2 within rounding. Totals may not exactly equal sum of components (ASFA note). Section totals only; individual expenditure line items are in the PDF and were not extracted. Quarter dates assumed calendar quarter from the name; release (publication) date not printed in the PDF."
D12-000214,12,ASFA Retirement Standard - December quarter 2025 budgets,,December quarter 2025,2025-10-01,2025-12-31,,asfa_budget_total_leisure_weekly_aud,Total leisure (weekly),total,82.05,AUD/week,nominal AUD in December quarter 2025 prices (CPI-updated quarterly by ASFA),ASFA hypothetical retiree household budget: relatively healthy retirees owning their home outright,Australia,retirees aged over 85,,single,,,modest lifestyle,tenure=homeowner (owns home outright),asfa_ASFA_Retirement_Standard_Budgets_Dec-25_quarter.pdf,https://www.superannuation.asn.au/wp-content/uploads/2026/02/ASFA_Retirement_Standard_Budgets_Dec-25_quarter.pdf,ASFA Retirement Standard tables - retirees aged over 85 (homeowners) - December quarter 2025,"PDF pages 6-7, row 'Total leisure'",OK,"Hypothetical ASFA retiree budget (healthy retirees); the budget table is an expenditure benchmark, not an observed spending statistic. Weekly numbers are as printed; annual = weekly x 52.2 within rounding. Totals may not exactly equal sum of components (ASFA note). Section totals only; individual expenditure line items are in the PDF and were not extracted. Quarter dates assumed calendar quarter from the name; release (publication) date not printed in the PDF."
D12-000215,12,ASFA Retirement Standard - December quarter 2025 budgets,,December quarter 2025,2025-10-01,2025-12-31,,asfa_budget_total_weekly_aud,Total weekly expenditure,total,1381.09,AUD/week,nominal AUD in December quarter 2025 prices (CPI-updated quarterly by ASFA),ASFA hypothetical retiree household budget: relatively healthy retirees owning their home outright,Australia,retirees aged over 85,,couple,,,comfortable lifestyle,tenure=homeowner (owns home outright),asfa_ASFA_Retirement_Standard_Budgets_Dec-25_quarter.pdf,https://www.superannuation.asn.au/wp-content/uploads/2026/02/ASFA_Retirement_Standard_Budgets_Dec-25_quarter.pdf,ASFA Retirement Standard tables - retirees aged over 85 (homeowners) - December quarter 2025,"PDF pages 6-7, row 'Total weekly expenditure'",OK,"Hypothetical ASFA retiree budget (healthy retirees); the budget table is an expenditure benchmark, not an observed spending statistic. Weekly numbers are as printed; annual = weekly x 52.2 within rounding. Totals may not exactly equal sum of components (ASFA note). Section totals only; individual expenditure line items are in the PDF and were not extracted. Quarter dates assumed calendar quarter from the name; release (publication) date not printed in the PDF."
D12-000216,12,ASFA Retirement Standard - December quarter 2025 budgets,,December quarter 2025,2025-10-01,2025-12-31,,asfa_budget_total_weekly_aud,Total weekly expenditure,total,919.52,AUD/week,nominal AUD in December quarter 2025 prices (CPI-updated quarterly by ASFA),ASFA hypothetical retiree household budget: relatively healthy retirees owning their home outright,Australia,retirees aged over 85,,couple,,,modest lifestyle,tenure=homeowner (owns home outright),asfa_ASFA_Retirement_Standard_Budgets_Dec-25_quarter.pdf,https://www.superannuation.asn.au/wp-content/uploads/2026/02/ASFA_Retirement_Standard_Budgets_Dec-25_quarter.pdf,ASFA Retirement Standard tables - retirees aged over 85 (homeowners) - December quarter 2025,"PDF pages 6-7, row 'Total weekly expenditure'",OK,"Hypothetical ASFA retiree budget (healthy retirees); the budget table is an expenditure benchmark, not an observed spending statistic. Weekly numbers are as printed; annual = weekly x 52.2 within rounding. Totals may not exactly equal sum of components (ASFA note). Section totals only; individual expenditure line items are in the PDF and were not extracted. Quarter dates assumed calendar quarter from the name; release (publication) date not printed in the PDF."
D12-000217,12,ASFA Retirement Standard - December quarter 2025 budgets,,December quarter 2025,2025-10-01,2025-12-31,,asfa_budget_total_weekly_aud,Total weekly expenditure,total,1000.67,AUD/week,nominal AUD in December quarter 2025 prices (CPI-updated quarterly by ASFA),ASFA hypothetical retiree household budget: relatively healthy retirees owning their home outright,Australia,retirees aged over 85,,single,,,comfortable lifestyle,tenure=homeowner (owns home outright),asfa_ASFA_Retirement_Standard_Budgets_Dec-25_quarter.pdf,https://www.superannuation.asn.au/wp-content/uploads/2026/02/ASFA_Retirement_Standard_Budgets_Dec-25_quarter.pdf,ASFA Retirement Standard tables - retirees aged over 85 (homeowners) - December quarter 2025,"PDF pages 6-7, row 'Total weekly expenditure'",OK,"Hypothetical ASFA retiree budget (healthy retirees); the budget table is an expenditure benchmark, not an observed spending statistic. Weekly numbers are as printed; annual = weekly x 52.2 within rounding. Totals may not exactly equal sum of components (ASFA note). Section totals only; individual expenditure line items are in the PDF and were not extracted. Quarter dates assumed calendar quarter from the name; release (publication) date not printed in the PDF."
D12-000218,12,ASFA Retirement Standard - December quarter 2025 budgets,,December quarter 2025,2025-10-01,2025-12-31,,asfa_budget_total_weekly_aud,Total weekly expenditure,total,641.18,AUD/week,nominal AUD in December quarter 2025 prices (CPI-updated quarterly by ASFA),ASFA hypothetical retiree household budget: relatively healthy retirees owning their home outright,Australia,retirees aged over 85,,single,,,modest lifestyle,tenure=homeowner (owns home outright),asfa_ASFA_Retirement_Standard_Budgets_Dec-25_quarter.pdf,https://www.superannuation.asn.au/wp-content/uploads/2026/02/ASFA_Retirement_Standard_Budgets_Dec-25_quarter.pdf,ASFA Retirement Standard tables - retirees aged over 85 (homeowners) - December quarter 2025,"PDF pages 6-7, row 'Total weekly expenditure'",OK,"Hypothetical ASFA retiree budget (healthy retirees); the budget table is an expenditure benchmark, not an observed spending statistic. Weekly numbers are as printed; annual = weekly x 52.2 within rounding. Totals may not exactly equal sum of components (ASFA note). Section totals only; individual expenditure line items are in the PDF and were not extracted. Quarter dates assumed calendar quarter from the name; release (publication) date not printed in the PDF."
D12-000219,12,ASFA Retirement Standard - December quarter 2025 budgets,,December quarter 2025,2025-10-01,2025-12-31,,asfa_budget_total_annual_aud,Total annual expenditure,total,72093,AUD/year,nominal AUD in December quarter 2025 prices (CPI-updated quarterly by ASFA),ASFA hypothetical retiree household budget: relatively healthy retirees owning their home outright,Australia,retirees aged over 85,,couple,,,comfortable lifestyle,tenure=homeowner (owns home outright),asfa_ASFA_Retirement_Standard_Budgets_Dec-25_quarter.pdf,https://www.superannuation.asn.au/wp-content/uploads/2026/02/ASFA_Retirement_Standard_Budgets_Dec-25_quarter.pdf,ASFA Retirement Standard tables - retirees aged over 85 (homeowners) - December quarter 2025,"PDF pages 6-7, row 'Total annual expenditure'",OK,"Hypothetical ASFA retiree budget (healthy retirees); the budget table is an expenditure benchmark, not an observed spending statistic. Weekly numbers are as printed; annual = weekly x 52.2 within rounding. Totals may not exactly equal sum of components (ASFA note). Section totals only; individual expenditure line items are in the PDF and were not extracted. Quarter dates assumed calendar quarter from the name; release (publication) date not printed in the PDF."
D12-000220,12,ASFA Retirement Standard - December quarter 2025 budgets,,December quarter 2025,2025-10-01,2025-12-31,,asfa_budget_total_annual_aud,Total annual expenditure,total,47999,AUD/year,nominal AUD in December quarter 2025 prices (CPI-updated quarterly by ASFA),ASFA hypothetical retiree household budget: relatively healthy retirees owning their home outright,Australia,retirees aged over 85,,couple,,,modest lifestyle,tenure=homeowner (owns home outright),asfa_ASFA_Retirement_Standard_Budgets_Dec-25_quarter.pdf,https://www.superannuation.asn.au/wp-content/uploads/2026/02/ASFA_Retirement_Standard_Budgets_Dec-25_quarter.pdf,ASFA Retirement Standard tables - retirees aged over 85 (homeowners) - December quarter 2025,"PDF pages 6-7, row 'Total annual expenditure'",OK,"Hypothetical ASFA retiree budget (healthy retirees); the budget table is an expenditure benchmark, not an observed spending statistic. Weekly numbers are as printed; annual = weekly x 52.2 within rounding. Totals may not exactly equal sum of components (ASFA note). Section totals only; individual expenditure line items are in the PDF and were not extracted. Quarter dates assumed calendar quarter from the name; release (publication) date not printed in the PDF."
D12-000221,12,ASFA Retirement Standard - December quarter 2025 budgets,,December quarter 2025,2025-10-01,2025-12-31,,asfa_budget_total_annual_aud,Total annual expenditure,total,52235,AUD/year,nominal AUD in December quarter 2025 prices (CPI-updated quarterly by ASFA),ASFA hypothetical retiree household budget: relatively healthy retirees owning their home outright,Australia,retirees aged over 85,,single,,,comfortable lifestyle,tenure=homeowner (owns home outright),asfa_ASFA_Retirement_Standard_Budgets_Dec-25_quarter.pdf,https://www.superannuation.asn.au/wp-content/uploads/2026/02/ASFA_Retirement_Standard_Budgets_Dec-25_quarter.pdf,ASFA Retirement Standard tables - retirees aged over 85 (homeowners) - December quarter 2025,"PDF pages 6-7, row 'Total annual expenditure'",OK,"Hypothetical ASFA retiree budget (healthy retirees); the budget table is an expenditure benchmark, not an observed spending statistic. Weekly numbers are as printed; annual = weekly x 52.2 within rounding. Totals may not exactly equal sum of components (ASFA note). Section totals only; individual expenditure line items are in the PDF and were not extracted. Quarter dates assumed calendar quarter from the name; release (publication) date not printed in the PDF."
D12-000222,12,ASFA Retirement Standard - December quarter 2025 budgets,,December quarter 2025,2025-10-01,2025-12-31,,asfa_budget_total_annual_aud,Total annual expenditure,total,33470,AUD/year,nominal AUD in December quarter 2025 prices (CPI-updated quarterly by ASFA),ASFA hypothetical retiree household budget: relatively healthy retirees owning their home outright,Australia,retirees aged over 85,,single,,,modest lifestyle,tenure=homeowner (owns home outright),asfa_ASFA_Retirement_Standard_Budgets_Dec-25_quarter.pdf,https://www.superannuation.asn.au/wp-content/uploads/2026/02/ASFA_Retirement_Standard_Budgets_Dec-25_quarter.pdf,ASFA Retirement Standard tables - retirees aged over 85 (homeowners) - December quarter 2025,"PDF pages 6-7, row 'Total annual expenditure'",OK,"Hypothetical ASFA retiree budget (healthy retirees); the budget table is an expenditure benchmark, not an observed spending statistic. Weekly numbers are as printed; annual = weekly x 52.2 within rounding. Totals may not exactly equal sum of components (ASFA note). Section totals only; individual expenditure line items are in the PDF and were not extracted. Quarter dates assumed calendar quarter from the name; release (publication) date not printed in the PDF."
D12-000223,12,ASFA Retirement Standard - September quarter 2025 budgets,,September quarter 2025,2025-07-01,2025-09-30,,asfa_budget_total_housing_weekly_aud,Total housing (weekly),total,159.07,AUD/week,nominal AUD in September quarter 2025 prices (CPI-updated quarterly by ASFA),ASFA hypothetical retiree household budget: relatively healthy retirees owning their home outright,Australia,retirees aged 65-84,,couple,,,comfortable lifestyle,tenure=homeowner (owns home outright),asfa_ASFA_Retirement_Standard_Budgets_Sept-25_quarter.pdf,https://www.superannuation.asn.au/wp-content/uploads/2025/12/ASFA_Retirement_Standard_Budgets_Sept-25_quarter.pdf,ASFA Retirement Standard tables - retirees aged 65-84 (homeowners) - September quarter 2025,"PDF pages 2-3, row 'Total housing'",OK,"Hypothetical ASFA retiree budget (healthy retirees); the budget table is an expenditure benchmark, not an observed spending statistic. Weekly numbers are as printed; annual = weekly x 52.2 within rounding. Totals may not exactly equal sum of components (ASFA note). Section totals only; individual expenditure line items are in the PDF and were not extracted. Quarter dates assumed calendar quarter from the name; release (publication) date not printed in the PDF."
D12-000224,12,ASFA Retirement Standard - September quarter 2025 budgets,,September quarter 2025,2025-07-01,2025-09-30,,asfa_budget_total_housing_weekly_aud,Total housing (weekly),total,146.36,AUD/week,nominal AUD in September quarter 2025 prices (CPI-updated quarterly by ASFA),ASFA hypothetical retiree household budget: relatively healthy retirees owning their home outright,Australia,retirees aged 65-84,,couple,,,modest lifestyle,tenure=homeowner (owns home outright),asfa_ASFA_Retirement_Standard_Budgets_Sept-25_quarter.pdf,https://www.superannuation.asn.au/wp-content/uploads/2025/12/ASFA_Retirement_Standard_Budgets_Sept-25_quarter.pdf,ASFA Retirement Standard tables - retirees aged 65-84 (homeowners) - September quarter 2025,"PDF pages 2-3, row 'Total housing'",OK,"Hypothetical ASFA retiree budget (healthy retirees); the budget table is an expenditure benchmark, not an observed spending statistic. Weekly numbers are as printed; annual = weekly x 52.2 within rounding. Totals may not exactly equal sum of components (ASFA note). Section totals only; individual expenditure line items are in the PDF and were not extracted. Quarter dates assumed calendar quarter from the name; release (publication) date not printed in the PDF."
D12-000225,12,ASFA Retirement Standard - September quarter 2025 budgets,,September quarter 2025,2025-07-01,2025-09-30,,asfa_budget_total_housing_weekly_aud,Total housing (weekly),total,152.44,AUD/week,nominal AUD in September quarter 2025 prices (CPI-updated quarterly by ASFA),ASFA hypothetical retiree household budget: relatively healthy retirees owning their home outright,Australia,retirees aged 65-84,,single,,,comfortable lifestyle,tenure=homeowner (owns home outright),asfa_ASFA_Retirement_Standard_Budgets_Sept-25_quarter.pdf,https://www.superannuation.asn.au/wp-content/uploads/2025/12/ASFA_Retirement_Standard_Budgets_Sept-25_quarter.pdf,ASFA Retirement Standard tables - retirees aged 65-84 (homeowners) - September quarter 2025,"PDF pages 2-3, row 'Total housing'",OK,"Hypothetical ASFA retiree budget (healthy retirees); the budget table is an expenditure benchmark, not an observed spending statistic. Weekly numbers are as printed; annual = weekly x 52.2 within rounding. Totals may not exactly equal sum of components (ASFA note). Section totals only; individual expenditure line items are in the PDF and were not extracted. Quarter dates assumed calendar quarter from the name; release (publication) date not printed in the PDF."
D12-000226,12,ASFA Retirement Standard - September quarter 2025 budgets,,September quarter 2025,2025-07-01,2025-09-30,,asfa_budget_total_housing_weekly_aud,Total housing (weekly),total,129.59,AUD/week,nominal AUD in September quarter 2025 prices (CPI-updated quarterly by ASFA),ASFA hypothetical retiree household budget: relatively healthy retirees owning their home outright,Australia,retirees aged 65-84,,single,,,modest lifestyle,tenure=homeowner (owns home outright),asfa_ASFA_Retirement_Standard_Budgets_Sept-25_quarter.pdf,https://www.superannuation.asn.au/wp-content/uploads/2025/12/ASFA_Retirement_Standard_Budgets_Sept-25_quarter.pdf,ASFA Retirement Standard tables - retirees aged 65-84 (homeowners) - September quarter 2025,"PDF pages 2-3, row 'Total housing'",OK,"Hypothetical ASFA retiree budget (healthy retirees); the budget table is an expenditure benchmark, not an observed spending statistic. Weekly numbers are as printed; annual = weekly x 52.2 within rounding. Totals may not exactly equal sum of components (ASFA note). Section totals only; individual expenditure line items are in the PDF and were not extracted. Quarter dates assumed calendar quarter from the name; release (publication) date not printed in the PDF."
D12-000227,12,ASFA Retirement Standard - September quarter 2025 budgets,,September quarter 2025,2025-07-01,2025-09-30,,asfa_budget_total_household_goods_services_weekly_aud,Total household goods and services (weekly),total,101.26,AUD/week,nominal AUD in September quarter 2025 prices (CPI-updated quarterly by ASFA),ASFA hypothetical retiree household budget: relatively healthy retirees owning their home outright,Australia,retirees aged 65-84,,couple,,,comfortable lifestyle,tenure=homeowner (owns home outright),asfa_ASFA_Retirement_Standard_Budgets_Sept-25_quarter.pdf,https://www.superannuation.asn.au/wp-content/uploads/2025/12/ASFA_Retirement_Standard_Budgets_Sept-25_quarter.pdf,ASFA Retirement Standard tables - retirees aged 65-84 (homeowners) - September quarter 2025,"PDF pages 2-3, row 'Total household goods and services'",OK,"Hypothetical ASFA retiree budget (healthy retirees); the budget table is an expenditure benchmark, not an observed spending statistic. Weekly numbers are as printed; annual = weekly x 52.2 within rounding. Totals may not exactly equal sum of components (ASFA note). Section totals only; individual expenditure line items are in the PDF and were not extracted. Quarter dates assumed calendar quarter from the name; release (publication) date not printed in the PDF."
D12-000228,12,ASFA Retirement Standard - September quarter 2025 budgets,,September quarter 2025,2025-07-01,2025-09-30,,asfa_budget_total_household_goods_services_weekly_aud,Total household goods and services (weekly),total,47.63,AUD/week,nominal AUD in September quarter 2025 prices (CPI-updated quarterly by ASFA),ASFA hypothetical retiree household budget: relatively healthy retirees owning their home outright,Australia,retirees aged 65-84,,couple,,,modest lifestyle,tenure=homeowner (owns home outright),asfa_ASFA_Retirement_Standard_Budgets_Sept-25_quarter.pdf,https://www.superannuation.asn.au/wp-content/uploads/2025/12/ASFA_Retirement_Standard_Budgets_Sept-25_quarter.pdf,ASFA Retirement Standard tables - retirees aged 65-84 (homeowners) - September quarter 2025,"PDF pages 2-3, row 'Total household goods and services'",OK,"Hypothetical ASFA retiree budget (healthy retirees); the budget table is an expenditure benchmark, not an observed spending statistic. Weekly numbers are as printed; annual = weekly x 52.2 within rounding. Totals may not exactly equal sum of components (ASFA note). Section totals only; individual expenditure line items are in the PDF and were not extracted. Quarter dates assumed calendar quarter from the name; release (publication) date not printed in the PDF."
D12-000229,12,ASFA Retirement Standard - September quarter 2025 budgets,,September quarter 2025,2025-07-01,2025-09-30,,asfa_budget_total_household_goods_services_weekly_aud,Total household goods and services (weekly),total,80.07,AUD/week,nominal AUD in September quarter 2025 prices (CPI-updated quarterly by ASFA),ASFA hypothetical retiree household budget: relatively healthy retirees owning their home outright,Australia,retirees aged 65-84,,single,,,comfortable lifestyle,tenure=homeowner (owns home outright),asfa_ASFA_Retirement_Standard_Budgets_Sept-25_quarter.pdf,https://www.superannuation.asn.au/wp-content/uploads/2025/12/ASFA_Retirement_Standard_Budgets_Sept-25_quarter.pdf,ASFA Retirement Standard tables - retirees aged 65-84 (homeowners) - September quarter 2025,"PDF pages 2-3, row 'Total household goods and services'",OK,"Hypothetical ASFA retiree budget (healthy retirees); the budget table is an expenditure benchmark, not an observed spending statistic. Weekly numbers are as printed; annual = weekly x 52.2 within rounding. Totals may not exactly equal sum of components (ASFA note). Section totals only; individual expenditure line items are in the PDF and were not extracted. Quarter dates assumed calendar quarter from the name; release (publication) date not printed in the PDF."
D12-000230,12,ASFA Retirement Standard - September quarter 2025 budgets,,September quarter 2025,2025-07-01,2025-09-30,,asfa_budget_total_household_goods_services_weekly_aud,Total household goods and services (weekly),total,40.38,AUD/week,nominal AUD in September quarter 2025 prices (CPI-updated quarterly by ASFA),ASFA hypothetical retiree household budget: relatively healthy retirees owning their home outright,Australia,retirees aged 65-84,,single,,,modest lifestyle,tenure=homeowner (owns home outright),asfa_ASFA_Retirement_Standard_Budgets_Sept-25_quarter.pdf,https://www.superannuation.asn.au/wp-content/uploads/2025/12/ASFA_Retirement_Standard_Budgets_Sept-25_quarter.pdf,ASFA Retirement Standard tables - retirees aged 65-84 (homeowners) - September quarter 2025,"PDF pages 2-3, row 'Total household goods and services'",OK,"Hypothetical ASFA retiree budget (healthy retirees); the budget table is an expenditure benchmark, not an observed spending statistic. Weekly numbers are as printed; annual = weekly x 52.2 within rounding. Totals may not exactly equal sum of components (ASFA note). Section totals only; individual expenditure line items are in the PDF and were not extracted. Quarter dates assumed calendar quarter from the name; release (publication) date not printed in the PDF."
D12-000231,12,ASFA Retirement Standard - September quarter 2025 budgets,,September quarter 2025,2025-07-01,2025-09-30,,asfa_budget_total_transport_weekly_aud,Total transport (weekly),total,193.9,AUD/week,nominal AUD in September quarter 2025 prices (CPI-updated quarterly by ASFA),ASFA hypothetical retiree household budget: relatively healthy retirees owning their home outright,Australia,retirees aged 65-84,,couple,,,comfortable lifestyle,tenure=homeowner (owns home outright),asfa_ASFA_Retirement_Standard_Budgets_Sept-25_quarter.pdf,https://www.superannuation.asn.au/wp-content/uploads/2025/12/ASFA_Retirement_Standard_Budgets_Sept-25_quarter.pdf,ASFA Retirement Standard tables - retirees aged 65-84 (homeowners) - September quarter 2025,"PDF pages 2-3, row 'Total transport'",OK,"Hypothetical ASFA retiree budget (healthy retirees); the budget table is an expenditure benchmark, not an observed spending statistic. Weekly numbers are as printed; annual = weekly x 52.2 within rounding. Totals may not exactly equal sum of components (ASFA note). Section totals only; individual expenditure line items are in the PDF and were not extracted. Quarter dates assumed calendar quarter from the name; release (publication) date not printed in the PDF."
D12-000232,12,ASFA Retirement Standard - September quarter 2025 budgets,,September quarter 2025,2025-07-01,2025-09-30,,asfa_budget_total_transport_weekly_aud,Total transport (weekly),total,116.71,AUD/week,nominal AUD in September quarter 2025 prices (CPI-updated quarterly by ASFA),ASFA hypothetical retiree household budget: relatively healthy retirees owning their home outright,Australia,retirees aged 65-84,,couple,,,modest lifestyle,tenure=homeowner (owns home outright),asfa_ASFA_Retirement_Standard_Budgets_Sept-25_quarter.pdf,https://www.superannuation.asn.au/wp-content/uploads/2025/12/ASFA_Retirement_Standard_Budgets_Sept-25_quarter.pdf,ASFA Retirement Standard tables - retirees aged 65-84 (homeowners) - September quarter 2025,"PDF pages 2-3, row 'Total transport'",OK,"Hypothetical ASFA retiree budget (healthy retirees); the budget table is an expenditure benchmark, not an observed spending statistic. Weekly numbers are as printed; annual = weekly x 52.2 within rounding. Totals may not exactly equal sum of components (ASFA note). Section totals only; individual expenditure line items are in the PDF and were not extracted. Quarter dates assumed calendar quarter from the name; release (publication) date not printed in the PDF."
D12-000233,12,ASFA Retirement Standard - September quarter 2025 budgets,,September quarter 2025,2025-07-01,2025-09-30,,asfa_budget_total_transport_weekly_aud,Total transport (weekly),total,179.02,AUD/week,nominal AUD in September quarter 2025 prices (CPI-updated quarterly by ASFA),ASFA hypothetical retiree household budget: relatively healthy retirees owning their home outright,Australia,retirees aged 65-84,,single,,,comfortable lifestyle,tenure=homeowner (owns home outright),asfa_ASFA_Retirement_Standard_Budgets_Sept-25_quarter.pdf,https://www.superannuation.asn.au/wp-content/uploads/2025/12/ASFA_Retirement_Standard_Budgets_Sept-25_quarter.pdf,ASFA Retirement Standard tables - retirees aged 65-84 (homeowners) - September quarter 2025,"PDF pages 2-3, row 'Total transport'",OK,"Hypothetical ASFA retiree budget (healthy retirees); the budget table is an expenditure benchmark, not an observed spending statistic. Weekly numbers are as printed; annual = weekly x 52.2 within rounding. Totals may not exactly equal sum of components (ASFA note). Section totals only; individual expenditure line items are in the PDF and were not extracted. Quarter dates assumed calendar quarter from the name; release (publication) date not printed in the PDF."
D12-000234,12,ASFA Retirement Standard - September quarter 2025 budgets,,September quarter 2025,2025-07-01,2025-09-30,,asfa_budget_total_transport_weekly_aud,Total transport (weekly),total,109.56,AUD/week,nominal AUD in September quarter 2025 prices (CPI-updated quarterly by ASFA),ASFA hypothetical retiree household budget: relatively healthy retirees owning their home outright,Australia,retirees aged 65-84,,single,,,modest lifestyle,tenure=homeowner (owns home outright),asfa_ASFA_Retirement_Standard_Budgets_Sept-25_quarter.pdf,https://www.superannuation.asn.au/wp-content/uploads/2025/12/ASFA_Retirement_Standard_Budgets_Sept-25_quarter.pdf,ASFA Retirement Standard tables - retirees aged 65-84 (homeowners) - September quarter 2025,"PDF pages 2-3, row 'Total transport'",OK,"Hypothetical ASFA retiree budget (healthy retirees); the budget table is an expenditure benchmark, not an observed spending statistic. Weekly numbers are as printed; annual = weekly x 52.2 within rounding. Totals may not exactly equal sum of components (ASFA note). Section totals only; individual expenditure line items are in the PDF and were not extracted. Quarter dates assumed calendar quarter from the name; release (publication) date not printed in the PDF."
D12-000235,12,ASFA Retirement Standard - September quarter 2025 budgets,,September quarter 2025,2025-07-01,2025-09-30,,asfa_budget_total_health_services_weekly_aud,Total health services (weekly),total,226.74,AUD/week,nominal AUD in September quarter 2025 prices (CPI-updated quarterly by ASFA),ASFA hypothetical retiree household budget: relatively healthy retirees owning their home outright,Australia,retirees aged 65-84,,couple,,,comfortable lifestyle,tenure=homeowner (owns home outright),asfa_ASFA_Retirement_Standard_Budgets_Sept-25_quarter.pdf,https://www.superannuation.asn.au/wp-content/uploads/2025/12/ASFA_Retirement_Standard_Budgets_Sept-25_quarter.pdf,ASFA Retirement Standard tables - retirees aged 65-84 (homeowners) - September quarter 2025,"PDF pages 2-3, row 'Total health services'",OK,"Hypothetical ASFA retiree budget (healthy retirees); the budget table is an expenditure benchmark, not an observed spending statistic. Weekly numbers are as printed; annual = weekly x 52.2 within rounding. Totals may not exactly equal sum of components (ASFA note). Section totals only; individual expenditure line items are in the PDF and were not extracted. Quarter dates assumed calendar quarter from the name; release (publication) date not printed in the PDF."
D12-000236,12,ASFA Retirement Standard - September quarter 2025 budgets,,September quarter 2025,2025-07-01,2025-09-30,,asfa_budget_total_health_services_weekly_aud,Total health services (weekly),total,115.6,AUD/week,nominal AUD in September quarter 2025 prices (CPI-updated quarterly by ASFA),ASFA hypothetical retiree household budget: relatively healthy retirees owning their home outright,Australia,retirees aged 65-84,,couple,,,modest lifestyle,tenure=homeowner (owns home outright),asfa_ASFA_Retirement_Standard_Budgets_Sept-25_quarter.pdf,https://www.superannuation.asn.au/wp-content/uploads/2025/12/ASFA_Retirement_Standard_Budgets_Sept-25_quarter.pdf,ASFA Retirement Standard tables - retirees aged 65-84 (homeowners) - September quarter 2025,"PDF pages 2-3, row 'Total health services'",OK,"Hypothetical ASFA retiree budget (healthy retirees); the budget table is an expenditure benchmark, not an observed spending statistic. Weekly numbers are as printed; annual = weekly x 52.2 within rounding. Totals may not exactly equal sum of components (ASFA note). Section totals only; individual expenditure line items are in the PDF and were not extracted. Quarter dates assumed calendar quarter from the name; release (publication) date not printed in the PDF."
D12-000237,12,ASFA Retirement Standard - September quarter 2025 budgets,,September quarter 2025,2025-07-01,2025-09-30,,asfa_budget_total_health_services_weekly_aud,Total health services (weekly),total,121.0,AUD/week,nominal AUD in September quarter 2025 prices (CPI-updated quarterly by ASFA),ASFA hypothetical retiree household budget: relatively healthy retirees owning their home outright,Australia,retirees aged 65-84,,single,,,comfortable lifestyle,tenure=homeowner (owns home outright),asfa_ASFA_Retirement_Standard_Budgets_Sept-25_quarter.pdf,https://www.superannuation.asn.au/wp-content/uploads/2025/12/ASFA_Retirement_Standard_Budgets_Sept-25_quarter.pdf,ASFA Retirement Standard tables - retirees aged 65-84 (homeowners) - September quarter 2025,"PDF pages 2-3, row 'Total health services'",OK,"Hypothetical ASFA retiree budget (healthy retirees); the budget table is an expenditure benchmark, not an observed spending statistic. Weekly numbers are as printed; annual = weekly x 52.2 within rounding. Totals may not exactly equal sum of components (ASFA note). Section totals only; individual expenditure line items are in the PDF and were not extracted. Quarter dates assumed calendar quarter from the name; release (publication) date not printed in the PDF."
D12-000238,12,ASFA Retirement Standard - September quarter 2025 budgets,,September quarter 2025,2025-07-01,2025-09-30,,asfa_budget_total_health_services_weekly_aud,Total health services (weekly),total,59.67,AUD/week,nominal AUD in September quarter 2025 prices (CPI-updated quarterly by ASFA),ASFA hypothetical retiree household budget: relatively healthy retirees owning their home outright,Australia,retirees aged 65-84,,single,,,modest lifestyle,tenure=homeowner (owns home outright),asfa_ASFA_Retirement_Standard_Budgets_Sept-25_quarter.pdf,https://www.superannuation.asn.au/wp-content/uploads/2025/12/ASFA_Retirement_Standard_Budgets_Sept-25_quarter.pdf,ASFA Retirement Standard tables - retirees aged 65-84 (homeowners) - September quarter 2025,"PDF pages 2-3, row 'Total health services'",OK,"Hypothetical ASFA retiree budget (healthy retirees); the budget table is an expenditure benchmark, not an observed spending statistic. Weekly numbers are as printed; annual = weekly x 52.2 within rounding. Totals may not exactly equal sum of components (ASFA note). Section totals only; individual expenditure line items are in the PDF and were not extracted. Quarter dates assumed calendar quarter from the name; release (publication) date not printed in the PDF."
D12-000239,12,ASFA Retirement Standard - September quarter 2025 budgets,,September quarter 2025,2025-07-01,2025-09-30,,asfa_budget_total_leisure_weekly_aud,Total leisure (weekly),total,344.67,AUD/week,nominal AUD in September quarter 2025 prices (CPI-updated quarterly by ASFA),ASFA hypothetical retiree household budget: relatively healthy retirees owning their home outright,Australia,retirees aged 65-84,,couple,,,comfortable lifestyle,tenure=homeowner (owns home outright),asfa_ASFA_Retirement_Standard_Budgets_Sept-25_quarter.pdf,https://www.superannuation.asn.au/wp-content/uploads/2025/12/ASFA_Retirement_Standard_Budgets_Sept-25_quarter.pdf,ASFA Retirement Standard tables - retirees aged 65-84 (homeowners) - September quarter 2025,"PDF pages 2-3, row 'Total leisure'",OK,"Hypothetical ASFA retiree budget (healthy retirees); the budget table is an expenditure benchmark, not an observed spending statistic. Weekly numbers are as printed; annual = weekly x 52.2 within rounding. Totals may not exactly equal sum of components (ASFA note). Section totals only; individual expenditure line items are in the PDF and were not extracted. Quarter dates assumed calendar quarter from the name; release (publication) date not printed in the PDF."
D12-000240,12,ASFA Retirement Standard - September quarter 2025 budgets,,September quarter 2025,2025-07-01,2025-09-30,,asfa_budget_total_leisure_weekly_aud,Total leisure (weekly),total,189.43,AUD/week,nominal AUD in September quarter 2025 prices (CPI-updated quarterly by ASFA),ASFA hypothetical retiree household budget: relatively healthy retirees owning their home outright,Australia,retirees aged 65-84,,couple,,,modest lifestyle,tenure=homeowner (owns home outright),asfa_ASFA_Retirement_Standard_Budgets_Sept-25_quarter.pdf,https://www.superannuation.asn.au/wp-content/uploads/2025/12/ASFA_Retirement_Standard_Budgets_Sept-25_quarter.pdf,ASFA Retirement Standard tables - retirees aged 65-84 (homeowners) - September quarter 2025,"PDF pages 2-3, row 'Total leisure'",OK,"Hypothetical ASFA retiree budget (healthy retirees); the budget table is an expenditure benchmark, not an observed spending statistic. Weekly numbers are as printed; annual = weekly x 52.2 within rounding. Totals may not exactly equal sum of components (ASFA note). Section totals only; individual expenditure line items are in the PDF and were not extracted. Quarter dates assumed calendar quarter from the name; release (publication) date not printed in the PDF."
D12-000241,12,ASFA Retirement Standard - September quarter 2025 budgets,,September quarter 2025,2025-07-01,2025-09-30,,asfa_budget_total_leisure_weekly_aud,Total leisure (weekly),total,228.57,AUD/week,nominal AUD in September quarter 2025 prices (CPI-updated quarterly by ASFA),ASFA hypothetical retiree household budget: relatively healthy retirees owning their home outright,Australia,retirees aged 65-84,,single,,,comfortable lifestyle,tenure=homeowner (owns home outright),asfa_ASFA_Retirement_Standard_Budgets_Sept-25_quarter.pdf,https://www.superannuation.asn.au/wp-content/uploads/2025/12/ASFA_Retirement_Standard_Budgets_Sept-25_quarter.pdf,ASFA Retirement Standard tables - retirees aged 65-84 (homeowners) - September quarter 2025,"PDF pages 2-3, row 'Total leisure'",OK,"Hypothetical ASFA retiree budget (healthy retirees); the budget table is an expenditure benchmark, not an observed spending statistic. Weekly numbers are as printed; annual = weekly x 52.2 within rounding. Totals may not exactly equal sum of components (ASFA note). Section totals only; individual expenditure line items are in the PDF and were not extracted. Quarter dates assumed calendar quarter from the name; release (publication) date not printed in the PDF."
D12-000242,12,ASFA Retirement Standard - September quarter 2025 budgets,,September quarter 2025,2025-07-01,2025-09-30,,asfa_budget_total_leisure_weekly_aud,Total leisure (weekly),total,122.33,AUD/week,nominal AUD in September quarter 2025 prices (CPI-updated quarterly by ASFA),ASFA hypothetical retiree household budget: relatively healthy retirees owning their home outright,Australia,retirees aged 65-84,,single,,,modest lifestyle,tenure=homeowner (owns home outright),asfa_ASFA_Retirement_Standard_Budgets_Sept-25_quarter.pdf,https://www.superannuation.asn.au/wp-content/uploads/2025/12/ASFA_Retirement_Standard_Budgets_Sept-25_quarter.pdf,ASFA Retirement Standard tables - retirees aged 65-84 (homeowners) - September quarter 2025,"PDF pages 2-3, row 'Total leisure'",OK,"Hypothetical ASFA retiree budget (healthy retirees); the budget table is an expenditure benchmark, not an observed spending statistic. Weekly numbers are as printed; annual = weekly x 52.2 within rounding. Totals may not exactly equal sum of components (ASFA note). Section totals only; individual expenditure line items are in the PDF and were not extracted. Quarter dates assumed calendar quarter from the name; release (publication) date not printed in the PDF."
D12-000243,12,ASFA Retirement Standard - September quarter 2025 budgets,,September quarter 2025,2025-07-01,2025-09-30,,asfa_budget_total_weekly_aud,Total weekly expenditure,total,1465.61,AUD/week,nominal AUD in September quarter 2025 prices (CPI-updated quarterly by ASFA),ASFA hypothetical retiree household budget: relatively healthy retirees owning their home outright,Australia,retirees aged 65-84,,couple,,,comfortable lifestyle,tenure=homeowner (owns home outright),asfa_ASFA_Retirement_Standard_Budgets_Sept-25_quarter.pdf,https://www.superannuation.asn.au/wp-content/uploads/2025/12/ASFA_Retirement_Standard_Budgets_Sept-25_quarter.pdf,ASFA Retirement Standard tables - retirees aged 65-84 (homeowners) - September quarter 2025,"PDF pages 2-3, row 'Total weekly expenditure'",OK,"Hypothetical ASFA retiree budget (healthy retirees); the budget table is an expenditure benchmark, not an observed spending statistic. Weekly numbers are as printed; annual = weekly x 52.2 within rounding. Totals may not exactly equal sum of components (ASFA note). Section totals only; individual expenditure line items are in the PDF and were not extracted. Quarter dates assumed calendar quarter from the name; release (publication) date not printed in the PDF."
D12-000244,12,ASFA Retirement Standard - September quarter 2025 budgets,,September quarter 2025,2025-07-01,2025-09-30,,asfa_budget_total_weekly_aud,Total weekly expenditure,total,974.44,AUD/week,nominal AUD in September quarter 2025 prices (CPI-updated quarterly by ASFA),ASFA hypothetical retiree household budget: relatively healthy retirees owning their home outright,Australia,retirees aged 65-84,,couple,,,modest lifestyle,tenure=homeowner (owns home outright),asfa_ASFA_Retirement_Standard_Budgets_Sept-25_quarter.pdf,https://www.superannuation.asn.au/wp-content/uploads/2025/12/ASFA_Retirement_Standard_Budgets_Sept-25_quarter.pdf,ASFA Retirement Standard tables - retirees aged 65-84 (homeowners) - September quarter 2025,"PDF pages 2-3, row 'Total weekly expenditure'",OK,"Hypothetical ASFA retiree budget (healthy retirees); the budget table is an expenditure benchmark, not an observed spending statistic. Weekly numbers are as printed; annual = weekly x 52.2 within rounding. Totals may not exactly equal sum of components (ASFA note). Section totals only; individual expenditure line items are in the PDF and were not extracted. Quarter dates assumed calendar quarter from the name; release (publication) date not printed in the PDF."
D12-000245,12,ASFA Retirement Standard - September quarter 2025 budgets,,September quarter 2025,2025-07-01,2025-09-30,,asfa_budget_total_weekly_aud,Total weekly expenditure,total,1039.08,AUD/week,nominal AUD in September quarter 2025 prices (CPI-updated quarterly by ASFA),ASFA hypothetical retiree household budget: relatively healthy retirees owning their home outright,Australia,retirees aged 65-84,,single,,,comfortable lifestyle,tenure=homeowner (owns home outright),asfa_ASFA_Retirement_Standard_Budgets_Sept-25_quarter.pdf,https://www.superannuation.asn.au/wp-content/uploads/2025/12/ASFA_Retirement_Standard_Budgets_Sept-25_quarter.pdf,ASFA Retirement Standard tables - retirees aged 65-84 (homeowners) - September quarter 2025,"PDF pages 2-3, row 'Total weekly expenditure'",OK,"Hypothetical ASFA retiree budget (healthy retirees); the budget table is an expenditure benchmark, not an observed spending statistic. Weekly numbers are as printed; annual = weekly x 52.2 within rounding. Totals may not exactly equal sum of components (ASFA note). Section totals only; individual expenditure line items are in the PDF and were not extracted. Quarter dates assumed calendar quarter from the name; release (publication) date not printed in the PDF."
D12-000246,12,ASFA Retirement Standard - September quarter 2025 budgets,,September quarter 2025,2025-07-01,2025-09-30,,asfa_budget_total_weekly_aud,Total weekly expenditure,total,674.31,AUD/week,nominal AUD in September quarter 2025 prices (CPI-updated quarterly by ASFA),ASFA hypothetical retiree household budget: relatively healthy retirees owning their home outright,Australia,retirees aged 65-84,,single,,,modest lifestyle,tenure=homeowner (owns home outright),asfa_ASFA_Retirement_Standard_Budgets_Sept-25_quarter.pdf,https://www.superannuation.asn.au/wp-content/uploads/2025/12/ASFA_Retirement_Standard_Budgets_Sept-25_quarter.pdf,ASFA Retirement Standard tables - retirees aged 65-84 (homeowners) - September quarter 2025,"PDF pages 2-3, row 'Total weekly expenditure'",OK,"Hypothetical ASFA retiree budget (healthy retirees); the budget table is an expenditure benchmark, not an observed spending statistic. Weekly numbers are as printed; annual = weekly x 52.2 within rounding. Totals may not exactly equal sum of components (ASFA note). Section totals only; individual expenditure line items are in the PDF and were not extracted. Quarter dates assumed calendar quarter from the name; release (publication) date not printed in the PDF."
D12-000247,12,ASFA Retirement Standard - September quarter 2025 budgets,,September quarter 2025,2025-07-01,2025-09-30,,asfa_budget_total_annual_aud,Total annual expenditure,total,76505,AUD/year,nominal AUD in September quarter 2025 prices (CPI-updated quarterly by ASFA),ASFA hypothetical retiree household budget: relatively healthy retirees owning their home outright,Australia,retirees aged 65-84,,couple,,,comfortable lifestyle,tenure=homeowner (owns home outright),asfa_ASFA_Retirement_Standard_Budgets_Sept-25_quarter.pdf,https://www.superannuation.asn.au/wp-content/uploads/2025/12/ASFA_Retirement_Standard_Budgets_Sept-25_quarter.pdf,ASFA Retirement Standard tables - retirees aged 65-84 (homeowners) - September quarter 2025,"PDF pages 2-3, row 'Total annual expenditure'",OK,"Hypothetical ASFA retiree budget (healthy retirees); the budget table is an expenditure benchmark, not an observed spending statistic. Weekly numbers are as printed; annual = weekly x 52.2 within rounding. Totals may not exactly equal sum of components (ASFA note). Section totals only; individual expenditure line items are in the PDF and were not extracted. Quarter dates assumed calendar quarter from the name; release (publication) date not printed in the PDF."
D12-000248,12,ASFA Retirement Standard - September quarter 2025 budgets,,September quarter 2025,2025-07-01,2025-09-30,,asfa_budget_total_annual_aud,Total annual expenditure,total,50866,AUD/year,nominal AUD in September quarter 2025 prices (CPI-updated quarterly by ASFA),ASFA hypothetical retiree household budget: relatively healthy retirees owning their home outright,Australia,retirees aged 65-84,,couple,,,modest lifestyle,tenure=homeowner (owns home outright),asfa_ASFA_Retirement_Standard_Budgets_Sept-25_quarter.pdf,https://www.superannuation.asn.au/wp-content/uploads/2025/12/ASFA_Retirement_Standard_Budgets_Sept-25_quarter.pdf,ASFA Retirement Standard tables - retirees aged 65-84 (homeowners) - September quarter 2025,"PDF pages 2-3, row 'Total annual expenditure'",OK,"Hypothetical ASFA retiree budget (healthy retirees); the budget table is an expenditure benchmark, not an observed spending statistic. Weekly numbers are as printed; annual = weekly x 52.2 within rounding. Totals may not exactly equal sum of components (ASFA note). Section totals only; individual expenditure line items are in the PDF and were not extracted. Quarter dates assumed calendar quarter from the name; release (publication) date not printed in the PDF."
D12-000249,12,ASFA Retirement Standard - September quarter 2025 budgets,,September quarter 2025,2025-07-01,2025-09-30,,asfa_budget_total_annual_aud,Total annual expenditure,total,54240,AUD/year,nominal AUD in September quarter 2025 prices (CPI-updated quarterly by ASFA),ASFA hypothetical retiree household budget: relatively healthy retirees owning their home outright,Australia,retirees aged 65-84,,single,,,comfortable lifestyle,tenure=homeowner (owns home outright),asfa_ASFA_Retirement_Standard_Budgets_Sept-25_quarter.pdf,https://www.superannuation.asn.au/wp-content/uploads/2025/12/ASFA_Retirement_Standard_Budgets_Sept-25_quarter.pdf,ASFA Retirement Standard tables - retirees aged 65-84 (homeowners) - September quarter 2025,"PDF pages 2-3, row 'Total annual expenditure'",OK,"Hypothetical ASFA retiree budget (healthy retirees); the budget table is an expenditure benchmark, not an observed spending statistic. Weekly numbers are as printed; annual = weekly x 52.2 within rounding. Totals may not exactly equal sum of components (ASFA note). Section totals only; individual expenditure line items are in the PDF and were not extracted. Quarter dates assumed calendar quarter from the name; release (publication) date not printed in the PDF."
D12-000250,12,ASFA Retirement Standard - September quarter 2025 budgets,,September quarter 2025,2025-07-01,2025-09-30,,asfa_budget_total_annual_aud,Total annual expenditure,total,35199,AUD/year,nominal AUD in September quarter 2025 prices (CPI-updated quarterly by ASFA),ASFA hypothetical retiree household budget: relatively healthy retirees owning their home outright,Australia,retirees aged 65-84,,single,,,modest lifestyle,tenure=homeowner (owns home outright),asfa_ASFA_Retirement_Standard_Budgets_Sept-25_quarter.pdf,https://www.superannuation.asn.au/wp-content/uploads/2025/12/ASFA_Retirement_Standard_Budgets_Sept-25_quarter.pdf,ASFA Retirement Standard tables - retirees aged 65-84 (homeowners) - September quarter 2025,"PDF pages 2-3, row 'Total annual expenditure'",OK,"Hypothetical ASFA retiree budget (healthy retirees); the budget table is an expenditure benchmark, not an observed spending statistic. Weekly numbers are as printed; annual = weekly x 52.2 within rounding. Totals may not exactly equal sum of components (ASFA note). Section totals only; individual expenditure line items are in the PDF and were not extracted. Quarter dates assumed calendar quarter from the name; release (publication) date not printed in the PDF."
D12-000251,12,ASFA Retirement Standard - September quarter 2025 budgets,,September quarter 2025,2025-07-01,2025-09-30,,asfa_renter_private_rent_weekly_aud,"Private rent (after receipt of Rent Allowance), weekly",other,437.84,AUD/week,nominal AUD in September quarter 2025 prices (CPI-updated quarterly by ASFA),ASFA hypothetical retiree household budget: relatively healthy retirees renting privately; Rent Allowance entitlement taken into account,Australia,retirees aged 65-84,,couple,,,modest lifestyle,tenure=private renter (modest lifestyle only),asfa_ASFA_Retirement_Standard_Budgets_Sept-25_quarter.pdf,https://www.superannuation.asn.au/wp-content/uploads/2025/12/ASFA_Retirement_Standard_Budgets_Sept-25_quarter.pdf,ASFA Retirement Standard tables - retirees aged 65-84 (renters) - September quarter 2025,"PDF pages 4-5, row 'Private rent (after receipt of Rent Allowance)'",OK,"Hypothetical ASFA retiree budget (healthy retirees); the budget table is an expenditure benchmark, not an observed spending statistic. Weekly numbers are as printed; annual = weekly x 52.2 within rounding. Totals may not exactly equal sum of components (ASFA note). Section totals only; individual expenditure line items are in the PDF and were not extracted. Quarter dates assumed calendar quarter from the name; release (publication) date not printed in the PDF."
D12-000252,12,ASFA Retirement Standard - September quarter 2025 budgets,,September quarter 2025,2025-07-01,2025-09-30,,asfa_renter_private_rent_weekly_aud,"Private rent (after receipt of Rent Allowance), weekly",other,386.93,AUD/week,nominal AUD in September quarter 2025 prices (CPI-updated quarterly by ASFA),ASFA hypothetical retiree household budget: relatively healthy retirees renting privately; Rent Allowance entitlement taken into account,Australia,retirees aged 65-84,,single,,,modest lifestyle,tenure=private renter (modest lifestyle only),asfa_ASFA_Retirement_Standard_Budgets_Sept-25_quarter.pdf,https://www.superannuation.asn.au/wp-content/uploads/2025/12/ASFA_Retirement_Standard_Budgets_Sept-25_quarter.pdf,ASFA Retirement Standard tables - retirees aged 65-84 (renters) - September quarter 2025,"PDF pages 4-5, row 'Private rent (after receipt of Rent Allowance)'",OK,"Hypothetical ASFA retiree budget (healthy retirees); the budget table is an expenditure benchmark, not an observed spending statistic. Weekly numbers are as printed; annual = weekly x 52.2 within rounding. Totals may not exactly equal sum of components (ASFA note). Section totals only; individual expenditure line items are in the PDF and were not extracted. Quarter dates assumed calendar quarter from the name; release (publication) date not printed in the PDF."
D12-000253,12,ASFA Retirement Standard - September quarter 2025 budgets,,September quarter 2025,2025-07-01,2025-09-30,,asfa_renter_moving_cost_allowance_weekly_aud,"Allowance for moving costs due to limited tenure period, weekly",other,20.0,AUD/week,nominal AUD in September quarter 2025 prices (CPI-updated quarterly by ASFA),ASFA hypothetical retiree household budget: relatively healthy retirees renting privately; Rent Allowance entitlement taken into account,Australia,retirees aged 65-84,,couple,,,modest lifestyle,tenure=private renter (modest lifestyle only),asfa_ASFA_Retirement_Standard_Budgets_Sept-25_quarter.pdf,https://www.superannuation.asn.au/wp-content/uploads/2025/12/ASFA_Retirement_Standard_Budgets_Sept-25_quarter.pdf,ASFA Retirement Standard tables - retirees aged 65-84 (renters) - September quarter 2025,"PDF pages 4-5, row 'Allowance for moving costs due to limited tenure period'",OK,"Hypothetical ASFA retiree budget (healthy retirees); the budget table is an expenditure benchmark, not an observed spending statistic. Weekly numbers are as printed; annual = weekly x 52.2 within rounding. Totals may not exactly equal sum of components (ASFA note). Section totals only; individual expenditure line items are in the PDF and were not extracted. Quarter dates assumed calendar quarter from the name; release (publication) date not printed in the PDF."
D12-000254,12,ASFA Retirement Standard - September quarter 2025 budgets,,September quarter 2025,2025-07-01,2025-09-30,,asfa_renter_moving_cost_allowance_weekly_aud,"Allowance for moving costs due to limited tenure period, weekly",other,20.0,AUD/week,nominal AUD in September quarter 2025 prices (CPI-updated quarterly by ASFA),ASFA hypothetical retiree household budget: relatively healthy retirees renting privately; Rent Allowance entitlement taken into account,Australia,retirees aged 65-84,,single,,,modest lifestyle,tenure=private renter (modest lifestyle only),asfa_ASFA_Retirement_Standard_Budgets_Sept-25_quarter.pdf,https://www.superannuation.asn.au/wp-content/uploads/2025/12/ASFA_Retirement_Standard_Budgets_Sept-25_quarter.pdf,ASFA Retirement Standard tables - retirees aged 65-84 (renters) - September quarter 2025,"PDF pages 4-5, row 'Allowance for moving costs due to limited tenure period'",OK,"Hypothetical ASFA retiree budget (healthy retirees); the budget table is an expenditure benchmark, not an observed spending statistic. Weekly numbers are as printed; annual = weekly x 52.2 within rounding. Totals may not exactly equal sum of components (ASFA note). Section totals only; individual expenditure line items are in the PDF and were not extracted. Quarter dates assumed calendar quarter from the name; release (publication) date not printed in the PDF."
D12-000255,12,ASFA Retirement Standard - September quarter 2025 budgets,,September quarter 2025,2025-07-01,2025-09-30,,asfa_budget_total_housing_weekly_aud,Total housing (weekly),total,457.84,AUD/week,nominal AUD in September quarter 2025 prices (CPI-updated quarterly by ASFA),ASFA hypothetical retiree household budget: relatively healthy retirees renting privately; Rent Allowance entitlement taken into account,Australia,retirees aged 65-84,,couple,,,modest lifestyle,tenure=private renter (modest lifestyle only),asfa_ASFA_Retirement_Standard_Budgets_Sept-25_quarter.pdf,https://www.superannuation.asn.au/wp-content/uploads/2025/12/ASFA_Retirement_Standard_Budgets_Sept-25_quarter.pdf,ASFA Retirement Standard tables - retirees aged 65-84 (renters) - September quarter 2025,"PDF pages 4-5, row 'Total housing'",OK,"Hypothetical ASFA retiree budget (healthy retirees); the budget table is an expenditure benchmark, not an observed spending statistic. Weekly numbers are as printed; annual = weekly x 52.2 within rounding. Totals may not exactly equal sum of components (ASFA note). Section totals only; individual expenditure line items are in the PDF and were not extracted. Quarter dates assumed calendar quarter from the name; release (publication) date not printed in the PDF."
D12-000256,12,ASFA Retirement Standard - September quarter 2025 budgets,,September quarter 2025,2025-07-01,2025-09-30,,asfa_budget_total_housing_weekly_aud,Total housing (weekly),total,406.93,AUD/week,nominal AUD in September quarter 2025 prices (CPI-updated quarterly by ASFA),ASFA hypothetical retiree household budget: relatively healthy retirees renting privately; Rent Allowance entitlement taken into account,Australia,retirees aged 65-84,,single,,,modest lifestyle,tenure=private renter (modest lifestyle only),asfa_ASFA_Retirement_Standard_Budgets_Sept-25_quarter.pdf,https://www.superannuation.asn.au/wp-content/uploads/2025/12/ASFA_Retirement_Standard_Budgets_Sept-25_quarter.pdf,ASFA Retirement Standard tables - retirees aged 65-84 (renters) - September quarter 2025,"PDF pages 4-5, row 'Total housing'",OK,"Hypothetical ASFA retiree budget (healthy retirees); the budget table is an expenditure benchmark, not an observed spending statistic. Weekly numbers are as printed; annual = weekly x 52.2 within rounding. Totals may not exactly equal sum of components (ASFA note). Section totals only; individual expenditure line items are in the PDF and were not extracted. Quarter dates assumed calendar quarter from the name; release (publication) date not printed in the PDF."
D12-000257,12,ASFA Retirement Standard - September quarter 2025 budgets,,September quarter 2025,2025-07-01,2025-09-30,,asfa_budget_total_household_goods_services_weekly_aud,Total household goods and services (weekly),total,47.63,AUD/week,nominal AUD in September quarter 2025 prices (CPI-updated quarterly by ASFA),ASFA hypothetical retiree household budget: relatively healthy retirees renting privately; Rent Allowance entitlement taken into account,Australia,retirees aged 65-84,,couple,,,modest lifestyle,tenure=private renter (modest lifestyle only),asfa_ASFA_Retirement_Standard_Budgets_Sept-25_quarter.pdf,https://www.superannuation.asn.au/wp-content/uploads/2025/12/ASFA_Retirement_Standard_Budgets_Sept-25_quarter.pdf,ASFA Retirement Standard tables - retirees aged 65-84 (renters) - September quarter 2025,"PDF pages 4-5, row 'Total household goods and services'",OK,"Hypothetical ASFA retiree budget (healthy retirees); the budget table is an expenditure benchmark, not an observed spending statistic. Weekly numbers are as printed; annual = weekly x 52.2 within rounding. Totals may not exactly equal sum of components (ASFA note). Section totals only; individual expenditure line items are in the PDF and were not extracted. Quarter dates assumed calendar quarter from the name; release (publication) date not printed in the PDF."
D12-000258,12,ASFA Retirement Standard - September quarter 2025 budgets,,September quarter 2025,2025-07-01,2025-09-30,,asfa_budget_total_household_goods_services_weekly_aud,Total household goods and services (weekly),total,40.38,AUD/week,nominal AUD in September quarter 2025 prices (CPI-updated quarterly by ASFA),ASFA hypothetical retiree household budget: relatively healthy retirees renting privately; Rent Allowance entitlement taken into account,Australia,retirees aged 65-84,,single,,,modest lifestyle,tenure=private renter (modest lifestyle only),asfa_ASFA_Retirement_Standard_Budgets_Sept-25_quarter.pdf,https://www.superannuation.asn.au/wp-content/uploads/2025/12/ASFA_Retirement_Standard_Budgets_Sept-25_quarter.pdf,ASFA Retirement Standard tables - retirees aged 65-84 (renters) - September quarter 2025,"PDF pages 4-5, row 'Total household goods and services'",OK,"Hypothetical ASFA retiree budget (healthy retirees); the budget table is an expenditure benchmark, not an observed spending statistic. Weekly numbers are as printed; annual = weekly x 52.2 within rounding. Totals may not exactly equal sum of components (ASFA note). Section totals only; individual expenditure line items are in the PDF and were not extracted. Quarter dates assumed calendar quarter from the name; release (publication) date not printed in the PDF."
D12-000259,12,ASFA Retirement Standard - September quarter 2025 budgets,,September quarter 2025,2025-07-01,2025-09-30,,asfa_budget_total_transport_weekly_aud,Total transport (weekly),total,116.71,AUD/week,nominal AUD in September quarter 2025 prices (CPI-updated quarterly by ASFA),ASFA hypothetical retiree household budget: relatively healthy retirees renting privately; Rent Allowance entitlement taken into account,Australia,retirees aged 65-84,,couple,,,modest lifestyle,tenure=private renter (modest lifestyle only),asfa_ASFA_Retirement_Standard_Budgets_Sept-25_quarter.pdf,https://www.superannuation.asn.au/wp-content/uploads/2025/12/ASFA_Retirement_Standard_Budgets_Sept-25_quarter.pdf,ASFA Retirement Standard tables - retirees aged 65-84 (renters) - September quarter 2025,"PDF pages 4-5, row 'Total transport'",OK,"Hypothetical ASFA retiree budget (healthy retirees); the budget table is an expenditure benchmark, not an observed spending statistic. Weekly numbers are as printed; annual = weekly x 52.2 within rounding. Totals may not exactly equal sum of components (ASFA note). Section totals only; individual expenditure line items are in the PDF and were not extracted. Quarter dates assumed calendar quarter from the name; release (publication) date not printed in the PDF."
D12-000260,12,ASFA Retirement Standard - September quarter 2025 budgets,,September quarter 2025,2025-07-01,2025-09-30,,asfa_budget_total_transport_weekly_aud,Total transport (weekly),total,109.56,AUD/week,nominal AUD in September quarter 2025 prices (CPI-updated quarterly by ASFA),ASFA hypothetical retiree household budget: relatively healthy retirees renting privately; Rent Allowance entitlement taken into account,Australia,retirees aged 65-84,,single,,,modest lifestyle,tenure=private renter (modest lifestyle only),asfa_ASFA_Retirement_Standard_Budgets_Sept-25_quarter.pdf,https://www.superannuation.asn.au/wp-content/uploads/2025/12/ASFA_Retirement_Standard_Budgets_Sept-25_quarter.pdf,ASFA Retirement Standard tables - retirees aged 65-84 (renters) - September quarter 2025,"PDF pages 4-5, row 'Total transport'",OK,"Hypothetical ASFA retiree budget (healthy retirees); the budget table is an expenditure benchmark, not an observed spending statistic. Weekly numbers are as printed; annual = weekly x 52.2 within rounding. Totals may not exactly equal sum of components (ASFA note). Section totals only; individual expenditure line items are in the PDF and were not extracted. Quarter dates assumed calendar quarter from the name; release (publication) date not printed in the PDF."
D12-000261,12,ASFA Retirement Standard - September quarter 2025 budgets,,September quarter 2025,2025-07-01,2025-09-30,,asfa_budget_total_health_services_weekly_aud,Total health services (weekly),total,115.6,AUD/week,nominal AUD in September quarter 2025 prices (CPI-updated quarterly by ASFA),ASFA hypothetical retiree household budget: relatively healthy retirees renting privately; Rent Allowance entitlement taken into account,Australia,retirees aged 65-84,,couple,,,modest lifestyle,tenure=private renter (modest lifestyle only),asfa_ASFA_Retirement_Standard_Budgets_Sept-25_quarter.pdf,https://www.superannuation.asn.au/wp-content/uploads/2025/12/ASFA_Retirement_Standard_Budgets_Sept-25_quarter.pdf,ASFA Retirement Standard tables - retirees aged 65-84 (renters) - September quarter 2025,"PDF pages 4-5, row 'Total health services'",OK,"Hypothetical ASFA retiree budget (healthy retirees); the budget table is an expenditure benchmark, not an observed spending statistic. Weekly numbers are as printed; annual = weekly x 52.2 within rounding. Totals may not exactly equal sum of components (ASFA note). Section totals only; individual expenditure line items are in the PDF and were not extracted. Quarter dates assumed calendar quarter from the name; release (publication) date not printed in the PDF."
D12-000262,12,ASFA Retirement Standard - September quarter 2025 budgets,,September quarter 2025,2025-07-01,2025-09-30,,asfa_budget_total_health_services_weekly_aud,Total health services (weekly),total,59.67,AUD/week,nominal AUD in September quarter 2025 prices (CPI-updated quarterly by ASFA),ASFA hypothetical retiree household budget: relatively healthy retirees renting privately; Rent Allowance entitlement taken into account,Australia,retirees aged 65-84,,single,,,modest lifestyle,tenure=private renter (modest lifestyle only),asfa_ASFA_Retirement_Standard_Budgets_Sept-25_quarter.pdf,https://www.superannuation.asn.au/wp-content/uploads/2025/12/ASFA_Retirement_Standard_Budgets_Sept-25_quarter.pdf,ASFA Retirement Standard tables - retirees aged 65-84 (renters) - September quarter 2025,"PDF pages 4-5, row 'Total health services'",OK,"Hypothetical ASFA retiree budget (healthy retirees); the budget table is an expenditure benchmark, not an observed spending statistic. Weekly numbers are as printed; annual = weekly x 52.2 within rounding. Totals may not exactly equal sum of components (ASFA note). Section totals only; individual expenditure line items are in the PDF and were not extracted. Quarter dates assumed calendar quarter from the name; release (publication) date not printed in the PDF."
D12-000263,12,ASFA Retirement Standard - September quarter 2025 budgets,,September quarter 2025,2025-07-01,2025-09-30,,asfa_budget_total_leisure_weekly_aud,Total leisure (weekly),total,189.43,AUD/week,nominal AUD in September quarter 2025 prices (CPI-updated quarterly by ASFA),ASFA hypothetical retiree household budget: relatively healthy retirees renting privately; Rent Allowance entitlement taken into account,Australia,retirees aged 65-84,,couple,,,modest lifestyle,tenure=private renter (modest lifestyle only),asfa_ASFA_Retirement_Standard_Budgets_Sept-25_quarter.pdf,https://www.superannuation.asn.au/wp-content/uploads/2025/12/ASFA_Retirement_Standard_Budgets_Sept-25_quarter.pdf,ASFA Retirement Standard tables - retirees aged 65-84 (renters) - September quarter 2025,"PDF pages 4-5, row 'Total leisure'",OK,"Hypothetical ASFA retiree budget (healthy retirees); the budget table is an expenditure benchmark, not an observed spending statistic. Weekly numbers are as printed; annual = weekly x 52.2 within rounding. Totals may not exactly equal sum of components (ASFA note). Section totals only; individual expenditure line items are in the PDF and were not extracted. Quarter dates assumed calendar quarter from the name; release (publication) date not printed in the PDF."
D12-000264,12,ASFA Retirement Standard - September quarter 2025 budgets,,September quarter 2025,2025-07-01,2025-09-30,,asfa_budget_total_leisure_weekly_aud,Total leisure (weekly),total,122.33,AUD/week,nominal AUD in September quarter 2025 prices (CPI-updated quarterly by ASFA),ASFA hypothetical retiree household budget: relatively healthy retirees renting privately; Rent Allowance entitlement taken into account,Australia,retirees aged 65-84,,single,,,modest lifestyle,tenure=private renter (modest lifestyle only),asfa_ASFA_Retirement_Standard_Budgets_Sept-25_quarter.pdf,https://www.superannuation.asn.au/wp-content/uploads/2025/12/ASFA_Retirement_Standard_Budgets_Sept-25_quarter.pdf,ASFA Retirement Standard tables - retirees aged 65-84 (renters) - September quarter 2025,"PDF pages 4-5, row 'Total leisure'",OK,"Hypothetical ASFA retiree budget (healthy retirees); the budget table is an expenditure benchmark, not an observed spending statistic. Weekly numbers are as printed; annual = weekly x 52.2 within rounding. Totals may not exactly equal sum of components (ASFA note). Section totals only; individual expenditure line items are in the PDF and were not extracted. Quarter dates assumed calendar quarter from the name; release (publication) date not printed in the PDF."
D12-000265,12,ASFA Retirement Standard - September quarter 2025 budgets,,September quarter 2025,2025-07-01,2025-09-30,,asfa_budget_total_weekly_aud,Total weekly expenditure,total,1285.92,AUD/week,nominal AUD in September quarter 2025 prices (CPI-updated quarterly by ASFA),ASFA hypothetical retiree household budget: relatively healthy retirees renting privately; Rent Allowance entitlement taken into account,Australia,retirees aged 65-84,,couple,,,modest lifestyle,tenure=private renter (modest lifestyle only),asfa_ASFA_Retirement_Standard_Budgets_Sept-25_quarter.pdf,https://www.superannuation.asn.au/wp-content/uploads/2025/12/ASFA_Retirement_Standard_Budgets_Sept-25_quarter.pdf,ASFA Retirement Standard tables - retirees aged 65-84 (renters) - September quarter 2025,"PDF pages 4-5, row 'Total weekly expenditure'",OK,"Hypothetical ASFA retiree budget (healthy retirees); the budget table is an expenditure benchmark, not an observed spending statistic. Weekly numbers are as printed; annual = weekly x 52.2 within rounding. Totals may not exactly equal sum of components (ASFA note). Section totals only; individual expenditure line items are in the PDF and were not extracted. Quarter dates assumed calendar quarter from the name; release (publication) date not printed in the PDF."
D12-000266,12,ASFA Retirement Standard - September quarter 2025 budgets,,September quarter 2025,2025-07-01,2025-09-30,,asfa_budget_total_weekly_aud,Total weekly expenditure,total,951.65,AUD/week,nominal AUD in September quarter 2025 prices (CPI-updated quarterly by ASFA),ASFA hypothetical retiree household budget: relatively healthy retirees renting privately; Rent Allowance entitlement taken into account,Australia,retirees aged 65-84,,single,,,modest lifestyle,tenure=private renter (modest lifestyle only),asfa_ASFA_Retirement_Standard_Budgets_Sept-25_quarter.pdf,https://www.superannuation.asn.au/wp-content/uploads/2025/12/ASFA_Retirement_Standard_Budgets_Sept-25_quarter.pdf,ASFA Retirement Standard tables - retirees aged 65-84 (renters) - September quarter 2025,"PDF pages 4-5, row 'Total weekly expenditure'",OK,"Hypothetical ASFA retiree budget (healthy retirees); the budget table is an expenditure benchmark, not an observed spending statistic. Weekly numbers are as printed; annual = weekly x 52.2 within rounding. Totals may not exactly equal sum of components (ASFA note). Section totals only; individual expenditure line items are in the PDF and were not extracted. Quarter dates assumed calendar quarter from the name; release (publication) date not printed in the PDF."
D12-000267,12,ASFA Retirement Standard - September quarter 2025 budgets,,September quarter 2025,2025-07-01,2025-09-30,,asfa_budget_total_annual_aud,Total annual expenditure,total,67125,AUD/year,nominal AUD in September quarter 2025 prices (CPI-updated quarterly by ASFA),ASFA hypothetical retiree household budget: relatively healthy retirees renting privately; Rent Allowance entitlement taken into account,Australia,retirees aged 65-84,,couple,,,modest lifestyle,tenure=private renter (modest lifestyle only),asfa_ASFA_Retirement_Standard_Budgets_Sept-25_quarter.pdf,https://www.superannuation.asn.au/wp-content/uploads/2025/12/ASFA_Retirement_Standard_Budgets_Sept-25_quarter.pdf,ASFA Retirement Standard tables - retirees aged 65-84 (renters) - September quarter 2025,"PDF pages 4-5, row 'Total annual expenditure'",OK,"Hypothetical ASFA retiree budget (healthy retirees); the budget table is an expenditure benchmark, not an observed spending statistic. Weekly numbers are as printed; annual = weekly x 52.2 within rounding. Totals may not exactly equal sum of components (ASFA note). Section totals only; individual expenditure line items are in the PDF and were not extracted. Quarter dates assumed calendar quarter from the name; release (publication) date not printed in the PDF."
D12-000268,12,ASFA Retirement Standard - September quarter 2025 budgets,,September quarter 2025,2025-07-01,2025-09-30,,asfa_budget_total_annual_aud,Total annual expenditure,total,49676,AUD/year,nominal AUD in September quarter 2025 prices (CPI-updated quarterly by ASFA),ASFA hypothetical retiree household budget: relatively healthy retirees renting privately; Rent Allowance entitlement taken into account,Australia,retirees aged 65-84,,single,,,modest lifestyle,tenure=private renter (modest lifestyle only),asfa_ASFA_Retirement_Standard_Budgets_Sept-25_quarter.pdf,https://www.superannuation.asn.au/wp-content/uploads/2025/12/ASFA_Retirement_Standard_Budgets_Sept-25_quarter.pdf,ASFA Retirement Standard tables - retirees aged 65-84 (renters) - September quarter 2025,"PDF pages 4-5, row 'Total annual expenditure'",OK,"Hypothetical ASFA retiree budget (healthy retirees); the budget table is an expenditure benchmark, not an observed spending statistic. Weekly numbers are as printed; annual = weekly x 52.2 within rounding. Totals may not exactly equal sum of components (ASFA note). Section totals only; individual expenditure line items are in the PDF and were not extracted. Quarter dates assumed calendar quarter from the name; release (publication) date not printed in the PDF."
D12-000269,12,ASFA Retirement Standard - September quarter 2025 budgets,,September quarter 2025,2025-07-01,2025-09-30,,asfa_budget_total_housing_weekly_aud,Total housing (weekly),total,159.07,AUD/week,nominal AUD in September quarter 2025 prices (CPI-updated quarterly by ASFA),ASFA hypothetical retiree household budget: relatively healthy retirees owning their home outright,Australia,retirees aged over 85,,couple,,,comfortable lifestyle,tenure=homeowner (owns home outright),asfa_ASFA_Retirement_Standard_Budgets_Sept-25_quarter.pdf,https://www.superannuation.asn.au/wp-content/uploads/2025/12/ASFA_Retirement_Standard_Budgets_Sept-25_quarter.pdf,ASFA Retirement Standard tables - retirees aged over 85 (homeowners) - September quarter 2025,"PDF pages 6-7, row 'Total housing'",OK,"Hypothetical ASFA retiree budget (healthy retirees); the budget table is an expenditure benchmark, not an observed spending statistic. Weekly numbers are as printed; annual = weekly x 52.2 within rounding. Totals may not exactly equal sum of components (ASFA note). Section totals only; individual expenditure line items are in the PDF and were not extracted. Quarter dates assumed calendar quarter from the name; release (publication) date not printed in the PDF."
D12-000270,12,ASFA Retirement Standard - September quarter 2025 budgets,,September quarter 2025,2025-07-01,2025-09-30,,asfa_budget_total_housing_weekly_aud,Total housing (weekly),total,146.36,AUD/week,nominal AUD in September quarter 2025 prices (CPI-updated quarterly by ASFA),ASFA hypothetical retiree household budget: relatively healthy retirees owning their home outright,Australia,retirees aged over 85,,couple,,,modest lifestyle,tenure=homeowner (owns home outright),asfa_ASFA_Retirement_Standard_Budgets_Sept-25_quarter.pdf,https://www.superannuation.asn.au/wp-content/uploads/2025/12/ASFA_Retirement_Standard_Budgets_Sept-25_quarter.pdf,ASFA Retirement Standard tables - retirees aged over 85 (homeowners) - September quarter 2025,"PDF pages 6-7, row 'Total housing'",OK,"Hypothetical ASFA retiree budget (healthy retirees); the budget table is an expenditure benchmark, not an observed spending statistic. Weekly numbers are as printed; annual = weekly x 52.2 within rounding. Totals may not exactly equal sum of components (ASFA note). Section totals only; individual expenditure line items are in the PDF and were not extracted. Quarter dates assumed calendar quarter from the name; release (publication) date not printed in the PDF."
D12-000271,12,ASFA Retirement Standard - September quarter 2025 budgets,,September quarter 2025,2025-07-01,2025-09-30,,asfa_budget_total_housing_weekly_aud,Total housing (weekly),total,152.44,AUD/week,nominal AUD in September quarter 2025 prices (CPI-updated quarterly by ASFA),ASFA hypothetical retiree household budget: relatively healthy retirees owning their home outright,Australia,retirees aged over 85,,single,,,comfortable lifestyle,tenure=homeowner (owns home outright),asfa_ASFA_Retirement_Standard_Budgets_Sept-25_quarter.pdf,https://www.superannuation.asn.au/wp-content/uploads/2025/12/ASFA_Retirement_Standard_Budgets_Sept-25_quarter.pdf,ASFA Retirement Standard tables - retirees aged over 85 (homeowners) - September quarter 2025,"PDF pages 6-7, row 'Total housing'",OK,"Hypothetical ASFA retiree budget (healthy retirees); the budget table is an expenditure benchmark, not an observed spending statistic. Weekly numbers are as printed; annual = weekly x 52.2 within rounding. Totals may not exactly equal sum of components (ASFA note). Section totals only; individual expenditure line items are in the PDF and were not extracted. Quarter dates assumed calendar quarter from the name; release (publication) date not printed in the PDF."
D12-000272,12,ASFA Retirement Standard - September quarter 2025 budgets,,September quarter 2025,2025-07-01,2025-09-30,,asfa_budget_total_housing_weekly_aud,Total housing (weekly),total,129.59,AUD/week,nominal AUD in September quarter 2025 prices (CPI-updated quarterly by ASFA),ASFA hypothetical retiree household budget: relatively healthy retirees owning their home outright,Australia,retirees aged over 85,,single,,,modest lifestyle,tenure=homeowner (owns home outright),asfa_ASFA_Retirement_Standard_Budgets_Sept-25_quarter.pdf,https://www.superannuation.asn.au/wp-content/uploads/2025/12/ASFA_Retirement_Standard_Budgets_Sept-25_quarter.pdf,ASFA Retirement Standard tables - retirees aged over 85 (homeowners) - September quarter 2025,"PDF pages 6-7, row 'Total housing'",OK,"Hypothetical ASFA retiree budget (healthy retirees); the budget table is an expenditure benchmark, not an observed spending statistic. Weekly numbers are as printed; annual = weekly x 52.2 within rounding. Totals may not exactly equal sum of components (ASFA note). Section totals only; individual expenditure line items are in the PDF and were not extracted. Quarter dates assumed calendar quarter from the name; release (publication) date not printed in the PDF."
D12-000273,12,ASFA Retirement Standard - September quarter 2025 budgets,,September quarter 2025,2025-07-01,2025-09-30,,asfa_budget_total_household_goods_services_weekly_aud,Total household goods and services (weekly),total,212.11,AUD/week,nominal AUD in September quarter 2025 prices (CPI-updated quarterly by ASFA),ASFA hypothetical retiree household budget: relatively healthy retirees owning their home outright,Australia,retirees aged over 85,,couple,,,comfortable lifestyle,tenure=homeowner (owns home outright),asfa_ASFA_Retirement_Standard_Budgets_Sept-25_quarter.pdf,https://www.superannuation.asn.au/wp-content/uploads/2025/12/ASFA_Retirement_Standard_Budgets_Sept-25_quarter.pdf,ASFA Retirement Standard tables - retirees aged over 85 (homeowners) - September quarter 2025,"PDF pages 6-7, row 'Total household goods and services'",OK,"Hypothetical ASFA retiree budget (healthy retirees); the budget table is an expenditure benchmark, not an observed spending statistic. Weekly numbers are as printed; annual = weekly x 52.2 within rounding. Totals may not exactly equal sum of components (ASFA note). Section totals only; individual expenditure line items are in the PDF and were not extracted. Quarter dates assumed calendar quarter from the name; release (publication) date not printed in the PDF."
D12-000274,12,ASFA Retirement Standard - September quarter 2025 budgets,,September quarter 2025,2025-07-01,2025-09-30,,asfa_budget_total_household_goods_services_weekly_aud,Total household goods and services (weekly),total,90.02,AUD/week,nominal AUD in September quarter 2025 prices (CPI-updated quarterly by ASFA),ASFA hypothetical retiree household budget: relatively healthy retirees owning their home outright,Australia,retirees aged over 85,,couple,,,modest lifestyle,tenure=homeowner (owns home outright),asfa_ASFA_Retirement_Standard_Budgets_Sept-25_quarter.pdf,https://www.superannuation.asn.au/wp-content/uploads/2025/12/ASFA_Retirement_Standard_Budgets_Sept-25_quarter.pdf,ASFA Retirement Standard tables - retirees aged over 85 (homeowners) - September quarter 2025,"PDF pages 6-7, row 'Total household goods and services'",OK,"Hypothetical ASFA retiree budget (healthy retirees); the budget table is an expenditure benchmark, not an observed spending statistic. Weekly numbers are as printed; annual = weekly x 52.2 within rounding. Totals may not exactly equal sum of components (ASFA note). Section totals only; individual expenditure line items are in the PDF and were not extracted. Quarter dates assumed calendar quarter from the name; release (publication) date not printed in the PDF."
D12-000275,12,ASFA Retirement Standard - September quarter 2025 budgets,,September quarter 2025,2025-07-01,2025-09-30,,asfa_budget_total_household_goods_services_weekly_aud,Total household goods and services (weekly),total,175.14,AUD/week,nominal AUD in September quarter 2025 prices (CPI-updated quarterly by ASFA),ASFA hypothetical retiree household budget: relatively healthy retirees owning their home outright,Australia,retirees aged over 85,,single,,,comfortable lifestyle,tenure=homeowner (owns home outright),asfa_ASFA_Retirement_Standard_Budgets_Sept-25_quarter.pdf,https://www.superannuation.asn.au/wp-content/uploads/2025/12/ASFA_Retirement_Standard_Budgets_Sept-25_quarter.pdf,ASFA Retirement Standard tables - retirees aged over 85 (homeowners) - September quarter 2025,"PDF pages 6-7, row 'Total household goods and services'",OK,"Hypothetical ASFA retiree budget (healthy retirees); the budget table is an expenditure benchmark, not an observed spending statistic. Weekly numbers are as printed; annual = weekly x 52.2 within rounding. Totals may not exactly equal sum of components (ASFA note). Section totals only; individual expenditure line items are in the PDF and were not extracted. Quarter dates assumed calendar quarter from the name; release (publication) date not printed in the PDF."
D12-000276,12,ASFA Retirement Standard - September quarter 2025 budgets,,September quarter 2025,2025-07-01,2025-09-30,,asfa_budget_total_household_goods_services_weekly_aud,Total household goods and services (weekly),total,62.49,AUD/week,nominal AUD in September quarter 2025 prices (CPI-updated quarterly by ASFA),ASFA hypothetical retiree household budget: relatively healthy retirees owning their home outright,Australia,retirees aged over 85,,single,,,modest lifestyle,tenure=homeowner (owns home outright),asfa_ASFA_Retirement_Standard_Budgets_Sept-25_quarter.pdf,https://www.superannuation.asn.au/wp-content/uploads/2025/12/ASFA_Retirement_Standard_Budgets_Sept-25_quarter.pdf,ASFA Retirement Standard tables - retirees aged over 85 (homeowners) - September quarter 2025,"PDF pages 6-7, row 'Total household goods and services'",OK,"Hypothetical ASFA retiree budget (healthy retirees); the budget table is an expenditure benchmark, not an observed spending statistic. Weekly numbers are as printed; annual = weekly x 52.2 within rounding. Totals may not exactly equal sum of components (ASFA note). Section totals only; individual expenditure line items are in the PDF and were not extracted. Quarter dates assumed calendar quarter from the name; release (publication) date not printed in the PDF."
D12-000277,12,ASFA Retirement Standard - September quarter 2025 budgets,,September quarter 2025,2025-07-01,2025-09-30,,asfa_budget_total_transport_weekly_aud,Total transport (weekly),total,60.66,AUD/week,nominal AUD in September quarter 2025 prices (CPI-updated quarterly by ASFA),ASFA hypothetical retiree household budget: relatively healthy retirees owning their home outright,Australia,retirees aged over 85,,couple,,,comfortable lifestyle,tenure=homeowner (owns home outright),asfa_ASFA_Retirement_Standard_Budgets_Sept-25_quarter.pdf,https://www.superannuation.asn.au/wp-content/uploads/2025/12/ASFA_Retirement_Standard_Budgets_Sept-25_quarter.pdf,ASFA Retirement Standard tables - retirees aged over 85 (homeowners) - September quarter 2025,"PDF pages 6-7, row 'Total transport'",OK,"Hypothetical ASFA retiree budget (healthy retirees); the budget table is an expenditure benchmark, not an observed spending statistic. Weekly numbers are as printed; annual = weekly x 52.2 within rounding. Totals may not exactly equal sum of components (ASFA note). Section totals only; individual expenditure line items are in the PDF and were not extracted. Quarter dates assumed calendar quarter from the name; release (publication) date not printed in the PDF."
D12-000278,12,ASFA Retirement Standard - September quarter 2025 budgets,,September quarter 2025,2025-07-01,2025-09-30,,asfa_budget_total_transport_weekly_aud,Total transport (weekly),total,55.14,AUD/week,nominal AUD in September quarter 2025 prices (CPI-updated quarterly by ASFA),ASFA hypothetical retiree household budget: relatively healthy retirees owning their home outright,Australia,retirees aged over 85,,couple,,,modest lifestyle,tenure=homeowner (owns home outright),asfa_ASFA_Retirement_Standard_Budgets_Sept-25_quarter.pdf,https://www.superannuation.asn.au/wp-content/uploads/2025/12/ASFA_Retirement_Standard_Budgets_Sept-25_quarter.pdf,ASFA Retirement Standard tables - retirees aged over 85 (homeowners) - September quarter 2025,"PDF pages 6-7, row 'Total transport'",OK,"Hypothetical ASFA retiree budget (healthy retirees); the budget table is an expenditure benchmark, not an observed spending statistic. Weekly numbers are as printed; annual = weekly x 52.2 within rounding. Totals may not exactly equal sum of components (ASFA note). Section totals only; individual expenditure line items are in the PDF and were not extracted. Quarter dates assumed calendar quarter from the name; release (publication) date not printed in the PDF."
D12-000279,12,ASFA Retirement Standard - September quarter 2025 budgets,,September quarter 2025,2025-07-01,2025-09-30,,asfa_budget_total_transport_weekly_aud,Total transport (weekly),total,49.63,AUD/week,nominal AUD in September quarter 2025 prices (CPI-updated quarterly by ASFA),ASFA hypothetical retiree household budget: relatively healthy retirees owning their home outright,Australia,retirees aged over 85,,single,,,comfortable lifestyle,tenure=homeowner (owns home outright),asfa_ASFA_Retirement_Standard_Budgets_Sept-25_quarter.pdf,https://www.superannuation.asn.au/wp-content/uploads/2025/12/ASFA_Retirement_Standard_Budgets_Sept-25_quarter.pdf,ASFA Retirement Standard tables - retirees aged over 85 (homeowners) - September quarter 2025,"PDF pages 6-7, row 'Total transport'",OK,"Hypothetical ASFA retiree budget (healthy retirees); the budget table is an expenditure benchmark, not an observed spending statistic. Weekly numbers are as printed; annual = weekly x 52.2 within rounding. Totals may not exactly equal sum of components (ASFA note). Section totals only; individual expenditure line items are in the PDF and were not extracted. Quarter dates assumed calendar quarter from the name; release (publication) date not printed in the PDF."
D12-000280,12,ASFA Retirement Standard - September quarter 2025 budgets,,September quarter 2025,2025-07-01,2025-09-30,,asfa_budget_total_transport_weekly_aud,Total transport (weekly),total,44.12,AUD/week,nominal AUD in September quarter 2025 prices (CPI-updated quarterly by ASFA),ASFA hypothetical retiree household budget: relatively healthy retirees owning their home outright,Australia,retirees aged over 85,,single,,,modest lifestyle,tenure=homeowner (owns home outright),asfa_ASFA_Retirement_Standard_Budgets_Sept-25_quarter.pdf,https://www.superannuation.asn.au/wp-content/uploads/2025/12/ASFA_Retirement_Standard_Budgets_Sept-25_quarter.pdf,ASFA Retirement Standard tables - retirees aged over 85 (homeowners) - September quarter 2025,"PDF pages 6-7, row 'Total transport'",OK,"Hypothetical ASFA retiree budget (healthy retirees); the budget table is an expenditure benchmark, not an observed spending statistic. Weekly numbers are as printed; annual = weekly x 52.2 within rounding. Totals may not exactly equal sum of components (ASFA note). Section totals only; individual expenditure line items are in the PDF and were not extracted. Quarter dates assumed calendar quarter from the name; release (publication) date not printed in the PDF."
D12-000281,12,ASFA Retirement Standard - September quarter 2025 budgets,,September quarter 2025,2025-07-01,2025-09-30,,asfa_budget_total_health_services_weekly_aud,Total health services (weekly),total,270.85,AUD/week,nominal AUD in September quarter 2025 prices (CPI-updated quarterly by ASFA),ASFA hypothetical retiree household budget: relatively healthy retirees owning their home outright,Australia,retirees aged over 85,,couple,,,comfortable lifestyle,tenure=homeowner (owns home outright),asfa_ASFA_Retirement_Standard_Budgets_Sept-25_quarter.pdf,https://www.superannuation.asn.au/wp-content/uploads/2025/12/ASFA_Retirement_Standard_Budgets_Sept-25_quarter.pdf,ASFA Retirement Standard tables - retirees aged over 85 (homeowners) - September quarter 2025,"PDF pages 6-7, row 'Total health services'",OK,"Hypothetical ASFA retiree budget (healthy retirees); the budget table is an expenditure benchmark, not an observed spending statistic. Weekly numbers are as printed; annual = weekly x 52.2 within rounding. Totals may not exactly equal sum of components (ASFA note). Section totals only; individual expenditure line items are in the PDF and were not extracted. Quarter dates assumed calendar quarter from the name; release (publication) date not printed in the PDF."
D12-000282,12,ASFA Retirement Standard - September quarter 2025 budgets,,September quarter 2025,2025-07-01,2025-09-30,,asfa_budget_total_health_services_weekly_aud,Total health services (weekly),total,146.83,AUD/week,nominal AUD in September quarter 2025 prices (CPI-updated quarterly by ASFA),ASFA hypothetical retiree household budget: relatively healthy retirees owning their home outright,Australia,retirees aged over 85,,couple,,,modest lifestyle,tenure=homeowner (owns home outright),asfa_ASFA_Retirement_Standard_Budgets_Sept-25_quarter.pdf,https://www.superannuation.asn.au/wp-content/uploads/2025/12/ASFA_Retirement_Standard_Budgets_Sept-25_quarter.pdf,ASFA Retirement Standard tables - retirees aged over 85 (homeowners) - September quarter 2025,"PDF pages 6-7, row 'Total health services'",OK,"Hypothetical ASFA retiree budget (healthy retirees); the budget table is an expenditure benchmark, not an observed spending statistic. Weekly numbers are as printed; annual = weekly x 52.2 within rounding. Totals may not exactly equal sum of components (ASFA note). Section totals only; individual expenditure line items are in the PDF and were not extracted. Quarter dates assumed calendar quarter from the name; release (publication) date not printed in the PDF."
D12-000283,12,ASFA Retirement Standard - September quarter 2025 budgets,,September quarter 2025,2025-07-01,2025-09-30,,asfa_budget_total_health_services_weekly_aud,Total health services (weekly),total,173.24,AUD/week,nominal AUD in September quarter 2025 prices (CPI-updated quarterly by ASFA),ASFA hypothetical retiree household budget: relatively healthy retirees owning their home outright,Australia,retirees aged over 85,,single,,,comfortable lifestyle,tenure=homeowner (owns home outright),asfa_ASFA_Retirement_Standard_Budgets_Sept-25_quarter.pdf,https://www.superannuation.asn.au/wp-content/uploads/2025/12/ASFA_Retirement_Standard_Budgets_Sept-25_quarter.pdf,ASFA Retirement Standard tables - retirees aged over 85 (homeowners) - September quarter 2025,"PDF pages 6-7, row 'Total health services'",OK,"Hypothetical ASFA retiree budget (healthy retirees); the budget table is an expenditure benchmark, not an observed spending statistic. Weekly numbers are as printed; annual = weekly x 52.2 within rounding. Totals may not exactly equal sum of components (ASFA note). Section totals only; individual expenditure line items are in the PDF and were not extracted. Quarter dates assumed calendar quarter from the name; release (publication) date not printed in the PDF."
D12-000284,12,ASFA Retirement Standard - September quarter 2025 budgets,,September quarter 2025,2025-07-01,2025-09-30,,asfa_budget_total_health_services_weekly_aud,Total health services (weekly),total,106.21,AUD/week,nominal AUD in September quarter 2025 prices (CPI-updated quarterly by ASFA),ASFA hypothetical retiree household budget: relatively healthy retirees owning their home outright,Australia,retirees aged over 85,,single,,,modest lifestyle,tenure=homeowner (owns home outright),asfa_ASFA_Retirement_Standard_Budgets_Sept-25_quarter.pdf,https://www.superannuation.asn.au/wp-content/uploads/2025/12/ASFA_Retirement_Standard_Budgets_Sept-25_quarter.pdf,ASFA Retirement Standard tables - retirees aged over 85 (homeowners) - September quarter 2025,"PDF pages 6-7, row 'Total health services'",OK,"Hypothetical ASFA retiree budget (healthy retirees); the budget table is an expenditure benchmark, not an observed spending statistic. Weekly numbers are as printed; annual = weekly x 52.2 within rounding. Totals may not exactly equal sum of components (ASFA note). Section totals only; individual expenditure line items are in the PDF and were not extracted. Quarter dates assumed calendar quarter from the name; release (publication) date not printed in the PDF."
D12-000285,12,ASFA Retirement Standard - September quarter 2025 budgets,,September quarter 2025,2025-07-01,2025-09-30,,asfa_budget_total_leisure_weekly_aud,Total leisure (weekly),total,219.48,AUD/week,nominal AUD in September quarter 2025 prices (CPI-updated quarterly by ASFA),ASFA hypothetical retiree household budget: relatively healthy retirees owning their home outright,Australia,retirees aged over 85,,couple,,,comfortable lifestyle,tenure=homeowner (owns home outright),asfa_ASFA_Retirement_Standard_Budgets_Sept-25_quarter.pdf,https://www.superannuation.asn.au/wp-content/uploads/2025/12/ASFA_Retirement_Standard_Budgets_Sept-25_quarter.pdf,ASFA Retirement Standard tables - retirees aged over 85 (homeowners) - September quarter 2025,"PDF pages 6-7, row 'Total leisure'",OK,"Hypothetical ASFA retiree budget (healthy retirees); the budget table is an expenditure benchmark, not an observed spending statistic. Weekly numbers are as printed; annual = weekly x 52.2 within rounding. Totals may not exactly equal sum of components (ASFA note). Section totals only; individual expenditure line items are in the PDF and were not extracted. Quarter dates assumed calendar quarter from the name; release (publication) date not printed in the PDF."
D12-000286,12,ASFA Retirement Standard - September quarter 2025 budgets,,September quarter 2025,2025-07-01,2025-09-30,,asfa_budget_total_leisure_weekly_aud,Total leisure (weekly),total,113.56,AUD/week,nominal AUD in September quarter 2025 prices (CPI-updated quarterly by ASFA),ASFA hypothetical retiree household budget: relatively healthy retirees owning their home outright,Australia,retirees aged over 85,,couple,,,modest lifestyle,tenure=homeowner (owns home outright),asfa_ASFA_Retirement_Standard_Budgets_Sept-25_quarter.pdf,https://www.superannuation.asn.au/wp-content/uploads/2025/12/ASFA_Retirement_Standard_Budgets_Sept-25_quarter.pdf,ASFA Retirement Standard tables - retirees aged over 85 (homeowners) - September quarter 2025,"PDF pages 6-7, row 'Total leisure'",OK,"Hypothetical ASFA retiree budget (healthy retirees); the budget table is an expenditure benchmark, not an observed spending statistic. Weekly numbers are as printed; annual = weekly x 52.2 within rounding. Totals may not exactly equal sum of components (ASFA note). Section totals only; individual expenditure line items are in the PDF and were not extracted. Quarter dates assumed calendar quarter from the name; release (publication) date not printed in the PDF."
D12-000287,12,ASFA Retirement Standard - September quarter 2025 budgets,,September quarter 2025,2025-07-01,2025-09-30,,asfa_budget_total_leisure_weekly_aud,Total leisure (weekly),total,156.27,AUD/week,nominal AUD in September quarter 2025 prices (CPI-updated quarterly by ASFA),ASFA hypothetical retiree household budget: relatively healthy retirees owning their home outright,Australia,retirees aged over 85,,single,,,comfortable lifestyle,tenure=homeowner (owns home outright),asfa_ASFA_Retirement_Standard_Budgets_Sept-25_quarter.pdf,https://www.superannuation.asn.au/wp-content/uploads/2025/12/ASFA_Retirement_Standard_Budgets_Sept-25_quarter.pdf,ASFA Retirement Standard tables - retirees aged over 85 (homeowners) - September quarter 2025,"PDF pages 6-7, row 'Total leisure'",OK,"Hypothetical ASFA retiree budget (healthy retirees); the budget table is an expenditure benchmark, not an observed spending statistic. Weekly numbers are as printed; annual = weekly x 52.2 within rounding. Totals may not exactly equal sum of components (ASFA note). Section totals only; individual expenditure line items are in the PDF and were not extracted. Quarter dates assumed calendar quarter from the name; release (publication) date not printed in the PDF."
D12-000288,12,ASFA Retirement Standard - September quarter 2025 budgets,,September quarter 2025,2025-07-01,2025-09-30,,asfa_budget_total_leisure_weekly_aud,Total leisure (weekly),total,80.54,AUD/week,nominal AUD in September quarter 2025 prices (CPI-updated quarterly by ASFA),ASFA hypothetical retiree household budget: relatively healthy retirees owning their home outright,Australia,retirees aged over 85,,single,,,modest lifestyle,tenure=homeowner (owns home outright),asfa_ASFA_Retirement_Standard_Budgets_Sept-25_quarter.pdf,https://www.superannuation.asn.au/wp-content/uploads/2025/12/ASFA_Retirement_Standard_Budgets_Sept-25_quarter.pdf,ASFA Retirement Standard tables - retirees aged over 85 (homeowners) - September quarter 2025,"PDF pages 6-7, row 'Total leisure'",OK,"Hypothetical ASFA retiree budget (healthy retirees); the budget table is an expenditure benchmark, not an observed spending statistic. Weekly numbers are as printed; annual = weekly x 52.2 within rounding. Totals may not exactly equal sum of components (ASFA note). Section totals only; individual expenditure line items are in the PDF and were not extracted. Quarter dates assumed calendar quarter from the name; release (publication) date not printed in the PDF."
D12-000289,12,ASFA Retirement Standard - September quarter 2025 budgets,,September quarter 2025,2025-07-01,2025-09-30,,asfa_budget_total_weekly_aud,Total weekly expenditure,total,1362.14,AUD/week,nominal AUD in September quarter 2025 prices (CPI-updated quarterly by ASFA),ASFA hypothetical retiree household budget: relatively healthy retirees owning their home outright,Australia,retirees aged over 85,,couple,,,comfortable lifestyle,tenure=homeowner (owns home outright),asfa_ASFA_Retirement_Standard_Budgets_Sept-25_quarter.pdf,https://www.superannuation.asn.au/wp-content/uploads/2025/12/ASFA_Retirement_Standard_Budgets_Sept-25_quarter.pdf,ASFA Retirement Standard tables - retirees aged over 85 (homeowners) - September quarter 2025,"PDF pages 6-7, row 'Total weekly expenditure'",OK,"Hypothetical ASFA retiree budget (healthy retirees); the budget table is an expenditure benchmark, not an observed spending statistic. Weekly numbers are as printed; annual = weekly x 52.2 within rounding. Totals may not exactly equal sum of components (ASFA note). Section totals only; individual expenditure line items are in the PDF and were not extracted. Quarter dates assumed calendar quarter from the name; release (publication) date not printed in the PDF."
D12-000290,12,ASFA Retirement Standard - September quarter 2025 budgets,,September quarter 2025,2025-07-01,2025-09-30,,asfa_budget_total_weekly_aud,Total weekly expenditure,total,910.62,AUD/week,nominal AUD in September quarter 2025 prices (CPI-updated quarterly by ASFA),ASFA hypothetical retiree household budget: relatively healthy retirees owning their home outright,Australia,retirees aged over 85,,couple,,,modest lifestyle,tenure=homeowner (owns home outright),asfa_ASFA_Retirement_Standard_Budgets_Sept-25_quarter.pdf,https://www.superannuation.asn.au/wp-content/uploads/2025/12/ASFA_Retirement_Standard_Budgets_Sept-25_quarter.pdf,ASFA Retirement Standard tables - retirees aged over 85 (homeowners) - September quarter 2025,"PDF pages 6-7, row 'Total weekly expenditure'",OK,"Hypothetical ASFA retiree budget (healthy retirees); the budget table is an expenditure benchmark, not an observed spending statistic. Weekly numbers are as printed; annual = weekly x 52.2 within rounding. Totals may not exactly equal sum of components (ASFA note). Section totals only; individual expenditure line items are in the PDF and were not extracted. Quarter dates assumed calendar quarter from the name; release (publication) date not printed in the PDF."
D12-000291,12,ASFA Retirement Standard - September quarter 2025 budgets,,September quarter 2025,2025-07-01,2025-09-30,,asfa_budget_total_weekly_aud,Total weekly expenditure,total,984.7,AUD/week,nominal AUD in September quarter 2025 prices (CPI-updated quarterly by ASFA),ASFA hypothetical retiree household budget: relatively healthy retirees owning their home outright,Australia,retirees aged over 85,,single,,,comfortable lifestyle,tenure=homeowner (owns home outright),asfa_ASFA_Retirement_Standard_Budgets_Sept-25_quarter.pdf,https://www.superannuation.asn.au/wp-content/uploads/2025/12/ASFA_Retirement_Standard_Budgets_Sept-25_quarter.pdf,ASFA Retirement Standard tables - retirees aged over 85 (homeowners) - September quarter 2025,"PDF pages 6-7, row 'Total weekly expenditure'",OK,"Hypothetical ASFA retiree budget (healthy retirees); the budget table is an expenditure benchmark, not an observed spending statistic. Weekly numbers are as printed; annual = weekly x 52.2 within rounding. Totals may not exactly equal sum of components (ASFA note). Section totals only; individual expenditure line items are in the PDF and were not extracted. Quarter dates assumed calendar quarter from the name; release (publication) date not printed in the PDF."
D12-000292,12,ASFA Retirement Standard - September quarter 2025 budgets,,September quarter 2025,2025-07-01,2025-09-30,,asfa_budget_total_weekly_aud,Total weekly expenditure,total,635.72,AUD/week,nominal AUD in September quarter 2025 prices (CPI-updated quarterly by ASFA),ASFA hypothetical retiree household budget: relatively healthy retirees owning their home outright,Australia,retirees aged over 85,,single,,,modest lifestyle,tenure=homeowner (owns home outright),asfa_ASFA_Retirement_Standard_Budgets_Sept-25_quarter.pdf,https://www.superannuation.asn.au/wp-content/uploads/2025/12/ASFA_Retirement_Standard_Budgets_Sept-25_quarter.pdf,ASFA Retirement Standard tables - retirees aged over 85 (homeowners) - September quarter 2025,"PDF pages 6-7, row 'Total weekly expenditure'",OK,"Hypothetical ASFA retiree budget (healthy retirees); the budget table is an expenditure benchmark, not an observed spending statistic. Weekly numbers are as printed; annual = weekly x 52.2 within rounding. Totals may not exactly equal sum of components (ASFA note). Section totals only; individual expenditure line items are in the PDF and were not extracted. Quarter dates assumed calendar quarter from the name; release (publication) date not printed in the PDF."
D12-000293,12,ASFA Retirement Standard - September quarter 2025 budgets,,September quarter 2025,2025-07-01,2025-09-30,,asfa_budget_total_annual_aud,Total annual expenditure,total,71104,AUD/year,nominal AUD in September quarter 2025 prices (CPI-updated quarterly by ASFA),ASFA hypothetical retiree household budget: relatively healthy retirees owning their home outright,Australia,retirees aged over 85,,couple,,,comfortable lifestyle,tenure=homeowner (owns home outright),asfa_ASFA_Retirement_Standard_Budgets_Sept-25_quarter.pdf,https://www.superannuation.asn.au/wp-content/uploads/2025/12/ASFA_Retirement_Standard_Budgets_Sept-25_quarter.pdf,ASFA Retirement Standard tables - retirees aged over 85 (homeowners) - September quarter 2025,"PDF pages 6-7, row 'Total annual expenditure'",OK,"Hypothetical ASFA retiree budget (healthy retirees); the budget table is an expenditure benchmark, not an observed spending statistic. Weekly numbers are as printed; annual = weekly x 52.2 within rounding. Totals may not exactly equal sum of components (ASFA note). Section totals only; individual expenditure line items are in the PDF and were not extracted. Quarter dates assumed calendar quarter from the name; release (publication) date not printed in the PDF."
D12-000294,12,ASFA Retirement Standard - September quarter 2025 budgets,,September quarter 2025,2025-07-01,2025-09-30,,asfa_budget_total_annual_aud,Total annual expenditure,total,47534,AUD/year,nominal AUD in September quarter 2025 prices (CPI-updated quarterly by ASFA),ASFA hypothetical retiree household budget: relatively healthy retirees owning their home outright,Australia,retirees aged over 85,,couple,,,modest lifestyle,tenure=homeowner (owns home outright),asfa_ASFA_Retirement_Standard_Budgets_Sept-25_quarter.pdf,https://www.superannuation.asn.au/wp-content/uploads/2025/12/ASFA_Retirement_Standard_Budgets_Sept-25_quarter.pdf,ASFA Retirement Standard tables - retirees aged over 85 (homeowners) - September quarter 2025,"PDF pages 6-7, row 'Total annual expenditure'",OK,"Hypothetical ASFA retiree budget (healthy retirees); the budget table is an expenditure benchmark, not an observed spending statistic. Weekly numbers are as printed; annual = weekly x 52.2 within rounding. Totals may not exactly equal sum of components (ASFA note). Section totals only; individual expenditure line items are in the PDF and were not extracted. Quarter dates assumed calendar quarter from the name; release (publication) date not printed in the PDF."
D12-000295,12,ASFA Retirement Standard - September quarter 2025 budgets,,September quarter 2025,2025-07-01,2025-09-30,,asfa_budget_total_annual_aud,Total annual expenditure,total,51401,AUD/year,nominal AUD in September quarter 2025 prices (CPI-updated quarterly by ASFA),ASFA hypothetical retiree household budget: relatively healthy retirees owning their home outright,Australia,retirees aged over 85,,single,,,comfortable lifestyle,tenure=homeowner (owns home outright),asfa_ASFA_Retirement_Standard_Budgets_Sept-25_quarter.pdf,https://www.superannuation.asn.au/wp-content/uploads/2025/12/ASFA_Retirement_Standard_Budgets_Sept-25_quarter.pdf,ASFA Retirement Standard tables - retirees aged over 85 (homeowners) - September quarter 2025,"PDF pages 6-7, row 'Total annual expenditure'",OK,"Hypothetical ASFA retiree budget (healthy retirees); the budget table is an expenditure benchmark, not an observed spending statistic. Weekly numbers are as printed; annual = weekly x 52.2 within rounding. Totals may not exactly equal sum of components (ASFA note). Section totals only; individual expenditure line items are in the PDF and were not extracted. Quarter dates assumed calendar quarter from the name; release (publication) date not printed in the PDF."
D12-000296,12,ASFA Retirement Standard - September quarter 2025 budgets,,September quarter 2025,2025-07-01,2025-09-30,,asfa_budget_total_annual_aud,Total annual expenditure,total,33185,AUD/year,nominal AUD in September quarter 2025 prices (CPI-updated quarterly by ASFA),ASFA hypothetical retiree household budget: relatively healthy retirees owning their home outright,Australia,retirees aged over 85,,single,,,modest lifestyle,tenure=homeowner (owns home outright),asfa_ASFA_Retirement_Standard_Budgets_Sept-25_quarter.pdf,https://www.superannuation.asn.au/wp-content/uploads/2025/12/ASFA_Retirement_Standard_Budgets_Sept-25_quarter.pdf,ASFA Retirement Standard tables - retirees aged over 85 (homeowners) - September quarter 2025,"PDF pages 6-7, row 'Total annual expenditure'",OK,"Hypothetical ASFA retiree budget (healthy retirees); the budget table is an expenditure benchmark, not an observed spending statistic. Weekly numbers are as printed; annual = weekly x 52.2 within rounding. Totals may not exactly equal sum of components (ASFA note). Section totals only; individual expenditure line items are in the PDF and were not extracted. Quarter dates assumed calendar quarter from the name; release (publication) date not printed in the PDF."
D12-000297,12,ASFA Retirement Standard - December quarter 2024 budgets,,December quarter 2024,2024-10-01,2024-12-31,,asfa_budget_total_housing_weekly_aud,Total housing (weekly),total,153.93,AUD/week,nominal AUD in December quarter 2024 prices (CPI-updated quarterly by ASFA),ASFA hypothetical retiree household budget: relatively healthy retirees owning their home outright,Australia,retirees aged 65-84,,couple,,,comfortable lifestyle,tenure=homeowner (owns home outright),asfa_ASFA_Retirement_Standard_Budgets_Dec-24_quarter.pdf,https://www.superannuation.asn.au/wp-content/uploads/2025/03/ASFA_Retirement_Standard_Budgets_Dec-24_quarter.pdf,ASFA Retirement Standard tables - retirees aged 65-84 (homeowners) - December quarter 2024,"PDF pages 2-3, row 'Total housing'",OK,"Hypothetical ASFA retiree budget (healthy retirees); the budget table is an expenditure benchmark, not an observed spending statistic. Weekly numbers are as printed; annual = weekly x 52.2 within rounding. Totals may not exactly equal sum of components (ASFA note). Section totals only; individual expenditure line items are in the PDF and were not extracted. Dec-24 PDF headings say 'retirees aged 65-84' / 'aged over 85' without the homeowner label; ASFA Summary states the standard assumes outright home ownership (renter budget introduced June 2025). Quarter dates assumed calendar quarter from the name; release (publication) date not printed in the PDF."
D12-000298,12,ASFA Retirement Standard - December quarter 2024 budgets,,December quarter 2024,2024-10-01,2024-12-31,,asfa_budget_total_housing_weekly_aud,Total housing (weekly),total,141.65,AUD/week,nominal AUD in December quarter 2024 prices (CPI-updated quarterly by ASFA),ASFA hypothetical retiree household budget: relatively healthy retirees owning their home outright,Australia,retirees aged 65-84,,couple,,,modest lifestyle,tenure=homeowner (owns home outright),asfa_ASFA_Retirement_Standard_Budgets_Dec-24_quarter.pdf,https://www.superannuation.asn.au/wp-content/uploads/2025/03/ASFA_Retirement_Standard_Budgets_Dec-24_quarter.pdf,ASFA Retirement Standard tables - retirees aged 65-84 (homeowners) - December quarter 2024,"PDF pages 2-3, row 'Total housing'",OK,"Hypothetical ASFA retiree budget (healthy retirees); the budget table is an expenditure benchmark, not an observed spending statistic. Weekly numbers are as printed; annual = weekly x 52.2 within rounding. Totals may not exactly equal sum of components (ASFA note). Section totals only; individual expenditure line items are in the PDF and were not extracted. Dec-24 PDF headings say 'retirees aged 65-84' / 'aged over 85' without the homeowner label; ASFA Summary states the standard assumes outright home ownership (renter budget introduced June 2025). Quarter dates assumed calendar quarter from the name; release (publication) date not printed in the PDF."
D12-000299,12,ASFA Retirement Standard - December quarter 2024 budgets,,December quarter 2024,2024-10-01,2024-12-31,,asfa_budget_total_housing_weekly_aud,Total housing (weekly),total,147.45,AUD/week,nominal AUD in December quarter 2024 prices (CPI-updated quarterly by ASFA),ASFA hypothetical retiree household budget: relatively healthy retirees owning their home outright,Australia,retirees aged 65-84,,single,,,comfortable lifestyle,tenure=homeowner (owns home outright),asfa_ASFA_Retirement_Standard_Budgets_Dec-24_quarter.pdf,https://www.superannuation.asn.au/wp-content/uploads/2025/03/ASFA_Retirement_Standard_Budgets_Dec-24_quarter.pdf,ASFA Retirement Standard tables - retirees aged 65-84 (homeowners) - December quarter 2024,"PDF pages 2-3, row 'Total housing'",OK,"Hypothetical ASFA retiree budget (healthy retirees); the budget table is an expenditure benchmark, not an observed spending statistic. Weekly numbers are as printed; annual = weekly x 52.2 within rounding. Totals may not exactly equal sum of components (ASFA note). Section totals only; individual expenditure line items are in the PDF and were not extracted. Dec-24 PDF headings say 'retirees aged 65-84' / 'aged over 85' without the homeowner label; ASFA Summary states the standard assumes outright home ownership (renter budget introduced June 2025). Quarter dates assumed calendar quarter from the name; release (publication) date not printed in the PDF."
D12-000300,12,ASFA Retirement Standard - December quarter 2024 budgets,,December quarter 2024,2024-10-01,2024-12-31,,asfa_budget_total_housing_weekly_aud,Total housing (weekly),total,125.3,AUD/week,nominal AUD in December quarter 2024 prices (CPI-updated quarterly by ASFA),ASFA hypothetical retiree household budget: relatively healthy retirees owning their home outright,Australia,retirees aged 65-84,,single,,,modest lifestyle,tenure=homeowner (owns home outright),asfa_ASFA_Retirement_Standard_Budgets_Dec-24_quarter.pdf,https://www.superannuation.asn.au/wp-content/uploads/2025/03/ASFA_Retirement_Standard_Budgets_Dec-24_quarter.pdf,ASFA Retirement Standard tables - retirees aged 65-84 (homeowners) - December quarter 2024,"PDF pages 2-3, row 'Total housing'",OK,"Hypothetical ASFA retiree budget (healthy retirees); the budget table is an expenditure benchmark, not an observed spending statistic. Weekly numbers are as printed; annual = weekly x 52.2 within rounding. Totals may not exactly equal sum of components (ASFA note). Section totals only; individual expenditure line items are in the PDF and were not extracted. Dec-24 PDF headings say 'retirees aged 65-84' / 'aged over 85' without the homeowner label; ASFA Summary states the standard assumes outright home ownership (renter budget introduced June 2025). Quarter dates assumed calendar quarter from the name; release (publication) date not printed in the PDF."
D12-000301,12,ASFA Retirement Standard - December quarter 2024 budgets,,December quarter 2024,2024-10-01,2024-12-31,,asfa_budget_total_household_goods_services_weekly_aud,Total household goods and services (weekly),total,107.59,AUD/week,nominal AUD in December quarter 2024 prices (CPI-updated quarterly by ASFA),ASFA hypothetical retiree household budget: relatively healthy retirees owning their home outright,Australia,retirees aged 65-84,,couple,,,comfortable lifestyle,tenure=homeowner (owns home outright),asfa_ASFA_Retirement_Standard_Budgets_Dec-24_quarter.pdf,https://www.superannuation.asn.au/wp-content/uploads/2025/03/ASFA_Retirement_Standard_Budgets_Dec-24_quarter.pdf,ASFA Retirement Standard tables - retirees aged 65-84 (homeowners) - December quarter 2024,"PDF pages 2-3, row 'Total household goods and services'",OK,"Hypothetical ASFA retiree budget (healthy retirees); the budget table is an expenditure benchmark, not an observed spending statistic. Weekly numbers are as printed; annual = weekly x 52.2 within rounding. Totals may not exactly equal sum of components (ASFA note). Section totals only; individual expenditure line items are in the PDF and were not extracted. Dec-24 PDF headings say 'retirees aged 65-84' / 'aged over 85' without the homeowner label; ASFA Summary states the standard assumes outright home ownership (renter budget introduced June 2025). Quarter dates assumed calendar quarter from the name; release (publication) date not printed in the PDF."
D12-000302,12,ASFA Retirement Standard - December quarter 2024 budgets,,December quarter 2024,2024-10-01,2024-12-31,,asfa_budget_total_household_goods_services_weekly_aud,Total household goods and services (weekly),total,46.75,AUD/week,nominal AUD in December quarter 2024 prices (CPI-updated quarterly by ASFA),ASFA hypothetical retiree household budget: relatively healthy retirees owning their home outright,Australia,retirees aged 65-84,,couple,,,modest lifestyle,tenure=homeowner (owns home outright),asfa_ASFA_Retirement_Standard_Budgets_Dec-24_quarter.pdf,https://www.superannuation.asn.au/wp-content/uploads/2025/03/ASFA_Retirement_Standard_Budgets_Dec-24_quarter.pdf,ASFA Retirement Standard tables - retirees aged 65-84 (homeowners) - December quarter 2024,"PDF pages 2-3, row 'Total household goods and services'",OK,"Hypothetical ASFA retiree budget (healthy retirees); the budget table is an expenditure benchmark, not an observed spending statistic. Weekly numbers are as printed; annual = weekly x 52.2 within rounding. Totals may not exactly equal sum of components (ASFA note). Section totals only; individual expenditure line items are in the PDF and were not extracted. Dec-24 PDF headings say 'retirees aged 65-84' / 'aged over 85' without the homeowner label; ASFA Summary states the standard assumes outright home ownership (renter budget introduced June 2025). Quarter dates assumed calendar quarter from the name; release (publication) date not printed in the PDF."
D12-000303,12,ASFA Retirement Standard - December quarter 2024 budgets,,December quarter 2024,2024-10-01,2024-12-31,,asfa_budget_total_household_goods_services_weekly_aud,Total household goods and services (weekly),total,86.74,AUD/week,nominal AUD in December quarter 2024 prices (CPI-updated quarterly by ASFA),ASFA hypothetical retiree household budget: relatively healthy retirees owning their home outright,Australia,retirees aged 65-84,,single,,,comfortable lifestyle,tenure=homeowner (owns home outright),asfa_ASFA_Retirement_Standard_Budgets_Dec-24_quarter.pdf,https://www.superannuation.asn.au/wp-content/uploads/2025/03/ASFA_Retirement_Standard_Budgets_Dec-24_quarter.pdf,ASFA Retirement Standard tables - retirees aged 65-84 (homeowners) - December quarter 2024,"PDF pages 2-3, row 'Total household goods and services'",OK,"Hypothetical ASFA retiree budget (healthy retirees); the budget table is an expenditure benchmark, not an observed spending statistic. Weekly numbers are as printed; annual = weekly x 52.2 within rounding. Totals may not exactly equal sum of components (ASFA note). Section totals only; individual expenditure line items are in the PDF and were not extracted. Dec-24 PDF headings say 'retirees aged 65-84' / 'aged over 85' without the homeowner label; ASFA Summary states the standard assumes outright home ownership (renter budget introduced June 2025). Quarter dates assumed calendar quarter from the name; release (publication) date not printed in the PDF."
D12-000304,12,ASFA Retirement Standard - December quarter 2024 budgets,,December quarter 2024,2024-10-01,2024-12-31,,asfa_budget_total_household_goods_services_weekly_aud,Total household goods and services (weekly),total,39.65,AUD/week,nominal AUD in December quarter 2024 prices (CPI-updated quarterly by ASFA),ASFA hypothetical retiree household budget: relatively healthy retirees owning their home outright,Australia,retirees aged 65-84,,single,,,modest lifestyle,tenure=homeowner (owns home outright),asfa_ASFA_Retirement_Standard_Budgets_Dec-24_quarter.pdf,https://www.superannuation.asn.au/wp-content/uploads/2025/03/ASFA_Retirement_Standard_Budgets_Dec-24_quarter.pdf,ASFA Retirement Standard tables - retirees aged 65-84 (homeowners) - December quarter 2024,"PDF pages 2-3, row 'Total household goods and services'",OK,"Hypothetical ASFA retiree budget (healthy retirees); the budget table is an expenditure benchmark, not an observed spending statistic. Weekly numbers are as printed; annual = weekly x 52.2 within rounding. Totals may not exactly equal sum of components (ASFA note). Section totals only; individual expenditure line items are in the PDF and were not extracted. Dec-24 PDF headings say 'retirees aged 65-84' / 'aged over 85' without the homeowner label; ASFA Summary states the standard assumes outright home ownership (renter budget introduced June 2025). Quarter dates assumed calendar quarter from the name; release (publication) date not printed in the PDF."
D12-000305,12,ASFA Retirement Standard - December quarter 2024 budgets,,December quarter 2024,2024-10-01,2024-12-31,,asfa_budget_total_transport_weekly_aud,Total transport (weekly),total,191.39,AUD/week,nominal AUD in December quarter 2024 prices (CPI-updated quarterly by ASFA),ASFA hypothetical retiree household budget: relatively healthy retirees owning their home outright,Australia,retirees aged 65-84,,couple,,,comfortable lifestyle,tenure=homeowner (owns home outright),asfa_ASFA_Retirement_Standard_Budgets_Dec-24_quarter.pdf,https://www.superannuation.asn.au/wp-content/uploads/2025/03/ASFA_Retirement_Standard_Budgets_Dec-24_quarter.pdf,ASFA Retirement Standard tables - retirees aged 65-84 (homeowners) - December quarter 2024,"PDF pages 2-3, row 'Total transport'",OK,"Hypothetical ASFA retiree budget (healthy retirees); the budget table is an expenditure benchmark, not an observed spending statistic. Weekly numbers are as printed; annual = weekly x 52.2 within rounding. Totals may not exactly equal sum of components (ASFA note). Section totals only; individual expenditure line items are in the PDF and were not extracted. Dec-24 PDF headings say 'retirees aged 65-84' / 'aged over 85' without the homeowner label; ASFA Summary states the standard assumes outright home ownership (renter budget introduced June 2025). Quarter dates assumed calendar quarter from the name; release (publication) date not printed in the PDF."
D12-000306,12,ASFA Retirement Standard - December quarter 2024 budgets,,December quarter 2024,2024-10-01,2024-12-31,,asfa_budget_total_transport_weekly_aud,Total transport (weekly),total,115.2,AUD/week,nominal AUD in December quarter 2024 prices (CPI-updated quarterly by ASFA),ASFA hypothetical retiree household budget: relatively healthy retirees owning their home outright,Australia,retirees aged 65-84,,couple,,,modest lifestyle,tenure=homeowner (owns home outright),asfa_ASFA_Retirement_Standard_Budgets_Dec-24_quarter.pdf,https://www.superannuation.asn.au/wp-content/uploads/2025/03/ASFA_Retirement_Standard_Budgets_Dec-24_quarter.pdf,ASFA Retirement Standard tables - retirees aged 65-84 (homeowners) - December quarter 2024,"PDF pages 2-3, row 'Total transport'",OK,"Hypothetical ASFA retiree budget (healthy retirees); the budget table is an expenditure benchmark, not an observed spending statistic. Weekly numbers are as printed; annual = weekly x 52.2 within rounding. Totals may not exactly equal sum of components (ASFA note). Section totals only; individual expenditure line items are in the PDF and were not extracted. Dec-24 PDF headings say 'retirees aged 65-84' / 'aged over 85' without the homeowner label; ASFA Summary states the standard assumes outright home ownership (renter budget introduced June 2025). Quarter dates assumed calendar quarter from the name; release (publication) date not printed in the PDF."
D12-000307,12,ASFA Retirement Standard - December quarter 2024 budgets,,December quarter 2024,2024-10-01,2024-12-31,,asfa_budget_total_transport_weekly_aud,Total transport (weekly),total,176.7,AUD/week,nominal AUD in December quarter 2024 prices (CPI-updated quarterly by ASFA),ASFA hypothetical retiree household budget: relatively healthy retirees owning their home outright,Australia,retirees aged 65-84,,single,,,comfortable lifestyle,tenure=homeowner (owns home outright),asfa_ASFA_Retirement_Standard_Budgets_Dec-24_quarter.pdf,https://www.superannuation.asn.au/wp-content/uploads/2025/03/ASFA_Retirement_Standard_Budgets_Dec-24_quarter.pdf,ASFA Retirement Standard tables - retirees aged 65-84 (homeowners) - December quarter 2024,"PDF pages 2-3, row 'Total transport'",OK,"Hypothetical ASFA retiree budget (healthy retirees); the budget table is an expenditure benchmark, not an observed spending statistic. Weekly numbers are as printed; annual = weekly x 52.2 within rounding. Totals may not exactly equal sum of components (ASFA note). Section totals only; individual expenditure line items are in the PDF and were not extracted. Dec-24 PDF headings say 'retirees aged 65-84' / 'aged over 85' without the homeowner label; ASFA Summary states the standard assumes outright home ownership (renter budget introduced June 2025). Quarter dates assumed calendar quarter from the name; release (publication) date not printed in the PDF."
D12-000308,12,ASFA Retirement Standard - December quarter 2024 budgets,,December quarter 2024,2024-10-01,2024-12-31,,asfa_budget_total_transport_weekly_aud,Total transport (weekly),total,108.14,AUD/week,nominal AUD in December quarter 2024 prices (CPI-updated quarterly by ASFA),ASFA hypothetical retiree household budget: relatively healthy retirees owning their home outright,Australia,retirees aged 65-84,,single,,,modest lifestyle,tenure=homeowner (owns home outright),asfa_ASFA_Retirement_Standard_Budgets_Dec-24_quarter.pdf,https://www.superannuation.asn.au/wp-content/uploads/2025/03/ASFA_Retirement_Standard_Budgets_Dec-24_quarter.pdf,ASFA Retirement Standard tables - retirees aged 65-84 (homeowners) - December quarter 2024,"PDF pages 2-3, row 'Total transport'",OK,"Hypothetical ASFA retiree budget (healthy retirees); the budget table is an expenditure benchmark, not an observed spending statistic. Weekly numbers are as printed; annual = weekly x 52.2 within rounding. Totals may not exactly equal sum of components (ASFA note). Section totals only; individual expenditure line items are in the PDF and were not extracted. Dec-24 PDF headings say 'retirees aged 65-84' / 'aged over 85' without the homeowner label; ASFA Summary states the standard assumes outright home ownership (renter budget introduced June 2025). Quarter dates assumed calendar quarter from the name; release (publication) date not printed in the PDF."
D12-000309,12,ASFA Retirement Standard - December quarter 2024 budgets,,December quarter 2024,2024-10-01,2024-12-31,,asfa_budget_total_health_services_weekly_aud,Total health services (weekly),total,218.85,AUD/week,nominal AUD in December quarter 2024 prices (CPI-updated quarterly by ASFA),ASFA hypothetical retiree household budget: relatively healthy retirees owning their home outright,Australia,retirees aged 65-84,,couple,,,comfortable lifestyle,tenure=homeowner (owns home outright),asfa_ASFA_Retirement_Standard_Budgets_Dec-24_quarter.pdf,https://www.superannuation.asn.au/wp-content/uploads/2025/03/ASFA_Retirement_Standard_Budgets_Dec-24_quarter.pdf,ASFA Retirement Standard tables - retirees aged 65-84 (homeowners) - December quarter 2024,"PDF pages 2-3, row 'Total health services'",OK,"Hypothetical ASFA retiree budget (healthy retirees); the budget table is an expenditure benchmark, not an observed spending statistic. Weekly numbers are as printed; annual = weekly x 52.2 within rounding. Totals may not exactly equal sum of components (ASFA note). Section totals only; individual expenditure line items are in the PDF and were not extracted. Dec-24 PDF headings say 'retirees aged 65-84' / 'aged over 85' without the homeowner label; ASFA Summary states the standard assumes outright home ownership (renter budget introduced June 2025). Quarter dates assumed calendar quarter from the name; release (publication) date not printed in the PDF."
D12-000310,12,ASFA Retirement Standard - December quarter 2024 budgets,,December quarter 2024,2024-10-01,2024-12-31,,asfa_budget_total_health_services_weekly_aud,Total health services (weekly),total,111.35,AUD/week,nominal AUD in December quarter 2024 prices (CPI-updated quarterly by ASFA),ASFA hypothetical retiree household budget: relatively healthy retirees owning their home outright,Australia,retirees aged 65-84,,couple,,,modest lifestyle,tenure=homeowner (owns home outright),asfa_ASFA_Retirement_Standard_Budgets_Dec-24_quarter.pdf,https://www.superannuation.asn.au/wp-content/uploads/2025/03/ASFA_Retirement_Standard_Budgets_Dec-24_quarter.pdf,ASFA Retirement Standard tables - retirees aged 65-84 (homeowners) - December quarter 2024,"PDF pages 2-3, row 'Total health services'",OK,"Hypothetical ASFA retiree budget (healthy retirees); the budget table is an expenditure benchmark, not an observed spending statistic. Weekly numbers are as printed; annual = weekly x 52.2 within rounding. Totals may not exactly equal sum of components (ASFA note). Section totals only; individual expenditure line items are in the PDF and were not extracted. Dec-24 PDF headings say 'retirees aged 65-84' / 'aged over 85' without the homeowner label; ASFA Summary states the standard assumes outright home ownership (renter budget introduced June 2025). Quarter dates assumed calendar quarter from the name; release (publication) date not printed in the PDF."
D12-000311,12,ASFA Retirement Standard - December quarter 2024 budgets,,December quarter 2024,2024-10-01,2024-12-31,,asfa_budget_total_health_services_weekly_aud,Total health services (weekly),total,116.81,AUD/week,nominal AUD in December quarter 2024 prices (CPI-updated quarterly by ASFA),ASFA hypothetical retiree household budget: relatively healthy retirees owning their home outright,Australia,retirees aged 65-84,,single,,,comfortable lifestyle,tenure=homeowner (owns home outright),asfa_ASFA_Retirement_Standard_Budgets_Dec-24_quarter.pdf,https://www.superannuation.asn.au/wp-content/uploads/2025/03/ASFA_Retirement_Standard_Budgets_Dec-24_quarter.pdf,ASFA Retirement Standard tables - retirees aged 65-84 (homeowners) - December quarter 2024,"PDF pages 2-3, row 'Total health services'",OK,"Hypothetical ASFA retiree budget (healthy retirees); the budget table is an expenditure benchmark, not an observed spending statistic. Weekly numbers are as printed; annual = weekly x 52.2 within rounding. Totals may not exactly equal sum of components (ASFA note). Section totals only; individual expenditure line items are in the PDF and were not extracted. Dec-24 PDF headings say 'retirees aged 65-84' / 'aged over 85' without the homeowner label; ASFA Summary states the standard assumes outright home ownership (renter budget introduced June 2025). Quarter dates assumed calendar quarter from the name; release (publication) date not printed in the PDF."
D12-000312,12,ASFA Retirement Standard - December quarter 2024 budgets,,December quarter 2024,2024-10-01,2024-12-31,,asfa_budget_total_health_services_weekly_aud,Total health services (weekly),total,57.51,AUD/week,nominal AUD in December quarter 2024 prices (CPI-updated quarterly by ASFA),ASFA hypothetical retiree household budget: relatively healthy retirees owning their home outright,Australia,retirees aged 65-84,,single,,,modest lifestyle,tenure=homeowner (owns home outright),asfa_ASFA_Retirement_Standard_Budgets_Dec-24_quarter.pdf,https://www.superannuation.asn.au/wp-content/uploads/2025/03/ASFA_Retirement_Standard_Budgets_Dec-24_quarter.pdf,ASFA Retirement Standard tables - retirees aged 65-84 (homeowners) - December quarter 2024,"PDF pages 2-3, row 'Total health services'",OK,"Hypothetical ASFA retiree budget (healthy retirees); the budget table is an expenditure benchmark, not an observed spending statistic. Weekly numbers are as printed; annual = weekly x 52.2 within rounding. Totals may not exactly equal sum of components (ASFA note). Section totals only; individual expenditure line items are in the PDF and were not extracted. Dec-24 PDF headings say 'retirees aged 65-84' / 'aged over 85' without the homeowner label; ASFA Summary states the standard assumes outright home ownership (renter budget introduced June 2025). Quarter dates assumed calendar quarter from the name; release (publication) date not printed in the PDF."
D12-000313,12,ASFA Retirement Standard - December quarter 2024 budgets,,December quarter 2024,2024-10-01,2024-12-31,,asfa_budget_total_leisure_weekly_aud,Total leisure (weekly),total,343.54,AUD/week,nominal AUD in December quarter 2024 prices (CPI-updated quarterly by ASFA),ASFA hypothetical retiree household budget: relatively healthy retirees owning their home outright,Australia,retirees aged 65-84,,couple,,,comfortable lifestyle,tenure=homeowner (owns home outright),asfa_ASFA_Retirement_Standard_Budgets_Dec-24_quarter.pdf,https://www.superannuation.asn.au/wp-content/uploads/2025/03/ASFA_Retirement_Standard_Budgets_Dec-24_quarter.pdf,ASFA Retirement Standard tables - retirees aged 65-84 (homeowners) - December quarter 2024,"PDF pages 2-3, row 'Total leisure'",OK,"Hypothetical ASFA retiree budget (healthy retirees); the budget table is an expenditure benchmark, not an observed spending statistic. Weekly numbers are as printed; annual = weekly x 52.2 within rounding. Totals may not exactly equal sum of components (ASFA note). Section totals only; individual expenditure line items are in the PDF and were not extracted. Dec-24 PDF headings say 'retirees aged 65-84' / 'aged over 85' without the homeowner label; ASFA Summary states the standard assumes outright home ownership (renter budget introduced June 2025). Quarter dates assumed calendar quarter from the name; release (publication) date not printed in the PDF."
D12-000314,12,ASFA Retirement Standard - December quarter 2024 budgets,,December quarter 2024,2024-10-01,2024-12-31,,asfa_budget_total_leisure_weekly_aud,Total leisure (weekly),total,182.9,AUD/week,nominal AUD in December quarter 2024 prices (CPI-updated quarterly by ASFA),ASFA hypothetical retiree household budget: relatively healthy retirees owning their home outright,Australia,retirees aged 65-84,,couple,,,modest lifestyle,tenure=homeowner (owns home outright),asfa_ASFA_Retirement_Standard_Budgets_Dec-24_quarter.pdf,https://www.superannuation.asn.au/wp-content/uploads/2025/03/ASFA_Retirement_Standard_Budgets_Dec-24_quarter.pdf,ASFA Retirement Standard tables - retirees aged 65-84 (homeowners) - December quarter 2024,"PDF pages 2-3, row 'Total leisure'",OK,"Hypothetical ASFA retiree budget (healthy retirees); the budget table is an expenditure benchmark, not an observed spending statistic. Weekly numbers are as printed; annual = weekly x 52.2 within rounding. Totals may not exactly equal sum of components (ASFA note). Section totals only; individual expenditure line items are in the PDF and were not extracted. Dec-24 PDF headings say 'retirees aged 65-84' / 'aged over 85' without the homeowner label; ASFA Summary states the standard assumes outright home ownership (renter budget introduced June 2025). Quarter dates assumed calendar quarter from the name; release (publication) date not printed in the PDF."
D12-000315,12,ASFA Retirement Standard - December quarter 2024 budgets,,December quarter 2024,2024-10-01,2024-12-31,,asfa_budget_total_leisure_weekly_aud,Total leisure (weekly),total,228.7,AUD/week,nominal AUD in December quarter 2024 prices (CPI-updated quarterly by ASFA),ASFA hypothetical retiree household budget: relatively healthy retirees owning their home outright,Australia,retirees aged 65-84,,single,,,comfortable lifestyle,tenure=homeowner (owns home outright),asfa_ASFA_Retirement_Standard_Budgets_Dec-24_quarter.pdf,https://www.superannuation.asn.au/wp-content/uploads/2025/03/ASFA_Retirement_Standard_Budgets_Dec-24_quarter.pdf,ASFA Retirement Standard tables - retirees aged 65-84 (homeowners) - December quarter 2024,"PDF pages 2-3, row 'Total leisure'",OK,"Hypothetical ASFA retiree budget (healthy retirees); the budget table is an expenditure benchmark, not an observed spending statistic. Weekly numbers are as printed; annual = weekly x 52.2 within rounding. Totals may not exactly equal sum of components (ASFA note). Section totals only; individual expenditure line items are in the PDF and were not extracted. Dec-24 PDF headings say 'retirees aged 65-84' / 'aged over 85' without the homeowner label; ASFA Summary states the standard assumes outright home ownership (renter budget introduced June 2025). Quarter dates assumed calendar quarter from the name; release (publication) date not printed in the PDF."
D12-000316,12,ASFA Retirement Standard - December quarter 2024 budgets,,December quarter 2024,2024-10-01,2024-12-31,,asfa_budget_total_leisure_weekly_aud,Total leisure (weekly),total,116.55,AUD/week,nominal AUD in December quarter 2024 prices (CPI-updated quarterly by ASFA),ASFA hypothetical retiree household budget: relatively healthy retirees owning their home outright,Australia,retirees aged 65-84,,single,,,modest lifestyle,tenure=homeowner (owns home outright),asfa_ASFA_Retirement_Standard_Budgets_Dec-24_quarter.pdf,https://www.superannuation.asn.au/wp-content/uploads/2025/03/ASFA_Retirement_Standard_Budgets_Dec-24_quarter.pdf,ASFA Retirement Standard tables - retirees aged 65-84 (homeowners) - December quarter 2024,"PDF pages 2-3, row 'Total leisure'",OK,"Hypothetical ASFA retiree budget (healthy retirees); the budget table is an expenditure benchmark, not an observed spending statistic. Weekly numbers are as printed; annual = weekly x 52.2 within rounding. Totals may not exactly equal sum of components (ASFA note). Section totals only; individual expenditure line items are in the PDF and were not extracted. Dec-24 PDF headings say 'retirees aged 65-84' / 'aged over 85' without the homeowner label; ASFA Summary states the standard assumes outright home ownership (renter budget introduced June 2025). Quarter dates assumed calendar quarter from the name; release (publication) date not printed in the PDF."
D12-000317,12,ASFA Retirement Standard - December quarter 2024 budgets,,December quarter 2024,2024-10-01,2024-12-31,,asfa_budget_total_weekly_aud,Total weekly expenditure,total,1399.94,AUD/week,nominal AUD in December quarter 2024 prices (CPI-updated quarterly by ASFA),ASFA hypothetical retiree household budget: relatively healthy retirees owning their home outright,Australia,retirees aged 65-84,,couple,,,comfortable lifestyle,tenure=homeowner (owns home outright),asfa_ASFA_Retirement_Standard_Budgets_Dec-24_quarter.pdf,https://www.superannuation.asn.au/wp-content/uploads/2025/03/ASFA_Retirement_Standard_Budgets_Dec-24_quarter.pdf,ASFA Retirement Standard tables - retirees aged 65-84 (homeowners) - December quarter 2024,"PDF pages 2-3, row 'Total weekly expenditure'",OK,"Hypothetical ASFA retiree budget (healthy retirees); the budget table is an expenditure benchmark, not an observed spending statistic. Weekly numbers are as printed; annual = weekly x 52.2 within rounding. Totals may not exactly equal sum of components (ASFA note). Section totals only; individual expenditure line items are in the PDF and were not extracted. Dec-24 PDF headings say 'retirees aged 65-84' / 'aged over 85' without the homeowner label; ASFA Summary states the standard assumes outright home ownership (renter budget introduced June 2025). Quarter dates assumed calendar quarter from the name; release (publication) date not printed in the PDF."
D12-000318,12,ASFA Retirement Standard - December quarter 2024 budgets,,December quarter 2024,2024-10-01,2024-12-31,,asfa_budget_total_weekly_aud,Total weekly expenditure,total,909.38,AUD/week,nominal AUD in December quarter 2024 prices (CPI-updated quarterly by ASFA),ASFA hypothetical retiree household budget: relatively healthy retirees owning their home outright,Australia,retirees aged 65-84,,couple,,,modest lifestyle,tenure=homeowner (owns home outright),asfa_ASFA_Retirement_Standard_Budgets_Dec-24_quarter.pdf,https://www.superannuation.asn.au/wp-content/uploads/2025/03/ASFA_Retirement_Standard_Budgets_Dec-24_quarter.pdf,ASFA Retirement Standard tables - retirees aged 65-84 (homeowners) - December quarter 2024,"PDF pages 2-3, row 'Total weekly expenditure'",OK,"Hypothetical ASFA retiree budget (healthy retirees); the budget table is an expenditure benchmark, not an observed spending statistic. Weekly numbers are as printed; annual = weekly x 52.2 within rounding. Totals may not exactly equal sum of components (ASFA note). Section totals only; individual expenditure line items are in the PDF and were not extracted. Dec-24 PDF headings say 'retirees aged 65-84' / 'aged over 85' without the homeowner label; ASFA Summary states the standard assumes outright home ownership (renter budget introduced June 2025). Quarter dates assumed calendar quarter from the name; release (publication) date not printed in the PDF."
D12-000319,12,ASFA Retirement Standard - December quarter 2024 budgets,,December quarter 2024,2024-10-01,2024-12-31,,asfa_budget_total_weekly_aud,Total weekly expenditure,total,992.43,AUD/week,nominal AUD in December quarter 2024 prices (CPI-updated quarterly by ASFA),ASFA hypothetical retiree household budget: relatively healthy retirees owning their home outright,Australia,retirees aged 65-84,,single,,,comfortable lifestyle,tenure=homeowner (owns home outright),asfa_ASFA_Retirement_Standard_Budgets_Dec-24_quarter.pdf,https://www.superannuation.asn.au/wp-content/uploads/2025/03/ASFA_Retirement_Standard_Budgets_Dec-24_quarter.pdf,ASFA Retirement Standard tables - retirees aged 65-84 (homeowners) - December quarter 2024,"PDF pages 2-3, row 'Total weekly expenditure'",OK,"Hypothetical ASFA retiree budget (healthy retirees); the budget table is an expenditure benchmark, not an observed spending statistic. Weekly numbers are as printed; annual = weekly x 52.2 within rounding. Totals may not exactly equal sum of components (ASFA note). Section totals only; individual expenditure line items are in the PDF and were not extracted. Dec-24 PDF headings say 'retirees aged 65-84' / 'aged over 85' without the homeowner label; ASFA Summary states the standard assumes outright home ownership (renter budget introduced June 2025). Quarter dates assumed calendar quarter from the name; release (publication) date not printed in the PDF."
D12-000320,12,ASFA Retirement Standard - December quarter 2024 budgets,,December quarter 2024,2024-10-01,2024-12-31,,asfa_budget_total_weekly_aud,Total weekly expenditure,total,630.21,AUD/week,nominal AUD in December quarter 2024 prices (CPI-updated quarterly by ASFA),ASFA hypothetical retiree household budget: relatively healthy retirees owning their home outright,Australia,retirees aged 65-84,,single,,,modest lifestyle,tenure=homeowner (owns home outright),asfa_ASFA_Retirement_Standard_Budgets_Dec-24_quarter.pdf,https://www.superannuation.asn.au/wp-content/uploads/2025/03/ASFA_Retirement_Standard_Budgets_Dec-24_quarter.pdf,ASFA Retirement Standard tables - retirees aged 65-84 (homeowners) - December quarter 2024,"PDF pages 2-3, row 'Total weekly expenditure'",OK,"Hypothetical ASFA retiree budget (healthy retirees); the budget table is an expenditure benchmark, not an observed spending statistic. Weekly numbers are as printed; annual = weekly x 52.2 within rounding. Totals may not exactly equal sum of components (ASFA note). Section totals only; individual expenditure line items are in the PDF and were not extracted. Dec-24 PDF headings say 'retirees aged 65-84' / 'aged over 85' without the homeowner label; ASFA Summary states the standard assumes outright home ownership (renter budget introduced June 2025). Quarter dates assumed calendar quarter from the name; release (publication) date not printed in the PDF."
D12-000321,12,ASFA Retirement Standard - December quarter 2024 budgets,,December quarter 2024,2024-10-01,2024-12-31,,asfa_budget_total_annual_aud,Total annual expenditure,total,73077,AUD/year,nominal AUD in December quarter 2024 prices (CPI-updated quarterly by ASFA),ASFA hypothetical retiree household budget: relatively healthy retirees owning their home outright,Australia,retirees aged 65-84,,couple,,,comfortable lifestyle,tenure=homeowner (owns home outright),asfa_ASFA_Retirement_Standard_Budgets_Dec-24_quarter.pdf,https://www.superannuation.asn.au/wp-content/uploads/2025/03/ASFA_Retirement_Standard_Budgets_Dec-24_quarter.pdf,ASFA Retirement Standard tables - retirees aged 65-84 (homeowners) - December quarter 2024,"PDF pages 2-3, row 'Total annual expenditure'",OK,"Hypothetical ASFA retiree budget (healthy retirees); the budget table is an expenditure benchmark, not an observed spending statistic. Weekly numbers are as printed; annual = weekly x 52.2 within rounding. Totals may not exactly equal sum of components (ASFA note). Section totals only; individual expenditure line items are in the PDF and were not extracted. Dec-24 PDF headings say 'retirees aged 65-84' / 'aged over 85' without the homeowner label; ASFA Summary states the standard assumes outright home ownership (renter budget introduced June 2025). Quarter dates assumed calendar quarter from the name; release (publication) date not printed in the PDF."
D12-000322,12,ASFA Retirement Standard - December quarter 2024 budgets,,December quarter 2024,2024-10-01,2024-12-31,,asfa_budget_total_annual_aud,Total annual expenditure,total,47470,AUD/year,nominal AUD in December quarter 2024 prices (CPI-updated quarterly by ASFA),ASFA hypothetical retiree household budget: relatively healthy retirees owning their home outright,Australia,retirees aged 65-84,,couple,,,modest lifestyle,tenure=homeowner (owns home outright),asfa_ASFA_Retirement_Standard_Budgets_Dec-24_quarter.pdf,https://www.superannuation.asn.au/wp-content/uploads/2025/03/ASFA_Retirement_Standard_Budgets_Dec-24_quarter.pdf,ASFA Retirement Standard tables - retirees aged 65-84 (homeowners) - December quarter 2024,"PDF pages 2-3, row 'Total annual expenditure'",OK,"Hypothetical ASFA retiree budget (healthy retirees); the budget table is an expenditure benchmark, not an observed spending statistic. Weekly numbers are as printed; annual = weekly x 52.2 within rounding. Totals may not exactly equal sum of components (ASFA note). Section totals only; individual expenditure line items are in the PDF and were not extracted. Dec-24 PDF headings say 'retirees aged 65-84' / 'aged over 85' without the homeowner label; ASFA Summary states the standard assumes outright home ownership (renter budget introduced June 2025). Quarter dates assumed calendar quarter from the name; release (publication) date not printed in the PDF."
D12-000323,12,ASFA Retirement Standard - December quarter 2024 budgets,,December quarter 2024,2024-10-01,2024-12-31,,asfa_budget_total_annual_aud,Total annual expenditure,total,51805,AUD/year,nominal AUD in December quarter 2024 prices (CPI-updated quarterly by ASFA),ASFA hypothetical retiree household budget: relatively healthy retirees owning their home outright,Australia,retirees aged 65-84,,single,,,comfortable lifestyle,tenure=homeowner (owns home outright),asfa_ASFA_Retirement_Standard_Budgets_Dec-24_quarter.pdf,https://www.superannuation.asn.au/wp-content/uploads/2025/03/ASFA_Retirement_Standard_Budgets_Dec-24_quarter.pdf,ASFA Retirement Standard tables - retirees aged 65-84 (homeowners) - December quarter 2024,"PDF pages 2-3, row 'Total annual expenditure'",OK,"Hypothetical ASFA retiree budget (healthy retirees); the budget table is an expenditure benchmark, not an observed spending statistic. Weekly numbers are as printed; annual = weekly x 52.2 within rounding. Totals may not exactly equal sum of components (ASFA note). Section totals only; individual expenditure line items are in the PDF and were not extracted. Dec-24 PDF headings say 'retirees aged 65-84' / 'aged over 85' without the homeowner label; ASFA Summary states the standard assumes outright home ownership (renter budget introduced June 2025). Quarter dates assumed calendar quarter from the name; release (publication) date not printed in the PDF."
D12-000324,12,ASFA Retirement Standard - December quarter 2024 budgets,,December quarter 2024,2024-10-01,2024-12-31,,asfa_budget_total_annual_aud,Total annual expenditure,total,32897,AUD/year,nominal AUD in December quarter 2024 prices (CPI-updated quarterly by ASFA),ASFA hypothetical retiree household budget: relatively healthy retirees owning their home outright,Australia,retirees aged 65-84,,single,,,modest lifestyle,tenure=homeowner (owns home outright),asfa_ASFA_Retirement_Standard_Budgets_Dec-24_quarter.pdf,https://www.superannuation.asn.au/wp-content/uploads/2025/03/ASFA_Retirement_Standard_Budgets_Dec-24_quarter.pdf,ASFA Retirement Standard tables - retirees aged 65-84 (homeowners) - December quarter 2024,"PDF pages 2-3, row 'Total annual expenditure'",OK,"Hypothetical ASFA retiree budget (healthy retirees); the budget table is an expenditure benchmark, not an observed spending statistic. Weekly numbers are as printed; annual = weekly x 52.2 within rounding. Totals may not exactly equal sum of components (ASFA note). Section totals only; individual expenditure line items are in the PDF and were not extracted. Dec-24 PDF headings say 'retirees aged 65-84' / 'aged over 85' without the homeowner label; ASFA Summary states the standard assumes outright home ownership (renter budget introduced June 2025). Quarter dates assumed calendar quarter from the name; release (publication) date not printed in the PDF."
D12-000325,12,ASFA Retirement Standard - December quarter 2024 budgets,,December quarter 2024,2024-10-01,2024-12-31,,asfa_budget_total_housing_weekly_aud,Total housing (weekly),total,153.93,AUD/week,nominal AUD in December quarter 2024 prices (CPI-updated quarterly by ASFA),ASFA hypothetical retiree household budget: relatively healthy retirees owning their home outright,Australia,retirees aged over 85,,couple,,,comfortable lifestyle,tenure=homeowner (owns home outright),asfa_ASFA_Retirement_Standard_Budgets_Dec-24_quarter.pdf,https://www.superannuation.asn.au/wp-content/uploads/2025/03/ASFA_Retirement_Standard_Budgets_Dec-24_quarter.pdf,ASFA Retirement Standard tables - retirees aged over 85 (homeowners) - December quarter 2024,"PDF pages 4-5, row 'Total housing'",OK,"Hypothetical ASFA retiree budget (healthy retirees); the budget table is an expenditure benchmark, not an observed spending statistic. Weekly numbers are as printed; annual = weekly x 52.2 within rounding. Totals may not exactly equal sum of components (ASFA note). Section totals only; individual expenditure line items are in the PDF and were not extracted. Dec-24 PDF headings say 'retirees aged 65-84' / 'aged over 85' without the homeowner label; ASFA Summary states the standard assumes outright home ownership (renter budget introduced June 2025). Quarter dates assumed calendar quarter from the name; release (publication) date not printed in the PDF."
D12-000326,12,ASFA Retirement Standard - December quarter 2024 budgets,,December quarter 2024,2024-10-01,2024-12-31,,asfa_budget_total_housing_weekly_aud,Total housing (weekly),total,141.65,AUD/week,nominal AUD in December quarter 2024 prices (CPI-updated quarterly by ASFA),ASFA hypothetical retiree household budget: relatively healthy retirees owning their home outright,Australia,retirees aged over 85,,couple,,,modest lifestyle,tenure=homeowner (owns home outright),asfa_ASFA_Retirement_Standard_Budgets_Dec-24_quarter.pdf,https://www.superannuation.asn.au/wp-content/uploads/2025/03/ASFA_Retirement_Standard_Budgets_Dec-24_quarter.pdf,ASFA Retirement Standard tables - retirees aged over 85 (homeowners) - December quarter 2024,"PDF pages 4-5, row 'Total housing'",OK,"Hypothetical ASFA retiree budget (healthy retirees); the budget table is an expenditure benchmark, not an observed spending statistic. Weekly numbers are as printed; annual = weekly x 52.2 within rounding. Totals may not exactly equal sum of components (ASFA note). Section totals only; individual expenditure line items are in the PDF and were not extracted. Dec-24 PDF headings say 'retirees aged 65-84' / 'aged over 85' without the homeowner label; ASFA Summary states the standard assumes outright home ownership (renter budget introduced June 2025). Quarter dates assumed calendar quarter from the name; release (publication) date not printed in the PDF."
D12-000327,12,ASFA Retirement Standard - December quarter 2024 budgets,,December quarter 2024,2024-10-01,2024-12-31,,asfa_budget_total_housing_weekly_aud,Total housing (weekly),total,147.45,AUD/week,nominal AUD in December quarter 2024 prices (CPI-updated quarterly by ASFA),ASFA hypothetical retiree household budget: relatively healthy retirees owning their home outright,Australia,retirees aged over 85,,single,,,comfortable lifestyle,tenure=homeowner (owns home outright),asfa_ASFA_Retirement_Standard_Budgets_Dec-24_quarter.pdf,https://www.superannuation.asn.au/wp-content/uploads/2025/03/ASFA_Retirement_Standard_Budgets_Dec-24_quarter.pdf,ASFA Retirement Standard tables - retirees aged over 85 (homeowners) - December quarter 2024,"PDF pages 4-5, row 'Total housing'",OK,"Hypothetical ASFA retiree budget (healthy retirees); the budget table is an expenditure benchmark, not an observed spending statistic. Weekly numbers are as printed; annual = weekly x 52.2 within rounding. Totals may not exactly equal sum of components (ASFA note). Section totals only; individual expenditure line items are in the PDF and were not extracted. Dec-24 PDF headings say 'retirees aged 65-84' / 'aged over 85' without the homeowner label; ASFA Summary states the standard assumes outright home ownership (renter budget introduced June 2025). Quarter dates assumed calendar quarter from the name; release (publication) date not printed in the PDF."
D12-000328,12,ASFA Retirement Standard - December quarter 2024 budgets,,December quarter 2024,2024-10-01,2024-12-31,,asfa_budget_total_housing_weekly_aud,Total housing (weekly),total,125.3,AUD/week,nominal AUD in December quarter 2024 prices (CPI-updated quarterly by ASFA),ASFA hypothetical retiree household budget: relatively healthy retirees owning their home outright,Australia,retirees aged over 85,,single,,,modest lifestyle,tenure=homeowner (owns home outright),asfa_ASFA_Retirement_Standard_Budgets_Dec-24_quarter.pdf,https://www.superannuation.asn.au/wp-content/uploads/2025/03/ASFA_Retirement_Standard_Budgets_Dec-24_quarter.pdf,ASFA Retirement Standard tables - retirees aged over 85 (homeowners) - December quarter 2024,"PDF pages 4-5, row 'Total housing'",OK,"Hypothetical ASFA retiree budget (healthy retirees); the budget table is an expenditure benchmark, not an observed spending statistic. Weekly numbers are as printed; annual = weekly x 52.2 within rounding. Totals may not exactly equal sum of components (ASFA note). Section totals only; individual expenditure line items are in the PDF and were not extracted. Dec-24 PDF headings say 'retirees aged 65-84' / 'aged over 85' without the homeowner label; ASFA Summary states the standard assumes outright home ownership (renter budget introduced June 2025). Quarter dates assumed calendar quarter from the name; release (publication) date not printed in the PDF."
D12-000329,12,ASFA Retirement Standard - December quarter 2024 budgets,,December quarter 2024,2024-10-01,2024-12-31,,asfa_budget_total_household_goods_services_weekly_aud,Total household goods and services (weekly),total,218.81,AUD/week,nominal AUD in December quarter 2024 prices (CPI-updated quarterly by ASFA),ASFA hypothetical retiree household budget: relatively healthy retirees owning their home outright,Australia,retirees aged over 85,,couple,,,comfortable lifestyle,tenure=homeowner (owns home outright),asfa_ASFA_Retirement_Standard_Budgets_Dec-24_quarter.pdf,https://www.superannuation.asn.au/wp-content/uploads/2025/03/ASFA_Retirement_Standard_Budgets_Dec-24_quarter.pdf,ASFA Retirement Standard tables - retirees aged over 85 (homeowners) - December quarter 2024,"PDF pages 4-5, row 'Total household goods and services'",OK,"Hypothetical ASFA retiree budget (healthy retirees); the budget table is an expenditure benchmark, not an observed spending statistic. Weekly numbers are as printed; annual = weekly x 52.2 within rounding. Totals may not exactly equal sum of components (ASFA note). Section totals only; individual expenditure line items are in the PDF and were not extracted. Dec-24 PDF headings say 'retirees aged 65-84' / 'aged over 85' without the homeowner label; ASFA Summary states the standard assumes outright home ownership (renter budget introduced June 2025). Quarter dates assumed calendar quarter from the name; release (publication) date not printed in the PDF."
D12-000330,12,ASFA Retirement Standard - December quarter 2024 budgets,,December quarter 2024,2024-10-01,2024-12-31,,asfa_budget_total_household_goods_services_weekly_aud,Total household goods and services (weekly),total,89.36,AUD/week,nominal AUD in December quarter 2024 prices (CPI-updated quarterly by ASFA),ASFA hypothetical retiree household budget: relatively healthy retirees owning their home outright,Australia,retirees aged over 85,,couple,,,modest lifestyle,tenure=homeowner (owns home outright),asfa_ASFA_Retirement_Standard_Budgets_Dec-24_quarter.pdf,https://www.superannuation.asn.au/wp-content/uploads/2025/03/ASFA_Retirement_Standard_Budgets_Dec-24_quarter.pdf,ASFA Retirement Standard tables - retirees aged over 85 (homeowners) - December quarter 2024,"PDF pages 4-5, row 'Total household goods and services'",OK,"Hypothetical ASFA retiree budget (healthy retirees); the budget table is an expenditure benchmark, not an observed spending statistic. Weekly numbers are as printed; annual = weekly x 52.2 within rounding. Totals may not exactly equal sum of components (ASFA note). Section totals only; individual expenditure line items are in the PDF and were not extracted. Dec-24 PDF headings say 'retirees aged 65-84' / 'aged over 85' without the homeowner label; ASFA Summary states the standard assumes outright home ownership (renter budget introduced June 2025). Quarter dates assumed calendar quarter from the name; release (publication) date not printed in the PDF."
D12-000331,12,ASFA Retirement Standard - December quarter 2024 budgets,,December quarter 2024,2024-10-01,2024-12-31,,asfa_budget_total_household_goods_services_weekly_aud,Total household goods and services (weekly),total,182.09,AUD/week,nominal AUD in December quarter 2024 prices (CPI-updated quarterly by ASFA),ASFA hypothetical retiree household budget: relatively healthy retirees owning their home outright,Australia,retirees aged over 85,,single,,,comfortable lifestyle,tenure=homeowner (owns home outright),asfa_ASFA_Retirement_Standard_Budgets_Dec-24_quarter.pdf,https://www.superannuation.asn.au/wp-content/uploads/2025/03/ASFA_Retirement_Standard_Budgets_Dec-24_quarter.pdf,ASFA Retirement Standard tables - retirees aged over 85 (homeowners) - December quarter 2024,"PDF pages 4-5, row 'Total household goods and services'",OK,"Hypothetical ASFA retiree budget (healthy retirees); the budget table is an expenditure benchmark, not an observed spending statistic. Weekly numbers are as printed; annual = weekly x 52.2 within rounding. Totals may not exactly equal sum of components (ASFA note). Section totals only; individual expenditure line items are in the PDF and were not extracted. Dec-24 PDF headings say 'retirees aged 65-84' / 'aged over 85' without the homeowner label; ASFA Summary states the standard assumes outright home ownership (renter budget introduced June 2025). Quarter dates assumed calendar quarter from the name; release (publication) date not printed in the PDF."
D12-000332,12,ASFA Retirement Standard - December quarter 2024 budgets,,December quarter 2024,2024-10-01,2024-12-31,,asfa_budget_total_household_goods_services_weekly_aud,Total household goods and services (weekly),total,61.98,AUD/week,nominal AUD in December quarter 2024 prices (CPI-updated quarterly by ASFA),ASFA hypothetical retiree household budget: relatively healthy retirees owning their home outright,Australia,retirees aged over 85,,single,,,modest lifestyle,tenure=homeowner (owns home outright),asfa_ASFA_Retirement_Standard_Budgets_Dec-24_quarter.pdf,https://www.superannuation.asn.au/wp-content/uploads/2025/03/ASFA_Retirement_Standard_Budgets_Dec-24_quarter.pdf,ASFA Retirement Standard tables - retirees aged over 85 (homeowners) - December quarter 2024,"PDF pages 4-5, row 'Total household goods and services'",OK,"Hypothetical ASFA retiree budget (healthy retirees); the budget table is an expenditure benchmark, not an observed spending statistic. Weekly numbers are as printed; annual = weekly x 52.2 within rounding. Totals may not exactly equal sum of components (ASFA note). Section totals only; individual expenditure line items are in the PDF and were not extracted. Dec-24 PDF headings say 'retirees aged 65-84' / 'aged over 85' without the homeowner label; ASFA Summary states the standard assumes outright home ownership (renter budget introduced June 2025). Quarter dates assumed calendar quarter from the name; release (publication) date not printed in the PDF."
D12-000333,12,ASFA Retirement Standard - December quarter 2024 budgets,,December quarter 2024,2024-10-01,2024-12-31,,asfa_budget_total_transport_weekly_aud,Total transport (weekly),total,60.01,AUD/week,nominal AUD in December quarter 2024 prices (CPI-updated quarterly by ASFA),ASFA hypothetical retiree household budget: relatively healthy retirees owning their home outright,Australia,retirees aged over 85,,couple,,,comfortable lifestyle,tenure=homeowner (owns home outright),asfa_ASFA_Retirement_Standard_Budgets_Dec-24_quarter.pdf,https://www.superannuation.asn.au/wp-content/uploads/2025/03/ASFA_Retirement_Standard_Budgets_Dec-24_quarter.pdf,ASFA Retirement Standard tables - retirees aged over 85 (homeowners) - December quarter 2024,"PDF pages 4-5, row 'Total transport'",OK,"Hypothetical ASFA retiree budget (healthy retirees); the budget table is an expenditure benchmark, not an observed spending statistic. Weekly numbers are as printed; annual = weekly x 52.2 within rounding. Totals may not exactly equal sum of components (ASFA note). Section totals only; individual expenditure line items are in the PDF and were not extracted. Dec-24 PDF headings say 'retirees aged 65-84' / 'aged over 85' without the homeowner label; ASFA Summary states the standard assumes outright home ownership (renter budget introduced June 2025). Quarter dates assumed calendar quarter from the name; release (publication) date not printed in the PDF."
D12-000334,12,ASFA Retirement Standard - December quarter 2024 budgets,,December quarter 2024,2024-10-01,2024-12-31,,asfa_budget_total_transport_weekly_aud,Total transport (weekly),total,54.56,AUD/week,nominal AUD in December quarter 2024 prices (CPI-updated quarterly by ASFA),ASFA hypothetical retiree household budget: relatively healthy retirees owning their home outright,Australia,retirees aged over 85,,couple,,,modest lifestyle,tenure=homeowner (owns home outright),asfa_ASFA_Retirement_Standard_Budgets_Dec-24_quarter.pdf,https://www.superannuation.asn.au/wp-content/uploads/2025/03/ASFA_Retirement_Standard_Budgets_Dec-24_quarter.pdf,ASFA Retirement Standard tables - retirees aged over 85 (homeowners) - December quarter 2024,"PDF pages 4-5, row 'Total transport'",OK,"Hypothetical ASFA retiree budget (healthy retirees); the budget table is an expenditure benchmark, not an observed spending statistic. Weekly numbers are as printed; annual = weekly x 52.2 within rounding. Totals may not exactly equal sum of components (ASFA note). Section totals only; individual expenditure line items are in the PDF and were not extracted. Dec-24 PDF headings say 'retirees aged 65-84' / 'aged over 85' without the homeowner label; ASFA Summary states the standard assumes outright home ownership (renter budget introduced June 2025). Quarter dates assumed calendar quarter from the name; release (publication) date not printed in the PDF."
D12-000335,12,ASFA Retirement Standard - December quarter 2024 budgets,,December quarter 2024,2024-10-01,2024-12-31,,asfa_budget_total_transport_weekly_aud,Total transport (weekly),total,49.1,AUD/week,nominal AUD in December quarter 2024 prices (CPI-updated quarterly by ASFA),ASFA hypothetical retiree household budget: relatively healthy retirees owning their home outright,Australia,retirees aged over 85,,single,,,comfortable lifestyle,tenure=homeowner (owns home outright),asfa_ASFA_Retirement_Standard_Budgets_Dec-24_quarter.pdf,https://www.superannuation.asn.au/wp-content/uploads/2025/03/ASFA_Retirement_Standard_Budgets_Dec-24_quarter.pdf,ASFA Retirement Standard tables - retirees aged over 85 (homeowners) - December quarter 2024,"PDF pages 4-5, row 'Total transport'",OK,"Hypothetical ASFA retiree budget (healthy retirees); the budget table is an expenditure benchmark, not an observed spending statistic. Weekly numbers are as printed; annual = weekly x 52.2 within rounding. Totals may not exactly equal sum of components (ASFA note). Section totals only; individual expenditure line items are in the PDF and were not extracted. Dec-24 PDF headings say 'retirees aged 65-84' / 'aged over 85' without the homeowner label; ASFA Summary states the standard assumes outright home ownership (renter budget introduced June 2025). Quarter dates assumed calendar quarter from the name; release (publication) date not printed in the PDF."
D12-000336,12,ASFA Retirement Standard - December quarter 2024 budgets,,December quarter 2024,2024-10-01,2024-12-31,,asfa_budget_total_transport_weekly_aud,Total transport (weekly),total,43.65,AUD/week,nominal AUD in December quarter 2024 prices (CPI-updated quarterly by ASFA),ASFA hypothetical retiree household budget: relatively healthy retirees owning their home outright,Australia,retirees aged over 85,,single,,,modest lifestyle,tenure=homeowner (owns home outright),asfa_ASFA_Retirement_Standard_Budgets_Dec-24_quarter.pdf,https://www.superannuation.asn.au/wp-content/uploads/2025/03/ASFA_Retirement_Standard_Budgets_Dec-24_quarter.pdf,ASFA Retirement Standard tables - retirees aged over 85 (homeowners) - December quarter 2024,"PDF pages 4-5, row 'Total transport'",OK,"Hypothetical ASFA retiree budget (healthy retirees); the budget table is an expenditure benchmark, not an observed spending statistic. Weekly numbers are as printed; annual = weekly x 52.2 within rounding. Totals may not exactly equal sum of components (ASFA note). Section totals only; individual expenditure line items are in the PDF and were not extracted. Dec-24 PDF headings say 'retirees aged 65-84' / 'aged over 85' without the homeowner label; ASFA Summary states the standard assumes outright home ownership (renter budget introduced June 2025). Quarter dates assumed calendar quarter from the name; release (publication) date not printed in the PDF."
D12-000337,12,ASFA Retirement Standard - December quarter 2024 budgets,,December quarter 2024,2024-10-01,2024-12-31,,asfa_budget_total_health_services_weekly_aud,Total health services (weekly),total,260.94,AUD/week,nominal AUD in December quarter 2024 prices (CPI-updated quarterly by ASFA),ASFA hypothetical retiree household budget: relatively healthy retirees owning their home outright,Australia,retirees aged over 85,,couple,,,comfortable lifestyle,tenure=homeowner (owns home outright),asfa_ASFA_Retirement_Standard_Budgets_Dec-24_quarter.pdf,https://www.superannuation.asn.au/wp-content/uploads/2025/03/ASFA_Retirement_Standard_Budgets_Dec-24_quarter.pdf,ASFA Retirement Standard tables - retirees aged over 85 (homeowners) - December quarter 2024,"PDF pages 4-5, row 'Total health services'",OK,"Hypothetical ASFA retiree budget (healthy retirees); the budget table is an expenditure benchmark, not an observed spending statistic. Weekly numbers are as printed; annual = weekly x 52.2 within rounding. Totals may not exactly equal sum of components (ASFA note). Section totals only; individual expenditure line items are in the PDF and were not extracted. Dec-24 PDF headings say 'retirees aged 65-84' / 'aged over 85' without the homeowner label; ASFA Summary states the standard assumes outright home ownership (renter budget introduced June 2025). Quarter dates assumed calendar quarter from the name; release (publication) date not printed in the PDF."
D12-000338,12,ASFA Retirement Standard - December quarter 2024 budgets,,December quarter 2024,2024-10-01,2024-12-31,,asfa_budget_total_health_services_weekly_aud,Total health services (weekly),total,141.14,AUD/week,nominal AUD in December quarter 2024 prices (CPI-updated quarterly by ASFA),ASFA hypothetical retiree household budget: relatively healthy retirees owning their home outright,Australia,retirees aged over 85,,couple,,,modest lifestyle,tenure=homeowner (owns home outright),asfa_ASFA_Retirement_Standard_Budgets_Dec-24_quarter.pdf,https://www.superannuation.asn.au/wp-content/uploads/2025/03/ASFA_Retirement_Standard_Budgets_Dec-24_quarter.pdf,ASFA Retirement Standard tables - retirees aged over 85 (homeowners) - December quarter 2024,"PDF pages 4-5, row 'Total health services'",OK,"Hypothetical ASFA retiree budget (healthy retirees); the budget table is an expenditure benchmark, not an observed spending statistic. Weekly numbers are as printed; annual = weekly x 52.2 within rounding. Totals may not exactly equal sum of components (ASFA note). Section totals only; individual expenditure line items are in the PDF and were not extracted. Dec-24 PDF headings say 'retirees aged 65-84' / 'aged over 85' without the homeowner label; ASFA Summary states the standard assumes outright home ownership (renter budget introduced June 2025). Quarter dates assumed calendar quarter from the name; release (publication) date not printed in the PDF."
D12-000339,12,ASFA Retirement Standard - December quarter 2024 budgets,,December quarter 2024,2024-10-01,2024-12-31,,asfa_budget_total_health_services_weekly_aud,Total health services (weekly),total,166.64,AUD/week,nominal AUD in December quarter 2024 prices (CPI-updated quarterly by ASFA),ASFA hypothetical retiree household budget: relatively healthy retirees owning their home outright,Australia,retirees aged over 85,,single,,,comfortable lifestyle,tenure=homeowner (owns home outright),asfa_ASFA_Retirement_Standard_Budgets_Dec-24_quarter.pdf,https://www.superannuation.asn.au/wp-content/uploads/2025/03/ASFA_Retirement_Standard_Budgets_Dec-24_quarter.pdf,ASFA Retirement Standard tables - retirees aged over 85 (homeowners) - December quarter 2024,"PDF pages 4-5, row 'Total health services'",OK,"Hypothetical ASFA retiree budget (healthy retirees); the budget table is an expenditure benchmark, not an observed spending statistic. Weekly numbers are as printed; annual = weekly x 52.2 within rounding. Totals may not exactly equal sum of components (ASFA note). Section totals only; individual expenditure line items are in the PDF and were not extracted. Dec-24 PDF headings say 'retirees aged 65-84' / 'aged over 85' without the homeowner label; ASFA Summary states the standard assumes outright home ownership (renter budget introduced June 2025). Quarter dates assumed calendar quarter from the name; release (publication) date not printed in the PDF."
D12-000340,12,ASFA Retirement Standard - December quarter 2024 budgets,,December quarter 2024,2024-10-01,2024-12-31,,asfa_budget_total_health_services_weekly_aud,Total health services (weekly),total,101.91,AUD/week,nominal AUD in December quarter 2024 prices (CPI-updated quarterly by ASFA),ASFA hypothetical retiree household budget: relatively healthy retirees owning their home outright,Australia,retirees aged over 85,,single,,,modest lifestyle,tenure=homeowner (owns home outright),asfa_ASFA_Retirement_Standard_Budgets_Dec-24_quarter.pdf,https://www.superannuation.asn.au/wp-content/uploads/2025/03/ASFA_Retirement_Standard_Budgets_Dec-24_quarter.pdf,ASFA Retirement Standard tables - retirees aged over 85 (homeowners) - December quarter 2024,"PDF pages 4-5, row 'Total health services'",OK,"Hypothetical ASFA retiree budget (healthy retirees); the budget table is an expenditure benchmark, not an observed spending statistic. Weekly numbers are as printed; annual = weekly x 52.2 within rounding. Totals may not exactly equal sum of components (ASFA note). Section totals only; individual expenditure line items are in the PDF and were not extracted. Dec-24 PDF headings say 'retirees aged 65-84' / 'aged over 85' without the homeowner label; ASFA Summary states the standard assumes outright home ownership (renter budget introduced June 2025). Quarter dates assumed calendar quarter from the name; release (publication) date not printed in the PDF."
D12-000341,12,ASFA Retirement Standard - December quarter 2024 budgets,,December quarter 2024,2024-10-01,2024-12-31,,asfa_budget_total_leisure_weekly_aud,Total leisure (weekly),total,218.88,AUD/week,nominal AUD in December quarter 2024 prices (CPI-updated quarterly by ASFA),ASFA hypothetical retiree household budget: relatively healthy retirees owning their home outright,Australia,retirees aged over 85,,couple,,,comfortable lifestyle,tenure=homeowner (owns home outright),asfa_ASFA_Retirement_Standard_Budgets_Dec-24_quarter.pdf,https://www.superannuation.asn.au/wp-content/uploads/2025/03/ASFA_Retirement_Standard_Budgets_Dec-24_quarter.pdf,ASFA Retirement Standard tables - retirees aged over 85 (homeowners) - December quarter 2024,"PDF pages 4-5, row 'Total leisure'",OK,"Hypothetical ASFA retiree budget (healthy retirees); the budget table is an expenditure benchmark, not an observed spending statistic. Weekly numbers are as printed; annual = weekly x 52.2 within rounding. Totals may not exactly equal sum of components (ASFA note). Section totals only; individual expenditure line items are in the PDF and were not extracted. Dec-24 PDF headings say 'retirees aged 65-84' / 'aged over 85' without the homeowner label; ASFA Summary states the standard assumes outright home ownership (renter budget introduced June 2025). Quarter dates assumed calendar quarter from the name; release (publication) date not printed in the PDF."
D12-000342,12,ASFA Retirement Standard - December quarter 2024 budgets,,December quarter 2024,2024-10-01,2024-12-31,,asfa_budget_total_leisure_weekly_aud,Total leisure (weekly),total,107.6,AUD/week,nominal AUD in December quarter 2024 prices (CPI-updated quarterly by ASFA),ASFA hypothetical retiree household budget: relatively healthy retirees owning their home outright,Australia,retirees aged over 85,,couple,,,modest lifestyle,tenure=homeowner (owns home outright),asfa_ASFA_Retirement_Standard_Budgets_Dec-24_quarter.pdf,https://www.superannuation.asn.au/wp-content/uploads/2025/03/ASFA_Retirement_Standard_Budgets_Dec-24_quarter.pdf,ASFA Retirement Standard tables - retirees aged over 85 (homeowners) - December quarter 2024,"PDF pages 4-5, row 'Total leisure'",OK,"Hypothetical ASFA retiree budget (healthy retirees); the budget table is an expenditure benchmark, not an observed spending statistic. Weekly numbers are as printed; annual = weekly x 52.2 within rounding. Totals may not exactly equal sum of components (ASFA note). Section totals only; individual expenditure line items are in the PDF and were not extracted. Dec-24 PDF headings say 'retirees aged 65-84' / 'aged over 85' without the homeowner label; ASFA Summary states the standard assumes outright home ownership (renter budget introduced June 2025). Quarter dates assumed calendar quarter from the name; release (publication) date not printed in the PDF."
D12-000343,12,ASFA Retirement Standard - December quarter 2024 budgets,,December quarter 2024,2024-10-01,2024-12-31,,asfa_budget_total_leisure_weekly_aud,Total leisure (weekly),total,156.83,AUD/week,nominal AUD in December quarter 2024 prices (CPI-updated quarterly by ASFA),ASFA hypothetical retiree household budget: relatively healthy retirees owning their home outright,Australia,retirees aged over 85,,single,,,comfortable lifestyle,tenure=homeowner (owns home outright),asfa_ASFA_Retirement_Standard_Budgets_Dec-24_quarter.pdf,https://www.superannuation.asn.au/wp-content/uploads/2025/03/ASFA_Retirement_Standard_Budgets_Dec-24_quarter.pdf,ASFA Retirement Standard tables - retirees aged over 85 (homeowners) - December quarter 2024,"PDF pages 4-5, row 'Total leisure'",OK,"Hypothetical ASFA retiree budget (healthy retirees); the budget table is an expenditure benchmark, not an observed spending statistic. Weekly numbers are as printed; annual = weekly x 52.2 within rounding. Totals may not exactly equal sum of components (ASFA note). Section totals only; individual expenditure line items are in the PDF and were not extracted. Dec-24 PDF headings say 'retirees aged 65-84' / 'aged over 85' without the homeowner label; ASFA Summary states the standard assumes outright home ownership (renter budget introduced June 2025). Quarter dates assumed calendar quarter from the name; release (publication) date not printed in the PDF."
D12-000344,12,ASFA Retirement Standard - December quarter 2024 budgets,,December quarter 2024,2024-10-01,2024-12-31,,asfa_budget_total_leisure_weekly_aud,Total leisure (weekly),total,74.87,AUD/week,nominal AUD in December quarter 2024 prices (CPI-updated quarterly by ASFA),ASFA hypothetical retiree household budget: relatively healthy retirees owning their home outright,Australia,retirees aged over 85,,single,,,modest lifestyle,tenure=homeowner (owns home outright),asfa_ASFA_Retirement_Standard_Budgets_Dec-24_quarter.pdf,https://www.superannuation.asn.au/wp-content/uploads/2025/03/ASFA_Retirement_Standard_Budgets_Dec-24_quarter.pdf,ASFA Retirement Standard tables - retirees aged over 85 (homeowners) - December quarter 2024,"PDF pages 4-5, row 'Total leisure'",OK,"Hypothetical ASFA retiree budget (healthy retirees); the budget table is an expenditure benchmark, not an observed spending statistic. Weekly numbers are as printed; annual = weekly x 52.2 within rounding. Totals may not exactly equal sum of components (ASFA note). Section totals only; individual expenditure line items are in the PDF and were not extracted. Dec-24 PDF headings say 'retirees aged 65-84' / 'aged over 85' without the homeowner label; ASFA Summary states the standard assumes outright home ownership (renter budget introduced June 2025). Quarter dates assumed calendar quarter from the name; release (publication) date not printed in the PDF."
D12-000345,12,ASFA Retirement Standard - December quarter 2024 budgets,,December quarter 2024,2024-10-01,2024-12-31,,asfa_budget_total_weekly_aud,Total weekly expenditure,total,1297.21,AUD/week,nominal AUD in December quarter 2024 prices (CPI-updated quarterly by ASFA),ASFA hypothetical retiree household budget: relatively healthy retirees owning their home outright,Australia,retirees aged over 85,,couple,,,comfortable lifestyle,tenure=homeowner (owns home outright),asfa_ASFA_Retirement_Standard_Budgets_Dec-24_quarter.pdf,https://www.superannuation.asn.au/wp-content/uploads/2025/03/ASFA_Retirement_Standard_Budgets_Dec-24_quarter.pdf,ASFA Retirement Standard tables - retirees aged over 85 (homeowners) - December quarter 2024,"PDF pages 4-5, row 'Total weekly expenditure'",OK,"Hypothetical ASFA retiree budget (healthy retirees); the budget table is an expenditure benchmark, not an observed spending statistic. Weekly numbers are as printed; annual = weekly x 52.2 within rounding. Totals may not exactly equal sum of components (ASFA note). Section totals only; individual expenditure line items are in the PDF and were not extracted. Dec-24 PDF headings say 'retirees aged 65-84' / 'aged over 85' without the homeowner label; ASFA Summary states the standard assumes outright home ownership (renter budget introduced June 2025). Quarter dates assumed calendar quarter from the name; release (publication) date not printed in the PDF."
D12-000346,12,ASFA Retirement Standard - December quarter 2024 budgets,,December quarter 2024,2024-10-01,2024-12-31,,asfa_budget_total_weekly_aud,Total weekly expenditure,total,845.84,AUD/week,nominal AUD in December quarter 2024 prices (CPI-updated quarterly by ASFA),ASFA hypothetical retiree household budget: relatively healthy retirees owning their home outright,Australia,retirees aged over 85,,couple,,,modest lifestyle,tenure=homeowner (owns home outright),asfa_ASFA_Retirement_Standard_Budgets_Dec-24_quarter.pdf,https://www.superannuation.asn.au/wp-content/uploads/2025/03/ASFA_Retirement_Standard_Budgets_Dec-24_quarter.pdf,ASFA Retirement Standard tables - retirees aged over 85 (homeowners) - December quarter 2024,"PDF pages 4-5, row 'Total weekly expenditure'",OK,"Hypothetical ASFA retiree budget (healthy retirees); the budget table is an expenditure benchmark, not an observed spending statistic. Weekly numbers are as printed; annual = weekly x 52.2 within rounding. Totals may not exactly equal sum of components (ASFA note). Section totals only; individual expenditure line items are in the PDF and were not extracted. Dec-24 PDF headings say 'retirees aged 65-84' / 'aged over 85' without the homeowner label; ASFA Summary states the standard assumes outright home ownership (renter budget introduced June 2025). Quarter dates assumed calendar quarter from the name; release (publication) date not printed in the PDF."
D12-000347,12,ASFA Retirement Standard - December quarter 2024 budgets,,December quarter 2024,2024-10-01,2024-12-31,,asfa_budget_total_weekly_aud,Total weekly expenditure,total,938.15,AUD/week,nominal AUD in December quarter 2024 prices (CPI-updated quarterly by ASFA),ASFA hypothetical retiree household budget: relatively healthy retirees owning their home outright,Australia,retirees aged over 85,,single,,,comfortable lifestyle,tenure=homeowner (owns home outright),asfa_ASFA_Retirement_Standard_Budgets_Dec-24_quarter.pdf,https://www.superannuation.asn.au/wp-content/uploads/2025/03/ASFA_Retirement_Standard_Budgets_Dec-24_quarter.pdf,ASFA Retirement Standard tables - retirees aged over 85 (homeowners) - December quarter 2024,"PDF pages 4-5, row 'Total weekly expenditure'",OK,"Hypothetical ASFA retiree budget (healthy retirees); the budget table is an expenditure benchmark, not an observed spending statistic. Weekly numbers are as printed; annual = weekly x 52.2 within rounding. Totals may not exactly equal sum of components (ASFA note). Section totals only; individual expenditure line items are in the PDF and were not extracted. Dec-24 PDF headings say 'retirees aged 65-84' / 'aged over 85' without the homeowner label; ASFA Summary states the standard assumes outright home ownership (renter budget introduced June 2025). Quarter dates assumed calendar quarter from the name; release (publication) date not printed in the PDF."
D12-000348,12,ASFA Retirement Standard - December quarter 2024 budgets,,December quarter 2024,2024-10-01,2024-12-31,,asfa_budget_total_weekly_aud,Total weekly expenditure,total,590.77,AUD/week,nominal AUD in December quarter 2024 prices (CPI-updated quarterly by ASFA),ASFA hypothetical retiree household budget: relatively healthy retirees owning their home outright,Australia,retirees aged over 85,,single,,,modest lifestyle,tenure=homeowner (owns home outright),asfa_ASFA_Retirement_Standard_Budgets_Dec-24_quarter.pdf,https://www.superannuation.asn.au/wp-content/uploads/2025/03/ASFA_Retirement_Standard_Budgets_Dec-24_quarter.pdf,ASFA Retirement Standard tables - retirees aged over 85 (homeowners) - December quarter 2024,"PDF pages 4-5, row 'Total weekly expenditure'",OK,"Hypothetical ASFA retiree budget (healthy retirees); the budget table is an expenditure benchmark, not an observed spending statistic. Weekly numbers are as printed; annual = weekly x 52.2 within rounding. Totals may not exactly equal sum of components (ASFA note). Section totals only; individual expenditure line items are in the PDF and were not extracted. Dec-24 PDF headings say 'retirees aged 65-84' / 'aged over 85' without the homeowner label; ASFA Summary states the standard assumes outright home ownership (renter budget introduced June 2025). Quarter dates assumed calendar quarter from the name; release (publication) date not printed in the PDF."
D12-000349,12,ASFA Retirement Standard - December quarter 2024 budgets,,December quarter 2024,2024-10-01,2024-12-31,,asfa_budget_total_annual_aud,Total annual expenditure,total,67714,AUD/year,nominal AUD in December quarter 2024 prices (CPI-updated quarterly by ASFA),ASFA hypothetical retiree household budget: relatively healthy retirees owning their home outright,Australia,retirees aged over 85,,couple,,,comfortable lifestyle,tenure=homeowner (owns home outright),asfa_ASFA_Retirement_Standard_Budgets_Dec-24_quarter.pdf,https://www.superannuation.asn.au/wp-content/uploads/2025/03/ASFA_Retirement_Standard_Budgets_Dec-24_quarter.pdf,ASFA Retirement Standard tables - retirees aged over 85 (homeowners) - December quarter 2024,"PDF pages 4-5, row 'Total annual expenditure'",OK,"Hypothetical ASFA retiree budget (healthy retirees); the budget table is an expenditure benchmark, not an observed spending statistic. Weekly numbers are as printed; annual = weekly x 52.2 within rounding. Totals may not exactly equal sum of components (ASFA note). Section totals only; individual expenditure line items are in the PDF and were not extracted. Dec-24 PDF headings say 'retirees aged 65-84' / 'aged over 85' without the homeowner label; ASFA Summary states the standard assumes outright home ownership (renter budget introduced June 2025). Quarter dates assumed calendar quarter from the name; release (publication) date not printed in the PDF."
D12-000350,12,ASFA Retirement Standard - December quarter 2024 budgets,,December quarter 2024,2024-10-01,2024-12-31,,asfa_budget_total_annual_aud,Total annual expenditure,total,44152,AUD/year,nominal AUD in December quarter 2024 prices (CPI-updated quarterly by ASFA),ASFA hypothetical retiree household budget: relatively healthy retirees owning their home outright,Australia,retirees aged over 85,,couple,,,modest lifestyle,tenure=homeowner (owns home outright),asfa_ASFA_Retirement_Standard_Budgets_Dec-24_quarter.pdf,https://www.superannuation.asn.au/wp-content/uploads/2025/03/ASFA_Retirement_Standard_Budgets_Dec-24_quarter.pdf,ASFA Retirement Standard tables - retirees aged over 85 (homeowners) - December quarter 2024,"PDF pages 4-5, row 'Total annual expenditure'",OK,"Hypothetical ASFA retiree budget (healthy retirees); the budget table is an expenditure benchmark, not an observed spending statistic. Weekly numbers are as printed; annual = weekly x 52.2 within rounding. Totals may not exactly equal sum of components (ASFA note). Section totals only; individual expenditure line items are in the PDF and were not extracted. Dec-24 PDF headings say 'retirees aged 65-84' / 'aged over 85' without the homeowner label; ASFA Summary states the standard assumes outright home ownership (renter budget introduced June 2025). Quarter dates assumed calendar quarter from the name; release (publication) date not printed in the PDF."
D12-000351,12,ASFA Retirement Standard - December quarter 2024 budgets,,December quarter 2024,2024-10-01,2024-12-31,,asfa_budget_total_annual_aud,Total annual expenditure,total,48971,AUD/year,nominal AUD in December quarter 2024 prices (CPI-updated quarterly by ASFA),ASFA hypothetical retiree household budget: relatively healthy retirees owning their home outright,Australia,retirees aged over 85,,single,,,comfortable lifestyle,tenure=homeowner (owns home outright),asfa_ASFA_Retirement_Standard_Budgets_Dec-24_quarter.pdf,https://www.superannuation.asn.au/wp-content/uploads/2025/03/ASFA_Retirement_Standard_Budgets_Dec-24_quarter.pdf,ASFA Retirement Standard tables - retirees aged over 85 (homeowners) - December quarter 2024,"PDF pages 4-5, row 'Total annual expenditure'",OK,"Hypothetical ASFA retiree budget (healthy retirees); the budget table is an expenditure benchmark, not an observed spending statistic. Weekly numbers are as printed; annual = weekly x 52.2 within rounding. Totals may not exactly equal sum of components (ASFA note). Section totals only; individual expenditure line items are in the PDF and were not extracted. Dec-24 PDF headings say 'retirees aged 65-84' / 'aged over 85' without the homeowner label; ASFA Summary states the standard assumes outright home ownership (renter budget introduced June 2025). Quarter dates assumed calendar quarter from the name; release (publication) date not printed in the PDF."
D12-000352,12,ASFA Retirement Standard - December quarter 2024 budgets,,December quarter 2024,2024-10-01,2024-12-31,,asfa_budget_total_annual_aud,Total annual expenditure,total,30838,AUD/year,nominal AUD in December quarter 2024 prices (CPI-updated quarterly by ASFA),ASFA hypothetical retiree household budget: relatively healthy retirees owning their home outright,Australia,retirees aged over 85,,single,,,modest lifestyle,tenure=homeowner (owns home outright),asfa_ASFA_Retirement_Standard_Budgets_Dec-24_quarter.pdf,https://www.superannuation.asn.au/wp-content/uploads/2025/03/ASFA_Retirement_Standard_Budgets_Dec-24_quarter.pdf,ASFA Retirement Standard tables - retirees aged over 85 (homeowners) - December quarter 2024,"PDF pages 4-5, row 'Total annual expenditure'",OK,"Hypothetical ASFA retiree budget (healthy retirees); the budget table is an expenditure benchmark, not an observed spending statistic. Weekly numbers are as printed; annual = weekly x 52.2 within rounding. Totals may not exactly equal sum of components (ASFA note). Section totals only; individual expenditure line items are in the PDF and were not extracted. Dec-24 PDF headings say 'retirees aged 65-84' / 'aged over 85' without the homeowner label; ASFA Summary states the standard assumes outright home ownership (renter budget introduced June 2025). Quarter dates assumed calendar quarter from the name; release (publication) date not printed in the PDF."
D12-000353,12,"ASFA Retirement Standard Summary (linked from ASFA page, lump sums revised Feb 2026)",,Lump sums as revised February 2026 (current as at 03/10/2026),,,,asfa_lump_sum_target_at_67_aud,Savings required at retirement (age 67) - lump sum,other,730000,AUD,"today's dollars (2.75% AWE deflator, 6% earning rate assumed)",ASFA hypothetical retirees retiring at age 67 (homeowner); assumes part Age Pension,Australia,retire at age 67,,couple,,,comfortable lifestyle,tenure=homeowner,asfa_summary_uploads2026-06_260223-ASFA-Retirement_Standard-Summary.pdf,https://www.superannuation.asn.au/wp-content/uploads/2026/06/260223-ASFA-Retirement_Standard-Summary.pdf,ASFA Retirement Standard Summary - superannuation balances required,PDF page 3 (tables under each heading),OK,Lump sum needed at retirement at age 67 so that the retiree(s) draw down all capital and receive a part Age Pension; today's dollars using 2.75% AWE deflator and 6% investment earning rate. Homeowner figures assume outright home ownership. Not updated quarterly by ASFA; revised February 2026 (prior revision March 2023). Same figures printed on the ASFA Retirement Standard web page (retrieved 03/10/2026) and in the Feb-2026 upload of the Summary.
D12-000354,12,"ASFA Retirement Standard Summary (linked from ASFA page, lump sums revised Feb 2026)",,Lump sums as revised February 2026 (current as at 03/10/2026),,,,asfa_lump_sum_target_at_67_aud,Savings required at retirement (age 67) - lump sum,other,630000,AUD,"today's dollars (2.75% AWE deflator, 6% earning rate assumed)",ASFA hypothetical retirees retiring at age 67 (homeowner); assumes part Age Pension,Australia,retire at age 67,,single,,,comfortable lifestyle,tenure=homeowner,asfa_summary_uploads2026-06_260223-ASFA-Retirement_Standard-Summary.pdf,https://www.superannuation.asn.au/wp-content/uploads/2026/06/260223-ASFA-Retirement_Standard-Summary.pdf,ASFA Retirement Standard Summary - superannuation balances required,PDF page 3 (tables under each heading),OK,Lump sum needed at retirement at age 67 so that the retiree(s) draw down all capital and receive a part Age Pension; today's dollars using 2.75% AWE deflator and 6% investment earning rate. Homeowner figures assume outright home ownership. Not updated quarterly by ASFA; revised February 2026 (prior revision March 2023). Same figures printed on the ASFA Retirement Standard web page (retrieved 03/10/2026) and in the Feb-2026 upload of the Summary.
D12-000355,12,"ASFA Retirement Standard Summary (linked from ASFA page, lump sums revised Feb 2026)",,Lump sums as revised February 2026 (current as at 03/10/2026),,,,asfa_lump_sum_target_at_67_aud,Savings required at retirement (age 67) - lump sum,other,120000,AUD,"today's dollars (2.75% AWE deflator, 6% earning rate assumed)",ASFA hypothetical retirees retiring at age 67 (homeowner); assumes part Age Pension,Australia,retire at age 67,,couple,,,modest lifestyle,tenure=homeowner,asfa_summary_uploads2026-06_260223-ASFA-Retirement_Standard-Summary.pdf,https://www.superannuation.asn.au/wp-content/uploads/2026/06/260223-ASFA-Retirement_Standard-Summary.pdf,ASFA Retirement Standard Summary - superannuation balances required,PDF page 3 (tables under each heading),OK,Lump sum needed at retirement at age 67 so that the retiree(s) draw down all capital and receive a part Age Pension; today's dollars using 2.75% AWE deflator and 6% investment earning rate. Homeowner figures assume outright home ownership. Not updated quarterly by ASFA; revised February 2026 (prior revision March 2023). Same figures printed on the ASFA Retirement Standard web page (retrieved 03/10/2026) and in the Feb-2026 upload of the Summary.
D12-000356,12,"ASFA Retirement Standard Summary (linked from ASFA page, lump sums revised Feb 2026)",,Lump sums as revised February 2026 (current as at 03/10/2026),,,,asfa_lump_sum_target_at_67_aud,Savings required at retirement (age 67) - lump sum,other,110000,AUD,"today's dollars (2.75% AWE deflator, 6% earning rate assumed)",ASFA hypothetical retirees retiring at age 67 (homeowner); assumes part Age Pension,Australia,retire at age 67,,single,,,modest lifestyle,tenure=homeowner,asfa_summary_uploads2026-06_260223-ASFA-Retirement_Standard-Summary.pdf,https://www.superannuation.asn.au/wp-content/uploads/2026/06/260223-ASFA-Retirement_Standard-Summary.pdf,ASFA Retirement Standard Summary - superannuation balances required,PDF page 3 (tables under each heading),OK,Lump sum needed at retirement at age 67 so that the retiree(s) draw down all capital and receive a part Age Pension; today's dollars using 2.75% AWE deflator and 6% investment earning rate. Homeowner figures assume outright home ownership. Not updated quarterly by ASFA; revised February 2026 (prior revision March 2023). Same figures printed on the ASFA Retirement Standard web page (retrieved 03/10/2026) and in the Feb-2026 upload of the Summary.
D12-000357,12,"ASFA Retirement Standard Summary (linked from ASFA page, lump sums revised Feb 2026)",,Lump sums as revised February 2026 (current as at 03/10/2026),,,,asfa_lump_sum_target_at_67_aud,Savings required at retirement (age 67) - lump sum,other,385000,AUD,"today's dollars (2.75% AWE deflator, 6% earning rate assumed)",ASFA hypothetical retirees retiring at age 67 (private renter); assumes part Age Pension,Australia,retire at age 67,,couple,,,modest lifestyle,tenure=private renter,asfa_summary_uploads2026-06_260223-ASFA-Retirement_Standard-Summary.pdf,https://www.superannuation.asn.au/wp-content/uploads/2026/06/260223-ASFA-Retirement_Standard-Summary.pdf,ASFA Retirement Standard Summary - superannuation balances required,PDF page 3 (tables under each heading),OK,Lump sum needed at retirement at age 67 so that the retiree(s) draw down all capital and receive a part Age Pension; today's dollars using 2.75% AWE deflator and 6% investment earning rate. Homeowner figures assume outright home ownership. Not updated quarterly by ASFA; revised February 2026 (prior revision March 2023). Same figures printed on the ASFA Retirement Standard web page (retrieved 03/10/2026) and in the Feb-2026 upload of the Summary.
D12-000358,12,"ASFA Retirement Standard Summary (linked from ASFA page, lump sums revised Feb 2026)",,Lump sums as revised February 2026 (current as at 03/10/2026),,,,asfa_lump_sum_target_at_67_aud,Savings required at retirement (age 67) - lump sum,other,340000,AUD,"today's dollars (2.75% AWE deflator, 6% earning rate assumed)",ASFA hypothetical retirees retiring at age 67 (private renter); assumes part Age Pension,Australia,retire at age 67,,single,,,modest lifestyle,tenure=private renter,asfa_summary_uploads2026-06_260223-ASFA-Retirement_Standard-Summary.pdf,https://www.superannuation.asn.au/wp-content/uploads/2026/06/260223-ASFA-Retirement_Standard-Summary.pdf,ASFA Retirement Standard Summary - superannuation balances required,PDF page 3 (tables under each heading),OK,Lump sum needed at retirement at age 67 so that the retiree(s) draw down all capital and receive a part Age Pension; today's dollars using 2.75% AWE deflator and 6% investment earning rate. Homeowner figures assume outright home ownership. Not updated quarterly by ASFA; revised February 2026 (prior revision March 2023). Same figures printed on the ASFA Retirement Standard web page (retrieved 03/10/2026) and in the Feb-2026 upload of the Summary.
D12-000359,12,ASFA Retirement Standard Summary (Feb 2026 upload; lump sums revised Feb 2026),,Lump sums as revised February 2026 (current as at 03/10/2026),,,,asfa_lump_sum_target_at_67_aud,Savings required at retirement (age 67) - lump sum,other,730000,AUD,"today's dollars (2.75% AWE deflator, 6% earning rate assumed)",ASFA hypothetical retirees retiring at age 67 (homeowner); assumes part Age Pension,Australia,retire at age 67,,couple,,,comfortable lifestyle,tenure=homeowner,asfa_summary_uploads2026-02_260223-ASFA-Retirement_Standard-Summary.pdf,https://www.superannuation.asn.au/wp-content/uploads/2026/02/260223-ASFA-Retirement_Standard-Summary.pdf,ASFA Retirement Standard Summary - superannuation balances required,PDF page 3 (tables under each heading),OK,Lump sum needed at retirement at age 67 so that the retiree(s) draw down all capital and receive a part Age Pension; today's dollars using 2.75% AWE deflator and 6% investment earning rate. Homeowner figures assume outright home ownership. Not updated quarterly by ASFA; revised February 2026 (prior revision March 2023). Identical figures to the Summary linked from the page (different file/upload).
D12-000360,12,ASFA Retirement Standard Summary (Feb 2026 upload; lump sums revised Feb 2026),,Lump sums as revised February 2026 (current as at 03/10/2026),,,,asfa_lump_sum_target_at_67_aud,Savings required at retirement (age 67) - lump sum,other,630000,AUD,"today's dollars (2.75% AWE deflator, 6% earning rate assumed)",ASFA hypothetical retirees retiring at age 67 (homeowner); assumes part Age Pension,Australia,retire at age 67,,single,,,comfortable lifestyle,tenure=homeowner,asfa_summary_uploads2026-02_260223-ASFA-Retirement_Standard-Summary.pdf,https://www.superannuation.asn.au/wp-content/uploads/2026/02/260223-ASFA-Retirement_Standard-Summary.pdf,ASFA Retirement Standard Summary - superannuation balances required,PDF page 3 (tables under each heading),OK,Lump sum needed at retirement at age 67 so that the retiree(s) draw down all capital and receive a part Age Pension; today's dollars using 2.75% AWE deflator and 6% investment earning rate. Homeowner figures assume outright home ownership. Not updated quarterly by ASFA; revised February 2026 (prior revision March 2023). Identical figures to the Summary linked from the page (different file/upload).
D12-000361,12,ASFA Retirement Standard Summary (Feb 2026 upload; lump sums revised Feb 2026),,Lump sums as revised February 2026 (current as at 03/10/2026),,,,asfa_lump_sum_target_at_67_aud,Savings required at retirement (age 67) - lump sum,other,120000,AUD,"today's dollars (2.75% AWE deflator, 6% earning rate assumed)",ASFA hypothetical retirees retiring at age 67 (homeowner); assumes part Age Pension,Australia,retire at age 67,,couple,,,modest lifestyle,tenure=homeowner,asfa_summary_uploads2026-02_260223-ASFA-Retirement_Standard-Summary.pdf,https://www.superannuation.asn.au/wp-content/uploads/2026/02/260223-ASFA-Retirement_Standard-Summary.pdf,ASFA Retirement Standard Summary - superannuation balances required,PDF page 3 (tables under each heading),OK,Lump sum needed at retirement at age 67 so that the retiree(s) draw down all capital and receive a part Age Pension; today's dollars using 2.75% AWE deflator and 6% investment earning rate. Homeowner figures assume outright home ownership. Not updated quarterly by ASFA; revised February 2026 (prior revision March 2023). Identical figures to the Summary linked from the page (different file/upload).
D12-000362,12,ASFA Retirement Standard Summary (Feb 2026 upload; lump sums revised Feb 2026),,Lump sums as revised February 2026 (current as at 03/10/2026),,,,asfa_lump_sum_target_at_67_aud,Savings required at retirement (age 67) - lump sum,other,110000,AUD,"today's dollars (2.75% AWE deflator, 6% earning rate assumed)",ASFA hypothetical retirees retiring at age 67 (homeowner); assumes part Age Pension,Australia,retire at age 67,,single,,,modest lifestyle,tenure=homeowner,asfa_summary_uploads2026-02_260223-ASFA-Retirement_Standard-Summary.pdf,https://www.superannuation.asn.au/wp-content/uploads/2026/02/260223-ASFA-Retirement_Standard-Summary.pdf,ASFA Retirement Standard Summary - superannuation balances required,PDF page 3 (tables under each heading),OK,Lump sum needed at retirement at age 67 so that the retiree(s) draw down all capital and receive a part Age Pension; today's dollars using 2.75% AWE deflator and 6% investment earning rate. Homeowner figures assume outright home ownership. Not updated quarterly by ASFA; revised February 2026 (prior revision March 2023). Identical figures to the Summary linked from the page (different file/upload).
D12-000363,12,ASFA Retirement Standard Summary (Feb 2026 upload; lump sums revised Feb 2026),,Lump sums as revised February 2026 (current as at 03/10/2026),,,,asfa_lump_sum_target_at_67_aud,Savings required at retirement (age 67) - lump sum,other,385000,AUD,"today's dollars (2.75% AWE deflator, 6% earning rate assumed)",ASFA hypothetical retirees retiring at age 67 (private renter); assumes part Age Pension,Australia,retire at age 67,,couple,,,modest lifestyle,tenure=private renter,asfa_summary_uploads2026-02_260223-ASFA-Retirement_Standard-Summary.pdf,https://www.superannuation.asn.au/wp-content/uploads/2026/02/260223-ASFA-Retirement_Standard-Summary.pdf,ASFA Retirement Standard Summary - superannuation balances required,PDF page 3 (tables under each heading),OK,Lump sum needed at retirement at age 67 so that the retiree(s) draw down all capital and receive a part Age Pension; today's dollars using 2.75% AWE deflator and 6% investment earning rate. Homeowner figures assume outright home ownership. Not updated quarterly by ASFA; revised February 2026 (prior revision March 2023). Identical figures to the Summary linked from the page (different file/upload).
D12-000364,12,ASFA Retirement Standard Summary (Feb 2026 upload; lump sums revised Feb 2026),,Lump sums as revised February 2026 (current as at 03/10/2026),,,,asfa_lump_sum_target_at_67_aud,Savings required at retirement (age 67) - lump sum,other,340000,AUD,"today's dollars (2.75% AWE deflator, 6% earning rate assumed)",ASFA hypothetical retirees retiring at age 67 (private renter); assumes part Age Pension,Australia,retire at age 67,,single,,,modest lifestyle,tenure=private renter,asfa_summary_uploads2026-02_260223-ASFA-Retirement_Standard-Summary.pdf,https://www.superannuation.asn.au/wp-content/uploads/2026/02/260223-ASFA-Retirement_Standard-Summary.pdf,ASFA Retirement Standard Summary - superannuation balances required,PDF page 3 (tables under each heading),OK,Lump sum needed at retirement at age 67 so that the retiree(s) draw down all capital and receive a part Age Pension; today's dollars using 2.75% AWE deflator and 6% investment earning rate. Homeowner figures assume outright home ownership. Not updated quarterly by ASFA; revised February 2026 (prior revision March 2023). Identical figures to the Summary linked from the page (different file/upload).
D12-000365,12,ASFA Retirement Standard Summary 2023 (previous lump sums),,"Previous lump sums (in force from March 2023 until the Feb 2026 revision, per ASFA 2026 Summary text)",,,,asfa_lump_sum_target_at_67_aud,Savings required at retirement (age 67) - lump sum,other,690000,AUD,"today's dollars (2.75% AWE deflator, 6% earning rate assumed)",ASFA hypothetical retirees retiring at age 67 (homeowner); assumes part Age Pension,Australia,retire at age 67,,couple,,,comfortable lifestyle,tenure=homeowner,asfa_ASFA-Retirement_Standard-Summary-2023.pdf,https://www.superannuation.asn.au/wp-content/uploads/2025/03/ASFA-Retirement_Standard-Summary-2023.pdf,ASFA Retirement Standard Summary - superannuation balances required,PDF page 3 (tables under each heading),OK,Lump sum needed at retirement at age 67 so that the retiree(s) draw down all capital and receive a part Age Pension; today's dollars using 2.75% AWE deflator and 6% investment earning rate. Homeowner figures assume outright home ownership. Not updated quarterly by ASFA; revised February 2026 (prior revision March 2023). Previous revision; effective day within March 2023 not stated in the documents. Renter lump sums did not exist (renter standard introduced June 2025).
D12-000366,12,ASFA Retirement Standard Summary 2023 (previous lump sums),,"Previous lump sums (in force from March 2023 until the Feb 2026 revision, per ASFA 2026 Summary text)",,,,asfa_lump_sum_target_at_67_aud,Savings required at retirement (age 67) - lump sum,other,595000,AUD,"today's dollars (2.75% AWE deflator, 6% earning rate assumed)",ASFA hypothetical retirees retiring at age 67 (homeowner); assumes part Age Pension,Australia,retire at age 67,,single,,,comfortable lifestyle,tenure=homeowner,asfa_ASFA-Retirement_Standard-Summary-2023.pdf,https://www.superannuation.asn.au/wp-content/uploads/2025/03/ASFA-Retirement_Standard-Summary-2023.pdf,ASFA Retirement Standard Summary - superannuation balances required,PDF page 3 (tables under each heading),OK,Lump sum needed at retirement at age 67 so that the retiree(s) draw down all capital and receive a part Age Pension; today's dollars using 2.75% AWE deflator and 6% investment earning rate. Homeowner figures assume outright home ownership. Not updated quarterly by ASFA; revised February 2026 (prior revision March 2023). Previous revision; effective day within March 2023 not stated in the documents. Renter lump sums did not exist (renter standard introduced June 2025).
D12-000367,12,ASFA Retirement Standard Summary 2023 (previous lump sums),,"Previous lump sums (in force from March 2023 until the Feb 2026 revision, per ASFA 2026 Summary text)",,,,asfa_lump_sum_target_at_67_aud,Savings required at retirement (age 67) - lump sum,other,100000,AUD,"today's dollars (2.75% AWE deflator, 6% earning rate assumed)",ASFA hypothetical retirees retiring at age 67 (homeowner); assumes part Age Pension,Australia,retire at age 67,,couple,,,modest lifestyle,tenure=homeowner,asfa_ASFA-Retirement_Standard-Summary-2023.pdf,https://www.superannuation.asn.au/wp-content/uploads/2025/03/ASFA-Retirement_Standard-Summary-2023.pdf,ASFA Retirement Standard Summary - superannuation balances required,PDF page 3 (tables under each heading),OK,Lump sum needed at retirement at age 67 so that the retiree(s) draw down all capital and receive a part Age Pension; today's dollars using 2.75% AWE deflator and 6% investment earning rate. Homeowner figures assume outright home ownership. Not updated quarterly by ASFA; revised February 2026 (prior revision March 2023). Previous revision; effective day within March 2023 not stated in the documents. Renter lump sums did not exist (renter standard introduced June 2025).
D12-000368,12,ASFA Retirement Standard Summary 2023 (previous lump sums),,"Previous lump sums (in force from March 2023 until the Feb 2026 revision, per ASFA 2026 Summary text)",,,,asfa_lump_sum_target_at_67_aud,Savings required at retirement (age 67) - lump sum,other,100000,AUD,"today's dollars (2.75% AWE deflator, 6% earning rate assumed)",ASFA hypothetical retirees retiring at age 67 (homeowner); assumes part Age Pension,Australia,retire at age 67,,single,,,modest lifestyle,tenure=homeowner,asfa_ASFA-Retirement_Standard-Summary-2023.pdf,https://www.superannuation.asn.au/wp-content/uploads/2025/03/ASFA-Retirement_Standard-Summary-2023.pdf,ASFA Retirement Standard Summary - superannuation balances required,PDF page 3 (tables under each heading),OK,Lump sum needed at retirement at age 67 so that the retiree(s) draw down all capital and receive a part Age Pension; today's dollars using 2.75% AWE deflator and 6% investment earning rate. Homeowner figures assume outright home ownership. Not updated quarterly by ASFA; revised February 2026 (prior revision March 2023). Previous revision; effective day within March 2023 not stated in the documents. Renter lump sums did not exist (renter standard introduced June 2025).
D12-000369,12,"ASFA Retirement Standard web page (June quarter 2026 budgets, lump sums, Age Pension)",,June quarter 2026,,,,asfa_assumption_retirement_age_years,Assumed retirement age for lump sums,other,67,years,,ASFA Retirement Standard assumptions,Australia,,,,,,,,asfa_retirement_standard_webpage_2026-10-03.txt,https://www.superannuation.asn.au/consumers/retirement-standard/,ASFA web page,section 'How much superannuation do I need to retire at 67?' / 'Savings required for retirement at age 67',OK,"Lump-sum tables are expressed at retirement age 67 (ASFA web page, 03/10/2026)."
D12-000370,12,"ASFA Retirement Standard Summary (linked from ASFA page, lump sums revised Feb 2026)",,lump sums as at the Retirement Standard page 03/10/2026,,,,asfa_assumption_investment_earning_rate_pct,Assumed investment earning rate,rate,6,percent,,ASFA Retirement Standard assumptions,Australia,,,,,,,,asfa_summary_uploads2026-06_260223-ASFA-Retirement_Standard-Summary.pdf,https://www.superannuation.asn.au/wp-content/uploads/2026/06/260223-ASFA-Retirement_Standard-Summary.pdf,ASFA Retirement Standard Summary,PDF page 3 (footnote under lump-sum tables),OK,"ASFA footnote: all figures in today's dollars using 2.75% AWE as a deflator and an assumed investment earning rate of 6 per cent. Rate basis (nominal/real, pre/post-tax and fees) is not stated in the Summary."
D12-000371,12,"ASFA Retirement Standard Summary (linked from ASFA page, lump sums revised Feb 2026)",,lump sums as at the Retirement Standard page 03/10/2026,,,,asfa_assumption_awe_deflator_pct,Deflator used to express figures in todays dollars (AWE growth),rate,2.75,percent,,ASFA Retirement Standard assumptions,Australia,,,,,,,,asfa_summary_uploads2026-06_260223-ASFA-Retirement_Standard-Summary.pdf,https://www.superannuation.asn.au/wp-content/uploads/2026/06/260223-ASFA-Retirement_Standard-Summary.pdf,ASFA Retirement Standard Summary,PDF page 3 (footnote under lump-sum tables),OK,ASFA footnote: 2.75% AWE (average weekly earnings) as a deflator. The same 2.75% appears in the Summary-2023 file (page 3).
D12-000372,12,"ASFA Retirement Standard web page (June quarter 2026 budgets, lump sums, Age Pension)",,June quarter 2026,,,,asfa_age_pension_annual_incl_supplements_aud,"Age Pension (including supplements), annual - as shown in ASFA budget comparison table",other,31223,AUD/year,"nominal AUD, June quarter 2026",Age Pension recipients as modelled by ASFA,Australia,retirees aged 65-84,,single,,,,,asfa_retirement_standard_webpage_2026-10-03.txt,https://www.superannuation.asn.au/consumers/retirement-standard/,ASFA web page,"table 'Budgets for various households and living standards for those aged 65-84 (June quarter 2026)', column 'Age Pension'",OK,Figure shown by ASFA as the Age Pension benchmark in the June quarter 2026 budget comparison (including supplements). Not an ATO/Services Australia figure; taken as published by ASFA.
D12-000373,12,"ASFA Retirement Standard web page (June quarter 2026 budgets, lump sums, Age Pension)",,June quarter 2026,,,,asfa_age_pension_annual_incl_supplements_aud,"Age Pension (including supplements), annual - as shown in ASFA budget comparison table",other,47070,AUD/year,"nominal AUD, June quarter 2026",Age Pension recipients as modelled by ASFA,Australia,retirees aged 65-84,,couple,,,,,asfa_retirement_standard_webpage_2026-10-03.txt,https://www.superannuation.asn.au/consumers/retirement-standard/,ASFA web page,"table 'Budgets for various households and living standards for those aged 65-84 (June quarter 2026)', column 'Age Pension'",OK,Figure shown by ASFA as the Age Pension benchmark in the June quarter 2026 budget comparison (including supplements). Not an ATO/Services Australia figure; taken as published by ASFA.
